article,derived_type,in_fg_master,in_bom_parent,in_bom_component,in_all_sku,catalog_type,catalog_entity,process_category,routing_status,is_multilevel_sfg,in_wip_set,gap_flags
0M24-Carnival Chana Pouch 250 gm Sample Digital,pm,,,,Y,pm,cfpl,,n/a,,,
10KG AL BARAKAH DATE POWDER V1,rm,,,,Y,rm,cdpl,,n/a,,,
10KG AL BARAKAH DATE POWDER V2,rm,,,,Y,rm,cdpl,,n/a,,,
10KG AL BARKAH SUFRI DATES,rm,,,Y,Y,rm,cfpl,,n/a,,,
25KG AL BARAKAH DATE SYRUP V1,rm,,,,Y,rm,cdpl,,n/a,,,
3 Jar Jute Bag Gift Hamper,fg,Y,Y,,Y,fg,cfpl,Flavouring + Packaging,routed,,,
3pcs date balls with blister,fg,Y,Y,,Y,fg,cfpl,Sorting + Blending + Bar Forming + Packaging,routed,,Y,
4 PET WOODEN BOX WITH LID HAMPER,fg,Y,Y,,Y,fg,cfpl,Flavouring + Packaging,routed,,,
5 Grain Cereal 35gm,fg,Y,Y,Y,Y,fg,cfpl,Sorting + Blending + Bar Forming + Packaging,routed,Y,,MULTILEVEL_SFG (component+has-BOM); SFG_NOT_IN_WIP_SET
5 Grain Cereal 50 GM,fg,Y,Y,,Y,fg,cfpl,Sorting + Roasting + Packaging,routed,,,
Abjosh (Munakka) 100gm,fg,Y,Y,,Y,fg,cfpl,Sorting + Packaging,routed,,,
Acacia Gum - Dink/ Gundar,rm,,,Y,Y,rm,cfpl,,n/a,,,
Acrylic 40 Pc Dates Box,fg,,,,Y,fg,cfpl,,n/a,,,CATALOG_FG_NOT_IN_FG_MASTER
Acrylic Bin Large,pm,,,,Y,pm,cfpl,,n/a,,,
Afghan Apricot 1*1,rm,,,Y,Y,rm,cfpl,,n/a,,,
Afghan Apricot 1*2,rm,,,Y,Y,rm,cfpl,,n/a,,,
Afghan Apricot Selected,rm,,,,Y,rm,cfpl,,n/a,,,
Afghan Black Raisins Seeded 1*2,rm,,,Y,Y,rm,cfpl,,n/a,,,
Afghan Black Raisins Seedless 1*1,rm,Y,Y,Y,Y,rm,cfpl,Sorting (Bulk Packaging,routed,Y,,MULTILEVEL_SFG (component+has-BOM); SFG_NOT_IN_WIP_SET
Afghan Black Raisins Seedless 1*2,rm,,,Y,Y,rm,cfpl,,n/a,,,
Afghan Munakka / Abjosh 1X1,rm,,,Y,Y,rm,cfpl,,n/a,,,
Afghan Munakka / Abjosh 1X2,rm,,,Y,Y,rm,cfpl,,n/a,,,
Afghan Raisins 1*1 Green round,rm,Y,Y,Y,Y,rm,cfpl,Sorting (Bulk Packaging,routed,Y,,MULTILEVEL_SFG (component+has-BOM); SFG_NOT_IN_WIP_SET
Afghan Raisins 1*2 Green round,rm,,,Y,Y,rm,cfpl,,n/a,,,
Afghan Raisins Black Seeded 1*1,rm,,,,Y,rm,cfpl,,n/a,,,
Afghan Shandukhani Green Raisins,rm,,,Y,Y,rm,cfpl,,n/a,,,
AFREEN DATES,rm,,,,Y,rm,cdpl,,n/a,,,
Ajfan Barbeque Trail Mix Nuts 125g,fg,,,,Y,fg,cfpl,,n/a,,,CATALOG_FG_NOT_IN_FG_MASTER
Ajfan Caramel & Himalayan Salt Trail Mix Nuts 125g,fg,,,,Y,fg,cfpl,,n/a,,,CATALOG_FG_NOT_IN_FG_MASTER
Ajfan Kimia Dates 500 Gm,fg,,,,Y,fg,cdpl,,n/a,,,CATALOG_FG_NOT_IN_FG_MASTER
Ajfan Roasted & Salted Trail Mix 125g,fg,,,,Y,fg,cfpl,,n/a,,,CATALOG_FG_NOT_IN_FG_MASTER
Ajwa Dates,rm,,,Y,Y,rm,cfpl,,n/a,,,
Al Barakah Ajwa Dates 400gm,fg,Y,Y,,Y,fg,cfpl,Sorting + Packaging,routed,,,
Al Barakah Ajwa Dates 500G,fg,,,,Y,fg,cfpl,,n/a,,,CATALOG_FG_NOT_IN_FG_MASTER
Al Barakah Ajwa Jumbo Dates,rm,,,,Y,rm,cdpl,,n/a,,,
Al Barakah Arabian Dates 300gm,fg,,,,Y,fg,cfpl,,n/a,,,CATALOG_FG_NOT_IN_FG_MASTER
Al Barakah Arabian Dates 600g,fg,,Y,,Y,fg,cfpl,,"MISSING (has BOM recipe, not in FG Master)",,,BOM_PARENT_NO_ROUTING; CATALOG_FG_NOT_IN_FG_MASTER
AL BARAKAH BARHI DATES 10KG,rm,,,Y,Y,rm,cfpl+cdpl,,n/a,,,
AL BARAKAH BUMAAN DATES 10KG,rm,,,,Y,rm,cdpl,,n/a,,,
AL BARAKAH CHOPPED DATES,rm,,,,Y,rm,cdpl,,n/a,,,
AL BARAKAH CRUSHED DATES 10KG,rm,,,,Y,rm,cdpl,,n/a,,,
AL Barakah Date Paste,rm,,,Y,Y,rm,cfpl+cdpl,,n/a,,,
AL BARAKAH DATE PASTE (1 KG packing),rm,,,Y,Y,rm,cfpl,,n/a,,,
AL BARAKAH DATE PASTE 12 KG (500GX24),fg,,,,Y,fg,cdpl,,n/a,,,CATALOG_FG_NOT_IN_FG_MASTER
AL BARAKAH DATE PASTE 12.5KG,rm,,,,Y,rm,cdpl,,n/a,,,
Al Barakah Date Powder,rm,,,,Y,rm,cdpl,,n/a,,,
Al Barakah Date Powder 250gm,fg,,,,Y,fg,cdpl,,n/a,,,CATALOG_FG_NOT_IN_FG_MASTER
Al Barakah Date Powder 5%,rm,,,,Y,rm,cdpl,,n/a,,,
Al Barakah Date Spread 330gx12,fg,,,Y,Y,fg,cdpl,,n/a,,,CATALOG_FG_NOT_IN_FG_MASTER
Al Barakah Date Syrup,rm,,,,Y,rm,cdpl,,n/a,,,
AL BARAKAH DATE SYRUP 1.15KGx12 (13.8KG),rm,,,,Y,rm,cdpl,,n/a,,,
AL BARAKAH DATE SYRUP 250G,fg,,,,Y,fg,cdpl,,n/a,,,CATALOG_FG_NOT_IN_FG_MASTER
Al Barakah Date Syrup 400gm,fg,,,,Y,fg,cdpl,,n/a,,,CATALOG_FG_NOT_IN_FG_MASTER
Al Barakah Date Syrup 450gm,fg,,,,Y,fg,cdpl,,n/a,,,CATALOG_FG_NOT_IN_FG_MASTER
AL BARAKAH DATE SYRUP(1.15KG X 12),rm,,,,Y,rm,cfpl+cdpl,,n/a,,,
Al Barakah Dates Ajwa 35gm,fg,,Y,,Y,fg,cfpl,,"MISSING (has BOM recipe, not in FG Master)",,,BOM_PARENT_NO_ROUTING; CATALOG_FG_NOT_IN_FG_MASTER
Al Barakah Dates Arabian 400g,fg,Y,Y,,Y,fg,cfpl,Sorting + Packaging,routed,,,
Al Barakah Dates Arabian 500g,fg,Y,Y,,Y,fg,cfpl,Sorting + Packaging,routed,,,
Al Barakah Dates Fard 400 Gm,fg,,,,Y,fg,cdpl,,n/a,,,CATALOG_FG_NOT_IN_FG_MASTER
Al Barakah Dates Golden 300g,fg,,Y,,Y,fg,cfpl,,"MISSING (has BOM recipe, not in FG Master)",,,BOM_PARENT_NO_ROUTING; CATALOG_FG_NOT_IN_FG_MASTER
Al Barakah Dates Golden 500g,fg,Y,Y,,Y,fg,cfpl,Sorting + Packaging,routed,,,
Al Barakah Dates Gulf 300g,fg,,Y,,Y,fg,cfpl,,"MISSING (has BOM recipe, not in FG Master)",,,BOM_PARENT_NO_ROUTING; CATALOG_FG_NOT_IN_FG_MASTER
Al Barakah Dates Gulf 500g,fg,,,,Y,fg,cfpl,,n/a,,,CATALOG_FG_NOT_IN_FG_MASTER
Al Barakah Dates Khalas 35gm,fg,,Y,,Y,fg,cfpl,,"MISSING (has BOM recipe, not in FG Master)",,,BOM_PARENT_NO_ROUTING; CATALOG_FG_NOT_IN_FG_MASTER
Al Barakah Dates Khaneizi 35gm,fg,,Y,,Y,fg,cfpl,,"MISSING (has BOM recipe, not in FG Master)",,,BOM_PARENT_NO_ROUTING; CATALOG_FG_NOT_IN_FG_MASTER
Al Barakah Dates Khanezi 400 gm,fg,,,,Y,fg,cdpl,,n/a,,,CATALOG_FG_NOT_IN_FG_MASTER
Al Barakah Dates Oman Seedless 1kg,fg,Y,Y,,Y,fg,cfpl,De-seeding + Packaging,routed,,,
AL Barakah Dates Paste 500gm,fg,,,,Y,fg,cdpl,,n/a,,,CATALOG_FG_NOT_IN_FG_MASTER
Al Barakah Dates Safavi 35gm,fg,,Y,,Y,fg,cfpl,,"MISSING (has BOM recipe, not in FG Master)",,,BOM_PARENT_NO_ROUTING; CATALOG_FG_NOT_IN_FG_MASTER
Al Barakah Dates Safavi 400g,fg,Y,Y,,Y,fg,cfpl,Sorting + Packaging,routed,,,
Al Barakah Dates Safavi Seedless 400g,fg,Y,Y,,Y,fg,cfpl,De-seeding + Packaging,routed,,,
AL BARAKAH DATES SYRUP,rm,,,Y,Y,rm,cfpl,,n/a,,,
AL BARAKAH DATES SYRUP (400G Packing),rm,Y,Y,Y,Y,rm,cfpl,Sorting + Packaging,routed,Y,,MULTILEVEL_SFG (component+has-BOM); SFG_NOT_IN_WIP_SET
AL BARAKAH DATES SYRUP 400G,fg,,,,Y,fg,cdpl,,n/a,,,CATALOG_FG_NOT_IN_FG_MASTER
AL BARAKAH DEHYDRATED DATE POWDER - BULK PACK 10KG,rm,,,Y,Y,rm,cfpl,,n/a,,,
Al Barakah Dehydrated Date Powder 250g,fg,Y,Y,,Y,fg,cfpl+cdpl,Packaging,routed,,,
Al Barakah Emirate Dates 500gm,fg,Y,Y,,Y,fg,cfpl,Sorting + Packaging,routed,,,
AL BARAKAH EMIRATES BLACK DATES 10KG,rm,,,,Y,rm,cdpl,,n/a,,,
Al Barakah Emirates Dates 500 Gm,fg,,,,Y,fg,cdpl,,n/a,,,CATALOG_FG_NOT_IN_FG_MASTER
Al Barakah Emirates Dates 500 Gm (Not in Use),fg,,,,Y,fg,cfpl,,n/a,,,CATALOG_FG_NOT_IN_FG_MASTER
AL BARAKAH EMIRATES GOLD DATES 10KG,rm,,,,Y,rm,cdpl,,n/a,,,
Al Barakah Fard 500g,fg,,,,Y,fg,cdpl,,n/a,,,CATALOG_FG_NOT_IN_FG_MASTER
AL BARAKAH FARD DATES 10KG - EZAD,rm,,,,Y,rm,cdpl,,n/a,,,
Al Barakah Fard Dates 400g,fg,Y,Y,,Y,fg,cfpl,Sorting + Packaging,routed,,,
AL BARAKAH FARD DATES D 10KG,rm,,,,Y,rm,cdpl,,n/a,,,
Al Barakah Fard Dates Premium,rm,,,,Y,rm,cdpl,,n/a,,,
AL BARAKAH FARD DATES PREMIUM - 10KG,rm,,,Y,Y,rm,cfpl,,n/a,,,
AL BARAKAH FARD DATES PREMIUM - 500g,fg,Y,Y,,Y,fg,cfpl,Sorting + Packaging,routed,,,
AL BARAKAH FARD DATES PREMIUM AB 10KG,rm,,,,Y,rm,cdpl,,n/a,,,
Al Barakah Fard Dates Seedless,fg,,,,Y,fg,cdpl,,n/a,,,CATALOG_FG_NOT_IN_FG_MASTER
AL BARAKAH FARD DATES STANDARD,rm,,,Y,Y,rm,cfpl+cdpl,,n/a,,,
AL BARAKAH FARD DATES STANDARD A 10KG,rm,,,,Y,rm,cdpl,,n/a,,,
AL BARAKAH FARD DATES STANDARD C 10KG,rm,,,,Y,rm,cdpl,,n/a,,,
AL BARAKAH GOLDEN DATE SYRUP 250Gx12,rm,,,,Y,rm,cdpl,,n/a,,,
AL BARAKAH GOLDEN DATE SYRUP 25KG,rm,,,,Y,rm,cdpl,,n/a,,,
Al Barakah Gulf Dates 250gm,fg,,Y,,Y,fg,cfpl,,"MISSING (has BOM recipe, not in FG Master)",,,BOM_PARENT_NO_ROUTING; CATALOG_FG_NOT_IN_FG_MASTER
AL BARAKAH KHALAS DATES,rm,,,Y,Y,rm,cfpl+cdpl,,n/a,,,
AL BARAKAH KHALAS DATES -SA,rm,,,,Y,rm,cdpl,,n/a,,,
AL BARAKAH KHALAS DATES 1KG,fg,Y,Y,,Y,fg,cfpl,Sorting + Packaging,routed,,,
Al Barakah Khalas Dates 400g,fg,Y,Y,,Y,fg,cfpl,Sorting + Packaging,routed,,,
AL BARAKAH KHALAS DATES 500 Gm,fg,Y,Y,,Y,fg,cfpl+cdpl,Sorting + Packaging,routed,,,
AL BARAKAH KHALAS DATES PREMIUM (S),rm,,,,Y,rm,cdpl,,n/a,,,
AL BARAKAH KHALAS DATES SEEDLESS 350GM,fg,Y,Y,,Y,fg,cfpl,De-seeding + Packaging,routed,,,
AL BARAKAH KHALAS DATES THERMO 250G PACK (Arbian),fg,,,,Y,fg,cdpl,,n/a,,,CATALOG_FG_NOT_IN_FG_MASTER
AL BARAKAH KHALAS DATES-AFCTN,rm,,,,Y,rm,cdpl,,n/a,,,
AL BARAKAH KHALAS PREMIUM DATES,rm,,,,Y,rm,cdpl,,n/a,,,
AL BARAKAH KHALAS SEEDLESS DATES 500 Gm,fg,,,,Y,fg,cdpl,,n/a,,,CATALOG_FG_NOT_IN_FG_MASTER
AL BARAKAH KHANEIZI DATES 10 KG,rm,,,,Y,rm,cdpl,,n/a,,,
AL BARAKAH KHANEIZI DATES 10 KG -EZAD,rm,,,,Y,rm,cdpl,,n/a,,,
Al Barakah Khanezi Dates,rm,,,,Y,rm,cdpl,,n/a,,,
Al Barakah Khanezi Dates 500 GM,fg,Y,Y,,Y,fg,cfpl,Sorting + Packaging,routed,,,
Al Barakah Khanezi Dates 500gm,fg,,,,Y,fg,cdpl,,n/a,,,CATALOG_FG_NOT_IN_FG_MASTER
AL BARAKAH KHANIZEE DATES,rm,,,,Y,rm,cfpl,,n/a,,,
AL BARAKAH KHANIZEE DATES 10KG,rm,,,,Y,rm,cdpl,,n/a,,,
Al Barakah Khenaizi Dates 400g,fg,Y,Y,,Y,fg,cfpl,Sorting + Packaging,routed,,,
Al Barakah Kimia Dates 500 Gm,fg,Y,Y,Y,Y,fg,cfpl+cdpl,Sorting + Packaging,routed,Y,,MULTILEVEL_SFG (component+has-BOM); SFG_NOT_IN_WIP_SET
AL BARAKAH LULU BLACK DATES-10KG,rm,,,,Y,rm,cdpl,,n/a,,,
AL BARAKAH LULU RED DATES,rm,,,,Y,rm,cfpl,,n/a,,,
AL BARAKAH LULU RED DATES - 10KG,rm,,,,Y,rm,cdpl,,n/a,,,
AL BARAKAH MARYAM DATES 5 KG,rm,,,,Y,rm,cdpl,,n/a,,,
AL BARAKAH MEDJOOL DATES PREMIUM 5KG,rm,,,,Y,rm,cdpl,,n/a,,,
AL BARAKAH MEDJOOL WET DATES PREMIUM,rm,,,Y,Y,rm,cfpl,,n/a,,,
Al Barakah Medjoul Dates 500Gm,fg,Y,Y,,Y,fg,cfpl+cdpl,Sorting + Packaging,routed,,,
AL BARAKAH NAGHAL BLACK DATES - 10KG,rm,,,,Y,rm,cdpl,,n/a,,,
Al Barakah Oman 600g,fg,,Y,,Y,fg,cfpl,,"MISSING (has BOM recipe, not in FG Master)",,,BOM_PARENT_NO_ROUTING; CATALOG_FG_NOT_IN_FG_MASTER
Al Barakah Oman Dates 400g,fg,Y,Y,,Y,fg,cfpl,Sorting + Packaging,routed,,,
Al Barakah Oman Dates 500gm Tub,fg,Y,Y,,Y,fg,cfpl,Sorting + Packaging,routed,,,
Al Barakah Organic Date Syrup 470gm,fg,,,,Y,fg,cdpl,,n/a,,,CATALOG_FG_NOT_IN_FG_MASTER
AL BARAKAH PREMIUM ARABIAN DATES 500G,fg,,,,Y,fg,cdpl,,n/a,,,CATALOG_FG_NOT_IN_FG_MASTER
Al Barakah Premium Emirate Date Seedless (500gmx16),fg,,Y,,Y,fg,cfpl+cdpl,,"MISSING (has BOM recipe, not in FG Master)",,,BOM_PARENT_NO_ROUTING; CATALOG_FG_NOT_IN_FG_MASTER
Al Barakah Premium Emirate Date Seedless 500gm,fg,,,,Y,fg,cfpl,,n/a,,,CATALOG_FG_NOT_IN_FG_MASTER
Al Barakah Premium Emirates Dates (500gm x 16 Nos),fg,,Y,,Y,fg,cfpl+cdpl,,"MISSING (has BOM recipe, not in FG Master)",,,BOM_PARENT_NO_ROUTING; CATALOG_FG_NOT_IN_FG_MASTER
Al Barakah Premium Emirates Dates 250g,fg,,,,Y,fg,cdpl,,n/a,,,CATALOG_FG_NOT_IN_FG_MASTER
AL BARAKAH PREMIUM EMIRATES DATES 500G.,fg,,,Y,Y,fg,cfpl+cdpl,,n/a,,,CATALOG_FG_NOT_IN_FG_MASTER
Al Barakah Premium Medjool 800gm,fg,Y,Y,,Y,fg,cfpl,Sorting + Packaging,routed,,,
AL BARAKAH PREMIUM SEEDLESS DATES 500G,fg,Y,Y,,Y,fg,cfpl,De-seeding + Packaging,routed,,,
Al Barakah Premium Seedless Dates 500gm,fg,,,,Y,fg,cdpl,,n/a,,,CATALOG_FG_NOT_IN_FG_MASTER
AL BARAKAH REZIZ DATES 10KG,rm,,,,Y,rm,cfpl+cdpl,,n/a,,,
AL Barakah Safavi Dates,rm,,,,Y,rm,cdpl,,n/a,,,
AL BARAKAH SAFAVI DATES 500gm,fg,Y,Y,,Y,fg,cfpl,Sorting + Packaging,routed,,,
AL BARAKAH SAYER DATES 10KG,rm,,,,Y,rm,cdpl,,n/a,,,
AL BARAKAH SAYER DATES THERMO(500GM X 16),rm,,,Y,Y,rm,cfpl+cdpl,,n/a,,,
AL BARAKAH SUFRI DATES 10KG,rm,,,,Y,rm,cdpl,,n/a,,,
Al barakah Super premium khalas,rm,,,,Y,rm,cdpl,,n/a,,,
Al Barakaha Safavi Dates 500g,fg,,,,Y,fg,cdpl,,n/a,,,CATALOG_FG_NOT_IN_FG_MASTER
Aldaka Medjool Premium Jumbo,rm,,,,Y,rm,cfpl,,n/a,,,
Aldaka Medjool Premium Large,rm,,,,Y,rm,cfpl,,n/a,,,
Almond Apricot and Seeds Date Balls 48 gms,fg,Y,Y,,Y,fg,cfpl,Sorting + Blending + Bar Forming + Packaging,routed,,,
Almond Blanched Sliced,rm,Y,Y,Y,Y,rm,cfpl,Sorting + Blanching + Slicing/Dicing/Slivering (Bulk Packaging,routed,Y,,MULTILEVEL_SFG (component+has-BOM); SFG_NOT_IN_WIP_SET
"Almond Blanched, whole",rm,Y,Y,Y,Y,rm,cfpl,Sorting + Blanching (Bulk Packaging,routed,Y,Y,MULTILEVEL_SFG (component+has-BOM)
Almond Cranberry Black currant and seeds Date Balls 48 gms,fg,Y,Y,,Y,fg,cfpl,Sorting + Blending + Bar Forming + Packaging,routed,,,
Almond Flavoured Cajun Loose,fg,,Y,,Y,fg,cfpl,,"MISSING (has BOM recipe, not in FG Master)",,,BOM_PARENT_NO_ROUTING; CATALOG_FG_NOT_IN_FG_MASTER
Almond Flavoured Smoked Paprika Loose,fg,,Y,,Y,fg,cfpl,,"MISSING (has BOM recipe, not in FG Master)",,,BOM_PARENT_NO_ROUTING; CATALOG_FG_NOT_IN_FG_MASTER
Almond Kernal 150gm,fg,Y,Y,,Y,fg,cfpl,Sorting + Packaging,routed,,,
Almond Kernal 450gm,fg,Y,Y,,Y,fg,cfpl,Sorting + Packaging,routed,,,
Almond Kernel,rm,,,,Y,rm,cfpl,,n/a,,,
Almond Mamra Touch,rm,,,,Y,rm,cfpl,,n/a,,,
Almond Masala,fg,Y,Y,,Y,fg,cfpl,Flavouring (Bulk Packaging,routed,,Y,
Almond Peri Peri,fg,Y,Y,,Y,fg,cfpl,Flavouring (Bulk Packaging,routed,,Y,
Almond Plain 75gm,fg,,Y,,Y,fg,cfpl,,"MISSING (has BOM recipe, not in FG Master)",,,BOM_PARENT_NO_ROUTING; CATALOG_FG_NOT_IN_FG_MASTER
Almond Powder,rm,,,Y,Y,rm,cfpl,,n/a,,,
Almond Roasted,fg,Y,Y,Y,Y,fg,cfpl,Sorting + Roasting (Bulk Packaging,routed,Y,,MULTILEVEL_SFG (component+has-BOM); SFG_NOT_IN_WIP_SET
Almond Selected 230g,fg,Y,Y,,Y,fg,cfpl,Sorting + Packaging,routed,,,
Almond Sliced,rm,Y,Y,Y,Y,rm,cfpl,Sorting + Blanching + Slicing/Dicing/Slivering (Bulk Packaging,routed,Y,Y,MULTILEVEL_SFG (component+has-BOM)
Almonds Halves Loose,fg,,Y,,Y,fg,cfpl,,"MISSING (has BOM recipe, not in FG Master)",,,BOM_PARENT_NO_ROUTING; CATALOG_FG_NOT_IN_FG_MASTER
Almonds Kernel Cube Cut,rm,Y,Y,,Y,rm,cfpl,Sorting + Blanching + Slicing/Dicing/Slivering (Bulk Packaging,routed,,Y,
Aloevra Extract,rm,,,Y,Y,rm,cfpl,,n/a,,,
Alpino Peanut Crackers Chipotle Honey 60g,fg,,Y,,Y,fg,cfpl,,"MISSING (has BOM recipe, not in FG Master)",,,BOM_PARENT_NO_ROUTING; CATALOG_FG_NOT_IN_FG_MASTER
Alpino Peanut Crackers Smokey BBQ 60g,fg,,Y,,Y,fg,cfpl,,"MISSING (has BOM recipe, not in FG Master)",,,BOM_PARENT_NO_ROUTING; CATALOG_FG_NOT_IN_FG_MASTER
Amarath Puff,rm,,,Y,Y,rm,cfpl,,n/a,,,
Amarath Puff  - 5%,rm,,,,Y,rm,cfpl,,n/a,,,
Amary Dates,rm,,,Y,Y,rm,cfpl,,n/a,,,
Amary Dates 250g (1356293),fg,Y,Y,,Y,fg,cfpl,Sorting + Packaging,routed,,,
Amazon Brand - Vedaka California Almonds 200gm,fg?,,Y,,,,,,"MISSING (has BOM recipe, not in FG Master)",,,ARTICLE_NOT_IN_CATALOG; BOM_PARENT_NO_ROUTING
Amazon Brand - Vedaka Premium Dry Fruits Combo 400 gm Gift Box ( B0BBDJMLYR ),fg,Y,Y,,Y,fg,cfpl,Sorting + Roasting + Packaging,routed,,,
Amazon Brand - Vedaka Raw Sunflower Seeds 1 Kg B0D9P1N25J,fg,Y,Y,,Y,fg,cfpl,Sorting + Roasting + Packaging,routed,,,
Amazon Brand Nuts Berries and Seed Mix 200g (B0B69J57QV),fg,Y,Y,,Y,fg,cfpl,Sorting + Roasting + Packaging,routed,,,
Amazon Brand Vedaka Dryfruits and Berries Mix 200g (B0B69KXW9J),fg,Y,Y,,Y,fg,cfpl,Sorting + Roasting + Packaging,routed,,,
Amazon Brand Vedaka Dryfruits and Nut Mix 200g (B0B69KB4GB),fg,Y,Y,,Y,fg,cfpl,Sorting + Roasting + Packaging,routed,,,
Amazon Brand- Vedaka Dry Dates powder 200g,fg,Y,Y,,Y,fg,cfpl,Packaging,routed,,,
Ameri Dates,rm,,,Y,Y,rm,cfpl,,n/a,,,
American Almond Double Tonch,rm,,,Y,Y,rm,cfpl,,n/a,,,
American Almonds ( 18-20 Count),rm,,,Y,Y,rm,cfpl,,n/a,,,
American Almonds (22-23 Count),rm,,,,Y,rm,cfpl,,n/a,,,
American Almonds (23-25 Count),rm,Y,Y,Y,Y,rm,cfpl,Sorting (Bulk Packaging,routed,Y,,MULTILEVEL_SFG (component+has-BOM); SFG_NOT_IN_WIP_SET
American Almonds (24-25 Count),rm,Y,Y,Y,Y,rm,cfpl,Sorting (Bulk Packaging,routed,Y,,MULTILEVEL_SFG (component+has-BOM); SFG_NOT_IN_WIP_SET
American Almonds (Caramel) Tounch,rm,,,,Y,rm,cfpl,,n/a,,,
American Almonds Dagi,rm,,,,Y,rm,cfpl,,n/a,,,
American Almonds Kernal Sanora,rm,,,,Y,rm,cfpl,,n/a,,,
American Almonds Kernel 20-22 count,rm,,,Y,Y,rm,cfpl,,n/a,,,
American Almonds Kernel 30-32 count,rm,,,,Y,rm,cfpl,,n/a,,,
American Almonds Kernel 32-34 count,rm,,,Y,Y,rm,cfpl,,n/a,,,
American Almonds Pin Tonch,rm,,,Y,Y,rm,cfpl,,n/a,,,
American Almonds Premium,rm,,,,Y,rm,cfpl,,n/a,,,
American Almonds Running 25-27 count,rm,Y,Y,Y,Y,rm,cfpl,Sorting (Bulk Packaging,routed,Y,,MULTILEVEL_SFG (component+has-BOM); SFG_NOT_IN_WIP_SET
American Almonds Running [28-30 Count],rm,,,Y,Y,rm,cfpl,,n/a,,,
American Almonds Special,rm,,,,Y,rm,cfpl,,n/a,,,
American Almonds Tonch,rm,,,Y,Y,rm,cfpl,,n/a,,,
American Almonds Tukda,rm,Y,Y,Y,Y,rm,cfpl,Sorting + Blanching + Slicing/Dicing/Slivering (Bulk Packaging,routed,Y,,MULTILEVEL_SFG (component+has-BOM); SFG_NOT_IN_WIP_SET
American Pecan 50gm,fg,,Y,,Y,fg,cfpl,,"MISSING (has BOM recipe, not in FG Master)",,,BOM_PARENT_NO_ROUTING; CATALOG_FG_NOT_IN_FG_MASTER
Amul Butter,rm,,,Y,Y,rm,cfpl,,n/a,,,
Anardana Churan,rm,,,Y,Y,rm,cfpl,,n/a,,,
Anardana Powder,rm,,,Y,Y,rm,cfpl,,n/a,,,
Anjeer (Figs),rm,Y,Y,Y,Y,rm,cfpl,Sorting (Bulk Packaging,routed,Y,,MULTILEVEL_SFG (component+has-BOM); SFG_NOT_IN_WIP_SET
Anjeer 1*1,rm,,,Y,Y,rm,cfpl,,n/a,,,
Anjeer 1*2,rm,,,Y,Y,rm,cfpl,,n/a,,,
Anjeer 1*2 75gm,fg,Y,Y,,Y,fg,cfpl,Sorting + Packaging,routed,,,
Anjeer Chutta,rm,,,Y,Y,rm,cfpl,,n/a,,,
Anjeer Selected,rm,,,Y,Y,rm,cfpl,,n/a,,,
Antioxidant Mix 33gm,fg,Y,Y,,Y,fg,cfpl,Sorting + Roasting + Packaging,routed,,,
Antioxidant Mix 35gm,fg,Y,Y,,Y,fg,cfpl,Sorting + Roasting + Packaging,routed,,,
Apollo Life Arabian Dates 500g,fg,,Y,,Y,fg,cfpl,,"MISSING (has BOM recipe, not in FG Master)",,,BOM_PARENT_NO_ROUTING; CATALOG_FG_NOT_IN_FG_MASTER
Apricot Kernel,rm,Y,Y,Y,Y,rm,cfpl,Sorting (Bulk Packaging,routed,Y,,MULTILEVEL_SFG (component+has-BOM); SFG_NOT_IN_WIP_SET
Ar Barakah Fard Dates 1kg,fg,Y,Y,,Y,fg,cfpl,Sorting + Packaging,routed,,,
Ashwagandha Powder,rm,,,Y,Y,rm,cfpl,,n/a,,,
AUSTRALIA MACADAMIA HONEY ROAST 100G PCH,fg,,Y,,Y,fg,cfpl,,"MISSING (has BOM recipe, not in FG Master)",,,BOM_PARENT_NO_ROUTING; CATALOG_FG_NOT_IN_FG_MASTER
AUSTRALIA MACADAMIA SWEETCHILLI 100G PCH,fg,,Y,,Y,fg,cfpl,,"MISSING (has BOM recipe, not in FG Master)",,,BOM_PARENT_NO_ROUTING; CATALOG_FG_NOT_IN_FG_MASTER
AUSTRALIA MCADAMIA DARKCHOCOLTE 100G PCH,fg,,Y,,Y,fg,cfpl,,"MISSING (has BOM recipe, not in FG Master)",,,BOM_PARENT_NO_ROUTING; CATALOG_FG_NOT_IN_FG_MASTER
AUSTRALIA MCDAMIA MILKCHOCOLATE 100G PCH,fg,,Y,,Y,fg,cfpl,,"MISSING (has BOM recipe, not in FG Master)",,,BOM_PARENT_NO_ROUTING; CATALOG_FG_NOT_IN_FG_MASTER
AUSTRALIAN ALMOND INSHELL,rm,,,,Y,rm,cfpl,,n/a,,,
Azmah Dates 500 Gms (110002703),fg,Y,Y,,Y,fg,cfpl+cdpl,Sorting + Packaging,routed,,,
Bajra Flakes,rm,,,,Y,rm,cfpl,,n/a,,,
BAJRI AATA,rm,,,Y,Y,rm,cfpl,,n/a,,,
Banana flavour (241114) NATURAL,rm,,,Y,Y,rm,cfpl,,n/a,,,
Banarasi Box Hamper 03,fg,Y,Y,,Y,fg,cfpl,Flavouring + Packaging,routed,,,
Barbeque Almonds,fg,Y,Y,,Y,fg,cfpl,Flavouring (Bulk Packaging,routed,,,
Barbeque Cashew,fg,Y,Y,,Y,fg,cfpl,Flavouring (Bulk Packaging,routed,,Y,
Barbeque Cashew Bulk,fg,Y,Y,Y,Y,fg,cfpl,Flavouring + Roasting +Bulk Packaging,routed,Y,Y,MULTILEVEL_SFG (component+has-BOM)
Barbeque Coated Peanuts 60gm,fg,,Y,,Y,fg,cfpl,,"MISSING (has BOM recipe, not in FG Master)",,,BOM_PARENT_NO_ROUTING; CATALOG_FG_NOT_IN_FG_MASTER
Barbeque Coated Peanuts Bulk,sfg?,,Y,Y,,,,,"MISSING (has BOM recipe, not in FG Master)",Y,,ARTICLE_NOT_IN_CATALOG; BOM_PARENT_NO_ROUTING; MULTILEVEL_SFG (component+has-BOM); SFG_NOT_IN_WIP_SET
Barbeque Flavour,rm,,,,Y,rm,cfpl,,n/a,,,
Barbeque Macadamia,fg,Y,Y,,Y,fg,cfpl,Flavouring + Packaging,routed,,Y,
Barbeque Makhana,fg,Y,Y,,Y,fg,cfpl,Flavouring + Packaging,routed,,Y,
Barbeque seasoning,rm,,,Y,Y,rm,cfpl,,n/a,,,
BARHI DATES,rm,,,,Y,rm,cdpl,,n/a,,,
Barhi Grade-B,rm,,,,Y,rm,cfpl,,n/a,,,
Barley Flakes,rm,,,,Y,rm,cfpl,,n/a,,,
Barley Lahi,rm,,,,Y,rm,cfpl,,n/a,,,
Basil Seeds (Sabja),rm,,,,Y,rm,cfpl,,n/a,,,
BB Royal Ajwa Dates 500g,fg,Y,Y,,Y,fg,cfpl,Sorting + Packaging,routed,,,
BB Royal Black Current 250g,fg,Y,Y,,Y,fg,cfpl,Sorting + Packaging,routed,,,
BB Royal Dates - Ajwa 250g,fg,Y,Y,,Y,fg,cfpl,Sorting + Packaging,routed,,,
BB Royal Dates - Deri 500 g,fg,Y,Y,,Y,fg,cfpl,Sorting + Packaging,routed,,,
BB Royal Dates - Golden 500 g,fg,Y,Y,,Y,fg,cfpl,Sorting + Packaging,routed,,,
BB Royal Dates - Mazafati 250g,fg,Y,Y,,Y,fg,cfpl,Sorting + Packaging,routed,,,
BB Royal Dates - Medjool 250g,fg,Y,Y,,Y,fg,cfpl,Sorting + Packaging,routed,,,
BB Royal Dates - Omani 250g,fg,Y,Y,,Y,fg,cfpl,Sorting + Packaging,routed,,,
"BB Royal Dates - Red, Seedless 250 g",fg,Y,Y,,Y,fg,cfpl,De-seeding + Packaging,routed,,,
BB Royal Dates - Safawi 250g,fg,Y,Y,,Y,fg,cfpl,Sorting + Packaging,routed,,,
BB Royal Dates - Zahidi 500 g,fg,Y,Y,,Y,fg,cfpl,Sorting + Packaging,routed,,,
BB Royal Dried Blue Berries 100g,fg,Y,Y,,Y,fg,cfpl,Sorting + Packaging,routed,,,
BB Royal Dried Blue Berries 250g,fg,Y,Y,,Y,fg,cfpl,Sorting + Packaging,routed,,,
BB Royal Dried Cran Berries 100g,fg,Y,Y,,Y,fg,cfpl,Sorting + Packaging,routed,,,
BB Royal Dried Cran Berry 250g,fg,Y,Y,,Y,fg,cfpl,Sorting + Packaging,routed,,,
BB Royal Mazafati Dates 500g,fg,Y,Y,,Y,fg,cfpl,Sorting + Packaging,routed,,,
BB Royal Medjool Dates 500g,fg,Y,Y,,Y,fg,cfpl,Sorting + Packaging,routed,,,
Bb Royal Omani Dates 500gm,fg,Y,Y,,Y,fg,cfpl,Sorting + Packaging,routed,,,
BB Royal Red Dates - With Seeds 500gm,fg,Y,Y,,Y,fg,cfpl,Sorting + Packaging,routed,,,
BB Royal Safavi Dates 500g,fg,Y,Y,,Y,fg,cfpl,Sorting + Packaging,routed,,,
BBroyal Black Current 100g,fg,Y,Y,,Y,fg,cfpl,Sorting + Packaging,routed,,,
Berry Mix,fg,Y,Y,,Y,fg,cfpl,Sorting (Bulk Packaging,routed,,,
BESAN AATA,rm,,,,Y,rm,cfpl,,n/a,,,
Black Cardamom,rm,,,,Y,rm,cfpl,,n/a,,,
Black Chia Seeds,rm,,,Y,Y,rm,cfpl,,n/a,,,
Black Pepper (Kali Miri Whole),rm,,,,Y,rm,cfpl,,n/a,,,
Black Pepper Almonds,fg,Y,Y,,Y,fg,cfpl,Flavouring (Bulk Packaging,routed,,Y,
BLACK PEPPER CASHEW,fg,Y,Y,Y,Y,fg,cfpl,Flavouring (Bulk Packaging,routed,Y,Y,MULTILEVEL_SFG (component+has-BOM)
Black Pepper Cashew Bulk,fg,Y,Y,Y,Y,fg,cfpl,Flavouring + Roasting +Bulk Packaging,routed,Y,Y,MULTILEVEL_SFG (component+has-BOM)
Black Pepper Macadamia Trail Mix,fg,Y,Y,,Y,fg,cfpl,Flavouring (Bulk Packaging,routed,,Y,
Black Pepper Nutty Seed Mix 250gm,fg,Y,Y,,Y,fg,cfpl,Flavouring + Packaging,routed,,,
Black Pepper Pecannut,fg,Y,Y,,Y,fg,cfpl,Flavouring (Bulk Packaging,routed,,Y,
Black Pepper Powder,rm,,,Y,Y,rm,cfpl,,n/a,,,
Black Pepper Seasoning,rm,,,Y,Y,rm,cfpl,,n/a,,,
BLACK PEPPER TOPNOTE LIQUID,rm,,,,Y,rm,cfpl,,n/a,,,
"Black Salt, Kala Namak - Crystal",rm,,,Y,Y,rm,cfpl,,n/a,,,
Black Sesame seeds - Kali Til,rm,,,Y,Y,rm,cfpl,,n/a,,,
Blackcurrant Date Balls 48 gms,fg,Y,Y,,Y,fg,cfpl,Sorting + Blending + Bar Forming + Packaging,routed,,,
BLACKPEPPER SEASONING BLEND,rm,,,,Y,rm,cfpl,,n/a,,,
BLANCHED ALMOND FLOUR,rm,,,Y,Y,rm,cfpl,,n/a,,,
Blanched Kernels Peanut Split,rm,,,,Y,rm,cfpl,,n/a,,,
Blanched white Peanut Kernels,rm,,,Y,Y,rm,cfpl,,n/a,,,
BLISSFUL CELEBRATION 360gm,fg,Y,Y,,Y,fg,cfpl,Flavouring + Packaging,routed,,,
Blueberries 230g,fg,Y,Y,,Y,fg,cfpl,Sorting + Packaging,routed,,,
Blueberries 75gm,fg,Y,Y,,Y,fg,cfpl,Sorting + Packaging,routed,,,
Booster Berries 33gm,fg,Y,Y,,Y,fg,cfpl,Sorting + Packaging,routed,,,
Booster Berries 35gm,fg,Y,Y,,Y,fg,cfpl,Sorting + Packaging,routed,,,
Boria Mirch - Round Red Chilli / Boriya Chilli,rm,,,,Y,rm,cfpl,,n/a,,,
Brahmi Extract,rm,,,Y,Y,rm,cfpl,,n/a,,,
Brazil Nuts,rm,Y,Y,Y,Y,rm,cfpl,Sorting (Bulk Packaging,routed,Y,,MULTILEVEL_SFG (component+has-BOM); SFG_NOT_IN_WIP_SET
Breakfast Mix Bulk,fg,Y,Y,,Y,fg,cfpl,Flavouring + Roasting,routed,,Y,
BUMAN DATES,rm,,,,Y,rm,cdpl,,n/a,,,
CA GOA PRE CASHEW 230GM/P,fg,Y,Y,,Y,fg,cfpl,Sorting + Packaging,routed,,,
CA INDIAN PREMIUM QUALITY RAISINS 150/P,fg,Y,Y,,Y,fg,cfpl,Sorting + Packaging,routed,,,
CA PREMIUM ALMOND CALIFORNIA 218GM/P,fg,Y,Y,,Y,fg,cfpl,Sorting + Packaging,routed,,,
CA PREMIUM DRY CANBERRY 230GM/P,fg,Y,Y,,Y,fg,cfpl,Sorting + Packaging,routed,,,
CA PREMIUM PINSHROSTSALTIRANIPISTA15 /P,fg,Y,Y,,Y,fg,cfpl,Sorting + Packaging,routed,,,
CA WALNUT CHILE (VACUUM PACKING)250GM /P,fg,Y,Y,,Y,fg,cfpl,Sorting + Packaging,routed,,,
Cafe Galleria Walnut Kernel 250g,fg,Y,Y,,Y,fg,cfpl,Sorting + Packaging,routed,,,
Cafe Galleries American Almond 25-27count - 250gm,fg,Y,Y,,Y,fg,cfpl,Sorting + Packaging,routed,,,
Cafe Galleries American Pista Inshell Regular 250gm,fg,Y,Y,,Y,fg,cfpl,Sorting + Packaging,routed,,,
Cafe Galleries American Pista Inshell Selected 250g,fg,Y,Y,,Y,fg,cfpl,Sorting + Packaging,routed,,,
Cafe Galleries Anjeer 500g Big,fg,,,,Y,fg,cfpl,,n/a,,,CATALOG_FG_NOT_IN_FG_MASTER
Cafe Galleries Blueberry 250g,fg,Y,Y,,Y,fg,cfpl,Sorting + Packaging,routed,,,
Cafe Galleries Brazil Nuts 250g,fg,Y,Y,,Y,fg,cfpl,Sorting + Packaging,routed,,,
Cafe Galleries Cashew 150 - 250gm,fg,,,,Y,fg,cfpl,,n/a,,,CATALOG_FG_NOT_IN_FG_MASTER
Cafe Galleries Cashew 180 - 250gm,fg,Y,Y,,Y,fg,cfpl,Sorting + Packaging,routed,,,
Cafe Galleries Cashew 180 - 500gm,fg,Y,Y,,Y,fg,cfpl,Sorting + Packaging,routed,,,
Cafe Galleries Cashew 210 - 250gm,fg,Y,Y,,Y,fg,cfpl,Sorting + Packaging,routed,,,
Cafe Galleries Cashew 210 - 500g,fg,Y,Y,,Y,fg,cfpl,Sorting + Packaging,routed,,,
Cafe Galleries Cashew 240 - 250g,fg,Y,Y,,Y,fg,cfpl,Sorting + Packaging,routed,,,
Cafe Galleries Cashew 240 - 500gm,fg,Y,Y,,Y,fg,cfpl,Sorting + Packaging,routed,,,
Cafe Galleries Cashew 320 - 250gm,fg,Y,Y,,Y,fg,cfpl,Sorting + Packaging,routed,,,
Cafe Galleries Cashew Black Pepper 250 Gm,fg,Y,Y,,Y,fg,cfpl,Sorting + Packaging,routed,,,
Cafe Galleries Cashew Salted 180 250g,fg,Y,Y,,Y,fg,cfpl,Sorting + Packaging,routed,,,
Cafe Galleries Chia seeds 250g,fg,Y,Y,,Y,fg,cfpl,Sorting + Packaging,routed,,,
"Cafe Galleries Cocktail Mix 250g(Almond,Cashew,Pista,Black Raisins)",fg,Y,Y,,Y,fg,cfpl,Sorting + Packaging,routed,,,
Cafe Galleries Cranberry Whole 250g,fg,Y,Y,,Y,fg,cfpl,Sorting + Packaging,routed,,,
Cafe Galleries Flax seeds 250g,fg,Y,Y,,Y,fg,cfpl,Sorting + Roasting + Packaging,routed,,,
Cafe Galleries Hazelnuts 250g,fg,Y,Y,,Y,fg,cfpl,Sorting + Packaging,routed,,,
Cafe Galleries Healthy Mewa Mix 250g,fg,Y,Y,,Y,fg,cfpl,Sorting + Roasting + Packaging,routed,,,
Cafe Galleries Macadamia Nut Salted 250g,fg,Y,Y,,Y,fg,cfpl,Sorting + Roasting + Packaging,routed,,,
Cafe Galleries Pecan nuts 250g,fg,,,,Y,fg,cfpl,,n/a,,,CATALOG_FG_NOT_IN_FG_MASTER
Cafe Galleries  Pepper Pista Inshell 250gm,fg,Y,Y,,Y,fg,cfpl,Flavouring + Packaging,routed,,,
Cafe Galleries Pine nut 250g,fg,,,,Y,fg,cfpl,,n/a,,,CATALOG_FG_NOT_IN_FG_MASTER
Cafe Galleries Premium Cocktail Mix 250g,fg,Y,Y,,Y,fg,cfpl,Sorting + Roasting + Packaging,routed,,,
Cafe Galleries Pumpkin Seeds 250g,fg,Y,Y,,Y,fg,cfpl,Sorting + Roasting + Packaging,routed,,,
Cafe Galleries Salted Cashew 210- 250gm,fg,Y,Y,,Y,fg,cfpl,Sorting + Packaging,routed,,,
Cafe Galleries Salted Pumpkin Seeds 250g,fg,Y,Y,,Y,fg,cfpl,Flavouring + Packaging,routed,,,
"Cafe Galleries Seeds Mix, 250g",fg,Y,Y,,Y,fg,cfpl,Sorting + Roasting + Packaging,routed,,,
Cafe Galleries Selected American Almond 18 count - 250gm,fg,Y,Y,,Y,fg,cfpl,Sorting + Packaging,routed,,,
Cafe Galleries Selected American Almond 20-22 count - 250gm,fg,Y,Y,,Y,fg,cfpl,Sorting + Packaging,routed,,,
Cafe Galleries Slice Cranberry 250g,fg,Y,Y,,Y,fg,cfpl,Sorting + Blanching + Slicing/Dicing/Slivering + Packaging,routed,,,
Cafe Galleries Sunflower Seeds - 250gm,fg,Y,Y,,Y,fg,cfpl,Sorting + Roasting + Packaging,routed,,,
Cajun Spice Pecan Nuts Loose,fg,,Y,,Y,fg,cfpl,,"MISSING (has BOM recipe, not in FG Master)",,,BOM_PARENT_NO_ROUTING; CATALOG_FG_NOT_IN_FG_MASTER
California Inshell Almonds,rm,,,,Y,rm,cfpl,,n/a,,,
California Pista Inshell,rm,,,Y,Y,rm,cfpl,,n/a,,,
California Pista Inshell Black Pepper,fg,Y,Y,Y,Y,fg,cfpl,Flavouring (Bulk Packaging,routed,Y,Y,MULTILEVEL_SFG (component+has-BOM)
California Pista Inshell Jumbo,rm,,,,Y,rm,cfpl,,n/a,,,
California Pista Inshell Pink Salted,fg,Y,Y,Y,Y,fg,cfpl,Flavouring (Bulk Packaging,routed,Y,Y,MULTILEVEL_SFG (component+has-BOM)
California Pista Inshell Roasted and Salted,fg,Y,Y,Y,Y,fg,cfpl,Flavouring (Bulk Packaging,routed,Y,Y,MULTILEVEL_SFG (component+has-BOM)
California Pista Inshell Roasted and Salted 75gm,fg,,Y,,Y,fg,cfpl,,"MISSING (has BOM recipe, not in FG Master)",,,BOM_PARENT_NO_ROUTING; CATALOG_FG_NOT_IN_FG_MASTER
California Walnut Inshell,rm,,,,Y,rm,cfpl,,n/a,,,
California Walnut Kernels 2pc,rm,,,Y,Y,rm,cfpl,,n/a,,,
California Walnut Tukda,rm,,,Y,Y,rm,cfpl,,n/a,,,
Canola Oil,rm,,,,Y,rm,cfpl,,n/a,,,
CAPOL 254N,rm,,,Y,Y,rm,cfpl,,n/a,,,
CAPOL 425M,rm,,,Y,Y,rm,cfpl,,n/a,,,
Caramel Macadamia 250g,fg,,,,Y,fg,cfpl,,n/a,,,CATALOG_FG_NOT_IN_FG_MASTER
Caramel Pecannut,fg,Y,Y,,Y,fg,cfpl,Flavouring (Bulk Packaging,routed,,Y,
Caramel Sweet Popcorn Flavour,rm,,,Y,Y,rm,cfpl,,n/a,,,
Cardamom Powder,rm,,,Y,Y,rm,cfpl,,n/a,,,
Carnial Almond Dragees 100gm,fg,Y,Y,Y,Y,fg,cfpl,Sorting + Roasting + Chocolate + Packaging,routed,Y,,MULTILEVEL_SFG (component+has-BOM); SFG_NOT_IN_WIP_SET
Carnival A Garden of Bloom 300g,fg,,,,Y,fg,cfpl,,n/a,,,CATALOG_FG_NOT_IN_FG_MASTER
Carnival Afghan Apricot 250gm,fg,Y,Y,,Y,fg,cfpl,Sorting + Packaging,routed,,,
Carnival Almond Choco Bite (Dark Chocolate) 100g,fg,Y,Y,,Y,fg,cfpl,Sorting + Roasting + Chocolate + Packaging,routed,,,
Carnival Almond Choco Bite (Milk Chocolate) 100g,fg,Y,Y,,Y,fg,cfpl,Sorting + Roasting + Chocolate + Packaging,routed,,,
Carnival Almond Choco Bite (White Chocolate) 100g,fg,Y,Y,,Y,fg,cfpl,Sorting + Roasting + Chocolate + Packaging,routed,,,
Carnival Almond Smoked Paprika 100g,fg,Y,Y,,Y,fg,cfpl,Flavouring + Packaging,routed,,,
Carnival Almond Smoked Paprika 200g,fg,Y,Y,Y,Y,fg,cfpl,Flavouring + Packaging,routed,Y,,MULTILEVEL_SFG (component+has-BOM); SFG_NOT_IN_WIP_SET
Carnival Almonds - Indepance 200g Mono Carton,fg,Y,Y,,Y,fg,cfpl,Sorting + Packaging,routed,,,
Carnival Almonds - Independence 200g,fg,Y,Y,,Y,fg,cfpl,Sorting + Packaging,routed,,,
Carnival Almonds 250 Gm,fg,Y,Y,,Y,fg,cfpl,Sorting + Packaging,routed,,,
Carnival Almonds Independence 1Kg,fg,Y,Y,,Y,fg,cfpl,Sorting + Packaging,routed,,,
Carnival Anjeer Regular 400gm,fg,,,,Y,fg,cfpl,,n/a,,,CATALOG_FG_NOT_IN_FG_MASTER
Carnival Apricot Turkey 1x2 300gm,fg,Y,Y,,Y,fg,cfpl,Sorting + Packaging,routed,,,
Carnival Arabian 350gm,fg,Y,Y,,Y,fg,cfpl,Sorting + Packaging,routed,,,
Carnival Arabian Dates 350gm,fg,,,,Y,fg,cdpl,,n/a,,,CATALOG_FG_NOT_IN_FG_MASTER
Carnival Barbeque Cashew 100gm,fg,Y,Y,Y,Y,fg,cfpl,Sorting + Packaging,routed,Y,,MULTILEVEL_SFG (component+has-BOM); SFG_NOT_IN_WIP_SET
Carnival Barbeque Cashew 200gm,fg,Y,Y,,Y,fg,cfpl,Sorting + Packaging,routed,,,
Carnival Barbeque Makhana 125 Gm,fg,Y,Y,,Y,fg,cfpl,Flavouring + Packaging,routed,,,
Carnival Barbeque Makhana 55g,fg,Y,Y,,Y,fg,cfpl,Flavouring + Packaging,routed,,,
Carnival Berry Barbeque Trail Mix 200g,fg,Y,Y,,Y,fg,cfpl,Flavouring + Packaging,routed,,,
Carnival Black Currant 250 Gm,fg?,,Y,,,,,,"MISSING (has BOM recipe, not in FG Master)",,,ARTICLE_NOT_IN_CATALOG; BOM_PARENT_NO_ROUTING
Carnival Black Pepper Makhana 125 Gm,fg,Y,Y,,Y,fg,cfpl,Flavouring + Packaging,routed,,,
Carnival Black Pepper Makhana 55g,fg,Y,Y,,Y,fg,cfpl,Flavouring + Packaging,routed,,,
Carnival Black Pepper Pistachio 80g,fg,Y,Y,,Y,fg,cfpl,Flavouring + Packaging,routed,,,
Carnival Blueberries Dried - 250G,fg,Y,Y,,Y,fg,cfpl,Sorting + Packaging,routed,,,
Carnival Blueberry 100g,fg,Y,Y,,Y,fg,cfpl,Sorting + Packaging,routed,,,
Carnival California Almonds Independence 1kg,fg,Y,Y,,Y,fg,cfpl,Sorting + Packaging,routed,,,
Carnival California Pista Roasted and Salted 800g,fg,Y,Y,,Y,fg,cfpl,Flavouring + Packaging,routed,,,
Carnival California Pistachio 200g,fg,Y,Y,Y,Y,fg,cfpl,Sorting + Packaging,routed,Y,,MULTILEVEL_SFG (component+has-BOM); SFG_NOT_IN_WIP_SET
Carnival California Pitted Prunes 300 Gms,fg,Y,Y,,Y,fg,cfpl,Sorting + Packaging,routed,,,
Carnival Caramel Sesame Walnut 150g,fg,Y,Y,,Y,fg,cfpl,Flavouring + Packaging,routed,,,
Carnival Caramel Sesame Walnut 70g,fg,Y,Y,,Y,fg,cfpl,Flavouring + Packaging,routed,,,
Carnival Cashew (400 - 450) 200g Mono Carton,fg,Y,Y,,Y,fg,cfpl,Sorting + Packaging,routed,,,
Carnival Cashew Nut 250g,fg,,,,Y,fg,cfpl,,n/a,,,CATALOG_FG_NOT_IN_FG_MASTER
Carnival Cashew Roasted And Salted 250g,fg,Y,Y,,Y,fg,cfpl,Sorting + Packaging,routed,,,
Carnival Chatpata Black Raisins 100g,fg,Y,Y,,Y,fg,cfpl,Flavouring + Packaging,routed,,,
Carnival Chatpata Cranberry 100G,fg,Y,Y,Y,Y,fg,cfpl,Flavouring + Packaging,routed,Y,,MULTILEVEL_SFG (component+has-BOM); SFG_NOT_IN_WIP_SET
Carnival Chatpata Cranberry 250gm,fg,Y,Y,Y,Y,fg,cfpl,Flavouring + Packaging,routed,Y,,MULTILEVEL_SFG (component+has-BOM); SFG_NOT_IN_WIP_SET
Carnival Chatpata Prunes 100gm,fg,Y,Y,,Y,fg,cfpl,Flavouring + Packaging,routed,,,
Carnival Cheese Cashew 100g,fg,Y,Y,,Y,fg,cfpl,Flavouring + Packaging,routed,,,
Carnival Cheese Cashew 230g,fg,Y,Y,,Y,fg,cfpl,Flavouring + Packaging,routed,,,
Carnival Cheese Makhana 125g,fg,Y,Y,,Y,fg,cfpl,Flavouring + Packaging,routed,,,
Carnival Cheese Makhana 55g,fg,Y,Y,,Y,fg,cfpl,Flavouring + Packaging,routed,,,
Carnival Choco Orange Walnut 150gm,fg,Y,Y,,Y,fg,cfpl,Flavouring + Packaging,routed,,,
Carnival Classic Almonds 100g,fg,Y,Y,Y,Y,fg,cfpl,Sorting + Packaging,routed,Y,,MULTILEVEL_SFG (component+has-BOM); SFG_NOT_IN_WIP_SET
Carnival Classic Almonds 250g,fg,Y,Y,,Y,fg,cfpl,Sorting + Packaging,routed,,,
Carnival Classic Anjeer 250g,fg,Y,Y,,Y,fg,cfpl,Sorting + Packaging,routed,,,
Carnival Classic Cashew 200g,fg,,,,Y,fg,cfpl,,n/a,,,CATALOG_FG_NOT_IN_FG_MASTER
Carnival Classic Cashew 250 Gms,fg,Y,Y,,Y,fg,cfpl,Sorting + Packaging,routed,,,
Carnival Classic Chia Seeds 1 Kg,fg,,Y,,Y,fg,cfpl,,"MISSING (has BOM recipe, not in FG Master)",,,BOM_PARENT_NO_ROUTING; CATALOG_FG_NOT_IN_FG_MASTER
Carnival Classic Chia Seeds 100gm,fg,Y,Y,,Y,fg,cfpl,Sorting + Packaging,routed,,,
Carnival Classic Date Bites 357gm,fg,Y,Y,,Y,fg,cfpl,Sorting + Blending + Bar Forming + Packaging,routed,,,
Carnival Classic Hazelnut 250 GMS,fg,Y,Y,,Y,fg,cfpl,Sorting + Packaging,routed,,,
Carnival Classic Indian Kishmish 500 Gms,fg,Y,Y,,Y,fg,cfpl,Sorting + Packaging,routed,,,
Carnival Classic Indian Raisins 250g,fg,Y,Y,Y,Y,fg,cfpl,Sorting + Packaging,routed,Y,,MULTILEVEL_SFG (component+has-BOM); SFG_NOT_IN_WIP_SET
Carnival Classic Irani Pistachio Salted 80g,fg,Y,Y,,Y,fg,cfpl,Flavouring + Packaging,routed,,,
Carnival Classic Pumpkin Seeds 100g,fg,Y,Y,,Y,fg,cfpl,Sorting + Roasting + Packaging,routed,,,
Carnival Classic Sunflower Seeds 100G,fg,Y,Y,,Y,fg,cfpl,Sorting + Roasting + Packaging,routed,,,
Carnival Classic Walnut Quarter 250 Gms,fg,,,,Y,fg,cfpl,,n/a,,,CATALOG_FG_NOT_IN_FG_MASTER
Carnival Cocktail Mix 100g,fg,Y,Y,Y,Y,fg,cfpl,Flavouring + Packaging,routed,Y,,MULTILEVEL_SFG (component+has-BOM); SFG_NOT_IN_WIP_SET
Carnival Cocktail Mix 200g,fg,Y,Y,,Y,fg,cfpl,Flavouring + Packaging,routed,,,
Carnival Cocktail Mix 250g,fg,Y,Y,Y,Y,fg,cfpl,Flavouring + Packaging,routed,Y,,MULTILEVEL_SFG (component+has-BOM); SFG_NOT_IN_WIP_SET
Carnival Cocktail Mix Plain Pouch 100g,fg,Y,Y,,Y,fg,cfpl,Flavouring + Packaging,routed,,,
Carnival Cranberry Classic Slice 200 G (110001359),fg,,,,Y,fg,cfpl,,n/a,,,CATALOG_FG_NOT_IN_FG_MASTER
Carnival Cranberry Flavoured Chatpata 200g,fg,Y,Y,,Y,fg,cfpl,Flavouring + Packaging,routed,,,
Carnival Cranberry Premium Whole 200 G (110001358),fg,,,,Y,fg,cfpl,,n/a,,,CATALOG_FG_NOT_IN_FG_MASTER
Carnival Cranberry Sliced 250 Gms,fg,Y,Y,,Y,fg,cfpl,Sorting + Blanching + Slicing/Dicing/Slivering + Packaging,routed,,,
Carnival Cranberry Whole - 100gm,fg,Y,Y,,Y,fg,cfpl,Sorting + Packaging,routed,,,
Carnival Cranberry Whole 250G,fg,Y,Y,Y,Y,fg,cfpl,Sorting + Packaging,routed,Y,,MULTILEVEL_SFG (component+has-BOM); SFG_NOT_IN_WIP_SET
Carnival Crunchy Caramel Trail Mix 100g,fg,Y,Y,Y,Y,fg,cfpl,Flavouring + Packaging,routed,Y,,MULTILEVEL_SFG (component+has-BOM); SFG_NOT_IN_WIP_SET
Carnival Crunchy Caramel Trail Mix 200g,fg,Y,Y,,Y,fg,cfpl,Flavouring + Packaging,routed,,,
Carnival Crunchy Caramel Trail Mix 250g,fg,Y,Y,Y,Y,fg,cfpl,Flavouring + Packaging,routed,Y,,MULTILEVEL_SFG (component+has-BOM); SFG_NOT_IN_WIP_SET
Carnival Daily Mewa Health Mix 250g,fg,,,,Y,fg,cfpl,,n/a,,,CATALOG_FG_NOT_IN_FG_MASTER
Carnival Date Spread 330gm,fg?,,Y,,,,,,"MISSING (has BOM recipe, not in FG Master)",,,ARTICLE_NOT_IN_CATALOG; BOM_PARENT_NO_ROUTING
Carnival Dates Khalas Seedless 350g,fg,,,,Y,fg,cfpl,,n/a,,,CATALOG_FG_NOT_IN_FG_MASTER
Carnival Dates Premium Black Loose,fg,,,,Y,fg,cdpl,,n/a,,,CATALOG_FG_NOT_IN_FG_MASTER
Carnival Deluxe Seeded Black Raisin 250gm,fg,Y,Y,,Y,fg,cfpl,Sorting + Packaging,routed,,,
Carnival Dried Blueberry 250g,fg,Y,Y,,Y,fg,cfpl,Sorting + Packaging,routed,,,
Carnival Dried Blueberry 250g - Tub,fg,Y,Y,,Y,fg,cfpl,Sorting + Packaging,routed,,,
Carnival Dried Cranberry Whole 100g (PP),fg,Y,Y,,Y,fg,cfpl,Sorting + Packaging,routed,,,
Carnival Dried Cranberry Whole 250g - Tub,fg,Y,Y,,Y,fg,cfpl,Sorting + Packaging,routed,,,
Carnival Everyday Cashew W450 - 1kg,fg,,,,Y,fg,cfpl,,n/a,,,CATALOG_FG_NOT_IN_FG_MASTER
Carnival Festive Almonds (27-28 count) 100gm,fg,Y,Y,Y,Y,fg,cfpl,Sorting + Packaging,routed,Y,,MULTILEVEL_SFG (component+has-BOM); SFG_NOT_IN_WIP_SET
Carnival Festive Almonds (27-28 count) 125gm,fg,Y,Y,Y,Y,fg,cfpl,Sorting + Packaging,routed,Y,,MULTILEVEL_SFG (component+has-BOM); SFG_NOT_IN_WIP_SET
Carnival Festive Almonds (27-28 count) 150gm,fg,Y,Y,Y,Y,fg,cfpl,Sorting + Packaging,routed,Y,,MULTILEVEL_SFG (component+has-BOM); SFG_NOT_IN_WIP_SET
Carnival Festive Almonds (27-28 count) 200gm,fg,Y,Y,Y,Y,fg,cfpl,Sorting + Packaging,routed,Y,,MULTILEVEL_SFG (component+has-BOM); SFG_NOT_IN_WIP_SET
Carnival Festive Black Raisin Seedless 150gm,fg,Y,Y,Y,Y,fg,cfpl,De-seeding + Packaging,routed,Y,,MULTILEVEL_SFG (component+has-BOM); SFG_NOT_IN_WIP_SET
Carnival Festive California Pista (21-26) 100gm,fg,Y,Y,Y,Y,fg,cfpl,Flavouring + Packaging,routed,Y,,MULTILEVEL_SFG (component+has-BOM); SFG_NOT_IN_WIP_SET
Carnival Festive California Pista (21-26) 125gm,fg,Y,Y,Y,Y,fg,cfpl,Flavouring + Packaging,routed,Y,,MULTILEVEL_SFG (component+has-BOM); SFG_NOT_IN_WIP_SET
Carnival Festive California Pista (21-26) 150gm,fg,Y,Y,Y,Y,fg,cfpl,Flavouring + Packaging,routed,Y,,MULTILEVEL_SFG (component+has-BOM); SFG_NOT_IN_WIP_SET
Carnival Festive California Pista (21-26) 200gm,fg,Y,Y,Y,Y,fg,cfpl,Flavouring + Packaging,routed,Y,,MULTILEVEL_SFG (component+has-BOM); SFG_NOT_IN_WIP_SET
Carnival Festive California Pista (21-26) 80gm,fg,Y,Y,Y,Y,fg,cfpl,Flavouring + Packaging,routed,Y,,MULTILEVEL_SFG (component+has-BOM); SFG_NOT_IN_WIP_SET
Carnival Festive Cashew (320) 100gm,fg,Y,Y,Y,Y,fg,cfpl,Sorting + Packaging,routed,Y,,MULTILEVEL_SFG (component+has-BOM); SFG_NOT_IN_WIP_SET
Carnival Festive Cashew (320) 125gm,fg,Y,Y,Y,Y,fg,cfpl,Sorting + Packaging,routed,Y,,MULTILEVEL_SFG (component+has-BOM); SFG_NOT_IN_WIP_SET
Carnival Festive Cashew (320) 150gm,fg,Y,Y,Y,Y,fg,cfpl,Sorting + Packaging,routed,Y,,MULTILEVEL_SFG (component+has-BOM); SFG_NOT_IN_WIP_SET
Carnival Festive Cashew (320) 200gm,fg,Y,Y,Y,Y,fg,cfpl,Sorting + Packaging,routed,Y,,MULTILEVEL_SFG (component+has-BOM); SFG_NOT_IN_WIP_SET
Carnival Festive Cashew (320) 80gm,fg,Y,Y,Y,Y,fg,cfpl,Sorting + Packaging,routed,Y,,MULTILEVEL_SFG (component+has-BOM); SFG_NOT_IN_WIP_SET
Carnival Festive Chatpata Cranberry 100gm,fg,Y,Y,Y,Y,fg,cfpl,Flavouring + Packaging,routed,Y,,MULTILEVEL_SFG (component+has-BOM); SFG_NOT_IN_WIP_SET
Carnival Festive Chatpata Cranberry 120g,fg,Y,Y,,Y,fg,cfpl,Flavouring + Packaging,routed,,,
Carnival Festive Chatpata Cranberry 250gm,fg,Y,Y,,Y,fg,cfpl,Flavouring + Packaging,routed,,,
Carnival Festive Chatpata Cranberry 80gm,fg,Y,Y,Y,Y,fg,cfpl,Flavouring + Packaging,routed,Y,,MULTILEVEL_SFG (component+has-BOM); SFG_NOT_IN_WIP_SET
Carnival Festive Crunchy Caramel Trail Mix 250g,fg,Y,Y,,Y,fg,cfpl,Flavouring + Packaging,routed,,,
Carnival Festive Flavoured Cashew (320) 100gm,fg,Y,Y,Y,Y,fg,cfpl,Flavouring + Packaging,routed,Y,,MULTILEVEL_SFG (component+has-BOM); SFG_NOT_IN_WIP_SET
Carnival Festive Flavoured Cashew (320) 80gm,fg,Y,Y,Y,Y,fg,cfpl,Flavouring + Packaging,routed,Y,,MULTILEVEL_SFG (component+has-BOM); SFG_NOT_IN_WIP_SET
Carnival Festive Indian Raisin 100gm,fg,Y,Y,Y,Y,fg,cfpl,Sorting + Packaging,routed,Y,,MULTILEVEL_SFG (component+has-BOM); SFG_NOT_IN_WIP_SET
Carnival Festive Indian Raisin 150gm,fg,Y,Y,Y,Y,fg,cfpl,Sorting + Packaging,routed,Y,,MULTILEVEL_SFG (component+has-BOM); SFG_NOT_IN_WIP_SET
Carnival Festive Indian Raisin 175gm,fg,Y,Y,Y,Y,fg,cfpl,Sorting + Packaging,routed,Y,,MULTILEVEL_SFG (component+has-BOM); SFG_NOT_IN_WIP_SET
Carnival Festive Indian Raisin 200gm,fg,Y,Y,Y,Y,fg,cfpl,Sorting + Packaging,routed,Y,,MULTILEVEL_SFG (component+has-BOM); SFG_NOT_IN_WIP_SET
Carnival Festive Indian Raisin 250gm,fg,Y,Y,Y,Y,fg,cfpl,Sorting + Packaging,routed,Y,,MULTILEVEL_SFG (component+has-BOM); SFG_NOT_IN_WIP_SET
Carnival Festive Nuts & Seeds Mix 120g,fg,Y,Y,,Y,fg,cfpl,Sorting + Roasting + Packaging,routed,,,
Carnival Festive Paan Cranberry 125gm,fg,Y,Y,Y,Y,fg,cfpl,Flavouring + Packaging,routed,Y,,MULTILEVEL_SFG (component+has-BOM); SFG_NOT_IN_WIP_SET
Carnival Festive Paan Raisin 125gm,fg,Y,Y,Y,Y,fg,cfpl,Flavouring + Packaging,routed,Y,,MULTILEVEL_SFG (component+has-BOM); SFG_NOT_IN_WIP_SET
Carnival Festive Salted Almonds (27-28 count) 100gm,fg,Y,Y,Y,Y,fg,cfpl,Flavouring + Packaging,routed,Y,,MULTILEVEL_SFG (component+has-BOM); SFG_NOT_IN_WIP_SET
Carnival Festive Salted Almonds (27-28 count) 150gm,fg,Y,Y,Y,Y,fg,cfpl,Flavouring + Packaging,routed,Y,,MULTILEVEL_SFG (component+has-BOM); SFG_NOT_IN_WIP_SET
Carnival Festive Salted Almonds (27-28 Count) 230gm,fg,Y,Y,,Y,fg,cfpl,Flavouring + Packaging,routed,,,
Carnival Festive Salted Almonds (27-28 count) 80gm,fg,Y,Y,Y,Y,fg,cfpl,Flavouring + Packaging,routed,Y,,MULTILEVEL_SFG (component+has-BOM); SFG_NOT_IN_WIP_SET
Carnival Festive Salted Cashew (320) 150gm,fg,Y,Y,Y,Y,fg,cfpl,Flavouring + Packaging,routed,Y,,MULTILEVEL_SFG (component+has-BOM); SFG_NOT_IN_WIP_SET
Carnival Festive Salted Cashew (320) 230gm,fg,Y,Y,,Y,fg,cfpl,Flavouring + Packaging,routed,,,
Carnival Festive Seedless Black Raisin 200gm,fg,Y,Y,Y,Y,fg,cfpl,De-seeding + Packaging,routed,Y,,MULTILEVEL_SFG (component+has-BOM); SFG_NOT_IN_WIP_SET
Carnival FestiveSalted Cashew (320) 100gm,fg,Y,Y,Y,Y,fg,cfpl,Flavouring + Packaging,routed,Y,,MULTILEVEL_SFG (component+has-BOM); SFG_NOT_IN_WIP_SET
Carnival Flax Seeds 100G,fg,Y,Y,,Y,fg,cfpl,Sorting + Roasting + Packaging,routed,,,
Carnival Ganpati Date Mewa Box 242g,fg,Y,Y,,Y,fg,cfpl,Sorting + Blending + Bar Forming + Packaging,routed,,,
Carnival Green Chilli Cashew 100g,fg,Y,Y,,Y,fg,cfpl,Sorting + Packaging,routed,,,
Carnival Green Chilli Cashew 230g,fg,Y,Y,,Y,fg,cfpl,Sorting + Packaging,routed,,,
Carnival Himalayan Salt & Pepper Pistachios 200gm,fg,,Y,,Y,fg,cfpl,,"MISSING (has BOM recipe, not in FG Master)",,,BOM_PARENT_NO_ROUTING; CATALOG_FG_NOT_IN_FG_MASTER
Carnival Himalayan Salt & Pepper Pistachios 25g,fg,Y,Y,,Y,fg,cfpl,Flavouring + Packaging,routed,,,
Carnival Honey Roasted Almonds 100G,fg,Y,Y,,Y,fg,cfpl,Flavouring + Packaging,routed,,,
Carnival Honey Roasted Almonds 230G,fg,,,,Y,fg,cfpl,,n/a,,,CATALOG_FG_NOT_IN_FG_MASTER
Carnival Indian Green Raisins 200g,fg,Y,Y,,Y,fg,cfpl,Sorting + Packaging,routed,,,
Carnival Indian Kishmish 100g,fg,Y,Y,,Y,fg,cfpl,Sorting + Packaging,routed,,,
Carnival Iranian Pistachio 250 Gm,fg,Y,Y,,Y,fg,cfpl,Sorting + Packaging,routed,,,
Carnival Jumbo Salted Cashew with Skin 200g,fg,Y,Y,,Y,fg,cfpl,Flavouring + Packaging,routed,,,
Carnival khalas dates 350g,fg,,,,Y,fg,cdpl,,n/a,,,CATALOG_FG_NOT_IN_FG_MASTER
Carnival Kishmish Almond Mix 100g,fg,,,,Y,fg,cfpl,,n/a,,,CATALOG_FG_NOT_IN_FG_MASTER
Carnival Macadamia 200gm,fg,Y,Y,,Y,fg,cfpl,Sorting + Packaging,routed,,,
Carnival Madhur Mahotsav DF Box 4P 400g,fg,Y,Y,,Y,fg,cfpl,Flavouring + Packaging,routed,,,
Carnival Magic Moments 4P 600gm,fg,Y,Y,,Y,fg,cfpl,Sorting + Packaging,routed,,,
Carnival Makhana Plain 250g,fg,,,,Y,fg,cfpl,,n/a,,,CATALOG_FG_NOT_IN_FG_MASTER
Carnival Mangalmay Utsav DF Box 6P 600g,fg,Y,Y,,Y,fg,cfpl,Flavouring + Packaging,routed,,,
CARNIVAL Mayur Ratna Big 520g,fg,Y,Y,,Y,fg,cfpl,Flavouring + Packaging,routed,,,
CARNIVAL Mayur Ratna Big 520gm,fg,Y,Y,,Y,fg,cfpl,Flavouring + Packaging,routed,,,
CARNIVAL Mayur Ratna Small 360g,fg,Y,Y,,Y,fg,cfpl,Flavouring + Packaging,routed,,,
CARNIVAL Mayur Ratna Small 360gm,fg,Y,Y,,Y,fg,cfpl,Flavouring + Packaging,routed,,,
Carnival Mocha Mojo Trail Mix 100g,fg,Y,Y,Y,Y,fg,cfpl,Flavouring + Packaging,routed,Y,,MULTILEVEL_SFG (component+has-BOM); SFG_NOT_IN_WIP_SET
Carnival Mocha Mojo Trail Mix 200g,fg,Y,Y,,Y,fg,cfpl,Flavouring + Packaging,routed,,,
Carnival Mocha Mojo Trail Mix 250g,fg,Y,Y,,Y,fg,cfpl,Flavouring + Packaging,routed,,,
Carnival Nuts & Seed Mix 100gm,fg,Y,Y,Y,Y,fg,cfpl,Sorting + Roasting + Packaging,routed,Y,,MULTILEVEL_SFG (component+has-BOM); SFG_NOT_IN_WIP_SET
Carnival Oman Dates 250g,fg,Y,Y,,Y,fg,cfpl,Sorting + Packaging,routed,,,
Carnival Pan Raisin 125g,fg,Y,Y,,Y,fg,cfpl,Flavouring + Packaging,routed,,,
Carnival Pepper Cashew 100G,fg,Y,Y,,Y,fg,cfpl,Flavouring + Packaging,routed,,,
Carnival Pepper Cashew 125gm,fg,Y,Y,Y,Y,fg,cfpl,Flavouring + Packaging,routed,Y,,MULTILEVEL_SFG (component+has-BOM); SFG_NOT_IN_WIP_SET
Carnival Pepper Cashew 200G,fg,Y,Y,,Y,fg,cfpl,Flavouring + Packaging,routed,,,
Carnival Pepper Pistachios 200G,fg,Y,Y,,Y,fg,cfpl,Flavouring + Packaging,routed,,,
Carnival Peri Peri Cashew 100 Gms,fg,Y,Y,,Y,fg,cfpl,Flavouring + Packaging,routed,,,
Carnival Peri Peri Cashew 150gm,fg,Y,Y,,Y,fg,cfpl,Sorting + Packaging,routed,,,
Carnival Peri Peri Cashew 200gm,fg,Y,Y,,Y,fg,cfpl,Sorting + Packaging,routed,,,
Carnival Peri Peri Makhana 125g,fg,Y,Y,,Y,fg,cfpl,Flavouring + Packaging,routed,,,
Carnival Peri Peri Makhana 55g,fg,Y,Y,,Y,fg,cfpl,Flavouring + Packaging,routed,,,
Carnival Peri Peri Walnut 150g,fg,Y,Y,,Y,fg,cfpl,Flavouring + Packaging,routed,,,
CARNIVAL PERMINUM KHARIK DRY DATES,rm,,,,Y,rm,cfpl,,n/a,,,
Carnival Pine Nut 100 Gms,fg,Y,Y,,Y,fg,cfpl,Sorting + Packaging,routed,,,
Carnival Pitted Prunes 250g,fg,Y,Y,,Y,fg,cfpl,Sorting + Packaging,routed,,,
Carnival Popcorn Makhana 125g,fg,Y,Y,,Y,fg,cfpl,Flavouring + Packaging,routed,,,
Carnival Popcorn Makhana 55gm,fg,Y,Y,,Y,fg,cfpl,Flavouring + Packaging,routed,,,
Carnival Powder 250g- V2,fg?,,Y,,,,,,"MISSING (has BOM recipe, not in FG Master)",,,ARTICLE_NOT_IN_CATALOG; BOM_PARENT_NO_ROUTING
Carnival Powder 250g- V2 (Not Use),fg?,,Y,,,,,,"MISSING (has BOM recipe, not in FG Master)",,,ARTICLE_NOT_IN_CATALOG; BOM_PARENT_NO_ROUTING
Carnival Premium Abjosh 100gm,fg,,,,Y,fg,cfpl,,n/a,,,CATALOG_FG_NOT_IN_FG_MASTER
"Carnival Premium Brazil Nuts, 250 Gms",fg,Y,Y,,Y,fg,cfpl,Sorting + Packaging,routed,,,
Carnival Premium Cocktail Mix 100g,fg,Y,Y,,Y,fg,cfpl,Flavouring + Packaging,routed,,,
Carnival Premium Cocktail Mix 250 Gms,fg,Y,Y,,Y,fg,cfpl,Flavouring + Packaging,routed,,,
Carnival Premium Kesar 0.5 Gms,fg,Y,Y,Y,Y,fg,cfpl,Sorting + Packaging,routed,Y,,MULTILEVEL_SFG (component+has-BOM); SFG_NOT_IN_WIP_SET
Carnival Premium Macadamia Nut 250 Gms,fg,Y,Y,,Y,fg,cfpl,Sorting + Packaging,routed,,,
Carnival Premium Pecan Nuts 200g Mono Carton,fg,Y,Y,,Y,fg,cfpl,Flavouring + Packaging,routed,,,
Carnival Premium Pecan Nuts 250 Gms,fg,Y,Y,,Y,fg,cfpl,Flavouring + Packaging,routed,,,
Carnival Premium Walnut Kernels 250 Gms,fg,Y,Y,,Y,fg,cfpl,Sorting + Packaging,routed,,,
Carnival Pudina Almonds 125g,fg,Y,Y,Y,Y,fg,cfpl,Flavouring + Packaging,routed,Y,,MULTILEVEL_SFG (component+has-BOM); SFG_NOT_IN_WIP_SET
Carnival Pudina Makhana 125 Gm,fg,Y,Y,,Y,fg,cfpl,Flavouring + Packaging,routed,,,
Carnival Raisin Black Seeded 250gm,fg,Y,Y,,Y,fg,cfpl,Sorting + Packaging,routed,,,
CARNIVAL RAISIN IDNIAN GREEN/GOLDEN ROUND 1KG,fg,Y,Y,,Y,fg,cfpl,Sorting + Packaging,routed,,,
Carnival Raisins Black Chatpata 200g,fg,Y,Y,,Y,fg,cfpl,Flavouring + Packaging,routed,,,
Carnival Ramayana DF Box 6P 600gm,fg,,,,Y,fg,cfpl,,n/a,,,CATALOG_FG_NOT_IN_FG_MASTER
Carnival Rasleela DF Box 4P 400g,fg,,,,Y,fg,cfpl,,n/a,,,CATALOG_FG_NOT_IN_FG_MASTER
Carnival Roasted & Salted Almonds 100g,fg,Y,Y,,Y,fg,cfpl,Flavouring + Packaging,routed,,,
Carnival Roasted & Salted Almonds 230g,fg,Y,Y,Y,Y,fg,cfpl,Flavouring + Packaging,routed,Y,,MULTILEVEL_SFG (component+has-BOM); SFG_NOT_IN_WIP_SET
Carnival Roasted & Salted Almonds 250g,fg,Y,Y,,Y,fg,cfpl,Flavouring + Packaging,routed,,,
Carnival Roasted & Salted California Pista 80gm,fg?,,Y,,,,,,"MISSING (has BOM recipe, not in FG Master)",,,ARTICLE_NOT_IN_CATALOG; BOM_PARENT_NO_ROUTING
Carnival Roasted & Salted Cashew 100g,fg,Y,Y,,Y,fg,cfpl,Flavouring + Packaging,routed,,,
Carnival Roasted & Salted Cashew 230g,fg,Y,Y,Y,Y,fg,cfpl,Flavouring + Packaging,routed,Y,,MULTILEVEL_SFG (component+has-BOM); SFG_NOT_IN_WIP_SET
Carnival Roasted & Salted Pistachio 100g,fg,Y,Y,,Y,fg,cfpl,Flavouring + Packaging,routed,,,
Carnival Roasted & Salted Pistachio 200g,fg,Y,Y,Y,Y,fg,cfpl,Flavouring + Packaging,routed,Y,,MULTILEVEL_SFG (component+has-BOM); SFG_NOT_IN_WIP_SET
Carnival Roasted & Salted Pistachio 250g,fg,Y,Y,,Y,fg,cfpl,Flavouring + Packaging,routed,,,
Carnival Roasted And Salted Irani Pista 250g,fg,,,,Y,fg,cfpl,,n/a,,,CATALOG_FG_NOT_IN_FG_MASTER
Carnival Roasted Macadamia Nuts 100g,fg,,,,Y,fg,cfpl,,n/a,,,CATALOG_FG_NOT_IN_FG_MASTER
Carnival Roasted Macadamia Nuts 250g,fg,Y,Y,,Y,fg,cfpl,Sorting + Roasting + Packaging,routed,,,
CARNIVAL Royal divine 550g,fg,Y,Y,,Y,fg,cfpl,Flavouring + Packaging,routed,,,
Carnival Salt & Pepper Walnut 150g,fg,Y,Y,,Y,fg,cfpl,Flavouring + Packaging,routed,,,
Carnival Salted Caramel Pecannuts 80g,fg,Y,Y,,Y,fg,cfpl,Flavouring + Packaging,routed,,,
Carnival Sayer Dates 300g,fg,,,,Y,fg,cdpl,,n/a,,,CATALOG_FG_NOT_IN_FG_MASTER
Carnival Seedless Black Raisin 250 Gm,fg,,,,Y,fg,cfpl,,n/a,,,CATALOG_FG_NOT_IN_FG_MASTER
Carnival Seedless Oman Dates 250G,fg,,,,Y,fg,cfpl,,n/a,,,CATALOG_FG_NOT_IN_FG_MASTER
Carnival Shubhakamnayein 3P 300g,fg,Y,Y,,Y,fg,cfpl,Flavouring + Packaging,routed,,,
Carnival Simply Thandai 100g,fg,Y,Y,Y,Y,fg,cfpl,Flavouring + Packaging,routed,Y,,MULTILEVEL_SFG (component+has-BOM); SFG_NOT_IN_WIP_SET
Carnival Simply Thandai Mix 200gm,fg,Y,Y,,Y,fg,cfpl,Flavouring + Packaging,routed,,,
Carnival Smoked Almonds 100gm,fg,Y,Y,Y,Y,fg,cfpl,Flavouring + Packaging,routed,Y,,MULTILEVEL_SFG (component+has-BOM); SFG_NOT_IN_WIP_SET
Carnival Smoked Almonds 200g,fg,Y,Y,,Y,fg,cfpl,Flavouring + Packaging,routed,,,
Carnival Spanish Tomato Cashew 100G,fg,Y,Y,,Y,fg,cfpl,Flavouring + Packaging,routed,,,
CARNIVAL STANDARD KHARIK DATES,rm,,,,Y,rm,cfpl,,n/a,,,
CARNIVAL Utsav 700g,fg,Y,Y,,Y,fg,cfpl,Flavouring + Packaging,routed,,,
Carnival Walnut Kernal 2pc 200gm,fg,Y,Y,,Y,fg,cfpl,Sorting + Packaging,routed,,,
Carnival Wasabi Makhana 55g,fg,,,,Y,fg,cfpl,,n/a,,,CATALOG_FG_NOT_IN_FG_MASTER
Carnival Zahidi 500g,fg,,,,Y,fg,cdpl,,n/a,,,CATALOG_FG_NOT_IN_FG_MASTER
Cashew 100g (B07GQZSS49) FBA,fg,Y,Y,,Y,fg,cfpl,Sorting + Packaging,routed,,,
Cashew 150,rm,,,Y,Y,rm,cfpl,,n/a,,,
Cashew 180,rm,Y,Y,Y,Y,rm,cfpl,Sorting (Bulk Packaging,routed,Y,,MULTILEVEL_SFG (component+has-BOM); SFG_NOT_IN_WIP_SET
Cashew 210,rm,,,Y,Y,rm,cfpl,,n/a,,,
Cashew 230gm,fg,Y,Y,,Y,fg,cfpl,Sorting + Packaging,routed,,,
Cashew 240,rm,Y,Y,Y,Y,rm,cfpl,Sorting (Bulk Packaging,routed,Y,,MULTILEVEL_SFG (component+has-BOM); SFG_NOT_IN_WIP_SET
Cashew 240 230g,fg,Y,Y,,Y,fg,cfpl,Sorting + Packaging,routed,,,
Cashew 280,rm,,,,Y,rm,cfpl,,n/a,,,
Cashew 300,rm,,,,Y,rm,cfpl,,n/a,,,
Cashew 320,rm,Y,Y,Y,Y,rm,cfpl,Sorting (Bulk Packaging,routed,Y,,MULTILEVEL_SFG (component+has-BOM); SFG_NOT_IN_WIP_SET
Cashew 400,rm,,,Y,Y,rm,cfpl,,n/a,,,
CASHEW 450,rm,,,Y,Y,rm,cfpl,,n/a,,,
Cashew 500g (B07GQW1HHN),fg,Y,Y,,Y,fg,cfpl,Sorting + Packaging,routed,,,
Cashew Flavoured Rosemary Loose,fg,,Y,,Y,fg,cfpl,,"MISSING (has BOM recipe, not in FG Master)",,,BOM_PARENT_NO_ROUTING; CATALOG_FG_NOT_IN_FG_MASTER
Cashew Jumbo with Skin,rm,,,Y,Y,rm,cfpl,,n/a,,,
Cashew Jumbo with Skin Roasted and Salted,fg,Y,Y,Y,Y,fg,cfpl,Flavouring (Bulk Packaging,routed,Y,Y,MULTILEVEL_SFG (component+has-BOM)
Cashew Kani,rm,,,,Y,rm,cfpl,,n/a,,,
Cashew Kernel,rm,,,,Y,rm,cfpl,,n/a,,,
Cashew Masala,fg,Y,Y,,Y,fg,cfpl,Flavouring (Bulk Packaging,routed,,Y,
Cashew Pink salt,fg,Y,Y,,Y,fg,cfpl,Flavouring (Bulk Packaging,routed,,Y,
CASHEW POWDER,rm,,,,Y,rm,cfpl,,n/a,,,
Cashew Roasted,fg,Y,Y,Y,Y,fg,cfpl,Flavouring (Bulk Packaging,routed,Y,,MULTILEVEL_SFG (component+has-BOM); SFG_NOT_IN_WIP_SET
CASHEW RSTD SAL W320 250G,fg,,,,Y,fg,cfpl,,n/a,,,CATALOG_FG_NOT_IN_FG_MASTER
Cashew Split,rm,,,Y,Y,rm,cfpl,,n/a,,,
Cashew Tukda,rm,,,Y,Y,rm,cfpl,,n/a,,,
Cashew Wasabi,fg,Y,Y,,Y,fg,cfpl,Sorting (Bulk Packaging,routed,,,
Cayenne Pepper Powder,rm,,,Y,Y,rm,cfpl,,n/a,,,
CCD Energy Bar with Jaggery,fg,Y,Y,,Y,fg,cfpl,Sorting + Blending + Bar Forming + Packaging,routed,,Y,
CCD Energy Bar with Jaggery Semi Finished,fg,,Y,,Y,fg,cfpl,,"MISSING (has BOM recipe, not in FG Master)",,,BOM_PARENT_NO_ROUTING; CATALOG_FG_NOT_IN_FG_MASTER
CELEBRATING MOMENTS 300gm,fg,Y,Y,,Y,fg,cfpl,Flavouring + Packaging,routed,,,
Celebration Exclusive 4P 800g Customized,fg,,,,Y,fg,cfpl,,n/a,,,CATALOG_FG_NOT_IN_FG_MASTER
Celebration Sleek Box 200g,fg,Y,Y,,Y,fg,cfpl,Flavouring + Packaging,routed,,,
CELEBRATION SLEEK BOX 300gm,fg,Y,Y,,Y,fg,cfpl,Flavouring + Packaging,routed,,,
Celebration Sleek Box Hamper 01,fg,Y,Y,,Y,fg,cfpl,Flavouring + Packaging,routed,,,
Celebration Sleek Box Hamper 02,fg,Y,Y,,Y,fg,cfpl,Flavouring + Packaging,routed,,,
CELEBRATIONS 550gm,fg,Y,Y,,Y,fg,cfpl,Flavouring + Packaging,routed,,,
Chat Almonds,fg,,,,Y,fg,cfpl,,n/a,,,CATALOG_FG_NOT_IN_FG_MASTER
CHAT MASALA,rm,,,,Y,rm,cfpl,,n/a,,,
CHAT MASALA MDH,rm,,,Y,Y,rm,cfpl,,n/a,,,
Chatpata Black Raisin,fg,Y,Y,,Y,fg,cfpl,Flavouring (Bulk Packaging,routed,,Y,
Chatpata Cranberry,fg,Y,Y,Y,Y,fg,cfpl,Flavouring + Packaging,routed,Y,,MULTILEVEL_SFG (component+has-BOM); SFG_NOT_IN_WIP_SET
Chatpata Cranberry 75gm,fg,Y,Y,,Y,fg,cfpl,Flavouring + Packaging,routed,,,
Chatpata Prunes,fg,,Y,,Y,fg,cfpl,,"MISSING (has BOM recipe, not in FG Master)",,,BOM_PARENT_NO_ROUTING; CATALOG_FG_NOT_IN_FG_MASTER
Chatpata Seasoning,rm,Y,Y,Y,Y,rm,cfpl,Flavouring (Bulk Packaging,routed,Y,Y,MULTILEVEL_SFG (component+has-BOM)
CHATPATA SNACK MIX,fg,Y,Y,,Y,fg,cfpl,Flavouring (Bulk Packaging,routed,,Y,
Cheddar Cheese Seasoning,rm,,,,Y,rm,cfpl,,n/a,,,
Cheeky Cheese Trail Mix 250gm,fg,,,,Y,fg,cfpl,,n/a,,,CATALOG_FG_NOT_IN_FG_MASTER
Cheese Cashew,fg,Y,Y,,Y,fg,cfpl,Flavouring (Bulk Packaging,routed,,Y,
Cheese Makhana,fg,Y,Y,,Y,fg,cfpl,Flavouring (Bulk Packaging,routed,,Y,
CHEESE SEASONING,rm,,,Y,Y,rm,cfpl,,n/a,,,
CHEESE SEASONING - TPL,rm,,,,Y,rm,cfpl,,n/a,,,
Cheese Tomato Flavoured Coated Peanuts,fg,,,,Y,fg,cfpl,,n/a,,,CATALOG_FG_NOT_IN_FG_MASTER
Cheese Tomato Flavoured Coated Peanuts 35gm,fg,,Y,,Y,fg,cfpl,,"MISSING (has BOM recipe, not in FG Master)",,,BOM_PARENT_NO_ROUTING; CATALOG_FG_NOT_IN_FG_MASTER
Cheese Tomato Flavoured Coated Peanuts Bulk,sfg?,,Y,Y,,,,,"MISSING (has BOM recipe, not in FG Master)",Y,,ARTICLE_NOT_IN_CATALOG; BOM_PARENT_NO_ROUTING; MULTILEVEL_SFG (component+has-BOM); SFG_NOT_IN_WIP_SET
Cheesy Tomato Seasoning 2 (PR01895/001),rm,,,Y,Y,rm,cfpl,,n/a,,,
Chia Seeds 100G (B07GQZCP91),fg,Y,Y,,Y,fg,cfpl,Sorting + Packaging,routed,,,
Chia Seeds 200G (B07GQQLZPD),fg,Y,Y,,Y,fg,cfpl,Sorting + Packaging,routed,,,
Chia Seeds 500G (B07GQZSJFH),fg,Y,Y,,Y,fg,cfpl,Sorting + Packaging,routed,,,
Chilean Walnut Inshell,rm,,,Y,Y,rm,cfpl,,n/a,,,
Chilean Walnut Kernel 2 pcs,rm,Y,Y,Y,Y,rm,cfpl,Sorting (Bulk Packaging,routed,Y,,MULTILEVEL_SFG (component+has-BOM); SFG_NOT_IN_WIP_SET
Chilean  Walnut Kernel 2pc 230g,fg,Y,Y,,Y,fg,cfpl,Sorting + Packaging,routed,,,
Chilean Walnut Kernel Kani,rm,,,Y,Y,rm,cfpl,,n/a,,,
Chilean Walnut Kernel Quarter,rm,Y,Y,Y,Y,rm,cfpl,Sorting (Bulk Packaging,routed,Y,,MULTILEVEL_SFG (component+has-BOM); SFG_NOT_IN_WIP_SET
Chilean Walnut Kernel Quarter BBQ,fg,Y,Y,,Y,fg,cfpl,Flavouring (Bulk Packaging,routed,,Y,
Chilean Walnut Kernel Quarter caramel,fg,Y,Y,,Y,fg,cfpl,Flavouring (Bulk Packaging,routed,,Y,
Chilean Walnut Kernel Quarter lemon pepper,fg,Y,Y,,Y,fg,cfpl,Flavouring (Bulk Packaging,routed,,Y,
Chilean Walnut Kernel Quarter pepper,fg,Y,Y,,Y,fg,cfpl,Flavouring (Bulk Packaging,routed,,Y,
Chilean Walnut Kernel Quarter peri peri,fg,Y,Y,,Y,fg,cfpl,Flavouring (Bulk Packaging,routed,,Y,
Chilli Almonds Bulk,fg,Y,Y,Y,Y,fg,cfpl,Flavouring + Roasting +Bulk Packaging,routed,Y,,MULTILEVEL_SFG (component+has-BOM); SFG_NOT_IN_WIP_SET
Chilli Garlic Cashew Bulk,fg,Y,Y,Y,Y,fg,cfpl,Flavouring + Roasting +Bulk Packaging,routed,Y,,MULTILEVEL_SFG (component+has-BOM); SFG_NOT_IN_WIP_SET
Chilli Garlic Flavour,rm,,,,Y,rm,cfpl,,n/a,,,
Chilli Garlic Masala Seasoning,rm,Y,Y,Y,Y,rm,cfpl,Flavouring (Bulk Packaging,routed,Y,Y,MULTILEVEL_SFG (component+has-BOM)
Chilli Powder,rm,,,Y,Y,rm,cfpl,,n/a,,,
Chilli Seasoning,rm,,,,Y,rm,cfpl,,n/a,,,
Chilly Garlic Coated Peanuts 60gm,fg,,Y,,Y,fg,cfpl,,"MISSING (has BOM recipe, not in FG Master)",,,BOM_PARENT_NO_ROUTING; CATALOG_FG_NOT_IN_FG_MASTER
Chipotle Honey Coated Peanuts 200g,fg,Y,Y,,Y,fg,cfpl,Flavouring + Packaging,routed,,,
Chipotle Honey Coated Peanuts 70gm,fg,Y,Y,,Y,fg,cfpl,Flavouring + Packaging,routed,,,
Chipotle Honey Seasoning,rm,,,Y,Y,rm,cfpl,,n/a,,,
"Chironji , Charoli",rm,,,,Y,rm,cfpl,,n/a,,,
Choco Chips,rm,,,Y,Y,rm,cfpl,,n/a,,,
Choco Crunch Energy Bar 38gm,fg,Y,Y,,Y,fg,cfpl,Sorting + Blending + Bar Forming + Packaging,routed,,,
Chocolate Coated Almond Dragees 50gm,fg,Y,Y,Y,Y,fg,cfpl,Sorting + Roasting + Chocolate + Packaging,routed,Y,,MULTILEVEL_SFG (component+has-BOM); SFG_NOT_IN_WIP_SET
Chocolate Coated Blueberries Dragees 50gm,fg,Y,Y,,Y,fg,cfpl,Sorting + Roasting + Chocolate + Packaging,routed,,,
Chocolate Dipped Pecan Nut Loose,fg,,Y,,Y,fg,cfpl,,"MISSING (has BOM recipe, not in FG Master)",,,BOM_PARENT_NO_ROUTING; CATALOG_FG_NOT_IN_FG_MASTER
Chocolate Flavour,rm,,,,Y,rm,cfpl,,n/a,,,
Chocolate Flavour 170522,rm,,,,Y,rm,cfpl,,n/a,,,
CHOCOLATE MODAK 110g,fg,,,,Y,fg,cfpl,,n/a,,,CATALOG_FG_NOT_IN_FG_MASTER
Cinnamon Flavour,rm,,,Y,Y,rm,cfpl,,n/a,,,
Cinnamon Glazed Almond,fg,,Y,Y,Y,fg,cfpl,,"MISSING (has BOM recipe, not in FG Master)",Y,,BOM_PARENT_NO_ROUTING; MULTILEVEL_SFG (component+has-BOM); CATALOG_FG_NOT_IN_FG_MASTER; SFG_NOT_IN_WIP_SET
Cinnamon Glazed Pecan,fg,,Y,Y,Y,fg,cfpl,,"MISSING (has BOM recipe, not in FG Master)",Y,,BOM_PARENT_NO_ROUTING; MULTILEVEL_SFG (component+has-BOM); CATALOG_FG_NOT_IN_FG_MASTER; SFG_NOT_IN_WIP_SET
Cinnamon Quills,rm,,,,Y,rm,cfpl,,n/a,,,
Citric Acid,rm,,,,Y,rm,cfpl,,n/a,,,
Classic Flavour Date Mewa 18gm,fg,Y,Y,,Y,fg,cfpl,Sorting + Blending + Bar Forming + Packaging,routed,,,
CLASSIC WOODEN BOX 480gm,fg,Y,Y,,Y,fg,cfpl,Flavouring + Packaging,routed,,,
Coated Peanut Base,fg,,Y,Y,Y,fg,cfpl,,"MISSING (has BOM recipe, not in FG Master)",Y,,BOM_PARENT_NO_ROUTING; MULTILEVEL_SFG (component+has-BOM); CATALOG_FG_NOT_IN_FG_MASTER; SFG_NOT_IN_WIP_SET
Coated Peanuts,fg,Y,Y,,Y,fg,cfpl,Flavouring (Bulk Packaging,routed,,Y,
Coated Peanuts - Magic Masala 1Kg,fg,Y,Y,,Y,fg,cfpl,Flavouring + Packaging,routed,,,
Coated Peanuts Pudina Patakha Bulk,sfg?,,Y,Y,,,,,"MISSING (has BOM recipe, not in FG Master)",Y,,ARTICLE_NOT_IN_CATALOG; BOM_PARENT_NO_ROUTING; MULTILEVEL_SFG (component+has-BOM); SFG_NOT_IN_WIP_SET
Coated Peanuts Tandoori Toofan Bulk,fg,,Y,Y,Y,fg,cfpl,,"MISSING (has BOM recipe, not in FG Master)",Y,,BOM_PARENT_NO_ROUTING; MULTILEVEL_SFG (component+has-BOM); CATALOG_FG_NOT_IN_FG_MASTER; SFG_NOT_IN_WIP_SET
Coated Peanuts Thai Flavour Bulk,fg,,Y,Y,Y,fg,cfpl,,"MISSING (has BOM recipe, not in FG Master)",Y,,BOM_PARENT_NO_ROUTING; MULTILEVEL_SFG (component+has-BOM); CATALOG_FG_NOT_IN_FG_MASTER; SFG_NOT_IN_WIP_SET
Coating Mix,rm,,,Y,Y,rm,cfpl,,n/a,,,
Cocktail Mix,fg,Y,Y,,Y,fg,cfpl,Flavouring (Bulk Packaging,routed,,Y,
Cocktail Mix 230g,fg,Y,Y,,Y,fg,cfpl,Flavouring + Packaging,routed,,,
Cocoa Butter,rm,,,,Y,rm,cfpl,,n/a,,,
Cocoa Glazed Almonds,fg,,Y,Y,Y,fg,cfpl,,"MISSING (has BOM recipe, not in FG Master)",Y,,BOM_PARENT_NO_ROUTING; MULTILEVEL_SFG (component+has-BOM); CATALOG_FG_NOT_IN_FG_MASTER; SFG_NOT_IN_WIP_SET
Cocoa Glazed Hazelnuts,fg,,Y,Y,Y,fg,cfpl,,"MISSING (has BOM recipe, not in FG Master)",Y,,BOM_PARENT_NO_ROUTING; MULTILEVEL_SFG (component+has-BOM); CATALOG_FG_NOT_IN_FG_MASTER; SFG_NOT_IN_WIP_SET
Cocoa Peanut Date Balls 48 gms,fg,Y,Y,,Y,fg,cfpl,Sorting + Blending + Bar Forming + Packaging,routed,,,
Cocoa Powder,rm,,,Y,Y,rm,cfpl,,n/a,,,
Cococart Almond & Cranberry Date Bar 35gm,fg?,,Y,,,,,,"MISSING (has BOM recipe, not in FG Master)",,,ARTICLE_NOT_IN_CATALOG; BOM_PARENT_NO_ROUTING
Cococart Almond & Orange Dark Choco Date Bar 35gm,fg?,,Y,,,,,,"MISSING (has BOM recipe, not in FG Master)",,,ARTICLE_NOT_IN_CATALOG; BOM_PARENT_NO_ROUTING
Cococart Almond & Orange Dark Choco Date Bar 50gm,fg,,,,Y,fg,cfpl,,n/a,,,CATALOG_FG_NOT_IN_FG_MASTER
Cococart Barbeque Trail Mix 60gm,fg,,Y,,Y,fg,cfpl,,"MISSING (has BOM recipe, not in FG Master)",,,BOM_PARENT_NO_ROUTING; CATALOG_FG_NOT_IN_FG_MASTER
Cococart Black Pepper Trail Mix 60gm,fg,,Y,,Y,fg,cfpl,,"MISSING (has BOM recipe, not in FG Master)",,,BOM_PARENT_NO_ROUTING; CATALOG_FG_NOT_IN_FG_MASTER
Cococart Cheese Makhana 100gm,fg,,Y,,Y,fg,cfpl,,"MISSING (has BOM recipe, not in FG Master)",,,BOM_PARENT_NO_ROUTING; CATALOG_FG_NOT_IN_FG_MASTER
Cococart Fruit & Nut Date Bar 35gm,fg?,,Y,,,,,,"MISSING (has BOM recipe, not in FG Master)",,,ARTICLE_NOT_IN_CATALOG; BOM_PARENT_NO_ROUTING
Cococart Fruit & Nut Date Bar 50gm,fg,,,,Y,fg,cfpl,,n/a,,,CATALOG_FG_NOT_IN_FG_MASTER
Cococart Himalayan Pink Salt Makhana 100gm,fg,,Y,,Y,fg,cfpl,,"MISSING (has BOM recipe, not in FG Master)",,,BOM_PARENT_NO_ROUTING; CATALOG_FG_NOT_IN_FG_MASTER
Cococart Himalayan Salt Trail Mix 60gm,fg?,,Y,,,,,,"MISSING (has BOM recipe, not in FG Master)",,,ARTICLE_NOT_IN_CATALOG; BOM_PARENT_NO_ROUTING
Cococart Himalayan Salt Trail Mix 75gm,fg,,,,Y,fg,cfpl,,n/a,,,CATALOG_FG_NOT_IN_FG_MASTER
Cococart Lime Chilli Makhana 100gm,fg,,Y,,Y,fg,cfpl,,"MISSING (has BOM recipe, not in FG Master)",,,BOM_PARENT_NO_ROUTING; CATALOG_FG_NOT_IN_FG_MASTER
Cococart Peri Peri Trail Mix 60gm,fg,,Y,,Y,fg,cfpl,,"MISSING (has BOM recipe, not in FG Master)",,,BOM_PARENT_NO_ROUTING; CATALOG_FG_NOT_IN_FG_MASTER
Cococart Pudina Salt Makhana 100gm,fg,,Y,,Y,fg,cfpl,,"MISSING (has BOM recipe, not in FG Master)",,,BOM_PARENT_NO_ROUTING; CATALOG_FG_NOT_IN_FG_MASTER
Cococart Raspberry Almond Dark Choco Date Bar 35gm,fg?,,Y,,,,,,"MISSING (has BOM recipe, not in FG Master)",,,ARTICLE_NOT_IN_CATALOG; BOM_PARENT_NO_ROUTING
Cococart Raspberry Almond Dark Choco Date Bar 50gm,fg,,,,Y,fg,cfpl,,n/a,,,CATALOG_FG_NOT_IN_FG_MASTER
Coconut Laddubar (Semi Finished),fg,,Y,Y,Y,fg,cfpl,,"MISSING (has BOM recipe, not in FG Master)",Y,,BOM_PARENT_NO_ROUTING; MULTILEVEL_SFG (component+has-BOM); CATALOG_FG_NOT_IN_FG_MASTER; SFG_NOT_IN_WIP_SET
Coconut Laddubar Mini 9g,fg,Y,Y,,Y,fg,cfpl,Sorting + Blending + Bar Forming + Packaging,routed,,,
COCONUT POWDER,rm,,,Y,Y,rm,cfpl,,n/a,,,
Coffe Date Bites (Semi),fg,,,,Y,fg,cfpl,,n/a,,,CATALOG_FG_NOT_IN_FG_MASTER
Coffee Beans,rm,,,Y,Y,rm,cfpl,,n/a,,,
Coffee Crush 1 Kg,fg,,,,Y,fg,cfpl,,n/a,,,CATALOG_FG_NOT_IN_FG_MASTER
COFFEE EXT AQU ALC - 4010000239,rm,,,Y,Y,rm,cfpl,,n/a,,,
Coffee Flavour,rm,,,,Y,rm,cfpl,,n/a,,,
Coffee Laddoo 18gm,fg,Y,Y,Y,Y,fg,cfpl,Sorting + Blending + Bar Forming + Packaging,routed,Y,,MULTILEVEL_SFG (component+has-BOM); SFG_NOT_IN_WIP_SET
Coffee Laddoo Semi Finished,fg,Y,Y,,Y,fg,cfpl,Sorting + Blending + Bar Forming + Packaging,routed,,Y,
Compound [Strawberry Flvours],rm,,,Y,Y,rm,cfpl,,n/a,,,
CORIANDER / DHANIYA / Cilantro seeds,rm,,,Y,Y,rm,cfpl,,n/a,,,
Corn Flakes,rm,,,,Y,rm,cfpl,,n/a,,,
Corn Grits / Meal,rm,,,,Y,rm,cfpl,,n/a,,,
Cranberry Date Balls 48 gms,fg,Y,Y,,Y,fg,cfpl,Sorting + Blending + Bar Forming + Packaging,routed,,,
Cranberry Flavour 280619,rm,,,Y,Y,rm,cfpl,,n/a,,,
Cranberry Slice,rm,,,Y,Y,rm,cfpl,,n/a,,,
Cranberry Slice Apple Infused,rm,,,Y,Y,rm,cfpl,,n/a,,,
Cranberry Whole 230g,fg,Y,Y,,Y,fg,cfpl,Sorting + Packaging,routed,,,
Crunchy Caramel Trail Mix,fg,Y,Y,,Y,fg,cfpl,Flavouring + Packaging,routed,,Y,
Crunchy Caramel Trail Mix 230g,fg,Y,Y,,Y,fg,cfpl,Flavouring + Packaging,routed,,,
Crystal Ginger,rm,,,Y,Y,rm,cfpl,,n/a,,,
CTC TEA,rm,,,,Y,rm,cfpl,,n/a,,,
Curate Anjeer 200g,fg,Y,Y,,Y,fg,cfpl,Sorting + Packaging,routed,,,
Curate Anjeer 250g Jr,fg,,,,Y,fg,cfpl,,n/a,,,CATALOG_FG_NOT_IN_FG_MASTER
Curate Apricot ( Jaradalu ) 550g Jr,fg,,,,Y,fg,cfpl,,n/a,,,CATALOG_FG_NOT_IN_FG_MASTER
Curate Apricot ( Jardalu ) 250g Jr,fg,,,,Y,fg,cfpl,,n/a,,,CATALOG_FG_NOT_IN_FG_MASTER
CURATE BLUEBERRIES 200G,fg,Y,Y,,Y,fg,cfpl,Sorting + Packaging,routed,,,
Curate Cashew 550g Jr,fg,,,,Y,fg,cfpl,,n/a,,,CATALOG_FG_NOT_IN_FG_MASTER
Curate Cashews 200g,fg,Y,Y,,Y,fg,cfpl,Sorting + Packaging,routed,,,
Curate Cashews 250g Jr,fg,,,,Y,fg,cfpl,,n/a,,,CATALOG_FG_NOT_IN_FG_MASTER
Curate Cashews 500g,fg,Y,Y,,Y,fg,cfpl,Sorting + Packaging,routed,,,
CURATE DATE BITES ASRTD RO/CA IND 420G,fg,Y,Y,,Y,fg,cfpl+cdpl,Sorting + Blending + Bar Forming + Packaging,routed,,,
CURATE DATE BITES COFFEE IND 210G,fg,,Y,,Y,fg,cfpl+cdpl,,"MISSING (has BOM recipe, not in FG Master)",,,BOM_PARENT_NO_ROUTING; CATALOG_FG_NOT_IN_FG_MASTER
CURATE DATE BITES IND 210G,fg,Y,Y,Y,Y,fg,cfpl+cdpl,Sorting + Blending + Bar Forming + Packaging,routed,Y,,MULTILEVEL_SFG (component+has-BOM); SFG_NOT_IN_WIP_SET
CURATE DATE BITES ROSE (Semi)- Not Use,fg,,,,Y,fg,cfpl,,n/a,,,CATALOG_FG_NOT_IN_FG_MASTER
CURATE DATE BITES ROSE IND 210G,fg,Y,Y,Y,Y,fg,cfpl+cdpl,Sorting + Blending + Bar Forming + Packaging,routed,Y,,MULTILEVEL_SFG (component+has-BOM); SFG_NOT_IN_WIP_SET
CURATE DATE BITES ROSE IND 360G,fg,Y,Y,,Y,fg,cfpl+cdpl,Sorting + Blending + Bar Forming + Packaging,routed,,,
CURATE DATES AJWA IMP SAUDI 500G,fg,,,,Y,fg,cdpl,,n/a,,,CATALOG_FG_NOT_IN_FG_MASTER
CURATE DATES ASSORTED IMP 500G,fg,,,,Y,fg,cdpl,,n/a,,,CATALOG_FG_NOT_IN_FG_MASTER
CURATE DATES FARD IMP OMAN 500G,fg,,,,Y,fg,cdpl,,n/a,,,CATALOG_FG_NOT_IN_FG_MASTER
CURATE DATES KIMIA IMP IRAN 500G,fg,,,,Y,fg,cdpl,,n/a,,,CATALOG_FG_NOT_IN_FG_MASTER
CURATE DATES MEDJOUL IMP ISREL 500G,fg,,,,Y,fg,cdpl,,n/a,,,CATALOG_FG_NOT_IN_FG_MASTER
CURATE DATES ORIENTAL IMP ISREL 500G,fg,,,,Y,fg,cdpl,,n/a,,,CATALOG_FG_NOT_IN_FG_MASTER
CURATE DATES SAFAVI IMP SAUDI 500G,fg,,,,Y,fg,cdpl,,n/a,,,CATALOG_FG_NOT_IN_FG_MASTER
Curate Dried Bluebrries 300g Jr,fg,,,,Y,fg,cfpl,,n/a,,,CATALOG_FG_NOT_IN_FG_MASTER
Curate Macadamia Nuts 250g Jr,fg,,,,Y,fg,cfpl,,n/a,,,CATALOG_FG_NOT_IN_FG_MASTER
CURATE MACADEMIA NUTS 200G,fg,Y,Y,,Y,fg,cfpl,Sorting + Roasting + Packaging,routed,,,
CURATE MAMRA ALMOND 500G,fg,Y,Y,,Y,fg,cfpl,Sorting + Packaging,routed,,,
Curate Mamra Almonds 200g,fg,Y,Y,,Y,fg,cfpl,Sorting + Packaging,routed,,,
Curate Mamra Almonds 250g Jr,fg,,,,Y,fg,cfpl,,n/a,,,CATALOG_FG_NOT_IN_FG_MASTER
Curate Mamra Almonds 600g Jr,fg,,,,Y,fg,cfpl,,n/a,,,CATALOG_FG_NOT_IN_FG_MASTER
Curate Oriental Dates 500gm,fg,Y,Y,,Y,fg,cfpl,Sorting + Packaging,routed,,,
Curate Pista Akbari 250g JR,fg,,,,Y,fg,cfpl,,n/a,,,CATALOG_FG_NOT_IN_FG_MASTER
Curate Pista Akbari 550g JR,fg,,,,Y,fg,cfpl,,n/a,,,CATALOG_FG_NOT_IN_FG_MASTER
Curate Pista Peshawari 300g Jr,fg,,,,Y,fg,cfpl,,n/a,,,CATALOG_FG_NOT_IN_FG_MASTER
Curate Pista Pishori 200g,fg,Y,Y,,Y,fg,cfpl,Flavouring + Packaging,routed,,,
Curate Pitted Prunes 300g Jr,fg,,,,Y,fg,cfpl,,n/a,,,CATALOG_FG_NOT_IN_FG_MASTER
Curate Prunes 200g,fg,Y,Y,,Y,fg,cfpl,Sorting + Packaging,routed,,,
Curate Roasted Hazelnuts 200g,fg,Y,Y,,Y,fg,cfpl,Sorting + Roasting + Packaging,routed,,,
Curate Roasted Hazelnuts 250g Jr,fg,,,,Y,fg,cfpl,,n/a,,,CATALOG_FG_NOT_IN_FG_MASTER
Curate Roasted Hazelnuts 550g Jr,fg,Y,Y,,Y,fg,cfpl,Sorting + Roasting + Packaging,routed,,,
Curate Sandhukhani Kismis 300g Jr,fg,,,,Y,fg,cfpl,,n/a,,,CATALOG_FG_NOT_IN_FG_MASTER
Curate Sandhukhani Kismis 600g Jr,fg,,,,Y,fg,cfpl,,n/a,,,CATALOG_FG_NOT_IN_FG_MASTER
CURATE WHOLE CRANBERRIES 200G,fg,Y,Y,,Y,fg,cfpl,Sorting + Packaging,routed,,,
Curate Whole Cranberries 300g Jr,fg,,,,Y,fg,cfpl,,n/a,,,CATALOG_FG_NOT_IN_FG_MASTER
Curate Whole Cranberries 300gm,fg,,,,Y,fg,cfpl,,n/a,,,CATALOG_FG_NOT_IN_FG_MASTER
Daily Mewa Healthy Mix,fg,Y,Y,,Y,fg,cfpl,Flavouring (Bulk Packaging,routed,,Y,
Dalchini (Cinnamon) Powder,rm,,,Y,Y,rm,cfpl,,n/a,,,
Dark Almond Draggies,fg,Y,Y,,Y,fg,cfpl,Sorting + Roasting + Chocolate (Bulk Packaging,routed,,Y,
Dark Chocolate Coated Almond Stuffed Khalas Single,fg,Y,Y,,Y,fg,cfpl,De-Seeding+Sorting+Stuffing+Enrobing+Flow Wrap+Sorting+Master Carton,routed,,Y,
Dark Chocolate Coated Almond Stuffed Khalas(No Use),fg?,,Y,,,,,,"MISSING (has BOM recipe, not in FG Master)",,,ARTICLE_NOT_IN_CATALOG; BOM_PARENT_NO_ROUTING
Dark Chocolate Coated Cashew Stuffed Khalas Single,fg,Y,Y,,Y,fg,cfpl,De-Seeding+Sorting+Stuffing+Enrobing+Flow Wrap+Sorting+Master Carton,routed,,Y,
Dark Chocolate Coated Cashew Stuffed Khalas(No Use),fg?,,Y,,,,,,"MISSING (has BOM recipe, not in FG Master)",,,ARTICLE_NOT_IN_CATALOG; BOM_PARENT_NO_ROUTING
Dark Chocolate Coated Deri Date with Almond Single,fg,,Y,,Y,fg,cfpl,,"MISSING (has BOM recipe, not in FG Master)",,,BOM_PARENT_NO_ROUTING; CATALOG_FG_NOT_IN_FG_MASTER
Dark Chocolate Coated Fard Date with Almond Single,fg,,Y,,Y,fg,cfpl,,"MISSING (has BOM recipe, not in FG Master)",,,BOM_PARENT_NO_ROUTING; CATALOG_FG_NOT_IN_FG_MASTER
Dark Chocolate Coated Macadamia 110g,fg,Y,Y,,Y,fg,cfpl,Sorting + Roasting + Chocolate + Packaging,routed,,,
Dark Chocolate Coated Safavi Stuffed Dates Pc,fg,,Y,,Y,fg,cfpl,,"MISSING (has BOM recipe, not in FG Master)",,,BOM_PARENT_NO_ROUTING; CATALOG_FG_NOT_IN_FG_MASTER
DARK CHOCOLATE COUVERTURE 811,rm,,,Y,Y,rm,cfpl,,n/a,,,
Dark Chocolate Macadamia Clusters 100gm,fg,,Y,,Y,fg,cfpl,,"MISSING (has BOM recipe, not in FG Master)",,,BOM_PARENT_NO_ROUTING; CATALOG_FG_NOT_IN_FG_MASTER
Dark Compound Chips,rm,,,Y,Y,rm,cfpl,,n/a,,,
Dark Compound Chocolate,rm,,,Y,Y,rm,cfpl,,n/a,,,
Date Balls Coated Coconut (22G X 3),fg,Y,Y,,Y,fg,cfpl,Sorting + Blending + Bar Forming + Packaging,routed,,,
Date Balls Coated Dark (22g x 3),fg,Y,Y,,Y,fg,cfpl,Sorting + Blending + Bar Forming + Packaging,routed,,,
Date Balls Coated Milk (22g x 3),fg,Y,Y,,Y,fg,cfpl,Sorting + Blending + Bar Forming + Packaging,routed,,,
Date Balls Coated White (22g x 3),fg,Y,Y,,Y,fg,cfpl,Sorting + Blending + Bar Forming + Packaging,routed,,,
Date Bite Bulk,fg,,,,Y,fg,cfpl,,n/a,,,CATALOG_FG_NOT_IN_FG_MASTER
Date Bites 9gm,fg,Y,Y,Y,Y,fg,cfpl,Sorting + Blending + Bar Forming + Packaging,routed,Y,,MULTILEVEL_SFG (component+has-BOM); SFG_NOT_IN_WIP_SET
Date Bites Rose (Semi Finished),fg,,Y,Y,Y,fg,cfpl,,"MISSING (has BOM recipe, not in FG Master)",Y,,BOM_PARENT_NO_ROUTING; MULTILEVEL_SFG (component+has-BOM); CATALOG_FG_NOT_IN_FG_MASTER; SFG_NOT_IN_WIP_SET
Date Bites Semi Finished,fg,,Y,Y,Y,fg,cfpl,,"MISSING (has BOM recipe, not in FG Master)",Y,,BOM_PARENT_NO_ROUTING; MULTILEVEL_SFG (component+has-BOM); CATALOG_FG_NOT_IN_FG_MASTER; SFG_NOT_IN_WIP_SET
Date Mewa Bon Bon Laddu (18g x 3),fg,Y,Y,,Y,fg,cfpl,Sorting + Blending + Bar Forming + Packaging,routed,,,
Date Mewa Festive Gifting & Feast Parcel 500gm,fg,Y,Y,,Y,fg,cfpl,Sorting + Blending + Bar Forming + Packaging,routed,,,
Date Mewa Ladu 18gm,fg,Y,Y,Y,Y,fg,cfpl,Sorting + Blending + Bar Forming + Packaging,routed,Y,,MULTILEVEL_SFG (component+has-BOM); SFG_NOT_IN_WIP_SET
Date Sugar,rm,,,,Y,rm,cdpl,,n/a,,,
Dates Ajwa Loose,rm,,Y,,Y,rm,cfpl,,"MISSING (has BOM recipe, not in FG Master)",,,BOM_PARENT_NO_ROUTING
Dates Ameri Loose,rm,,Y,,Y,rm,cfpl,,"MISSING (has BOM recipe, not in FG Master)",,,BOM_PARENT_NO_ROUTING
Dates Delight Khajur Pak 375gm,fg,Y,Y,Y,Y,fg,cfpl,Sorting + Blending + Bar Forming + Packaging,routed,Y,,MULTILEVEL_SFG (component+has-BOM); SFG_NOT_IN_WIP_SET
Dates Fard Loose,fg,,Y,,Y,fg,cfpl,,"MISSING (has BOM recipe, not in FG Master)",,,BOM_PARENT_NO_ROUTING; CATALOG_FG_NOT_IN_FG_MASTER
DATES IMPORTED 500 Gm,fg,,,,Y,fg,cfpl,,n/a,,,CATALOG_FG_NOT_IN_FG_MASTER
Dates Mazafati Loose,rm,,Y,,Y,rm,cfpl,,"MISSING (has BOM recipe, not in FG Master)",,,BOM_PARENT_NO_ROUTING
Dates Medjool Jumbo Loose,rm,,Y,,Y,rm,cfpl,,"MISSING (has BOM recipe, not in FG Master)",,,BOM_PARENT_NO_ROUTING
Dates Medjool Large Loose,rm,,Y,,Y,rm,cfpl,,"MISSING (has BOM recipe, not in FG Master)",,,BOM_PARENT_NO_ROUTING
Dates Medjool Super Jumbo Loose,rm,,Y,,Y,rm,cfpl,,"MISSING (has BOM recipe, not in FG Master)",,,BOM_PARENT_NO_ROUTING
Dates Medjoul Junior Loose,fg,,Y,,Y,fg,cfpl,,"MISSING (has BOM recipe, not in FG Master)",,,BOM_PARENT_NO_ROUTING; CATALOG_FG_NOT_IN_FG_MASTER
Dates Mewa Assorted 210gm,fg,Y,Y,,Y,fg,cfpl,Sorting + Blending + Bar Forming + Packaging,routed,,,
Dates Mewa Classic (Semi),fg,,,,Y,fg,cfpl,,n/a,,,CATALOG_FG_NOT_IN_FG_MASTER
Dates Mewa Classic 210gm,fg,Y,Y,Y,Y,fg,cfpl,Sorting + Blending + Bar Forming + Packaging,routed,Y,,MULTILEVEL_SFG (component+has-BOM); SFG_NOT_IN_WIP_SET
Dates Oriental Loose,rm,,Y,,Y,rm,cfpl,,"MISSING (has BOM recipe, not in FG Master)",,,BOM_PARENT_NO_ROUTING
Dates Paste,rm,,,,Y,rm,cdpl,,n/a,,,
Dates Safavi Loose,rm,,Y,,Y,rm,cfpl,,"MISSING (has BOM recipe, not in FG Master)",,,BOM_PARENT_NO_ROUTING
Dates Sayer Loose,fg,,Y,,Y,fg,cfpl,,"MISSING (has BOM recipe, not in FG Master)",,,BOM_PARENT_NO_ROUTING; CATALOG_FG_NOT_IN_FG_MASTER
Dates Seeds,rm,,,,Y,rm,cfpl+cdpl,,n/a,,,
Dates Zahidi Loose,rm,,Y,,Y,rm,cfpl,,"MISSING (has BOM recipe, not in FG Master)",,,BOM_PARENT_NO_ROUTING
DCC Almonds,fg,,Y,,Y,fg,cfpl,,"MISSING (has BOM recipe, not in FG Master)",,,BOM_PARENT_NO_ROUTING; CATALOG_FG_NOT_IN_FG_MASTER
Deglet,rm,,,,Y,rm,cdpl,,n/a,,,
Deglet Dates,rm,,,Y,Y,rm,cfpl,,n/a,,,
DEGLET NOUR BRANCHES 5KG,rm,,,,Y,rm,cfpl,,n/a,,,
DEGLET.908 GM,rm,,Y,,Y,rm,cfpl+cdpl,,"MISSING (has BOM recipe, not in FG Master)",,,BOM_PARENT_NO_ROUTING
Dehydrated Aloe Vera Chunk,rm,,,,Y,rm,cfpl,,n/a,,,
DEHYDRATED BABY ORANGE,rm,,,Y,Y,rm,cfpl,,n/a,,,
Dehydrated Chikoo fruit,rm,,,,Y,rm,cfpl,,n/a,,,
Dehydrated Ginger,rm,Y,Y,Y,Y,rm,cfpl,Sorting (Bulk Packaging,routed,Y,,MULTILEVEL_SFG (component+has-BOM); SFG_NOT_IN_WIP_SET
Dehydrated Guava Sliced,rm,,,Y,Y,rm,cfpl,,n/a,,,
Dehydrated Jamun fruit,rm,,,,Y,rm,cfpl,,n/a,,,
Dehydrated Lemon (Candied),rm,,,,Y,rm,cfpl,,n/a,,,
Dehydrated Mango,rm,,,,Y,rm,cfpl,,n/a,,,
Dehydrated Mango fruit,rm,,,,Y,rm,cfpl,,n/a,,,
Dehydrated Mango Papad (Aam Papad),rm,,,,Y,rm,cfpl,,n/a,,,
Dehydrated Mango Slice,rm,,,Y,Y,rm,cfpl,,n/a,,,
Dehydrated Mixed Fruits,rm,,,,Y,rm,cfpl,,n/a,,,
Dehydrated Papaya Chunk,rm,,,,Y,rm,cfpl,,n/a,,,
DEHYDRATED PEACH GREEN,rm,,,,Y,rm,cfpl,,n/a,,,
DEHYDRATED PEACH RED,rm,,,,Y,rm,cfpl,,n/a,,,
DEHYDRATED PEACH YELLOW,rm,,,Y,Y,rm,cfpl,,n/a,,,
DEHYDRATED PINEAPPLE COIN,rm,,,,Y,rm,cfpl,,n/a,,,
DEHYDRATED PINEAPPLE RING,rm,,,Y,Y,rm,cfpl,,n/a,,,
Dehydrated Strawberry fruit,rm,,,Y,Y,rm,cfpl,,n/a,,,
Delkash Dates 500 Gms (110002704),fg,,Y,,Y,fg,cfpl+cdpl,,"MISSING (has BOM recipe, not in FG Master)",,,BOM_PARENT_NO_ROUTING; CATALOG_FG_NOT_IN_FG_MASTER
Delmonte Cranberries 130gm,fg,Y,Y,,Y,fg,cfpl,Sorting + Blanching + Slicing/Dicing/Slivering + Packaging,routed,,,
Delmonte Prunes 130g,fg,Y,Y,,Y,fg,cfpl,Sorting + Packaging,routed,,,
Delmonte Prunes 130g [1 Case x 40 unit],fg,Y,Y,,Y,fg,cfpl,Sorting + Packaging,routed,,,
Delmonte Prunes 340g,fg,Y,Y,,Y,fg,cfpl,Sorting + Packaging,routed,,,
Delmonte Prunes 340g [1 Case x 20 unit],fg,Y,Y,,Y,fg,cfpl,Sorting + Packaging,routed,,,
Delmonte Royal Arabian dates 200g,fg,Y,Y,,Y,fg,cfpl,Sorting + Packaging,routed,,,
Delmonte Royal Arabian dates 200g [1 Case x 36 unit] Non-Promo,fg,,,,Y,fg,cfpl,,n/a,,,CATALOG_FG_NOT_IN_FG_MASTER
Delmonte Royal Arabian dates 200g [1 Case x 36 unit] Promo,fg,Y,Y,,Y,fg,cfpl,Sorting + Packaging,routed,,,
Delmonte Royal Arabian dates 500g,fg,Y,Y,,Y,fg,cfpl,Sorting + Packaging,routed,,,
Delmonte Royal Arabian dates 500g [1 Case x 24 unit] Non-Promo,fg,Y,Y,,Y,fg,cfpl,Sorting + Packaging,routed,,,
Delmonte Royal Arabian dates 500g [1 Case x 24 unit] Promo,fg,Y,Y,,Y,fg,cfpl,Sorting + Packaging,routed,,,
Delmonte Royal Fard Dates 200gm,fg,Y,Y,,Y,fg,cfpl,Sorting + Packaging,routed,,,
Delmonte Royal Fard Dates 200gm [1 Case x 36 unit] Non-Promo,fg,Y,Y,,Y,fg,cfpl,Sorting + Packaging,routed,,,
Delmonte Royal Fard Dates 200gm [1 Case x 36 unit] Promo,fg,Y,Y,,Y,fg,cfpl,Sorting + Packaging,routed,,,
Delmonte Royal Fard Dates 450gm [1Case x 24Pack] PR,fg,,Y,,Y,fg,cfpl,,"MISSING (has BOM recipe, not in FG Master)",,,BOM_PARENT_NO_ROUTING; CATALOG_FG_NOT_IN_FG_MASTER
Delmonte Royal Fard Dates 450gm [1Case x 24Pack]NPR,fg,,Y,,Y,fg,cfpl,,"MISSING (has BOM recipe, not in FG Master)",,,BOM_PARENT_NO_ROUTING; CATALOG_FG_NOT_IN_FG_MASTER
Delmonte Royal Fard Dates 500gm,fg,Y,Y,,Y,fg,cfpl,Sorting + Packaging,routed,,,
Delmonte Royal Fard Dates 500gm [1 Case x 24 unit] Non-Promo,fg,Y,Y,,Y,fg,cfpl,Sorting + Packaging,routed,,,
Delmonte Royal Fard Dates 500gm [1 Case x 24 unit] Promo,fg,Y,Y,,Y,fg,cfpl,Sorting + Packaging,routed,,,
Deri Dates,rm,,,Y,Y,rm,cfpl,,n/a,,,
Deri Dates 250g (1359841),fg,Y,Y,,Y,fg,cfpl+cdpl,Sorting + Packaging,routed,,,
Deri Grade B,rm,,,,Y,rm,cfpl+cdpl,,n/a,,,
Desi Ghee,rm,,,Y,Y,rm,cfpl,,n/a,,,
Desi Masala Seasoning,rm,,,,Y,rm,cfpl,,n/a,,,
Dessert Coconut Chips,rm,,,,Y,rm,cfpl,,n/a,,,
Diced Almond,rm,Y,Y,Y,Y,rm,cfpl,Sorting + Blanching + Slicing/Dicing/Slivering (Bulk Packaging,routed,Y,Y,MULTILEVEL_SFG (component+has-BOM)
Dill Seed - Suva,rm,,,Y,Y,rm,cfpl,,n/a,,,
Dr Batra Hair Health Protein Bar (Semi Finished),fg,,Y,Y,Y,fg,cfpl,,"MISSING (has BOM recipe, not in FG Master)",Y,,BOM_PARENT_NO_ROUTING; MULTILEVEL_SFG (component+has-BOM); CATALOG_FG_NOT_IN_FG_MASTER; SFG_NOT_IN_WIP_SET
Dr Batra#s Hair Health Protein Bar 35gm,fg,Y,Y,,Y,fg,cfpl,Sorting + Blending + Bar Forming + Packaging,routed,,,
Dragees Dark Cranberry,fg,Y,Y,,Y,fg,cfpl,Sorting + Roasting + Chocolate (Bulk Packaging,routed,,Y,
Dragees Milk Cranberry,fg,Y,Y,,Y,fg,cfpl,Sorting + Roasting + Chocolate (Bulk Packaging,routed,,Y,
Dragees White Cranberry,fg,Y,Y,,Y,fg,cfpl,Sorting + Roasting + Chocolate (Bulk Packaging,routed,,Y,
Drangees Dark Almond,fg,Y,Y,,Y,fg,cfpl,Sorting + Roasting + Chocolate (Bulk Packaging,routed,,Y,
Dried Anjeer 200gm,fg,,,,Y,fg,cfpl,,n/a,,,CATALOG_FG_NOT_IN_FG_MASTER
Dried Apple,rm,,,Y,Y,rm,cfpl,,n/a,,,
Dried Black Currant,rm,,,Y,Y,rm,cfpl,,n/a,,,
Dried Blackberry,rm,,,Y,Y,rm,cfpl,,n/a,,,
Dried Blueberry,rm,,,Y,Y,rm,cfpl,,n/a,,,
Dried Blueberry 100gm,fg,Y,Y,,Y,fg,cfpl,Sorting + Packaging,routed,,,
Dried Blueberry Apple Infused,rm,,,Y,Y,rm,cfpl,,n/a,,,
Dried Cherry (Red),rm,,,Y,Y,rm,cfpl,,n/a,,,
Dried Coconut - Copra,rm,,,,Y,rm,cfpl,,n/a,,,
Dried Coconut Flakes [Khaman Srifal],rm,,,Y,Y,rm,cfpl,,n/a,,,
Dried Cranberry 100gm,fg,Y,Y,,Y,fg,cfpl,Sorting + Packaging,routed,,,
Dried Cranberry Sliced,rm,Y,Y,Y,Y,rm,cfpl,Sorting + Blanching + Slicing/Dicing/Slivering + Packaging,routed,Y,,MULTILEVEL_SFG (component+has-BOM); SFG_NOT_IN_WIP_SET
Dried Cranberry Whole,rm,Y,Y,Y,Y,rm,cfpl,Sorting (Bulk Packaging,routed,Y,,MULTILEVEL_SFG (component+has-BOM); SFG_NOT_IN_WIP_SET
Dried Ginger Cubes,rm,,,Y,Y,rm,cfpl,,n/a,,,
Dried Ginger Powder - Saunth Powder,rm,,,Y,Y,rm,cfpl,,n/a,,,
Dried Goji Berry,rm,,,Y,Y,rm,cfpl,,n/a,,,
Dried Kiwi,rm,Y,Y,Y,Y,rm,cfpl,Sorting (Bulk Packaging,routed,Y,,MULTILEVEL_SFG (component+has-BOM); SFG_NOT_IN_WIP_SET
Dried Mango,rm,,,Y,Y,rm,cfpl,,n/a,,,
Dried Mango Loose,rm,Y,Y,Y,Y,rm,cfpl,Sorting (Bulk Packaging,routed,Y,,MULTILEVEL_SFG (component+has-BOM); SFG_NOT_IN_WIP_SET
Dried Mango Powder - Amchur,rm,,,Y,Y,rm,cfpl,,n/a,,,
Dried Masala Kiwi,fg,Y,Y,,Y,fg,cfpl,Flavouring (Bulk Packaging,routed,,,
Dried Masala Mango,fg,Y,Y,,Y,fg,cfpl,Flavouring (Bulk Packaging,routed,,Y,
Dried Masala Pineapple,fg,Y,Y,,Y,fg,cfpl,Flavouring (Bulk Packaging,routed,,Y,
Dried Meduri Cranberry Whole,rm,,,Y,Y,rm,cfpl,,n/a,,,
Dried Orange Peel,rm,,,Y,Y,rm,cfpl,,n/a,,,
Dried Peach,rm,,,Y,Y,rm,cfpl,,n/a,,,
Dried Pineapple,rm,,,Y,Y,rm,cfpl,,n/a,,,
Dried Pomelo,rm,,,Y,Y,rm,cfpl,,n/a,,,
Dried Prunes (Pitted),rm,Y,Y,Y,Y,rm,cfpl,Sorting + Packaging,routed,Y,,MULTILEVEL_SFG (component+has-BOM); SFG_NOT_IN_WIP_SET
Dried Raspberry,rm,Y,Y,Y,Y,rm,cfpl,Sorting (Bulk Packaging,routed,Y,,MULTILEVEL_SFG (component+has-BOM); SFG_NOT_IN_WIP_SET
DRIED ROSEMARY,rm,,,,Y,rm,cfpl,,n/a,,,
Dried Strawberry,rm,,,Y,Y,rm,cfpl,,n/a,,,
Dry Cut Dates,rm,,,,Y,rm,cdpl,,n/a,,,
DRY DATES-GRADE 1,rm,,,,Y,rm,cdpl,,n/a,,,
DRY DATES-GRADE 2,rm,,,,Y,rm,cfpl+cdpl,,n/a,,,
DRY DATES-GRADE 2 PITTED,rm,,,,Y,rm,cdpl,,n/a,,,
Dry Fruit Hamper,fg,Y,Y,,Y,fg,cfpl,Flavouring + Packaging,routed,,,
Dryfruit instant Energy laddu Bar 35gm,fg,Y,Y,,Y,fg,cfpl,Sorting + Blending + Bar Forming + Packaging,routed,,,
Dryfruit Instant Energy Laddubar (Semi Finished),fg,,Y,Y,Y,fg,cfpl,,"MISSING (has BOM recipe, not in FG Master)",Y,,BOM_PARENT_NO_ROUTING; MULTILEVEL_SFG (component+has-BOM); CATALOG_FG_NOT_IN_FG_MASTER; SFG_NOT_IN_WIP_SET
Dryfruit Instant Energy Laddubar Bites 9gm,fg,Y,Y,,Y,fg,cfpl,Sorting + Blending + Bar Forming + Packaging,routed,,,
Dryfruit Instant Energy LadduBar Master Carton (Pack of 5 - 54 units),fg,,,,Y,fg,cfpl,,n/a,,,CATALOG_FG_NOT_IN_FG_MASTER
Dryfruit Instant Energy Laddubar Mini Pack of 2 Master Carton (17 gms) - 300 units,fg,,,,Y,fg,cfpl,,n/a,,,CATALOG_FG_NOT_IN_FG_MASTER
Dryfruit Instant Energy LadduBar Pack of 5,fg,Y,Y,,Y,fg,cfpl,Sorting + Blending + Bar Forming + Packaging,routed,,,
Edamame Beans,rm,,,Y,Y,rm,cfpl,,n/a,,,
Egyptian Wet Dates 10kg,rm,,,Y,Y,rm,cfpl+cdpl,,n/a,,,
Energy Bar - Choco Crunch (Semi Finished),fg,,Y,Y,Y,fg,cfpl,,"MISSING (has BOM recipe, not in FG Master)",Y,,BOM_PARENT_NO_ROUTING; MULTILEVEL_SFG (component+has-BOM); CATALOG_FG_NOT_IN_FG_MASTER; SFG_NOT_IN_WIP_SET
Energy Bar - Choco Crunch 30gm,fg,Y,Y,,Y,fg,cfpl,Sorting + Blending + Bar Forming + Packaging,routed,,,
Energy Bar - Fig & Dates 30gm,fg,Y,Y,,Y,fg,cfpl,Sorting + Blending + Bar Forming + Packaging,routed,,,
Energy Bar - Hazelnut Magic 30gm,fg,Y,Y,,Y,fg,cfpl,Sorting + Blending + Bar Forming + Packaging,routed,,,
Energy Bar - Oats & Apricot 30gm,fg,Y,Y,,Y,fg,cfpl,Sorting + Blending + Bar Forming + Packaging,routed,,,
Energy Bar with Jaggery 30gm,fg,,Y,,Y,fg,cfpl,,"MISSING (has BOM recipe, not in FG Master)",,,BOM_PARENT_NO_ROUTING; CATALOG_FG_NOT_IN_FG_MASTER
Energy Bar- Fig & Dates (Semi Finished),fg,,Y,Y,Y,fg,cfpl,,"MISSING (has BOM recipe, not in FG Master)",Y,,BOM_PARENT_NO_ROUTING; MULTILEVEL_SFG (component+has-BOM); CATALOG_FG_NOT_IN_FG_MASTER; SFG_NOT_IN_WIP_SET
Energy Bar- Hazelnut Magic (Semi Finished),fg,,Y,Y,Y,fg,cfpl,,"MISSING (has BOM recipe, not in FG Master)",Y,,BOM_PARENT_NO_ROUTING; MULTILEVEL_SFG (component+has-BOM); CATALOG_FG_NOT_IN_FG_MASTER; SFG_NOT_IN_WIP_SET
Energy Bar- Oats & Apricot (Semi Finished),fg,,Y,Y,Y,fg,cfpl,,"MISSING (has BOM recipe, not in FG Master)",Y,,BOM_PARENT_NO_ROUTING; MULTILEVEL_SFG (component+has-BOM); CATALOG_FG_NOT_IN_FG_MASTER; SFG_NOT_IN_WIP_SET
Energy Bars Oats and Dates (Pack of 6) 210gm,fg,Y,Y,,Y,fg,cfpl,Sorting + Blending + Bar Forming + Packaging,routed,,,
Energy Bars Oats and Dates (Semi Finished),fg,,Y,,Y,fg,cfpl,,"MISSING (has BOM recipe, not in FG Master)",,,BOM_PARENT_NO_ROUTING; CATALOG_FG_NOT_IN_FG_MASTER
Energy Bars Oats and Dates (Semi),fg,,,,Y,fg,cfpl,,n/a,,,CATALOG_FG_NOT_IN_FG_MASTER
Extra Cheese Label - TPL,pm,,,Y,Y,pm,cfpl,,n/a,,,
Extra Cheese Seasoning (UNC) 1Kg,fg,Y,Y,,Y,fg,cfpl,Flavouring (Bulk Packaging,routed,,,
Extra Cheese Seasoning Extreme,fg,Y,Y,,Y,fg,cfpl,Flavouring (Bulk Packaging,routed,,Y,
Extra Cheese Seasoning-UNC( Malaysian) 15kg,fg,Y,Y,,Y,fg,cfpl,Flavouring (Bulk Packaging,routed,,,
Extra Cheese Seasoning-UNC( Malaysian) 1kg,fg,Y,Y,,Y,fg,cfpl,Flavouring (Bulk Packaging,routed,,,
Extreme Cheese Seasoning( Malaysian) 1kg,fg,Y,Y,,Y,fg,cfpl,Flavouring (Bulk Packaging,routed,,,
Ez Almond California Bold Loose,fg,Y,Y,,Y,fg,cfpl,Sorting + Packaging,routed,,,
Ez Almond California Regular Loose,fg,Y,Y,,Y,fg,cfpl,Sorting + Packaging,routed,,,
Ez Almond Mammra Regular Loose,fg,Y,Y,,Y,fg,cfpl,Sorting + Packaging,routed,,,
Ez Almond Mamra Regular Loose (1459019),fg,Y,Y,,Y,fg,cfpl,Sorting + Packaging,routed,,,
Ez Almond Rstd Salted Loose,fg,Y,Y,,Y,fg,cfpl,Sorting + Packaging,routed,,,
Ez Anjeer Big Loose (1459023),fg,,,,Y,fg,cfpl,,n/a,,,CATALOG_FG_NOT_IN_FG_MASTER
Ez Anjeer Small Loose,fg,Y,Y,,Y,fg,cfpl,Sorting + Packaging,routed,,,
Ez Black Raisin Loose (1459026),fg,Y,Y,,Y,fg,cfpl,Sorting + Packaging,routed,,,
Ez Black Raisin Seedless Loose,fg,Y,Y,,Y,fg,cfpl,Sorting + Packaging,routed,,,
Ez Blue Berry Loose,fg,Y,Y,,Y,fg,cfpl,Sorting + Packaging,routed,,,
Ez Cashew 210 Loose,fg,Y,Y,,Y,fg,cfpl,Sorting + Packaging,routed,,,
Ez Cashew 240 Loose,fg,Y,Y,,Y,fg,cfpl,Sorting + Packaging,routed,,,
Ez Cashew 320 Loose,fg,Y,Y,,Y,fg,cfpl,Sorting + Packaging,routed,,,
Ez Cashew 4pc Loose,fg,Y,Y,,Y,fg,cfpl,Sorting + Packaging,routed,,,
Ez Cashew Roasted Salted Loose,fg,Y,Y,,Y,fg,cfpl,Sorting + Roasting + Packaging,routed,,,
Ez Chilean Walnut Giri Regular Loose,fg,Y,Y,,Y,fg,cfpl,Sorting + Packaging,routed,,,
Ez Chilean Walnut Giri Small Loose (1459038),fg,Y,Y,,Y,fg,cfpl,Sorting + Packaging,routed,,,
Ez Cranberry Loose,fg,Y,Y,,Y,fg,cfpl,Sorting + Packaging,routed,,,
Ez Dried Apricot Loose,fg,Y,Y,,Y,fg,cfpl,Sorting + Packaging,routed,,,
Ez Dried Fruits Mixed (1459045),fg,,,,Y,fg,cfpl,,n/a,,,CATALOG_FG_NOT_IN_FG_MASTER
Ez Green Pista Loose (1459047),fg,Y,Y,,Y,fg,cfpl,Sorting + Packaging,routed,,,
Ez Honey Amla Loose (1459048),fg,Y,Y,,Y,fg,cfpl,Sorting + Packaging,routed,,,
Ez Khurmani Wet Apricot Loose (1459052),fg,Y,Y,,Y,fg,cfpl,Sorting + Packaging,routed,,,
Ez Kishmish Afghani Loose,fg,Y,Y,,Y,fg,cfpl,Sorting + Packaging,routed,,,
Ez Mix Dry Fruit Regular Loose (1459062),fg,Y,Y,,Y,fg,cfpl,Sorting + Packaging,routed,,,
Ez Munakka Loose,fg,Y,Y,,Y,fg,cfpl,Sorting + Packaging,routed,,,
Ez Pista Roasted Salted Akbari Loose,fg,Y,Y,,Y,fg,cfpl,Sorting + Packaging,routed,,,
Ez Pista Roasted Salted Irani Loose,fg,Y,Y,,Y,fg,cfpl,Sorting + Packaging,routed,,,
Ez Seeds And Berries Mix Loose (1459071),fg,,,,Y,fg,cfpl,,n/a,,,CATALOG_FG_NOT_IN_FG_MASTER
Ez Walnut Broken Loose,fg,Y,Y,,Y,fg,cfpl,Sorting + Packaging,routed,,,
Ez Walnut Whole Loose,fg,Y,Y,,Y,fg,cfpl,Sorting + Packaging,routed,,,
Fabsta Akbari Pista Rs 200g  (1468047),fg,,,,Y,fg,cfpl,,n/a,,,CATALOG_FG_NOT_IN_FG_MASTER
FABSTA ALMOND 100G,fg,Y,Y,,Y,fg,cfpl,Sorting + Packaging,routed,,,
FABSTA ALMOND 1KG,fg,,,,Y,fg,cfpl,,n/a,,,CATALOG_FG_NOT_IN_FG_MASTER
FABSTA ALMOND 200G,fg,Y,Y,,Y,fg,cfpl,Sorting + Packaging,routed,,,
FABSTA ALMOND 500G,fg,Y,Y,,Y,fg,cfpl,Sorting + Packaging,routed,,,
FABSTA ALMOND REGULAR 100G,fg,Y,Y,,Y,fg,cfpl,Sorting + Packaging,routed,,,
FABSTA ALMOND REGULAR 200G,fg,Y,Y,,Y,fg,cfpl,Sorting + Packaging,routed,,,
FABSTA ALMOND REGULAR 500G,fg,Y,Y,,Y,fg,cfpl,Sorting + Packaging,routed,,,
Fabsta Almond Roasted 200g (1468499),fg,,Y,,Y,fg,cfpl,,"MISSING (has BOM recipe, not in FG Master)",,,BOM_PARENT_NO_ROUTING; CATALOG_FG_NOT_IN_FG_MASTER
FABSTA ALMOND RSTD SAL 100G,fg?,,Y,,,,,,"MISSING (has BOM recipe, not in FG Master)",,,ARTICLE_NOT_IN_CATALOG; BOM_PARENT_NO_ROUTING
FABSTA ALMOND RSTD SAL 200G,fg?,,Y,,,,,,"MISSING (has BOM recipe, not in FG Master)",,,ARTICLE_NOT_IN_CATALOG; BOM_PARENT_NO_ROUTING
Fabsta Anjeer 200gm,fg,Y,Y,,Y,fg,cfpl,Sorting + Packaging,routed,,,
FABSTA Apricots Dry 100gm,fg,Y,Y,,Y,fg,cfpl,Sorting + Packaging,routed,,,
FABSTA BLACK RAISINS 100G (1455547),fg,Y,Y,,Y,fg,cfpl,Sorting + Packaging,routed,,,
FABSTA BLACK RAISINS 200G,fg,Y,Y,,Y,fg,cfpl,Sorting + Packaging,routed,,,
FABSTA BLACK RAISINS 500G,fg,Y,Y,,Y,fg,cfpl,Sorting + Packaging,routed,,,
FABSTA CASHEW RS W320 100G,fg,,Y,,Y,fg,cfpl,,"MISSING (has BOM recipe, not in FG Master)",,,BOM_PARENT_NO_ROUTING; CATALOG_FG_NOT_IN_FG_MASTER
FABSTA CASHEW RS W320 200G,fg,,Y,,Y,fg,cfpl,,"MISSING (has BOM recipe, not in FG Master)",,,BOM_PARENT_NO_ROUTING; CATALOG_FG_NOT_IN_FG_MASTER
Fabsta Cashew W320 Roasted 200g (1468502),fg,,Y,,Y,fg,cfpl,,"MISSING (has BOM recipe, not in FG Master)",,,BOM_PARENT_NO_ROUTING; CATALOG_FG_NOT_IN_FG_MASTER
FABSTA CASHEWNUT 240 COUNT 200g,fg,Y,Y,,Y,fg,cfpl,Sorting + Packaging,routed,,,
FABSTA CASHEWNUT BROKEN 200G,fg,Y,Y,,Y,fg,cfpl,Sorting + Blanching + Slicing/Dicing/Slivering + Packaging,routed,,,
FABSTA DRY APRICOT 200G,fg,,,,Y,fg,cfpl,,n/a,,,CATALOG_FG_NOT_IN_FG_MASTER
Fabsta Figs Regular 500gm,fg,Y,Y,,Y,fg,cfpl,Sorting + Packaging,routed,,,
FABSTA INDIAN RAISINS 200G,fg,Y,Y,,Y,fg,cfpl,Sorting + Packaging,routed,,,
FABSTA INDIAN RAISINS 500G,fg,Y,Y,,Y,fg,cfpl,Sorting + Packaging,routed,,,
FABSTA PISTA CALIFORNIA 200G,fg,Y,Y,,Y,fg,cfpl,Sorting + Packaging,routed,,,
FABSTA Raisins Indian 100 Gm,fg,Y,Y,,Y,fg,cfpl,Sorting + Packaging,routed,,,
Fabsta Rstd Flax Seeds 100g,fg,Y,Y,,Y,fg,cfpl,Sorting + Roasting + Packaging,routed,,,
Fabsta Rstd Melon Seeds 100g,fg,Y,Y,,Y,fg,cfpl,Sorting + Roasting + Packaging,routed,,,
Fabsta Rstd Pumpkin Seeds 100g,fg,Y,Y,,Y,fg,cfpl,Sorting + Roasting + Packaging,routed,,,
Fabsta Rstd Sunflower Seeds 100g,fg,Y,Y,,Y,fg,cfpl,Sorting + Roasting + Packaging,routed,,,
FABSTA Walnut Split 100gm,fg,Y,Y,,Y,fg,cfpl,Sorting + Packaging,routed,,,
FABSTA WALNUT SPLIT 250G,fg,Y,Y,,Y,fg,cfpl,Sorting + Packaging,routed,,,
Fabsta Walnut Split 500g,fg,Y,Y,,Y,fg,cfpl,Sorting + Packaging,routed,,,
Fan Bag 300g,fg,Y,Y,,Y,fg,cfpl,Sorting + Packaging,routed,,,
Fard B Grade,rm,,,,Y,rm,cdpl,,n/a,,,
Fard Grade B,rm,,,,Y,rm,cfpl,,n/a,,,
Fard Seedless Dates,rm,,,,Y,rm,cfpl,,n/a,,,
Fardh Dates,rm,Y,Y,Y,Y,rm,cfpl,Sorting (Bulk Packaging,routed,Y,,MULTILEVEL_SFG (component+has-BOM); SFG_NOT_IN_WIP_SET
Fennel Seed / Saunf / Variyali,rm,,,Y,Y,rm,cfpl,,n/a,,,
Festive Box - Magic Moments 600g,fg,Y,Y,,Y,fg,cfpl,Flavouring (Bulk Packaging,routed,,,
Festive Box - Supreme 1000g,fg,Y,Y,,Y,fg,cfpl,Flavouring (Bulk Packaging,routed,,,
FESTIVE GREETING 560gm,fg,Y,Y,,Y,fg,cfpl,Flavouring (Bulk Packaging,routed,,,
Festive Hamper 01,fg,Y,Y,,Y,fg,cfpl,Flavouring + Packaging,routed,,,
Festive Hamper 02,fg,Y,Y,,Y,fg,cfpl,Flavouring + Packaging,routed,,,
Festive Hamper 03,fg,Y,Y,,Y,fg,cfpl,Flavouring + Packaging,routed,,,
FIESTA DryFruit Box 800gm,fg,Y,Y,,Y,fg,cfpl,Flavouring (Bulk Packaging,routed,,,
Fit Nutrition Berries Blast Bar 50g,fg,,,,Y,fg,cfpl,,n/a,,,CATALOG_FG_NOT_IN_FG_MASTER
Flax Seeds (Alsi),rm,,,Y,Y,rm,cfpl,,n/a,,,
Flaxseeds 200G (B07GR346G4),fg,Y,Y,,Y,fg,cfpl,Sorting + Roasting + Packaging,routed,,,
Flaxseeds 500G (B07GQZ7ZVT),fg,Y,Y,,Y,fg,cfpl,Sorting + Roasting + Packaging,routed,,,
Floppy Bag Gift Hamper,fg,Y,Y,,Y,fg,cfpl,Flavouring + Packaging,routed,,,
FNP Almonds 26-29 - Salted & Roasted 50 gm,fg,Y,Y,,Y,fg,cfpl,Sorting + Packaging,routed,,,
FNP Choco Almonds 50gm,fg,Y,Y,,Y,fg,cfpl,Sorting + Roasting + Chocolate + Packaging,routed,,,
FNP Choco Berry Bites 50gm,fg,Y,Y,,Y,fg,cfpl,Sorting + Blending + Bar Forming + Packaging,routed,,,
FNP Fiery Almonds Sizzlin Peri Peri 50gm,fg,Y,Y,,Y,fg,cfpl,Flavouring + Packaging,routed,,,
FNP Indian Raisins 70 gm,fg,Y,Y,,Y,fg,cfpl,Sorting + Packaging,routed,,,
FNP Pistachios Salted & Roasted 50 gm,fg,Y,Y,,Y,fg,cfpl,Flavouring + Packaging,routed,,,
FNP Salt & Pepper Cashew 50gm,fg,Y,Y,,Y,fg,cfpl,Sorting + Packaging,routed,,,
FNP Smokin Sweet N Smoky BBQ Almond 50gm,fg,Y,Y,,Y,fg,cfpl,Flavouring + Packaging,routed,,,
FNP Smokin Sweet N Smoky BBQ Cashew 50g,fg,Y,Y,,Y,fg,cfpl,Sorting + Packaging,routed,,,
Foodsquare Truffle Laquered Nuts (Bulk),fg,Y,Y,,Y,fg,cfpl,Sorting (Bulk Packaging,routed,,,
Foodsquare Truffle Laquered Nuts 200gm,fg,Y,Y,,Y,fg,cfpl,Sorting + Packaging,routed,,,
Forsi Coctail Mix,fg,Y,Y,,Y,fg,cfpl,Sorting + Packaging,routed,,,
Forsi Panchmewa,fg,Y,Y,,Y,fg,cfpl,Sorting + Packaging,routed,,,
FOS L55,rm,,,Y,Y,rm,cfpl,,n/a,,,
Freeze Dried Mango,rm,,,,Y,rm,cfpl,,n/a,,,
Freeze Dried Strawberry,rm,,,,Y,rm,cfpl,,n/a,,,
Fresho Kimia Dates 500 Gm,fg,,,,Y,fg,cdpl,,n/a,,,CATALOG_FG_NOT_IN_FG_MASTER
Fresho Kimia Dates 500gm,fg,,Y,,Y,fg,cfpl,,"MISSING (has BOM recipe, not in FG Master)",,,BOM_PARENT_NO_ROUTING; CATALOG_FG_NOT_IN_FG_MASTER
Garlic Cashew,fg,,,,Y,fg,cfpl,,n/a,,,CATALOG_FG_NOT_IN_FG_MASTER
GARLIC LIQUID - 4010003414,rm,,,Y,Y,rm,cfpl,,n/a,,,
GARLIC POWDER - SPICES,rm,,,Y,Y,rm,cfpl,,n/a,,,
GI- Eatrite Arabian Dates 500gm,fg,,Y,,Y,fg,cfpl,,"MISSING (has BOM recipe, not in FG Master)",,,BOM_PARENT_NO_ROUTING; CATALOG_FG_NOT_IN_FG_MASTER
GI- Eatrite Fard Dates 500gm,fg,,Y,,Y,fg,cfpl,,"MISSING (has BOM recipe, not in FG Master)",,,BOM_PARENT_NO_ROUTING; CATALOG_FG_NOT_IN_FG_MASTER
Girnar Kahwa Tea,rm,,,,Y,rm,cfpl,,n/a,,,
GL CALIFORNIA PISTA RSTED & SLTD 500g PP,fg,,Y,,Y,fg,cfpl,,"MISSING (has BOM recipe, not in FG Master)",,,BOM_PARENT_NO_ROUTING; CATALOG_FG_NOT_IN_FG_MASTER
GL ROSTED&SLTD CALIFORNIA PISTA 200g PCH,fg,,Y,,Y,fg,cfpl,,"MISSING (has BOM recipe, not in FG Master)",,,BOM_PARENT_NO_ROUTING; CATALOG_FG_NOT_IN_FG_MASTER
Glucose Syrup / Liquid Glucose,rm,,,Y,Y,rm,cfpl,,n/a,,,
Glues / Gum,pm,,,Y,Y,pm,cfpl,,n/a,,,
Glycerin,rm,,,Y,Y,rm,cfpl,,n/a,,,
Glycerol Monostearate (GMS) Powder,rm,,,,Y,rm,cfpl,,n/a,,,
GNG Almonds Coated Dark Chocolate 200g,fg,,,,Y,fg,cfpl,,n/a,,,CATALOG_FG_NOT_IN_FG_MASTER
GNG Almonds Coated Milk Chocolate 200g,fg,,,,Y,fg,cfpl,,n/a,,,CATALOG_FG_NOT_IN_FG_MASTER
GNG Almonds Coated White Chocolate 200g,fg,,,,Y,fg,cfpl,,n/a,,,CATALOG_FG_NOT_IN_FG_MASTER
GNG Cranberry Coated Dark Chocolate 200g,fg,,,,Y,fg,cfpl,,n/a,,,CATALOG_FG_NOT_IN_FG_MASTER
GNG Cranberry Coated Milk Chocolate 200g,fg,,,,Y,fg,cfpl,,n/a,,,CATALOG_FG_NOT_IN_FG_MASTER
GNG Cranberry Coated White Chocolate 200g,fg,,,,Y,fg,cfpl,,n/a,,,CATALOG_FG_NOT_IN_FG_MASTER
Goji Berries - 12%,rm,,,,Y,rm,cfpl,,n/a,,,
Gondh Dryfruit Laddu Bar 35gm,fg,Y,Y,,Y,fg,cfpl,Sorting + Blending + Bar Forming + Packaging,routed,,,
Gondh Dryfruit LadduBar Pack of 6,fg,Y,Y,,Y,fg,cfpl,Sorting + Blending + Bar Forming + Packaging,routed,,,
Gondh Dryfruit Laddubar Semi Finished,fg,,Y,Y,Y,fg,cfpl,,"MISSING (has BOM recipe, not in FG Master)",Y,,BOM_PARENT_NO_ROUTING; MULTILEVEL_SFG (component+has-BOM); CATALOG_FG_NOT_IN_FG_MASTER; SFG_NOT_IN_WIP_SET
Good Health Dry Fruit Box 750 g,fg,Y,Y,,Y,fg,cfpl,Sorting + Packaging,routed,,,
GOOD LIFE ALMOND 100 g PP,fg,,Y,,Y,fg,cfpl,,"MISSING (has BOM recipe, not in FG Master)",,,BOM_PARENT_NO_ROUTING; CATALOG_FG_NOT_IN_FG_MASTER
GOOD LIFE ALMOND 200 g PP,fg,,Y,,Y,fg,cfpl,,"MISSING (has BOM recipe, not in FG Master)",,,BOM_PARENT_NO_ROUTING; CATALOG_FG_NOT_IN_FG_MASTER
GOOD LIFE ALMOND 500 g PP,fg,,Y,,Y,fg,cfpl,,"MISSING (has BOM recipe, not in FG Master)",,,BOM_PARENT_NO_ROUTING; CATALOG_FG_NOT_IN_FG_MASTER
GOOD LIFE ARABIAN DATES 500 g,fg,Y,Y,,Y,fg,cfpl,Sorting + Packaging,routed,,,
GOOD LIFE CHIA SEED 100G,fg,Y,Y,,Y,fg,cfpl,Sorting + Packaging,routed,,,
GOOD LIFE FARD DATES 500 g,fg,Y,Y,,Y,fg,cfpl,Sorting + Packaging,routed,,,
GOOD LIFE FLAX SEED 100G,fg,Y,Y,,Y,fg,cfpl,Sorting + Roasting + Packaging,routed,,,
GOOD LIFE PUMPKIN SEED 100G,fg,Y,Y,,Y,fg,cfpl,Sorting + Roasting + Packaging,routed,,,
GOOD LIFE SUNFLOWER SEED 100G,fg,Y,Y,,Y,fg,cfpl,Sorting + Roasting + Packaging,routed,,,
GOUR GUM,rm,,,Y,Y,rm,cfpl,,n/a,,,
GREEK DARK SEEDLESS RAISINS (Black Currant),rm,,,Y,Y,rm,cfpl,,n/a,,,
Green Cardamom,rm,,,Y,Y,rm,cfpl,,n/a,,,
Green Chilli ( 4010000169 ),rm,,,Y,Y,rm,cfpl,,n/a,,,
Green Chilli Cashew Bulk,fg,Y,Y,Y,Y,fg,cfpl,Flavouring + Roasting +Bulk Packaging,routed,Y,Y,MULTILEVEL_SFG (component+has-BOM)
Green Chilly Cashew,fg,Y,Y,,Y,fg,cfpl,Flavouring (Bulk Packaging,routed,,,
Green Leafy Trunk Gift Hamper,fg,Y,Y,,Y,fg,cfpl,Flavouring + Packaging,routed,,,
Green Tea Extract,rm,,,Y,Y,rm,cfpl,,n/a,,,
Green Tea Plain,rm,,,,Y,rm,cfpl,,n/a,,,
Greendot Coated Peanuts,fg,Y,Y,,Y,fg,cfpl,Flavouring (Bulk Packaging,routed,,Y,
Grey Carry All Basket Hamper,fg,Y,Y,,Y,fg,cfpl,Flavouring + Packaging,routed,,,
H Finest Turkey Appricot 300g(1340538),fg,Y,Y,,Y,fg,cfpl,Sorting + Packaging,routed,,,
HA AJWA DATES 300GM (1357012),fg,Y,Y,,Y,fg,cfpl,Sorting + Packaging,routed,,,
Ha Akbari Pista 200g (1357005),fg,Y,Y,,Y,fg,cfpl,Sorting + Packaging,routed,,,
HA ALMOND MAMRA 100g (1340535),fg,Y,Y,,Y,fg,cfpl,Sorting + Packaging,routed,,,
Ha Almond Mamro 250g (1340532),fg,Y,Y,,Y,fg,cfpl,Sorting + Packaging,routed,,,
Ha Almond Mamro 500g (1350928),fg,Y,Y,,Y,fg,cfpl,Sorting + Packaging,routed,,,
HA APRICOT - JARDALOO 200g (1340540),fg,Y,Y,,Y,fg,cfpl,Sorting + Packaging,routed,,,
HA BLACK CURRENT 250g (1340541),fg,Y,Y,,Y,fg,cfpl,Sorting + Packaging,routed,,,
Ha Brazil Nut 200g (1340533),fg,Y,Y,,Y,fg,cfpl,Sorting + Packaging,routed,,,
Ha Hazulnut 250g (1340531),fg,Y,Y,,Y,fg,cfpl,Sorting + Packaging,routed,,,
HA MABOROOM DATES 300GM (1357011),fg,Y,Y,,Y,fg,cfpl,Sorting + Packaging,routed,,,
Ha Maryam Dates 300g(1340537),fg,Y,Y,,Y,fg,cfpl,Sorting + Packaging,routed,,,
Ha Pinenut 100g (1340543),fg,Y,Y,,Y,fg,cfpl,Sorting + Packaging,routed,,,
Ha Premium Dates Medjool 300g(1340530),fg,Y,Y,,Y,fg,cfpl,Sorting + Packaging,routed,,,
Ha Premium Pecans 150g (1340534),fg,Y,Y,,Y,fg,cfpl,Flavouring + Packaging,routed,,,
Ha Premium Saudi Dates 300g(1340536),fg,Y,Y,,Y,fg,cfpl,Sorting + Packaging,routed,,,
Ha Premium Saudi Dates 500g(1356005),fg,Y,Y,,Y,fg,cfpl,Sorting + Packaging,routed,,,
Ha Prunes 275g(1340539),fg,Y,Y,,Y,fg,cfpl,Sorting + Packaging,routed,,,
HA SEGAI DATES 300GM (1357010),fg,Y,Y,,Y,fg,cfpl,Sorting + Packaging,routed,,,
HA SINDUKANI RAISIN 250GM,fg,Y,Y,,Y,fg,cfpl,Sorting + Packaging,routed,,,
HA SUKHRY DATES 300GM (1357013),fg,Y,Y,,Y,fg,cfpl,Sorting + Packaging,routed,,,
Ha Walnut Kernal 250g(1340542),fg,Y,Y,,Y,fg,cfpl,Sorting + Packaging,routed,,,
Ha Walnut Kernal 500g(1350930),fg,Y,Y,,Y,fg,cfpl,Sorting + Packaging,routed,,,
Ha Walnut Whole 500g(1350935),fg,Y,Y,,Y,fg,cfpl,Sorting + Packaging,routed,,,
Habit Arabian dates 900 gm,fg,,,,Y,fg,cdpl,,n/a,,,CATALOG_FG_NOT_IN_FG_MASTER
Habit Coconut Cream Powder 1 Kg (Bakery Division),fg,,,,Y,fg,cfpl,,n/a,,,CATALOG_FG_NOT_IN_FG_MASTER
Habit Coconut Cream Powder 1 Kg (Instant),fg,Y,Y,,Y,fg,cfpl,Flavouring (Bulk Packaging,routed,,,
Habit Coconut Cream Powder 1 Kg (Plain),fg,,,,Y,fg,cfpl,,n/a,,,CATALOG_FG_NOT_IN_FG_MASTER
HABIT DATES 800g,fg,,,,Y,fg,cdpl,,n/a,,,CATALOG_FG_NOT_IN_FG_MASTER
HABIT DATES 800g Old,fg,,,,Y,fg,cdpl,,n/a,,,CATALOG_FG_NOT_IN_FG_MASTER
Habit Extra Cheese Seasoning (15kg),fg,Y,Y,,Y,fg,cfpl,Flavouring (Bulk Packaging,routed,,,
Habit Pecan Nuts 500gm,fg,,,,Y,fg,cfpl,,n/a,,,CATALOG_FG_NOT_IN_FG_MASTER
HARDIK SHUBHKAMANYEN 280gm,fg,Y,Y,,Y,fg,cfpl,Flavouring (Bulk Packaging,routed,,,
Hazelnut Blanched,rm,,,,Y,rm,cfpl,,n/a,,,
Hazelnut Chocolate Spread,rm,,,Y,Y,rm,cfpl,,n/a,,,
Hazelnut Kernal,rm,,,Y,Y,rm,cfpl,,n/a,,,
Healing Hand Oats and Dates Bar,fg,Y,,,,,,Sorting + Blending + Bar Forming + Packaging,routed,,Y,ARTICLE_NOT_IN_CATALOG; FG_NO_BOM_RECIPE
Healthy & Tasty BBQ Makhana 25gm,fg,,Y,,Y,fg,cfpl,,"MISSING (has BOM recipe, not in FG Master)",,,BOM_PARENT_NO_ROUTING; CATALOG_FG_NOT_IN_FG_MASTER
Healthy & Tasty Ghee and Himalayan Pink Salt Makhana 25gm,fg,,Y,,Y,fg,cfpl,,"MISSING (has BOM recipe, not in FG Master)",,,BOM_PARENT_NO_ROUTING; CATALOG_FG_NOT_IN_FG_MASTER
Healthy & Tasty Peri Peri Makhana 25gm,fg,,Y,,Y,fg,cfpl,,"MISSING (has BOM recipe, not in FG Master)",,,BOM_PARENT_NO_ROUTING; CATALOG_FG_NOT_IN_FG_MASTER
Healthy & Tasty Pudina Makhana 25gm,fg,,Y,,Y,fg,cfpl,,"MISSING (has BOM recipe, not in FG Master)",,,BOM_PARENT_NO_ROUTING; CATALOG_FG_NOT_IN_FG_MASTER
Healthy Choice 5 in 1 Seeds Mix 200gm,fg,,Y,,Y,fg,cfpl,,"MISSING (has BOM recipe, not in FG Master)",,,BOM_PARENT_NO_ROUTING; CATALOG_FG_NOT_IN_FG_MASTER
Healthy Choice 5 in 1 Seeds Mix Bulk,fg,,Y,Y,Y,fg,cfpl,,"MISSING (has BOM recipe, not in FG Master)",Y,,BOM_PARENT_NO_ROUTING; MULTILEVEL_SFG (component+has-BOM); CATALOG_FG_NOT_IN_FG_MASTER; SFG_NOT_IN_WIP_SET
Healthy Choice Chia Seeds 100 g,fg,Y,Y,,Y,fg,cfpl,Sorting + Packaging,routed,,,
Healthy Choice Chia Seeds 200 g,fg,Y,Y,,Y,fg,cfpl,Sorting + Packaging,routed,,,
Healthy Choice Roasted Pumpkin Seeds 100 g,fg,Y,Y,,Y,fg,cfpl,Sorting + Packaging,routed,,,
Healthy Choice Roasted Pumpkin Seeds 200 g,fg,Y,Y,,Y,fg,cfpl,Sorting + Packaging,routed,,,
Healthy Choice Roasted Sunflower Seeds 100 g,fg,Y,Y,,Y,fg,cfpl,Sorting + Packaging,routed,,,
Healthy Choice Roasted Sunflower Seeds 200 g,fg,Y,Y,,Y,fg,cfpl,Sorting + Packaging,routed,,,
Healthy Choice Roasted Watermelon Seeds 100 g,fg,Y,Y,,Y,fg,cfpl,Sorting + Packaging,routed,,,
Healthy Choice Roasted Watermelon Seeds 200 g,fg,Y,Y,,Y,fg,cfpl,Sorting + Packaging,routed,,,
Hemp Seed Oil,rm,,,,Y,rm,cfpl,,n/a,,,
Hemp Seeds,rm,,,,Y,rm,cfpl,,n/a,,,
Himalayan Pink Salt Trail Mix 150g,fg,,,,Y,fg,cfpl,,n/a,,,CATALOG_FG_NOT_IN_FG_MASTER
Hing Jeera - CP2218,rm,,,,Y,rm,cfpl,,n/a,,,
Hing Powder,rm,,,,Y,rm,cfpl,,n/a,,,
HOH Panch Mewa Mix Loose,fg,Y,,,,,,Sorting + Roasting (Bulk Packaging,routed,,,ARTICLE_NOT_IN_CATALOG; FG_NO_BOM_RECIPE
HOH Raksha Bandhan Box 190 Gm,fg,Y,Y,,Y,fg,cfpl,Flavouring (Bulk Packaging,routed,,,
HOH Raksha Bandhan Box 268g,fg,Y,Y,,Y,fg,cfpl,Flavouring (Bulk Packaging,routed,,,
HOH ZORRO PECAN MAPLE GLAZED 100G BOX,fg,,Y,,Y,fg,cfpl,,"MISSING (has BOM recipe, not in FG Master)",,,BOM_PARENT_NO_ROUTING; CATALOG_FG_NOT_IN_FG_MASTER
HOH ZORRO PECAN ROASTED SALTED100G BOX,fg,,Y,,Y,fg,cfpl,,"MISSING (has BOM recipe, not in FG Master)",,,BOM_PARENT_NO_ROUTING; CATALOG_FG_NOT_IN_FG_MASTER
HOH ZORRO PECAN SIMPLY PECAN 100G BOX,fg,,Y,,Y,fg,cfpl,,"MISSING (has BOM recipe, not in FG Master)",,,BOM_PARENT_NO_ROUTING; CATALOG_FG_NOT_IN_FG_MASTER
HOH ZORRO PECAN SWEET & SPICY 100G BOX,fg,,Y,,Y,fg,cfpl,,"MISSING (has BOM recipe, not in FG Master)",,,BOM_PARENT_NO_ROUTING; CATALOG_FG_NOT_IN_FG_MASTER
HOH ZORRO PECANS FREE GRANOLA 100G BOX,fg,,Y,,Y,fg,cfpl,,"MISSING (has BOM recipe, not in FG Master)",,,BOM_PARENT_NO_ROUTING; CATALOG_FG_NOT_IN_FG_MASTER
Honey Loose,rm,,,Y,Y,rm,cfpl,,n/a,,,
Honey Roast Almonds,rm,,,Y,Y,rm,cfpl,,n/a,,,
Honey Roasted Macadamia Nut,fg,,,Y,Y,fg,cfpl,,n/a,,,CATALOG_FG_NOT_IN_FG_MASTER
Honey Roasted Macadamias 100gm,fg,,Y,,Y,fg,cfpl,,"MISSING (has BOM recipe, not in FG Master)",,,BOM_PARENT_NO_ROUTING; CATALOG_FG_NOT_IN_FG_MASTER
Hot Wasabi Trail Mix 150g,fg,,,,Y,fg,cfpl,,n/a,,,CATALOG_FG_NOT_IN_FG_MASTER
Independence Almonds,rm,Y,Y,Y,Y,rm,cfpl,Sorting (Bulk Packaging,routed,Y,,MULTILEVEL_SFG (component+has-BOM); SFG_NOT_IN_WIP_SET
Independent Almond Inshell,rm,,,,Y,rm,cfpl,,n/a,,,
Indian Black Raisins,rm,,,Y,Y,rm,cfpl,,n/a,,,
Indian Green Raisins,rm,Y,Y,Y,Y,rm,cfpl,Sorting (Bulk Packaging,routed,Y,,MULTILEVEL_SFG (component+has-BOM); SFG_NOT_IN_WIP_SET
Indian Green Raisins 230g,fg,Y,Y,,Y,fg,cfpl,Sorting + Packaging,routed,,,
Indian Green Raisins 90gm,fg,Y,Y,,Y,fg,cfpl,Sorting + Packaging,routed,,,
Indian Long Green Raisins,rm,Y,Y,Y,Y,rm,cfpl,Sorting (Bulk Packaging,routed,Y,,MULTILEVEL_SFG (component+has-BOM); SFG_NOT_IN_WIP_SET
Instant Coffee Powder,rm,,,,Y,rm,cfpl,,n/a,,,
Jaggery Powder,rm,,,Y,Y,rm,cfpl,,n/a,,,
Jaggery Powder 0%,rm,,,Y,Y,rm,cfpl,,n/a,,,
Jav,rm,,,,Y,rm,cfpl,,n/a,,,
Jawar Puff,rm,,,Y,Y,rm,cfpl,,n/a,,,
JEERA (CUMIN SEEDS),rm,,,Y,Y,rm,cfpl,,n/a,,,
Jeera Powder,rm,,,,Y,rm,cfpl,,n/a,,,
Jowar Flakes,rm,,,Y,Y,rm,cfpl,,n/a,,,
Jute Drawstring  300g,fg,Y,Y,,Y,fg,cfpl,Sorting + Packaging,routed,,,
Jute Floppy Bag Hamper,fg,Y,Y,,Y,fg,cfpl,Flavouring + Packaging,routed,,,
Kakdi Magaj,rm,,,,Y,rm,cfpl,,n/a,,,
Kalunji Seeds,rm,,,,Y,rm,cfpl,,n/a,,,
Kamar Kas Powder - Dink Powder,rm,,,,Y,rm,cfpl,,n/a,,,
Kara Coconut Cream Powder (Instant) 15kg/1 - TPL,rm,,,Y,Y,rm,cfpl,,n/a,,,
Kara Coconut Milk 17% 200ml,rm,,,Y,Y,rm,cfpl,,n/a,,,
Kara Coconut Milk 17% 200ml New,rm,,,Y,Y,rm,cfpl,,n/a,,,
Kara Coconut Milk 17% 400ml,rm,,,Y,Y,rm,cfpl,,n/a,,,
Kara Coconut Milk 17% 400ml New,rm,,,,Y,rm,cfpl,,n/a,,,
Kashmiri Walnut Kernels,rm,,,Y,Y,rm,cfpl,,n/a,,,
KERRY ARTIFICIAL CHEESE FLAVOR - TPL,rm,,,Y,Y,rm,cfpl,,n/a,,,
Kerry N&A Butter Flavour - TPL,rm,,,,Y,rm,cfpl,,n/a,,,
KERRY SAUCE MIX POWDER 25KG TPL,rm,,,Y,Y,rm,cfpl,,n/a,,,
Kesar Almonds,fg,,,,Y,fg,cfpl,,n/a,,,CATALOG_FG_NOT_IN_FG_MASTER
KFI FLAVORCREST UNC NF - TPL,rm,,,Y,Y,rm,cfpl,,n/a,,,
Khalas Grade B,rm,,,,Y,rm,cfpl,,n/a,,,
Khaneizi Dates,rm,,,Y,Y,rm,cfpl,,n/a,,,
Khaneizi Seedless Dates,rm,,,,Y,rm,cfpl,,n/a,,,
Kharek Tukda,rm,,,,Y,rm,cdpl,,n/a,,,
Kharik,rm,,,,Y,rm,cdpl,,n/a,,,
Kharik Tukda,rm,,,Y,Y,rm,cfpl,,n/a,,,
Khidri Jumbo Stuffed with Orange Peel 250g,fg,,,,Y,fg,cfpl,,n/a,,,CATALOG_FG_NOT_IN_FG_MASTER
Khira Magaj - Cucumbar Seeds,rm,,,,Y,rm,cfpl,,n/a,,,
KHUS KHUS / POPPY SEEDS,rm,,,Y,Y,rm,cfpl,,n/a,,,
Kimia Grade B,rm,,,,Y,rm,cfpl,,n/a,,,
King Solomon 3 Dates 2 Go,fg,,Y,,Y,fg,cfpl,,"MISSING (has BOM recipe, not in FG Master)",,,BOM_PARENT_NO_ROUTING; CATALOG_FG_NOT_IN_FG_MASTER
King Solomon Dates Medjool Medium 200g,fg,Y,Y,,Y,fg,cfpl,Sorting + Packaging,routed,,,
King Solomon Dates Medjool Mini 500g,fg,,,,Y,fg,cdpl,,n/a,,,CATALOG_FG_NOT_IN_FG_MASTER
King Solomon Dates Medjoul 200g,fg,,,,Y,fg,cdpl,,n/a,,,CATALOG_FG_NOT_IN_FG_MASTER
King Solomon Dates Medjoul Medium [Y1562] 200gm,fg,Y,Y,,Y,fg,cfpl,Sorting + Packaging,routed,,,
King Solomon Medjoul Dates 250 Gms,fg,Y,Y,Y,Y,fg,cfpl+cdpl,Sorting + Packaging,routed,Y,,MULTILEVEL_SFG (component+has-BOM); SFG_NOT_IN_WIP_SET
King Solomon Medjoul Dates 3 Dates 2 Go,fg,,Y,,Y,fg,cfpl,,"MISSING (has BOM recipe, not in FG Master)",,,BOM_PARENT_NO_ROUTING; CATALOG_FG_NOT_IN_FG_MASTER
King Solomon Medjoul Dates 500 Gms,fg,Y,Y,,Y,fg,cfpl+cdpl,Sorting + Packaging,routed,,,
King Solomon Medjoul Dates Jumbo 1kg,fg,Y,Y,,Y,fg,cfpl+cdpl,Sorting + Packaging,routed,,,
King Solomon Medjoul Dates Junior 1kg,fg,Y,Y,,Y,fg,cfpl+cdpl,Sorting + Packaging,routed,,,
King Solomon Medjoul Dates Large 1kg,fg,Y,Y,,Y,fg,cfpl+cdpl,Sorting + Packaging,routed,,,
King Solomon Medjoul Dates Large 5 Kg,rm,,,,Y,rm,cdpl,,n/a,,,
King Solomon Medjoul Dates Medium 1kg,fg,Y,Y,,Y,fg,cfpl+cdpl,Sorting + Packaging,routed,,,
King Solomon Medjoul Dates Medium 500 Gm,fg,Y,Y,,Y,fg,cfpl+cdpl,Sorting + Packaging,routed,,,
King Solomon Medjoul Dates Mini 500 Gm,fg,Y,Y,,Y,fg,cfpl,Sorting + Packaging,routed,,,
King Solomon Medjoul Jumbo Dates 500gm,fg,Y,Y,,Y,fg,cfpl+cdpl,Sorting + Packaging,routed,,,
King Solomon medjoul junior 500 gm,fg,,,,Y,fg,cdpl,,n/a,,,CATALOG_FG_NOT_IN_FG_MASTER
King Solomon Medjoul Junior 500g,fg,Y,Y,,Y,fg,cfpl,Sorting + Packaging,routed,,,
King Solomon Medjoul Super Jumbo 1 Kg,fg,,,,Y,fg,cdpl,,n/a,,,CATALOG_FG_NOT_IN_FG_MASTER
King Solomon Medjoul Super Jumbo 1kg,fg,Y,Y,,Y,fg,cfpl,Sorting + Packaging,routed,,,
King Solomon Medjoul Super Jumbo 500 Gm,fg,,,,Y,fg,cdpl,,n/a,,,CATALOG_FG_NOT_IN_FG_MASTER
King Solomon Medjoul Super Jumbo 500gm,fg,Y,Y,,Y,fg,cfpl,Sorting + Packaging,routed,,,
King Solomon Oriental Dates 250 Gms,fg,,,,Y,fg,cdpl,,n/a,,,CATALOG_FG_NOT_IN_FG_MASTER
King Solomon Oriental Dates 250g,fg,Y,Y,Y,Y,fg,cfpl+cdpl,Sorting + Packaging,routed,Y,,MULTILEVEL_SFG (component+has-BOM); SFG_NOT_IN_WIP_SET
King Solomon Oriental Dates 400g,fg,,,,Y,fg,cdpl,,n/a,,,CATALOG_FG_NOT_IN_FG_MASTER
King Solomon Oriental Dates 500gm,fg,Y,Y,,Y,fg,cfpl+cdpl,Sorting + Packaging,routed,,,
King Solomon Oriental Jumbo 5 Kg,fg,,,,Y,fg,cdpl,,n/a,,,CATALOG_FG_NOT_IN_FG_MASTER
KINGDOM OF DATES AMARY DATES,rm,,,,Y,rm,cdpl,,n/a,,,
KINGDOM OF DATES DATE POWDER 250G,fg,,,,Y,fg,cdpl,,n/a,,,CATALOG_FG_NOT_IN_FG_MASTER
KINGDOM OF DATES DATE SYRUP 450G,fg,,,,Y,fg,cdpl,,n/a,,,CATALOG_FG_NOT_IN_FG_MASTER
KINGDOM OF DATES DEGLET DATES,rm,,,,Y,rm,cdpl,,n/a,,,
KINGDOM OF DATES KALMI REGULARE,rm,,,,Y,rm,cdpl,,n/a,,,
KINGDOM OF DATES KHALAS DATES,rm,,,,Y,rm,cdpl,,n/a,,,
KINGDOM OF DATES KHANEIZI DATES,rm,,,,Y,rm,cdpl,,n/a,,,
KINGDOM OF DATES MARYAM DATES,rm,,,,Y,rm,cdpl,,n/a,,,
KINGDOM OF DATES MAZAFATI DATES,rm,,,,Y,rm,cdpl,,n/a,,,
KINGDOM OF DATES MEDJOUL BON DATES,rm,,,,Y,rm,cdpl,,n/a,,,
KINGDOM OF DATES MEDJOUL BON DATES 750gm,fg,,,,Y,fg,cdpl,,n/a,,,CATALOG_FG_NOT_IN_FG_MASTER
KINGDOM OF DATES MEDJOUL SP JUM DATES,rm,,,,Y,rm,cdpl,,n/a,,,
KINGDOM OF DATES MEDJOUL-JUMBO DATES,rm,,,,Y,rm,cdpl,,n/a,,,
KINGDOM OF DATES MEDJOUL-LARGE DATES,rm,,,,Y,rm,cdpl,,n/a,,,
KINGDOM OF DATES MEDJOUL-MEDIUM DATES,rm,,,,Y,rm,cdpl,,n/a,,,
KINGDOM OF DATES ORIENTAL DATES,rm,,,,Y,rm,cdpl,,n/a,,,
KINGDOM OF DATES SAYER DATES,fg,,,,Y,fg,cfpl+cdpl,,n/a,,,CATALOG_FG_NOT_IN_FG_MASTER
KINGDOM OF DATES SEGAI DATES,rm,,,,Y,rm,cdpl,,n/a,,,
KINGDOM OF DATES SUKKARY DATES,rm,,,,Y,rm,cdpl,,n/a,,,
KINGDOM OF DATES ZAHIDI DATES,rm,,,,Y,rm,cdpl,,n/a,,,
Korean Coated Peanuts 60gm,fg,,Y,,Y,fg,cfpl,,"MISSING (has BOM recipe, not in FG Master)",,,BOM_PARENT_NO_ROUTING; CATALOG_FG_NOT_IN_FG_MASTER
Krack Nut Coated Peanuts Magic Masala 110g,fg,Y,Y,,Y,fg,cfpl,Flavouring + Packaging,routed,,,
Krack Nut Coated Peanuts Pudina Patakha 100g,fg,Y,Y,Y,Y,fg,cfpl,Sorting + Packaging,routed,Y,,MULTILEVEL_SFG (component+has-BOM); SFG_NOT_IN_WIP_SET
Krack Nut Coated Peanuts Pudina Patakha 25g Not Use,fg,Y,Y,,Y,fg,cfpl,Flavouring + Packaging,routed,,,
Krack Nut Coated Peanuts Pudina Patakha 25gm,fg,Y,Y,,Y,fg,cfpl,Sorting + Packaging,routed,,,
Krack Nut Coated Peanuts Tandoori Toofan 1 Kg,fg,Y,Y,,Y,fg,cfpl,Sorting + Packaging,routed,,,
Krack Nut Coated Peanuts Thai Firangi 1 Kg,fg,Y,Y,,Y,fg,cfpl,Sorting + Packaging,routed,,,
Krack Nut Coated Peanuts Thai Firangi 100g,fg,Y,Y,Y,Y,fg,cfpl,Sorting + Packaging,routed,Y,,MULTILEVEL_SFG (component+has-BOM); SFG_NOT_IN_WIP_SET
Kracknut Coated Peanuts - Tandoori Toofan 110g,fg,Y,Y,,Y,fg,cfpl,Sorting + Packaging,routed,,,
Kracknut Coated Peanuts - Tandoori Toofan 160gm,fg,Y,Y,,Y,fg,cfpl,Sorting + Packaging,routed,,,
Kracknut Coated Peanuts - Tandoori Toofan 25g,fg,Y,Y,,Y,fg,cfpl,Sorting + Packaging,routed,,,
Kracknut Coated Peanuts - Thai Firangi 25g,fg,Y,Y,,Y,fg,cfpl,Sorting + Packaging,routed,,,
Kracknut Coated Peanuts-Pudhina Patakha 110g,fg,Y,Y,Y,Y,fg,cfpl,Sorting + Packaging,routed,Y,,MULTILEVEL_SFG (component+has-BOM); SFG_NOT_IN_WIP_SET
Kracknut Coated Peanuts-Pudhina Patakha 160gm,fg,,,,Y,fg,cfpl,,n/a,,,CATALOG_FG_NOT_IN_FG_MASTER
Kracknut Coated Peanuts-Pudhina Patakha 1kg,fg,Y,Y,,Y,fg,cfpl,Sorting + Packaging,routed,,,
Kracknut Coated Peanuts-Thai Firangi 110g,fg,Y,Y,,Y,fg,cfpl,Sorting + Packaging,routed,,,
Kracknut Coated Peanuts-Thai Firangi 160gm,fg,,Y,,Y,fg,cfpl,,"MISSING (has BOM recipe, not in FG Master)",,,BOM_PARENT_NO_ROUTING; CATALOG_FG_NOT_IN_FG_MASTER
Leaf Green 500 Gm,rm,,,,Y,rm,cfpl,,n/a,,,
Lemon Pepper Cashew Bulk,fg,Y,Y,Y,Y,fg,cfpl,Flavouring + Roasting +Bulk Packaging,routed,Y,Y,MULTILEVEL_SFG (component+has-BOM)
Lemon Pepper Seasoning,rm,,,Y,Y,rm,cfpl,,n/a,,,
Lemon Pickle,rm,,,,Y,rm,cfpl,,n/a,,,
Lime  & Chilly Cashew,fg,,,,Y,fg,cfpl,,n/a,,,CATALOG_FG_NOT_IN_FG_MASTER
Lime Chilli Seasoning,rm,,,Y,Y,rm,cfpl,,n/a,,,
Lime Chilly Coated Peanuts 60gm,fg,,Y,,Y,fg,cfpl,,"MISSING (has BOM recipe, not in FG Master)",,,BOM_PARENT_NO_ROUTING; CATALOG_FG_NOT_IN_FG_MASTER
Lulu Dates Sagai ( 66189 ),rm,,,,Y,rm,cdpl,,n/a,,,
Mabroom Dates,rm,,,Y,Y,rm,cfpl,,n/a,,,
Mac Snack Dry Roasted Macadamias Munchies 100gm-style 4,fg,Y,,,,,,Sorting + Roasting + Packaging,routed,,,ARTICLE_NOT_IN_CATALOG; FG_NO_BOM_RECIPE
Mac Snack Dry Roasted Macadamias Munchies 200gm,fg,Y,,,,,,Sorting + Roasting + Packaging,routed,,,ARTICLE_NOT_IN_CATALOG; FG_NO_BOM_RECIPE
Mac Snack Macadamia Stlye 0 Premium-200gm,fg,Y,Y,,Y,fg,cfpl,Sorting + Packaging,routed,,,
Mac Snack Macadamia Style 1 Roasted & Salted Premium 200g,fg,Y,Y,,Y,fg,cfpl,Flavouring + Packaging,routed,,,
Mac Snack Roasted & Salted Macadamias Munchies 200gm-style 4,fg,Y,,,,,,Flavouring + Packaging,routed,,,ARTICLE_NOT_IN_CATALOG; FG_NO_BOM_RECIPE
Mac Snack Roasted Macadamias Munchies 100gm-style 4,fg,Y,,,,,,Flavouring + Packaging,routed,,,ARTICLE_NOT_IN_CATALOG; FG_NO_BOM_RECIPE
Macadamia Commercial Grade Style 1,rm,,,Y,Y,rm,cfpl,,n/a,,,
Macadamia Commercial Grade Style 4L,rm,,,Y,Y,rm,cfpl,,n/a,,,
Macadamia Dark Chocolate Clusters,fg,,,Y,Y,fg,cfpl,,n/a,,,CATALOG_FG_NOT_IN_FG_MASTER
MACADAMIA FINGER LIME & JALAPENO,fg,,,Y,Y,fg,cfpl,,n/a,,,CATALOG_FG_NOT_IN_FG_MASTER
Macadamia Inshell,rm,,,,Y,rm,cfpl,,n/a,,,
Macadamia Inshell 150g,fg,Y,Y,Y,Y,fg,cfpl,Sorting + Packaging,routed,Y,,MULTILEVEL_SFG (component+has-BOM); SFG_NOT_IN_WIP_SET
Macadamia Kernal 150gm,fg,Y,Y,Y,Y,fg,cfpl,Sorting + Packaging,routed,Y,,MULTILEVEL_SFG (component+has-BOM); SFG_NOT_IN_WIP_SET
Macadamia Kernel ( Kg ),rm,,,Y,Y,rm,cfpl,,n/a,,,
Macadamia Kernel Style 0,rm,,,,Y,rm,cfpl,,n/a,,,
Macadamia Kernel Style 1L,rm,,,,Y,rm,cfpl,,n/a,,,
Macadamia Milk Chocolate Clusters,fg,,,Y,Y,fg,cfpl,,n/a,,,CATALOG_FG_NOT_IN_FG_MASTER
MACADAMIA NIS - ROASTED SEA SALT,fg,,,Y,Y,fg,cfpl,,n/a,,,CATALOG_FG_NOT_IN_FG_MASTER
Macadamia Paste,rm,,,,Y,rm,cfpl,,n/a,,,
Macadamia Roasted & Salted style 4,fg,Y,Y,Y,Y,fg,cfpl,Flavouring (Bulk Packaging,routed,Y,,MULTILEVEL_SFG (component+has-BOM); SFG_NOT_IN_WIP_SET
Macadamia Roasted - Size 0,rm,,,Y,Y,rm,cfpl,,n/a,,,
Macadamia Roasted - Size 1,rm,Y,Y,Y,Y,rm,cfpl,Sorting (Bulk Packaging),routed,Y,,MULTILEVEL_SFG (component+has-BOM); SFG_NOT_IN_WIP_SET
Macadamia Roasted - Size 2,rm,Y,Y,Y,Y,rm,cfpl,Sorting (Bulk Packaging),routed,Y,,MULTILEVEL_SFG (component+has-BOM); SFG_NOT_IN_WIP_SET
Macadamia Roasted - Size 4,rm,Y,Y,Y,Y,rm,cfpl,Sorting (Bulk Packaging),routed,Y,,MULTILEVEL_SFG (component+has-BOM); SFG_NOT_IN_WIP_SET
Macadamia Roasted - Size 4L,rm,,,Y,Y,rm,cfpl,,n/a,,,
Macadamia Roasted - Size 6,rm,,,,Y,rm,cfpl,,n/a,,,
Macadamia Roasted NIS Sawn,rm,Y,Y,Y,Y,rm,cfpl,Sorting (Bulk Packaging),routed,Y,,MULTILEVEL_SFG (component+has-BOM); SFG_NOT_IN_WIP_SET
Macadamia Roasted Salted - Size 0,fg,Y,Y,,Y,fg,cfpl,Sorting (Bulk Packaging),routed,,,
Macadamia Roasted Salted - Size 1,rm,Y,Y,Y,Y,rm,cfpl,Sorting (Bulk Packaging),routed,Y,,MULTILEVEL_SFG (component+has-BOM); SFG_NOT_IN_WIP_SET
Macadamia Roasted Salted - Size 4,rm,,,Y,Y,rm,cfpl,,n/a,,,
MACADAMIA ROSEMARY & SEA SALT,fg,,,Y,Y,fg,cfpl,,n/a,,,CATALOG_FG_NOT_IN_FG_MASTER
Macadamia Vanilla Whole - 320* Cut,rm,,,Y,Y,rm,cfpl,,n/a,,,
Macadamia Whole - 320* Cut,rm,,,Y,Y,rm,cfpl,,n/a,,,
MACSNACK DRYRST MCADAMIAMUNCHIE 100G PCH,fg,,Y,,Y,fg,cfpl,,"MISSING (has BOM recipe, not in FG Master)",,,BOM_PARENT_NO_ROUTING; CATALOG_FG_NOT_IN_FG_MASTER
MACSNACK DRYRST MCADAMIAMUNCHIE 200G PCH,fg,,Y,,Y,fg,cfpl,,"MISSING (has BOM recipe, not in FG Master)",,,BOM_PARENT_NO_ROUTING; CATALOG_FG_NOT_IN_FG_MASTER
MACSNACK R&S MACADAMIA MUNCHIES 100G PCH,fg,,Y,,Y,fg,cfpl,,"MISSING (has BOM recipe, not in FG Master)",,,BOM_PARENT_NO_ROUTING; CATALOG_FG_NOT_IN_FG_MASTER
MACSNACK R&S MACADAMIA MUNCHIES 200G PCH,fg,,Y,,Y,fg,cfpl,,"MISSING (has BOM recipe, not in FG Master)",,,BOM_PARENT_NO_ROUTING; CATALOG_FG_NOT_IN_FG_MASTER
Maggi Masala Flavours,rm,,,,Y,rm,cfpl,,n/a,,,
Magic Masala Seasoning,rm,,,Y,Y,rm,cfpl,,n/a,,,
Maida 0%,rm,,,,Y,rm,cfpl,,n/a,,,
Maize Starch,rm,,,Y,Y,rm,cfpl,,n/a,,,
Makhana,rm,,,Y,Y,rm,cfpl,,n/a,,,
Makhana 4+ Sutta,rm,,,Y,Y,rm,cfpl,,n/a,,,
Makhana 5 Suta,rm,,,Y,Y,rm,cfpl,,n/a,,,
Makhana Black Pepper,fg,Y,Y,,Y,fg,cfpl,Flavouring (Bulk Packaging,routed,,Y,
Makhana Black Salt 75gm,fg,Y,Y,,Y,fg,cfpl,Flavouring + Packaging,routed,,,
Makhana Chilli Lime 75gm,fg,Y,Y,,Y,fg,cfpl,Flavouring + Packaging,routed,,,
Makhana Himalayan Pink Salt,fg,Y,Y,Y,Y,fg,cfpl,Flavouring + Packaging,routed,Y,Y,MULTILEVEL_SFG (component+has-BOM)
Makhana Himalayan Pink Salt 75gm,fg,Y,Y,,Y,fg,cfpl,Flavouring + Packaging,routed,,,
Makhana Masala,fg,Y,Y,,Y,fg,cfpl,Flavouring (Bulk Packaging,routed,,Y,
Makhana Peri Peri,fg,Y,Y,,Y,fg,cfpl,Flavouring (Bulk Packaging,routed,,Y,
Makhana Salted 50gm,fg,,Y,,Y,fg,cfpl,,"MISSING (has BOM recipe, not in FG Master)",,,BOM_PARENT_NO_ROUTING; CATALOG_FG_NOT_IN_FG_MASTER
Makhana Tangy Tomato 75gm,fg,Y,Y,,Y,fg,cfpl,Sorting + Packaging,routed,,,
Maltitol Liquid,rm,,,Y,Y,rm,cfpl,,n/a,,,
Maltodextrin - TPL,rm,,,Y,Y,rm,cfpl,,n/a,,,
Mamra Almonds 1A,rm,,,,Y,rm,cfpl,,n/a,,,
Mamra Almonds 2A,rm,,,Y,Y,rm,cfpl,,n/a,,,
Mamra Almonds 3A,rm,,,Y,Y,rm,cfpl,,n/a,,,
Mamra Almonds 4A,rm,,,,Y,rm,cfpl,,n/a,,,
Mamra Almonds 5A,rm,,,Y,Y,rm,cfpl,,n/a,,,
Mamra Almonds 6A,rm,,,Y,Y,rm,cfpl,,n/a,,,
Mamra Almonds 7A,rm,,,,Y,rm,cfpl,,n/a,,,
Mamra Almonds ES,rm,,,,Y,rm,cfpl,,n/a,,,
Mamra Selected,rm,,,,Y,rm,cfpl,,n/a,,,
Mango Flavour 291018,rm,,,Y,Y,rm,cfpl,,n/a,,,
Mango Slice Chilli Seasoning,rm,,,,Y,rm,cfpl,,n/a,,,
Maryam Dates,rm,,,Y,Y,rm,cfpl,,n/a,,,
Masala Cashew,fg,Y,Y,,Y,fg,cfpl,Flavouring (Bulk Packaging,routed,,Y,
Masala Masti Trail Mix 150g,fg,,,,Y,fg,cfpl,,n/a,,,CATALOG_FG_NOT_IN_FG_MASTER
Masala Raisin,fg,Y,Y,,Y,fg,cfpl,Flavouring (Bulk Packaging,routed,,,
Masala Seasoning,rm,,,Y,Y,rm,cfpl,,n/a,,,
Mazafati Dates,rm,,,Y,Y,rm,cfpl,,n/a,,,
Mazafati Grade B,rm,,,,Y,rm,cfpl+cdpl,,n/a,,,
MDF Premium Medjoul Dates Box 18 Pcs,fg,Y,Y,,Y,fg,cfpl,Sorting + Packaging,routed,,,
Medjoul Dates Egypt - Large,rm,,,,Y,rm,cdpl,,n/a,,,
MEDJOUL DATES JUMBO,rm,,,Y,Y,rm,cfpl,,n/a,,,
Medjoul Dates Junior,rm,,,Y,Y,rm,cfpl,,n/a,,,
Medjoul Dates Large,rm,,,Y,Y,rm,cfpl,,n/a,,,
Medjoul Dates Medium,rm,,,Y,Y,rm,cfpl,,n/a,,,
Medjoul Dates Mini,rm,,,Y,Y,rm,cfpl,,n/a,,,
Medjoul Dates Premium Bon Bon,rm,,,,Y,rm,cfpl,,n/a,,,
Medjoul Dates Super Jumbo,rm,,,Y,Y,rm,cfpl,,n/a,,,
Medjoul Grade B,rm,,,,Y,rm,cfpl,,n/a,,,
MEDJOUL LARGE PITTED WET DATES,rm,,,,Y,rm,cfpl,,n/a,,,
Methi,rm,,,Y,Y,rm,cfpl,,n/a,,,
Methi Dryfruit Laddu bar 35gm,fg,Y,Y,,Y,fg,cfpl,Sorting + Blending + Bar Forming + Packaging,routed,,,
Methi Dryfruit LadduBar Pack of 6,fg,,,,Y,fg,cfpl,,n/a,,,CATALOG_FG_NOT_IN_FG_MASTER
Mexican Chilli Seasoning (PR01027/001),rm,,,Y,Y,rm,cfpl,,n/a,,,
Mexican Coated Peanuts 60gm,fg,,Y,,Y,fg,cfpl,,"MISSING (has BOM recipe, not in FG Master)",,,BOM_PARENT_NO_ROUTING; CATALOG_FG_NOT_IN_FG_MASTER
Mexican Flavoured Coated Peanuts,fg,,,,Y,fg,cfpl,,n/a,,,CATALOG_FG_NOT_IN_FG_MASTER
Mexican Flavoured Coated Peanuts 35gm,fg,,Y,,Y,fg,cfpl,,"MISSING (has BOM recipe, not in FG Master)",,,BOM_PARENT_NO_ROUTING; CATALOG_FG_NOT_IN_FG_MASTER
Mexican Flavoured Coated Peanuts Bulk,sfg?,,Y,Y,,,,,"MISSING (has BOM recipe, not in FG Master)",Y,,ARTICLE_NOT_IN_CATALOG; BOM_PARENT_NO_ROUTING; MULTILEVEL_SFG (component+has-BOM); SFG_NOT_IN_WIP_SET
MIE DARK CHOCOLATE COATED ALMOND STUFFED KHALAS 1 Kg,fg?,,Y,,,,,,"MISSING (has BOM recipe, not in FG Master)",,,ARTICLE_NOT_IN_CATALOG; BOM_PARENT_NO_ROUTING
MIE DARK CHOCOLATE COATED CASHEW STUFFED KHALAS 1 Kg,fg?,,Y,,,,,,"MISSING (has BOM recipe, not in FG Master)",,,ARTICLE_NOT_IN_CATALOG; BOM_PARENT_NO_ROUTING
Mild Chilly Glazed Almonds,fg,,Y,Y,Y,fg,cfpl,,"MISSING (has BOM recipe, not in FG Master)",Y,,BOM_PARENT_NO_ROUTING; MULTILEVEL_SFG (component+has-BOM); CATALOG_FG_NOT_IN_FG_MASTER; SFG_NOT_IN_WIP_SET
Mild Chilly Glazed Cashew,fg,,Y,Y,Y,fg,cfpl,,"MISSING (has BOM recipe, not in FG Master)",Y,,BOM_PARENT_NO_ROUTING; MULTILEVEL_SFG (component+has-BOM); CATALOG_FG_NOT_IN_FG_MASTER; SFG_NOT_IN_WIP_SET
Milk Almond Draggies,fg,Y,Y,,Y,fg,cfpl,Sorting + Roasting + Chocolate (Bulk Packaging,routed,,Y,
MILK CHOCOLATE ALMOND DATE,fg,,,,Y,fg,cfpl,,n/a,,,CATALOG_FG_NOT_IN_FG_MASTER
Milk Chocolate Coated Almond Stuffed Khalas Single,fg,,Y,,Y,fg,cfpl,,"MISSING (has BOM recipe, not in FG Master)",,,BOM_PARENT_NO_ROUTING; CATALOG_FG_NOT_IN_FG_MASTER
Milk Chocolate Coated Date Bites,fg,Y,Y,,Y,fg,cfpl,Sorting + Blending + Bar Forming + Packaging,routed,,Y,
MILK CHOCOLATE COUVERTURE 823,rm,,,Y,Y,rm,cfpl,,n/a,,,
Milk Chocolate Macadamia Clusters 100gm,fg,,Y,,Y,fg,cfpl,,"MISSING (has BOM recipe, not in FG Master)",,,BOM_PARENT_NO_ROUTING; CATALOG_FG_NOT_IN_FG_MASTER
Milk Compound Chocolate,rm,,,Y,Y,rm,cfpl,,n/a,,,
MILK MAID,rm,,,,Y,rm,cfpl,,n/a,,,
Millennium Nut Mix,fg,Y,Y,Y,Y,fg,cfpl,Sorting + Packaging,routed,Y,,MULTILEVEL_SFG (component+has-BOM); SFG_NOT_IN_WIP_SET
Millet,rm,,,,Y,rm,cfpl,,n/a,,,
Mint Chutney Flavour 1,rm,,,,Y,rm,cfpl,,n/a,,,
Mint Chutney Flavour 2,rm,,,,Y,rm,cfpl,,n/a,,,
Misc Dates Pouch,pm,,,,Y,pm,cdpl,,n/a,,,
Misc Packing Material,pm,,,,Y,pm,cfpl,,n/a,,,
Mishri / Crystal Sugar/ Khadi Sakhar,rm,,,,Y,rm,cfpl,,n/a,,,
Mocha Mojo Trail Mix,fg,Y,Y,,Y,fg,cfpl,Flavouring (Bulk Packaging,routed,,Y,
MODIFIED STARCH- CRISPYTEC,rm,,,,Y,rm,cfpl,,n/a,,,
Moon Freeze Banana Date Fruit Bar - 10 GM,fg,Y,Y,,Y,fg,cfpl,Sorting + Blending + Bar Forming + Packaging,routed,,,
Moon Freeze Banana Date Fruit Bar - 45 Gm,fg,Y,Y,,Y,fg,cfpl,Sorting + Blending + Bar Forming + Packaging,routed,,,
Moon Freeze Mango Date Fruit Bar - 10 GM,fg,Y,Y,,Y,fg,cfpl,Sorting + Blending + Bar Forming + Packaging,routed,,,
Moon Freeze Mango Date Fruit Bar - 45 Gm,fg,Y,Y,,Y,fg,cfpl,Sorting + Blending + Bar Forming + Packaging,routed,,,
Moon Freeze Pineapple Date Fruit Bar - 45 Gm,fg,Y,Y,,Y,fg,cfpl,Sorting + Blending + Bar Forming + Packaging,routed,,,
Moon Freeze Pineapple Date Fruit Bar -10 GM,fg,Y,Y,,Y,fg,cfpl,Sorting + Blending + Bar Forming + Packaging,routed,,,
Moon Freeze Strawberry Date Fruit Bar - 45 Gm,fg,Y,Y,,Y,fg,cfpl,Sorting + Blending + Bar Forming + Packaging,routed,,,
Moon Freeze Strawberry Date Fruit Bar -10 GM,fg,Y,Y,,Y,fg,cfpl,Sorting + Blending + Bar Forming + Packaging,routed,,,
MOONG,rm,,,,Y,rm,cfpl,,n/a,,,
Morde Dark Chocolate - CHD45,rm,,,Y,Y,rm,cfpl,,n/a,,,
Morde Dark Chocolate - CHD55,rm,,,Y,Y,rm,cfpl,,n/a,,,
Morde White Chocolate - CHW35,rm,,,,Y,rm,cfpl,,n/a,,,
Moringa Extract,rm,,,,Y,rm,cfpl,,n/a,,,
MOULD  & DESIGN PLATE FOR PM,pm,,,,Y,pm,cfpl,,n/a,,,
Muskmelon Seeds,rm,,,Y,Y,rm,cfpl,,n/a,,,
Nachni Atta,rm,,,Y,Y,rm,cfpl,,n/a,,,
NASURE 19,rm,,,Y,Y,rm,cfpl,,n/a,,,
NATAPURE Almond 200g,fg,Y,Y,,Y,fg,cfpl,Sorting + Packaging,routed,,,
NATAPURE Roasted Almonds 175gms,fg,Y,Y,,Y,fg,cfpl,Sorting + Roasting + Packaging,routed,,,
Natch Glazed Nut Mix Chilli 120gm,fg,,Y,,Y,fg,cfpl,,"MISSING (has BOM recipe, not in FG Master)",,,BOM_PARENT_NO_ROUTING; CATALOG_FG_NOT_IN_FG_MASTER
Natch Glazed Nut Mix Cinnamon 120gm,fg,,Y,,Y,fg,cfpl,,"MISSING (has BOM recipe, not in FG Master)",,,BOM_PARENT_NO_ROUTING; CATALOG_FG_NOT_IN_FG_MASTER
Natch Glazed Nut Mix Cocoa 120gm,fg,,Y,,Y,fg,cfpl,,"MISSING (has BOM recipe, not in FG Master)",,,BOM_PARENT_NO_ROUTING; CATALOG_FG_NOT_IN_FG_MASTER
Natural Pineapple Falvour 170914,rm,,,Y,Y,rm,cfpl,,n/a,,,
Natural Red Colour - TPL,rm,,,Y,Y,rm,cfpl,,n/a,,,
Nature Dried Kiwi 200 Gm ( 1411658 ),fg,Y,Y,,Y,fg,cfpl,Sorting + Packaging,routed,,,
Natures Almond Reg 500 Gm ( 1411652 ),fg,,Y,,Y,fg,cfpl,,"MISSING (has BOM recipe, not in FG Master)",,,BOM_PARENT_NO_ROUTING; CATALOG_FG_NOT_IN_FG_MASTER
Natures Almonds Reg 200 Gm (1411651),fg,Y,Y,,Y,fg,cfpl,Sorting + Packaging,routed,,,
Natures Almons Reg 500 Gm ( 1411652 ),fg,Y,,,,,,Sorting + Packaging,routed,,,ARTICLE_NOT_IN_CATALOG; FG_NO_BOM_RECIPE
Natures American Almond 100g (1340528),fg,Y,Y,,Y,fg,cfpl,Sorting + Packaging,routed,,,
Natures American Almond 250g (1340524),fg,Y,Y,,Y,fg,cfpl,Sorting + Packaging,routed,,,
Natures American Almond 500g (1350926),fg,,Y,,Y,fg,cfpl,,"MISSING (has BOM recipe, not in FG Master)",,,BOM_PARENT_NO_ROUTING; CATALOG_FG_NOT_IN_FG_MASTER
Natures American Almonds 1 KG (1416275),fg,Y,Y,,Y,fg,cfpl,Sorting + Packaging,routed,,,
Natures American Alomnd 500g (1350926),fg,Y,,,,,,Sorting + Packaging,routed,,,ARTICLE_NOT_IN_CATALOG; FG_NO_BOM_RECIPE
Natures Black Raisin 200g (1340522),fg,,Y,,Y,fg,cfpl,,"MISSING (has BOM recipe, not in FG Master)",,,BOM_PARENT_NO_ROUTING; CATALOG_FG_NOT_IN_FG_MASTER
Natures Black Rasin 200g (1340522),fg,Y,,,,,,Sorting + Packaging,routed,,,ARTICLE_NOT_IN_CATALOG; FG_NO_BOM_RECIPE
Natures California Pista Reg 200 Gm (1411656),fg,Y,Y,,Y,fg,cfpl,Sorting + Packaging,routed,,,
Natures Cashew Reg 200 Gm ( 1411653 ),fg,Y,Y,,Y,fg,cfpl,Sorting + Packaging,routed,,,
Natures Cashew Split 200g (1356008),fg,Y,Y,,Y,fg,cfpl,Sorting + Blanching + Slicing/Dicing/Slivering + Packaging,routed,,,
Natures Cashew W 210 500g (1356007),fg,Y,Y,,Y,fg,cfpl,Sorting + Packaging,routed,,,
Natures Cashew W210 100g (1340520),fg,Y,Y,,Y,fg,cfpl,Sorting + Packaging,routed,,,
Natures Cashew W210 250g (1340525),fg,Y,Y,,Y,fg,cfpl,Sorting + Packaging,routed,,,
Natures Dried Amla 200 Gm ( 1411660 ),fg,Y,Y,,Y,fg,cfpl,Sorting + Packaging,routed,,,
Natures Dried Cherry 200 Gm ( 1411661 ),fg,Y,Y,,Y,fg,cfpl,Sorting + Packaging,routed,,,
Natures Dried Pineapple 200 Gm ( 1411659 ),fg,Y,Y,,Y,fg,cfpl,Sorting + Packaging,routed,,,
Natures Dried Strawberry 200 Gm (1411657),fg,Y,Y,,Y,fg,cfpl,Sorting + Packaging,routed,,,
NATURES FIGS 250GM (1357008),fg,Y,Y,,Y,fg,cfpl,Sorting + Packaging,routed,,,
NATURES FIGS 500G (1357009),fg,Y,Y,,Y,fg,cfpl,Sorting + Packaging,routed,,,
Natures Indian Raisin Reg 200 Gm (1411654),fg,Y,Y,,Y,fg,cfpl,Sorting + Packaging,routed,,,
Natures Indian Raisin Reg 500 Gm (1411655),fg,Y,Y,,Y,fg,cfpl,Sorting + Packaging,routed,,,
NATURES MACADAMIA ROASTED&SALTED 100g (1443558),fg,Y,Y,,Y,fg,cfpl,Flavouring + Packaging,routed,,,
Natures Pista Iranian 100g (1340521),fg,Y,Y,,Y,fg,cfpl,Sorting + Packaging,routed,,,
Natures Pista Iranian 250g (1340529),fg,Y,Y,,Y,fg,cfpl,Sorting + Packaging,routed,,,
Natures Pistachia Iranian 500g (1340527),fg,Y,Y,,Y,fg,cfpl,Sorting + Packaging,routed,,,
Natures Pisto Unshelled 200g (1340526),fg,Y,Y,,Y,fg,cfpl,Sorting + Packaging,routed,,,
Natures Premium Mixed Dry Fruits 250g(1356314),fg,Y,Y,,Y,fg,cfpl,Sorting + Packaging,routed,,,
Natures Raisin 100g (1340523),fg,Y,Y,,Y,fg,cfpl,Sorting + Packaging,routed,,,
Natures Raisin 250g (1340519),fg,Y,Y,,Y,fg,cfpl,Sorting + Packaging,routed,,,
Natures Raisin 500g (1356006),fg,Y,Y,,Y,fg,cfpl,Sorting + Packaging,routed,,,
NB AMERICAN ALMOND LOOSE,fg,Y,Y,,Y,fg,cfpl,Sorting + Packaging,routed,,,
NB AMERICAN ALMOND SELECTED LOOSE,fg,Y,Y,,Y,fg,cfpl,Sorting + Packaging,routed,,,
NB ANJEER LARGE (SLW) LOOSE,fg,Y,Y,,Y,fg,cfpl,Sorting + Packaging,routed,,,
NB ANJEER SELECT (WHITE) LOOSE,fg,Y,Y,,Y,fg,cfpl,Sorting + Packaging,routed,,,
NB ANJEER SMALL (1X1W) LOOSE,fg,Y,Y,,Y,fg,cfpl,Sorting + Packaging,routed,,,
NB APRICOT SEEDLESS (TURKEY) DRIED LOOSE,fg,Y,Y,,Y,fg,cfpl,Sorting + Packaging,routed,,,
NB APRICOT WHOLE DRIED LOOSE,fg,Y,Y,,Y,fg,cfpl,Sorting + Packaging,routed,,,
NB BARBEQUE ALMOND LOOSE,fg,Y,Y,,Y,fg,cfpl,Flavouring + Packaging,routed,,,
NB BARBEQUE CASHEW LOOSE,fg,Y,Y,,Y,fg,cfpl,Flavouring + Packaging,routed,,,
NB BLACK PEPPER CASHEW LOOSE,fg,Y,Y,,Y,fg,cfpl,Flavouring + Packaging,routed,,,
NB BLACK RAISIN SEEDLESS LOOSE,fg,Y,Y,,Y,fg,cfpl,Sorting + Packaging,routed,,,
NB BLACKBERRY DRIED LOOSE,fg,Y,Y,,Y,fg,cfpl,Sorting + Packaging,routed,,,
NB BLACKCURRANT DRIED LOOSE,fg,Y,Y,,Y,fg,cfpl,Sorting + Packaging,routed,,,
NB BLUEBERRY DRIED LOOSE,fg,Y,Y,,Y,fg,cfpl,Sorting + Packaging,routed,,,
NB BRAZIL NUT LOOSE,fg,Y,Y,,Y,fg,cfpl,Sorting + Packaging,routed,,,
NB CASHEW W150 LOOSE,fg,Y,Y,,Y,fg,cfpl,Sorting + Packaging,routed,,,
NB CASHEW W180 LOOSE,fg,Y,Y,,Y,fg,cfpl,Sorting + Packaging,routed,,,
NB CASHEW W240 LOOSE,fg,Y,Y,,Y,fg,cfpl,Sorting + Packaging,routed,,,
NB CHARCOAL CASHEW LOOSE,fg,Y,Y,,Y,fg,cfpl,Flavouring + Packaging,routed,,,
NB CHEESE CASHEW LOOSE,fg,Y,Y,,Y,fg,cfpl,Flavouring (Bulk Packaging,routed,,,
NB CHIA SEED LOOSE,fg,Y,Y,,Y,fg,cfpl,Sorting + Packaging,routed,,,
NB CRANBERRY DRIED LOOSE,fg,Y,Y,,Y,fg,cfpl,Sorting + Packaging,routed,,,
NB DEHYDRATED BABY ORANGE LOOSE,fg,Y,Y,,Y,fg,cfpl,Sorting + Packaging,routed,,,
NB DEHYDRATED CHERRY LOOSE,fg,Y,Y,,Y,fg,cfpl,Sorting + Packaging,routed,,,
NB DEHYDRATED GINGER LOOSE,fg,Y,Y,,Y,fg,cfpl,Sorting + Packaging,routed,,,
NB DEHYDRATED GUAVA LOOSE,fg,Y,Y,,Y,fg,cfpl,Sorting + Packaging,routed,,,
NB DEHYDRATED KIWI LOOSE,fg,Y,Y,,Y,fg,cfpl,Sorting + Packaging,routed,,,
NB DEHYDRATED MANGO SLICED LOOSE,fg,Y,Y,,Y,fg,cfpl,Sorting + Packaging,routed,,,
NB DEHYDRATED PEACH GREEN LOOSE,fg,Y,Y,,Y,fg,cfpl,Sorting + Packaging,routed,,,
NB DEHYDRATED PEACH RED LOOSE,fg,Y,Y,,Y,fg,cfpl,Sorting + Packaging,routed,,,
NB DEHYDRATED PEACH YELLOW LOOSE,fg,Y,Y,,Y,fg,cfpl,Sorting + Packaging,routed,,,
NB DEHYDRATED PINEAPPLE COIN LOOSE,fg,Y,Y,,Y,fg,cfpl,Sorting + Packaging,routed,,,
NB DEHYDRATED PINEAPPLE RING LOOSE,fg,Y,Y,,Y,fg,cfpl,Sorting + Packaging,routed,,,
NB DEHYDRATED STRAWBERRY LOOSE,fg,Y,Y,,Y,fg,cfpl,Sorting + Packaging,routed,,,
NB FLAX SEED LOOSE,fg,Y,Y,,Y,fg,cfpl,Sorting + Packaging,routed,,,
NB GOJI BERRY DRIED LOOSE,fg,Y,Y,,Y,fg,cfpl,Sorting + Packaging,routed,,,
NB GREEN CHILLY CASHEW LOOSE,fg,Y,Y,,Y,fg,cfpl,Flavouring + Packaging,routed,,,
NB HAZELNUT LOOSE,fg,Y,Y,,Y,fg,cfpl,Sorting + Packaging,routed,,,
NB HONEY ROAST ALMOND LOOSE,fg,Y,Y,,Y,fg,cfpl,Sorting + Packaging,routed,,,
NB MACADAMIA INSHELL VANILLA LOOSE,fg,Y,Y,,Y,fg,cfpl,Sorting + Packaging,routed,,,
NB MACADAMIA LOOSE,fg,Y,Y,,Y,fg,cfpl,Sorting + Packaging,routed,,,
NB MAMRA ALMOND CLASSIC LOOSE,fg,Y,Y,,Y,fg,cfpl,Sorting + Packaging,routed,,,
NB MAMRA ALMOND ROYAL LOOSE,fg,Y,,,,,,Sorting + Packaging,routed,,,ARTICLE_NOT_IN_CATALOG; FG_NO_BOM_RECIPE
NB MAMRA ALMOND ROYAL LOOSE (Not in Use),fg,,Y,,Y,fg,cfpl,,"MISSING (has BOM recipe, not in FG Master)",,,BOM_PARENT_NO_ROUTING; CATALOG_FG_NOT_IN_FG_MASTER
NB MAMRA ALMOND ROYAL LOOSE_x000D_,fg,Y,Y,,Y,fg,cfpl,Sorting + Packaging,routed,,,
NB MASALA CASHEW LOOSE,fg,Y,Y,,Y,fg,cfpl,Flavouring + Packaging,routed,,,
NB MASALA RAISIN LOOSE,fg,Y,Y,,Y,fg,cfpl,Flavouring + Packaging,routed,,,
NB MILLENNIUM NUT MIX LOOSE,fg,Y,Y,,Y,fg,cfpl,Sorting + Packaging,routed,,,
NB MUNAKKA LOOSE,fg,Y,Y,,Y,fg,cfpl,Sorting + Packaging,routed,,,
NB PAAN RAISIN LOOSE,fg,Y,Y,,Y,fg,cfpl,Flavouring + Packaging,routed,,,
NB PECAN NUT LOOSE,fg,Y,Y,,Y,fg,cfpl,Sorting + Packaging,routed,,,
NB PERI-PERI CASHEW LOOSE,fg,Y,Y,,Y,fg,cfpl,Flavouring + Packaging,routed,,,
NB PINENUT LOOSE,fg,Y,Y,,Y,fg,cfpl,Sorting + Packaging,routed,,,
NB PISTACHIO AKBARI LOOSE,fg,Y,Y,,Y,fg,cfpl,Sorting + Packaging,routed,,,
NB PISTACHIO IRANI LOOSE,fg,Y,Y,,Y,fg,cfpl,Sorting + Packaging,routed,,,
NB PISTACHIO KERNEL 5 STAR LOOSE,fg,Y,Y,,Y,fg,cfpl,Sorting + Packaging,routed,,,
NB PISTACHIO KERNEL PREMIUM LOOSE,fg,Y,Y,,Y,fg,cfpl,Sorting + Packaging,routed,,,
NB PRUNES DRIED LOOSE,fg,Y,Y,,Y,fg,cfpl,Sorting + Packaging,routed,,,
NB PUMPKIN SEED LOOSE,fg,Y,Y,,Y,fg,cfpl,Sorting + Packaging,routed,,,
NB RAISIN AFGHAN,fg,Y,Y,,Y,fg,cfpl,Sorting + Packaging,routed,,,
NB RAISIN INDIAN PREMIUM LOOSE,fg,Y,Y,,Y,fg,cfpl,Sorting + Packaging,routed,,,
NB RAISIN SANDUKANI LOOSE,fg,Y,Y,,Y,fg,cfpl,Sorting + Packaging,routed,,,
NB ROASTED & SALTED ALMOND LOOSE,fg,Y,Y,,Y,fg,cfpl,Flavouring + Packaging,routed,,,
NB ROASTED & SALTED CASHEW LOOSE,fg,Y,Y,,Y,fg,cfpl,Flavouring + Packaging,routed,,,
NB ROASTED MACADAMIA INSHELL LOOSE,fg,Y,Y,,Y,fg,cfpl,Sorting + Roasting + Packaging,routed,,,
NB SMOKED ALMOND LOOSE,fg,Y,Y,,Y,fg,cfpl,Flavouring + Packaging,routed,,,
NB SRIRACHA CASHEW LOOSE,fg,Y,Y,,Y,fg,cfpl,Sorting + Packaging,routed,,,
NB SUNFLLOWER SEED LOOSE,fg,Y,Y,,Y,fg,cfpl,Sorting + Packaging,routed,,,
NB TRAIL MIX - POWER SEED LOOSE,fg,Y,Y,,Y,fg,cfpl,Sorting + Packaging,routed,,,
NB TRAIL MIX - PREMIUM NUT LOOSE,fg,Y,Y,,Y,fg,cfpl,Sorting + Packaging,routed,,,
NB TRAIL MIX SALTED COCKTAIL LOOSE,fg,Y,Y,,Y,fg,cfpl,Sorting + Packaging,routed,,,
NB TRAIL MIX- EVERY HEALTH LOOSE,fg,Y,Y,,Y,fg,cfpl,Sorting + Packaging,routed,,,
NB WALNUTS CHILEAN INSHELL LOOSE /P,fg,,Y,,Y,fg,cfpl,,"MISSING (has BOM recipe, not in FG Master)",,,BOM_PARENT_NO_ROUTING; CATALOG_FG_NOT_IN_FG_MASTER
NB WALNUTS CHILEAN LOOSE,fg,Y,Y,,Y,fg,cfpl,Sorting + Packaging,routed,,,
NB WATERMELON SEED LOOSE,fg,Y,Y,,Y,fg,cfpl,Sorting + Packaging,routed,,,
NEALSOYA 16-B,rm,,,Y,Y,rm,cfpl,,n/a,,,
Nitrogen F Grade,rm,,,,Y,rm,cfpl,,n/a,,,
NNS Date Syrup 400 Gm,fg,,Y,,Y,fg,cfpl+cdpl,,"MISSING (has BOM recipe, not in FG Master)",,,BOM_PARENT_NO_ROUTING; CATALOG_FG_NOT_IN_FG_MASTER
NOICE Choco Health Laddoo (18g*5),fg,Y,Y,,Y,fg,cfpl,Sorting + Blending + Bar Forming + Packaging,routed,,,
Noice Classic Flavour Date Mewa (Semi Finished),fg,,Y,Y,Y,fg,cfpl,,"MISSING (has BOM recipe, not in FG Master)",Y,,BOM_PARENT_NO_ROUTING; MULTILEVEL_SFG (component+has-BOM); CATALOG_FG_NOT_IN_FG_MASTER; SFG_NOT_IN_WIP_SET
NOICE Date Bites (18g*5),fg,Y,Y,,Y,fg,cfpl,Sorting + Blending + Bar Forming + Packaging,routed,,,
Noice Date Bites 18gm,fg?,,Y,,,,,,"MISSING (has BOM recipe, not in FG Master)",,,ARTICLE_NOT_IN_CATALOG; BOM_PARENT_NO_ROUTING
NUT BAR ALMOND BUTTER,fg,,Y,,Y,fg,cfpl,,"MISSING (has BOM recipe, not in FG Master)",,,BOM_PARENT_NO_ROUTING; CATALOG_FG_NOT_IN_FG_MASTER
NUT BAR PEANUT BUTTER,fg,,Y,,Y,fg,cfpl,,"MISSING (has BOM recipe, not in FG Master)",,,BOM_PARENT_NO_ROUTING; CATALOG_FG_NOT_IN_FG_MASTER
Nut Flex - Italian Herbs 33gm,fg,Y,Y,,Y,fg,cfpl,Flavouring + Packaging,routed,,,
Nut Flex - Italian Herbs 35gm,fg,Y,Y,,Y,fg,cfpl,Flavouring + Packaging,routed,,,
NUTRAJ KIMIA DATES 400 Gm,fg,,,,Y,fg,cdpl,,n/a,,,CATALOG_FG_NOT_IN_FG_MASTER
NUTRAJ KIMIA DATES 500 Gm,fg,,,,Y,fg,cdpl,,n/a,,,CATALOG_FG_NOT_IN_FG_MASTER
Nutrizoe Fenugreek Cinnamon Bars 45gm,fg,,,,Y,fg,cfpl,,n/a,,,CATALOG_FG_NOT_IN_FG_MASTER
Nuts & Seed Mix,fg,Y,Y,,Y,fg,cfpl,Sorting + Packaging,routed,,,
Nuts and Cardamom Date Balls 48 gms,fg,Y,Y,,Y,fg,cfpl,Sorting + Blending + Bar Forming + Packaging,routed,,,
NUTS CUTTER,pm,,,,Y,pm,cfpl,,n/a,,,
NUTWORKS FINGER LIME & JALAPENO 75G PCH,fg,,Y,,Y,fg,cfpl,,"MISSING (has BOM recipe, not in FG Master)",,,BOM_PARENT_NO_ROUTING; CATALOG_FG_NOT_IN_FG_MASTER
NUTWORKS ROAST SALT INSHELL 100G PCH,fg,,Y,,Y,fg,cfpl,,"MISSING (has BOM recipe, not in FG Master)",,,BOM_PARENT_NO_ROUTING; CATALOG_FG_NOT_IN_FG_MASTER
NUTWORKS ROAST SALT INSHELL 200G PCH,fg,,Y,,Y,fg,cfpl,,"MISSING (has BOM recipe, not in FG Master)",,,BOM_PARENT_NO_ROUTING; CATALOG_FG_NOT_IN_FG_MASTER
NUTWORKS ROSEMARY & SEASALT 75G PCH,fg,,Y,,Y,fg,cfpl,,"MISSING (has BOM recipe, not in FG Master)",,,BOM_PARENT_NO_ROUTING; CATALOG_FG_NOT_IN_FG_MASTER
NUTWORKS WASABI 75G PCH,fg,,Y,,Y,fg,cfpl,,"MISSING (has BOM recipe, not in FG Master)",,,BOM_PARENT_NO_ROUTING; CATALOG_FG_NOT_IN_FG_MASTER
OATS,rm,Y,Y,Y,Y,rm,cfpl,Sorting (Bulk Packaging,routed,Y,,MULTILEVEL_SFG (component+has-BOM); SFG_NOT_IN_WIP_SET
OFF-GRADE ALMOND,rm,,,,Y,rm,cfpl,,n/a,,,
OFF-GRADE ANJEER,rm,,,,Y,rm,cfpl,,n/a,,,
OFF-GRADE APRICOT,rm,,,,Y,rm,cfpl,,n/a,,,
OFF-GRADE CASHEW,rm,,,,Y,rm,cfpl,,n/a,,,
OFF-GRADE CRANBERRY,rm,,,,Y,rm,cfpl,,n/a,,,
OFF-GRADE DATES,rm,,,,Y,rm,cfpl+cdpl,,n/a,,,
OFF-GRADE MAKHANA,rm,,,,Y,rm,cfpl,,n/a,,,
OFF-GRADE PEANUTS,rm,,,,Y,rm,cfpl,,n/a,,,
OFF-GRADE PISTACHIO,rm,,,,Y,rm,cfpl,,n/a,,,
OFF-GRADE PREMIUM NUTS,rm,,,,Y,rm,cfpl,,n/a,,,
OFF-GRADE PRUNES,rm,,,,Y,rm,cfpl,,n/a,,,
OFF-GRADE RAISIN,rm,,,,Y,rm,cfpl,,n/a,,,
OFF-GRADE SEASONING,rm,,,,Y,rm,cfpl,,n/a,,,
OFF-GRADE SEEDS,rm,,,,Y,rm,cfpl,,n/a,,,
OFF-GRADE TRAIL MIX,rm,,,,Y,rm,cfpl,,n/a,,,
OFF-GRADE WALNUTS,rm,,,,Y,rm,cfpl,,n/a,,,
Olive Oil,rm,,,,Y,rm,cfpl,,n/a,,,
Oman Dates,rm,,,Y,Y,rm,cfpl,,n/a,,,
Oman Dates 250g (1356292),fg,Y,Y,,Y,fg,cfpl,Sorting + Packaging,routed,,,
Omega Mix- Lemon Pepper 33gm,fg,,Y,,Y,fg,cfpl,,"MISSING (has BOM recipe, not in FG Master)",,,BOM_PARENT_NO_ROUTING; CATALOG_FG_NOT_IN_FG_MASTER
Omega Mix- Lemon Pepper 35gm,fg,Y,Y,,Y,fg,cfpl,Flavouring + Packaging,routed,,,
ON THE RUN 5 Grain Cereal 300g - Original,fg,,,,Y,fg,cfpl,,n/a,,,CATALOG_FG_NOT_IN_FG_MASTER
ON THE RUN Assorted Energy Bars (Pack of 12x30g),fg,,,,Y,fg,cfpl,,n/a,,,CATALOG_FG_NOT_IN_FG_MASTER
ON THE RUN Assorted Energy Bars (Pack of 6x30g),fg,Y,Y,Y,Y,fg,cfpl,Sorting + Blending + Bar Forming + Packaging,routed,Y,,MULTILEVEL_SFG (component+has-BOM); SFG_NOT_IN_WIP_SET
ON THE RUN Choco Crunch Energy Bars (Pack of 6x30g),fg,Y,Y,,Y,fg,cfpl,Sorting + Blending + Bar Forming + Packaging,routed,,,
ON THE RUN Choco Crunch Energy Bars 30g,fg,Y,Y,Y,Y,fg,cfpl,Sorting + Blending + Bar Forming + Packaging,routed,Y,,MULTILEVEL_SFG (component+has-BOM); SFG_NOT_IN_WIP_SET
On the Run Coffee Bite (Semi Finished),fg,,Y,Y,Y,fg,cfpl,,"MISSING (has BOM recipe, not in FG Master)",Y,,BOM_PARENT_NO_ROUTING; MULTILEVEL_SFG (component+has-BOM); CATALOG_FG_NOT_IN_FG_MASTER; SFG_NOT_IN_WIP_SET
On the Run Coffee Bite 10g,fg,Y,Y,Y,Y,fg,cfpl,Sorting + Blending + Bar Forming + Packaging,routed,Y,,MULTILEVEL_SFG (component+has-BOM); SFG_NOT_IN_WIP_SET
ON THE RUN Crunchy Granola Single serving Cup 50g,fg,,,,Y,fg,cfpl,,n/a,,,CATALOG_FG_NOT_IN_FG_MASTER
ON THE RUN Fig and Date Energy Bar (Pack of 6x30 g),fg,Y,Y,,Y,fg,cfpl,Sorting + Blending + Bar Forming + Packaging,routed,,,
ON THE RUN Fig and Date Energy Bar 30g,fg,Y,Y,,Y,fg,cfpl,Sorting + Blending + Bar Forming + Packaging,routed,,,
ON THE RUN Hazelnut Magic Energy Bar 30g,fg,Y,Y,,Y,fg,cfpl,Sorting + Blending + Bar Forming + Packaging,routed,,,
"ON THE RUN Oats, Apricot & Cranberry Energy Bar 30g",fg,Y,Y,,Y,fg,cfpl,Sorting + Blending + Bar Forming + Packaging,routed,,,
"ON THE RUN Oats, Apricot & Cranberry Energy Bars (Pack of 6x30g)",fg,,,,Y,fg,cfpl,,n/a,,,CATALOG_FG_NOT_IN_FG_MASTER
On The Run Quinoa Cheesy Balls 50gm,fg,,,,Y,fg,cfpl,,n/a,,,CATALOG_FG_NOT_IN_FG_MASTER
Onion garlic seasoning,rm,,,Y,Y,rm,cfpl,,n/a,,,
Onion Powder-spices,rm,,,,Y,rm,cfpl,,n/a,,,
Ontherun Coffee Bite (Pack of 15x10g),fg,Y,Y,,Y,fg,cfpl,Sorting + Blending + Bar Forming + Packaging,routed,,,
Ontherun Coffee Bite (Pack of 6*10g),fg,Y,Y,,Y,fg,cfpl,Sorting + Blending + Bar Forming + Packaging,routed,,,
Orange Flavour 220509,rm,,,Y,Y,rm,cfpl,,n/a,,,
Orange Peel,rm,,,Y,Y,rm,cfpl,,n/a,,,
Orange Slice / Pieces,rm,,,Y,Y,rm,cfpl,,n/a,,,
ORANGE SUPREME OIL FLAVOUR,rm,,,,Y,rm,cfpl,,n/a,,,
Orange Zest Liquid Extract,rm,,,Y,Y,rm,cfpl,,n/a,,,
OREGANO,rm,,,,Y,rm,cfpl,,n/a,,,
Organic Ajwa Premium Large,rm,,,,Y,rm,cfpl,,n/a,,,
Organic Khidri Large,rm,,,,Y,rm,cdpl,,n/a,,,
Organic Khidri Large dates,rm,,,,Y,rm,cfpl,,n/a,,,
Organic Khidri Premium Medium,rm,,,,Y,rm,cfpl+cdpl,,n/a,,,
Organic Khidri Special Jumbo,rm,,,,Y,rm,cfpl+cdpl,,n/a,,,
Organic Medjool Premium Jumbo,rm,,,,Y,rm,cdpl,,n/a,,,
Organic Medjool Premium Large,rm,,,,Y,rm,cdpl,,n/a,,,
Organic Medjool Premium Medium,rm,,,,Y,rm,cdpl,,n/a,,,
Organic Seqee Premium Large,rm,,,,Y,rm,cfpl+cdpl,,n/a,,,
Organic Wanan Premium Jumbo,rm,,,,Y,rm,cfpl+cdpl,,n/a,,,
Organic Wanan Premium Large,rm,,,,Y,rm,cfpl,,n/a,,,
Oriental Dates,rm,Y,Y,Y,Y,rm,cfpl,Sorting (Bulk Packaging,routed,Y,,MULTILEVEL_SFG (component+has-BOM); SFG_NOT_IN_WIP_SET
Other Scrap,rm,,,,Y,rm,cfpl,,n/a,,,
OTR Almond Oven Roasted and Salted 100g,fg?,,Y,,,,,,"MISSING (has BOM recipe, not in FG Master)",,,ARTICLE_NOT_IN_CATALOG; BOM_PARENT_NO_ROUTING
OTR Cashew Oven Roasted and Salted 100g,fg?,,Y,,,,,,"MISSING (has BOM recipe, not in FG Master)",,,ARTICLE_NOT_IN_CATALOG; BOM_PARENT_NO_ROUTING
OTR Peanut Coated Pudina 180g,fg?,,Y,,,,,,"MISSING (has BOM recipe, not in FG Master)",,,ARTICLE_NOT_IN_CATALOG; BOM_PARENT_NO_ROUTING
OTR Peanut Coated Tandoori 180g,fg?,,Y,,,,,,"MISSING (has BOM recipe, not in FG Master)",,,ARTICLE_NOT_IN_CATALOG; BOM_PARENT_NO_ROUTING
OTR Pista Oven Roasted and Salted Pepper 80g,fg?,,Y,,,,,,"MISSING (has BOM recipe, not in FG Master)",,,ARTICLE_NOT_IN_CATALOG; BOM_PARENT_NO_ROUTING
OTR Pista Roasted and Salted 80g,fg?,,Y,,,,,,"MISSING (has BOM recipe, not in FG Master)",,,ARTICLE_NOT_IN_CATALOG; BOM_PARENT_NO_ROUTING
Paan Seasoning AB319,rm,,,Y,Y,rm,cfpl,,n/a,,,
Palm Oil,rm,,,Y,Y,rm,cfpl,,n/a,,,
Palmera Medjoul Wet Dates Grade A Jumbo 5kg,rm,,,,Y,rm,cdpl,,n/a,,,
Palmera Medjoul Wet Dates Grade A Small,rm,,,,Y,rm,cdpl,,n/a,,,
Palmera Medjoul Wet Dates Grade B Small,rm,,,,Y,rm,cdpl,,n/a,,,
Palmera Medjoul Wet Dates Grade C Mix,rm,,,,Y,rm,cdpl,,n/a,,,
Palmera Medjoul Wet Dates Premium Baby,rm,,,,Y,rm,cdpl,,n/a,,,
Palmera Medjoul Wet Dates Premiun Medium,rm,,,,Y,rm,cdpl,,n/a,,,
Pan Cranberry,fg,Y,Y,,Y,fg,cfpl,Flavouring + Packaging,routed,,Y,
Pan Raisin,fg,Y,Y,,Y,fg,cfpl,Flavouring (Bulk Packaging,routed,,Y,
Panch Mewa Mix Loose,fg,,Y,,Y,fg,cfpl,,"MISSING (has BOM recipe, not in FG Master)",,,BOM_PARENT_NO_ROUTING; CATALOG_FG_NOT_IN_FG_MASTER
Paneer Tikka Cashew,fg,,,,Y,fg,cfpl,,n/a,,,CATALOG_FG_NOT_IN_FG_MASTER
Paneer Tikka Seasoning,rm,,,,Y,rm,cfpl,,n/a,,,
Pani Puri Cashew,fg,,,,Y,fg,cfpl,,n/a,,,CATALOG_FG_NOT_IN_FG_MASTER
Panipuri Seasoning,rm,,,,Y,rm,cfpl,,n/a,,,
PEANUT BUTTER,fg,Y,Y,Y,Y,fg,cfpl,Flavouring (Bulk Packaging,routed,Y,Y,MULTILEVEL_SFG (component+has-BOM)
Peanut Coated Spanish Tomato,fg,Y,Y,,Y,fg,cfpl,Flavouring (Bulk Packaging,routed,,Y,
Peanut Crackers Chipotle Honey Bulk,fg,,Y,Y,Y,fg,cfpl,,"MISSING (has BOM recipe, not in FG Master)",Y,,BOM_PARENT_NO_ROUTING; MULTILEVEL_SFG (component+has-BOM); CATALOG_FG_NOT_IN_FG_MASTER; SFG_NOT_IN_WIP_SET
Peanut Crackers Smokey BBQ Bulk,fg,,Y,Y,Y,fg,cfpl,,"MISSING (has BOM recipe, not in FG Master)",Y,,BOM_PARENT_NO_ROUTING; MULTILEVEL_SFG (component+has-BOM); CATALOG_FG_NOT_IN_FG_MASTER; SFG_NOT_IN_WIP_SET
Peanut Spilit (Groundnut),rm,,,Y,Y,rm,cfpl,,n/a,,,
Peanuts,rm,,,Y,Y,rm,cfpl,,n/a,,,
Peanuts Coated Masala Loose,fg,,Y,,Y,fg,cfpl,,"MISSING (has BOM recipe, not in FG Master)",,,BOM_PARENT_NO_ROUTING; CATALOG_FG_NOT_IN_FG_MASTER
Pecan Grain Free Granola,fg,,Y,,Y,fg,cfpl,,"MISSING (has BOM recipe, not in FG Master)",,,BOM_PARENT_NO_ROUTING; CATALOG_FG_NOT_IN_FG_MASTER
Pecan Maple Glazed,fg,,Y,,Y,fg,cfpl,,"MISSING (has BOM recipe, not in FG Master)",,,BOM_PARENT_NO_ROUTING; CATALOG_FG_NOT_IN_FG_MASTER
Pecan Nuts,rm,Y,Y,Y,Y,rm,cfpl,Sorting (Bulk Packaging,routed,Y,,MULTILEVEL_SFG (component+has-BOM); SFG_NOT_IN_WIP_SET
Pecan Nuts Kernel Split,rm,,Y,Y,Y,rm,cfpl,,"MISSING (has BOM recipe, not in FG Master)",Y,,BOM_PARENT_NO_ROUTING; MULTILEVEL_SFG (component+has-BOM); SFG_NOT_IN_WIP_SET
Pecannut Flavoured Rose Mary Loose,fg,,Y,,Y,fg,cfpl,,"MISSING (has BOM recipe, not in FG Master)",,,BOM_PARENT_NO_ROUTING; CATALOG_FG_NOT_IN_FG_MASTER
Pecans Nuts Inshell,rm,,,,Y,rm,cfpl,,n/a,,,
Pecans Roasted and Salted,fg,Y,Y,,Y,fg,cfpl,Flavouring (Bulk Packaging,routed,,Y,
Peper Garlic Cashew,fg,Y,Y,,Y,fg,cfpl,Flavouring (Bulk Packaging,routed,,Y,
Pepper Cashew,fg,Y,Y,,Y,fg,cfpl,Flavouring (Bulk Packaging,routed,,Y,
Pepper Pista 100g Pet,fg,Y,Y,,Y,fg,cfpl,Flavouring + Packaging,routed,,,
Pepper Pista Inshell,fg,Y,Y,Y,Y,fg,cfpl,Flavouring (Bulk Packaging,routed,Y,Y,MULTILEVEL_SFG (component+has-BOM)
PEPPER SNACK MIX,fg,Y,Y,,Y,fg,cfpl,Flavouring (Bulk Packaging,routed,,Y,
Peri Peri Cashew,fg,Y,Y,,Y,fg,cfpl,Flavouring (Bulk Packaging,routed,,Y,
Peri Peri Cashew Bulk,fg,Y,Y,Y,Y,fg,cfpl,Flavouring + Roasting +Bulk Packaging,routed,Y,Y,MULTILEVEL_SFG (component+has-BOM)
Peri Peri Coated Peanuts 60gm,fg,,Y,,Y,fg,cfpl,,"MISSING (has BOM recipe, not in FG Master)",,,BOM_PARENT_NO_ROUTING; CATALOG_FG_NOT_IN_FG_MASTER
Peri Peri Liquid,rm,,,,Y,rm,cfpl,,n/a,,,
PERI PERI LIQUID - 4010003520,rm,,,,Y,rm,cfpl,,n/a,,,
Peri Peri Marination Seasoning,rm,,,Y,Y,rm,cfpl,,n/a,,,
Peri Peri Masala,rm,,,Y,Y,rm,cfpl,,n/a,,,
Peri Peri Pecannut,fg,Y,Y,,Y,fg,cfpl,Flavouring (Bulk Packaging,routed,,Y,
Peri Peri Trail Mix 150g,fg,,,,Y,fg,cfpl,,n/a,,,CATALOG_FG_NOT_IN_FG_MASTER
Pickwick 300g Roll Jar,rm,,,,Y,rm,cfpl,,n/a,,,
Pickwick Hollow Wafer Stick,rm,,,,Y,rm,cfpl,,n/a,,,
Pickwick Plain Wafers,rm,,,,Y,rm,cfpl,,n/a,,,
Pine Nut Kernel,rm,Y,Y,Y,Y,rm,cfpl,Sorting (Bulk Packaging,routed,Y,,MULTILEVEL_SFG (component+has-BOM); SFG_NOT_IN_WIP_SET
PINE NUT KERNELS ROASTED,rm,,,,Y,rm,cfpl,,n/a,,,
Pink Lipstick Pista Magaz Premium,rm,,,,Y,rm,cfpl,,n/a,,,
Pink Salt.,rm,,,Y,Y,rm,cfpl,,n/a,,,
Pink Salt Almonds Bulk,fg,Y,Y,Y,Y,fg,cfpl,Flavouring + Roasting +Bulk Packaging,routed,Y,Y,MULTILEVEL_SFG (component+has-BOM)
Pink Salt Pistachios 90gm,fg,Y,Y,,Y,fg,cfpl,Flavouring + Packaging,routed,,,
Pista Akbari 26-28 Count,rm,,,Y,Y,rm,cfpl,,n/a,,,
Pista Akbari Roasted and Salted,fg,Y,Y,Y,Y,fg,cfpl,Flavouring (Bulk Packaging,routed,Y,Y,MULTILEVEL_SFG (component+has-BOM)
Pista Inshell Iranian 26-28,rm,,,Y,Y,rm,cfpl,,n/a,,,
Pista Inshell Iranian Akbari 20-22 Count,rm,,,,Y,rm,cfpl,,n/a,,,
Pista Irani 101 Inshell,rm,,,Y,Y,rm,cfpl,,n/a,,,
Pista Irani 101 Inshell Roasted and salted,fg,Y,Y,,Y,fg,cfpl,Flavouring (Bulk Packaging,routed,,Y,
Pista Irani 999 Inshell,rm,,,Y,Y,rm,cfpl,,n/a,,,
Pista Irani Inshell,rm,,,Y,Y,rm,cfpl,,n/a,,,
Pista Irani Inshell Roasted and Salted,fg,Y,Y,Y,Y,fg,cfpl,Flavouring (Bulk Packaging,routed,Y,Y,MULTILEVEL_SFG (component+has-BOM)
Pista Irani Super Inshell,rm,,,,Y,rm,cfpl,,n/a,,,
Pista Kernal Roasted and Salted,fg,Y,Y,Y,Y,fg,cfpl,Flavouring (Bulk Packaging,routed,Y,,MULTILEVEL_SFG (component+has-BOM); SFG_NOT_IN_WIP_SET
Pista Kernal Tukda,rm,,,Y,Y,rm,cfpl,,n/a,,,
Pista Kernel,rm,Y,Y,Y,Y,rm,cfpl,Sorting (Bulk Packaging,routed,Y,,MULTILEVEL_SFG (component+has-BOM); SFG_NOT_IN_WIP_SET
Pista Kernel B,rm,,,,Y,rm,cfpl,,n/a,,,
Pista Magaz,rm,,,Y,Y,rm,cfpl,,n/a,,,
Pista Magaz Split California,rm,,,,Y,rm,cfpl,,n/a,,,
PISTA PERI PERI,fg,Y,Y,,Y,fg,cfpl,Flavouring (Bulk Packaging,routed,,Y,
Pista Shells / Kapchi,rm,,,,Y,rm,cfpl,,n/a,,,
Pista sliced,rm,,,,Y,rm,cfpl,,n/a,,,
PISTACHIO KERNEL-PISHORI,rm,,,Y,Y,rm,cfpl,,n/a,,,
Pistachio Kernenal-Rozi Salted,rm,,,,Y,rm,cfpl,,n/a,,,
PIYAROM DATES,rm,,,,Y,rm,cdpl,,n/a,,,
Pizza Flavoured Coated Peanuts,fg,,,,Y,fg,cfpl,,n/a,,,CATALOG_FG_NOT_IN_FG_MASTER
Pizza Flavoured Coated Peanuts 35gm,fg,,Y,,Y,fg,cfpl,,"MISSING (has BOM recipe, not in FG Master)",,,BOM_PARENT_NO_ROUTING; CATALOG_FG_NOT_IN_FG_MASTER
Pizza Flavoured Coated Peanuts Bulk,sfg?,,Y,Y,,,,,"MISSING (has BOM recipe, not in FG Master)",Y,,ARTICLE_NOT_IN_CATALOG; BOM_PARENT_NO_ROUTING; MULTILEVEL_SFG (component+has-BOM); SFG_NOT_IN_WIP_SET
Pizza Seasoning,rm,,,Y,Y,rm,cfpl,,n/a,,,
PL CALIFORNIA PRUNES 200G,fg,Y,Y,,Y,fg,cfpl,Sorting + Packaging,routed,,,
PL CLASSIC DATES 500G,fg,Y,Y,,Y,fg,cfpl+cdpl,Sorting + Packaging,routed,,,
PL DRIED BLUEBERRIES 100G,fg,Y,Y,,Y,fg,cfpl,Sorting + Packaging,routed,,,
PL SLICED CRANBERRIES 100G,fg,Y,Y,,Y,fg,cfpl,Sorting + Blanching + Slicing/Dicing/Slivering + Packaging,routed,,,
PL TURKEY APRICOTS 200G,fg,Y,Y,,Y,fg,cfpl,Sorting + Packaging,routed,,,
PL ZAHIDI DATES 500G,fg,Y,Y,,Y,fg,cfpl,Sorting + Packaging,routed,,,
Plain Almonds 75gm,fg,,Y,,Y,fg,cfpl,,"MISSING (has BOM recipe, not in FG Master)",,,BOM_PARENT_NO_ROUTING; CATALOG_FG_NOT_IN_FG_MASTER
Plain Coated Peanuts,fg,Y,Y,,Y,fg,cfpl,Flavouring (Bulk Packaging,routed,,Y,
Planck Foods Multi Millet 5 GC puffs 210g,fg,Y,Y,,Y,fg,cfpl,Sorting + Roasting + Packaging,routed,,,
Planck foods Quinoa puffs sour cream 30gm,fg,,,,Y,fg,cfpl,,n/a,,,CATALOG_FG_NOT_IN_FG_MASTER
PM - Café Galleria 162 x 255 h + gusset 45 mm + 45 mm,pm,,,Y,Y,pm,cfpl,,n/a,,,
PM - Diya Small,pm,,,Y,Y,pm,cfpl,,n/a,,,
PM - PLASTIC BAG SILVER WITH ZIPPER (230mmX300mm) - TPL,pm,,,,Y,pm,cfpl,,n/a,,,
"PM 24-15"" CT 303 Shrink Film , 11/12 micron-1900 Mtr",pm,,,,Y,pm,cfpl,,n/a,,,
PM24 - Carnival 4P Box Sleeve 360 gm,pm,,,,Y,pm,cfpl,,n/a,,,
PM24 - Carnival Printed Laminated Gold Premium Pouch Roll (80/100 gm) 190 mm,pm,,,,Y,pm,cfpl,,n/a,,,
PM24 - Carnival Roasted Makhana Pouch Roll 50 gm,pm,,,,Y,pm,cfpl,,n/a,,,
PM24 - Chat Makhana Pouch 60 gm,pm,,,,Y,pm,cfpl,,n/a,,,
PM24 - Green Pearl Pouch Roll 250 gm,pm,,,,Y,pm,cfpl,,n/a,,,
PM24 - Habit Potato Starch Pouch 200 gm,pm,,,,Y,pm,cfpl,,n/a,,,
PM24 - Happilo Pudina Peanut Pouch Roll 25 gm,pm,,,,Y,pm,cfpl,,n/a,,,
PM24 - Krack Nut Pudina Pataka (green) Pouch Roll 100 gm,pm,,,Y,Y,pm,cfpl,,n/a,,,
PM24 - Krack Nut Pudina Pataka (green) Pouch Roll 25 gm,pm,,,Y,Y,pm,cfpl,,n/a,,,
PM24 - Krack Nut Tandoori Toofan (orange) Pouch Roll 100 gm,pm,,,,Y,pm,cfpl,,n/a,,,
PM24 - Krack Nut Tandoori Toofan (orange) Pouch Roll 25 gm,pm,,,Y,Y,pm,cfpl,,n/a,,,
PM24 - Krack Nut Thai Firangi (red) Pouch Roll 100 gm,pm,,,Y,Y,pm,cfpl,,n/a,,,
PM24 - Krack Nut Thai Firangi (red) Pouch Roll 25 gm,pm,,,,Y,pm,cfpl,,n/a,,,
PM24 - LD Shrink Film 25 Inch 80 Mic,pm,,,,Y,pm,cfpl,,n/a,,,
PM24 - Makhana Pet 55 gm,pm,,,Y,Y,pm,cfpl,,n/a,,,
PM24 - Makhana Pet with Handle 125 gm,pm,,,Y,Y,pm,cfpl,,n/a,,,
PM24 - Ministry Of Nuts Cheese Cashew Pouch Roll 50 gm,pm,,,,Y,pm,cfpl,,n/a,,,
PM24 - Monocarton Partition 300 gm,pm,,,,Y,pm,cfpl,,n/a,,,
PM24 - More Choice 500 Gm Pouch Roll 500 gm,pm,,,,Y,pm,cfpl,,n/a,,,
PM24 - On The Run 5 Grain Cerial Chocolate Pack Of 6 300 gm,pm,,,,Y,pm,cfpl,,n/a,,,
PM24 - On The Run 5 Grain Cerial Original 35 gm,pm,,,Y,Y,pm,cfpl,,n/a,,,
PM24 - On The Run 5 Grain Cerial Original Pack Of 6 300 gm,pm,,,,Y,pm,cfpl,,n/a,,,
PM24 - Snactac Almond Pouch Roll 42 gm,pm,,,,Y,pm,cfpl,,n/a,,,
PM24 - Snactac Cahew Pouch Roll 36 gm,pm,,,,Y,pm,cfpl,,n/a,,,
PM24 - Snactac Carton Partition 300 gm,pm,,,,Y,pm,cfpl,,n/a,,,
PM24 - Snactac Pista Pouch Roll 30 gm,pm,,,,Y,pm,cfpl,,n/a,,,
PM24 - Tasties Barbeque Makhana Pouch Roll 25 gm,pm,,,,Y,pm,cfpl,,n/a,,,
PM24 - Tasties Chat Masala Makhana Pouch Roll 25 gm,pm,,,,Y,pm,cfpl,,n/a,,,
PM24 - Tasties Cheese Makhana Pouch Roll 25 gm,pm,,,,Y,pm,cfpl,,n/a,,,
PM24 - Tasties Peri Peri Makhana Pouch Roll 25 gm,pm,,,,Y,pm,cfpl,,n/a,,,
PM24 - Tasties Pudina Makhana Pouch Roll 25 gm,pm,,,,Y,pm,cfpl,,n/a,,,
PM24 - Tasties Pudina Pathaka Peanut Pouch Roll 25 gm,pm,,,Y,Y,pm,cfpl,,n/a,,,
PM24 - Tasties Tandoori Makhana Pouch Roll 25 gm,pm,,,,Y,pm,cfpl,,n/a,,,
PM24 - Tasties Tandoori Masala Peanut Pouch Roll 25 gm,pm,,,Y,Y,pm,cfpl,,n/a,,,
PM24 - Tasties Thai Spice Peanut Pouch Roll 25 gm,pm,,,Y,Y,pm,cfpl,,n/a,,,
PM24 - Unprinted Bopp Tape 100 gm,pm,,,,Y,pm,cfpl,,n/a,,,
PM24 -Deglet Nour Box 908g (Mono Carton),pm,,,,Y,pm,cfpl,,n/a,,,
"PM24 – Apollo Arabian Dates _3-Ply Printed Carton,",pm,,,Y,Y,pm,cfpl,,n/a,,,
PM24- 100x100mm-Chromo Labels -Plain Veg Mark,pm,,,,Y,pm,cfpl,,n/a,,,
PM24- 100x100mm-Chromo Labels -Veg Logo With Candor Print (Without Address),pm,,,,Y,pm,cfpl,,n/a,,,
PM24- 5 Ply CF21 Walnut Carton unprinted,pm,,,Y,Y,pm,cfpl,,n/a,,,
PM24- 50X25mm-Chromo Labels -Plain,pm,,,,Y,pm,cfpl,,n/a,,,
PM24- Al Barakah Medjoul Date Top 400gm,pm,,,,Y,pm,cfpl,,n/a,,,
PM24- Almonds Stand UP Pouch,pm,,,,Y,pm,cfpl,,n/a,,,
PM24- Curate Date Bite Assorted Flavour,pm,,,,Y,pm,cfpl,,n/a,,,
PM24- Curate Date Bite Classic Cardamon,pm,,,Y,Y,pm,cfpl,,n/a,,,
PM24- DMART Premia Nuts & Seeds Pouch 100 g,pm,,,Y,Y,pm,cfpl,,n/a,,,
PM24- On The Run Trail Mix Orange Pepper Laminate Roll 30 gm,pm,,,,Y,pm,cfpl,,n/a,,,
PM24- On The Run Trail Mix Peri Peri Laminate Roll 30 gm,pm,,,,Y,pm,cfpl,,n/a,,,
PM24- On The Run Trail Mix Thai Chilly Laminate Roll 30 gm,pm,,,,Y,pm,cfpl,,n/a,,,
PM24- On The Run Trail Mixes Indian Masala Laminate Roll 30 gm,pm,,,,Y,pm,cfpl,,n/a,,,
PM24- Pasting Work - Gift Items,pm,,,,Y,pm,cfpl,,n/a,,,
PM24- Pet & Cap Black Cube (Seedless Dates) (Cred) 250 gm,pm,,,,Y,pm,cfpl,,n/a,,,
PM24-(21O Pet) Top With Black Cap 150 gm,pm,,,Y,Y,pm,cfpl,,n/a,,,
PM24-(King Solomon) Medjoul Dates Bottom UnPrinted 1kg,pm,,,Y,Y,pm,cfpl,,n/a,,,
PM24-(King Solomon) Medjoul Dates Bottom Unprinted 500 gm,pm,,,Y,Y,pm,cfpl,,n/a,,,
PM24-100 Gm Glass Bottle-Medium Sized 100 gm,pm,,,,Y,pm,cfpl,,n/a,,,
PM24-100 Ml Yenki Jar Bottle 100 gm,pm,,,Y,Y,pm,cfpl,,n/a,,,
PM24-100 mm RO Caps Reliance PGP 1 Kg,pm,,,Y,Y,pm,cfpl,,n/a,,,
PM24-1000 Ml Oval Container-Habit Dates (White Jar With White Colour Lid). 900 gm,pm,,,,Y,pm,cfpl,,n/a,,,
PM24-100gm Pet-53mm neck with Cap & IW,pm,,,Y,Y,pm,cfpl,,n/a,,,
PM24-100Ml Yenki Jar Bottle Top 100 gm,pm,,,,Y,pm,cfpl,,n/a,,,
PM24-100mm Silver Cap for Glass Jar Reliance RGP 1 Kg,pm,,,,Y,pm,cfpl,,n/a,,,
PM24-100mm x 100mm Plain 1000 Label,pm,,,,Y,pm,cfpl,,n/a,,,
"PM24-100mm x 50mm 1000L 1 Core, Choromo Veg Logo 500 units",pm,,,,Y,pm,cfpl,,n/a,,,
PM24-10Kg Candor Print LD Pouch (18.5x26) 10 Kg,pm,,,Y,Y,pm,cfpl,,n/a,,,
PM24-10X12 Plain Pouch 1000 gm,pm,,,Y,Y,pm,cfpl,,n/a,,,
PM24-12 Dates Printed Box 12 pc,pm,,,Y,Y,pm,cfpl,,n/a,,,
PM24-12 Pc Cavity Printed Box 500 gm,pm,,,,Y,pm,cfpl,,n/a,,,
"PM24-13""CT 303 Shrink Film ( For 500 gm) Cryovac® Brand, 11/12 Micron-1900 Mtr. 500 gm",pm,,,Y,Y,pm,cfpl,,n/a,,,
"PM24-16"" CT 303 Shrink Film, Cryovac® Brand (11/12) Micron-1900 Mtr. 1000 gm",pm,,,,Y,pm,cfpl,,n/a,,,
PM24-18 Dates Sticker,pm,,,,Y,pm,cfpl,,n/a,,,
PM24-20 Cavity Blister,pm,,,,Y,pm,cfpl,,n/a,,,
"PM24-20"" CT 303 Shrink Film (11/12) Micron 1000 gm",pm,,,,Y,pm,cfpl,,n/a,,,
PM24-21 GM Date Bite Blister,pm,,,Y,Y,pm,cfpl,,n/a,,,
PM24-22 x 30 LD Liner -375 Guage 20 kg,pm,,,,Y,pm,cfpl,,n/a,,,
PM24-22 x 30 LD Liner -375 Guage 2000 gm,pm,,,,Y,pm,cfpl,,n/a,,,
PM24-24 X 36 PP Woven Bag Yellow,pm,,,,Y,pm,cfpl,,n/a,,,
PM24-24x36 PP Woven Bag Blue,pm,,,,Y,pm,cfpl,,n/a,,,
PM24-24x36 PP Woven Bag Brown,pm,,,,Y,pm,cfpl,,n/a,,,
"PM24-25""CT 303 Shrink Film",pm,,,,Y,pm,cfpl,,n/a,,,
PM24-3 Ply Carton Al Barakah Dates for 500 gm Green (420x310x110mm) 10 Kg,pm,,,Y,Y,pm,cfpl,,n/a,,,
PM24-3 Ply Carton Al Barakah for 500 gm pouch,pm,,,,Y,pm,cfpl,,n/a,,,
PM24-3 Ply Carton Arabian Dates Pouch 17 x 14.5 x 9.5 Plain 10 Kg gm,pm,,,,Y,pm,cfpl,,n/a,,,
PM24-3 Ply Carton BAPS 5000 gm,pm,,,Y,Y,pm,cfpl,,n/a,,,
PM24-3 Ply Carton Big Basket Tasties Master 12.5 x 6.75 x 8.5 cm 1200 gm,pm,,,,Y,pm,cfpl,,n/a,,,
PM24-3 Ply Carton Big Glass Bottle Carton / Partion 14.5 x 10 x 6.75 mm 1500 gm,pm,,,Y,Y,pm,cfpl,,n/a,,,
PM24-3 Ply Carton Black Berry/Cranberry 100 gm (D mart) Unprinted,pm,,,,Y,pm,cfpl,,n/a,,,
PM24-3 Ply Carton Carnival Anjeer Carton 10 Kg,pm,,,,Y,pm,cfpl,,n/a,,,
PM24-3 Ply Carton CF04 Medju0l 500gm 8 Kg (385X285X230mm)-Printed,pm,,,Y,Y,pm,cfpl,,n/a,,,
PM24-3 Ply Carton CF21 Walnut Carton (445X310X305MM)-Printed,pm,,,Y,Y,pm,cfpl,,n/a,,,
PM24-3 Ply Carton CF21 Walnut Carton (445X310X305MM)-Unprinted,pm,,,Y,Y,pm,cfpl,,n/a,,,
PM24-3 Ply Carton CF24 10 Kg (390x290x220mm) 10000 gm -Unprinted,pm,,,Y,Y,pm,cfpl,,n/a,,,
PM24-3 Ply Carton CF24 10 Kg (390x290x220mm) 10000 gm-Printed,pm,,,Y,Y,pm,cfpl,,n/a,,,
PM24-3 Ply Carton CF26 10 Kg (390x290x235mm) DMART-Unprinted,pm,,,,Y,pm,cfpl,,n/a,,,
PM24-3 Ply Carton CF27 (445x278x174mm) Royal Delight -Unprinted,pm,,,,Y,pm,cfpl,,n/a,,,
PM24-3 Ply Carton D Mart 5 Case Pack Krack Nut Carton,pm,,,,Y,pm,cfpl,,n/a,,,
PM24-3 Ply Carton Flower Hamper Inner,pm,,,,Y,pm,cfpl,,n/a,,,
PM24-3 Ply Carton Flower Hamper Outer,pm,,,,Y,pm,cfpl,,n/a,,,
PM24-3 Ply Carton for Small Glass Bottle with Partion 12 x 8 x 5 mm 3000 gm,pm,,,,Y,pm,cfpl,,n/a,,,
PM24-3 Ply Carton Karmiq Seed Outer Carton 5000 gm,pm,,,,Y,pm,cfpl,,n/a,,,
PM24-3 Ply Carton Kracknut 10000 gm,pm,,,Y,Y,pm,cfpl,,n/a,,,
PM24-3 Ply Carton Partition for 100 gm,pm,,,,Y,pm,cfpl,,n/a,,,
PM24-3 ply Carton Tasties 12.5 x 6.75 x 8.5 mm (for monocarton),pm,,,Y,Y,pm,cfpl,,n/a,,,
PM24-3 Ply Carton Vedaka Yellow Hamper 10000 gm,pm,,,,Y,pm,cfpl,,n/a,,,
PM24-3 Ply Carton-All Purpose,pm,,,,Y,pm,cfpl,,n/a,,,
PM24-3 Ply Cartons Reliance PGP For 500 gm Glass Jar (366x244x163mm),pm,,,,Y,pm,cfpl,,n/a,,,
PM24-3 Ply CF Carton CF02 Medjoul 1 Kg 390x300x170mm 8Kg,pm,,,Y,Y,pm,cfpl,,n/a,,,
PM24-3 Ply CF Carton CF25 Raisin,pm,,,,Y,pm,cfpl,,n/a,,,
PM24-3 Ply CF05 Al Barakah Fard Dates Carton 10Kg,pm,,,,Y,pm,cfpl,,n/a,,,
PM24-3 ply Curate Carton (C21)Printed 15 Kg,pm,,,Y,Y,pm,cfpl,,n/a,,,
PM24-3 Ply Curate Carton 10 Kg (CF24) Printed,pm,,,Y,Y,pm,cfpl,,n/a,,,
PM24-3 Ply D Mart Carton 5 Case Pack Kracknut Carton (432x330x165mm) 15 Kg,pm,,,Y,Y,pm,cfpl,,n/a,,,
PM24-3 Ply D Mart Carton Premia Party Mix 10000 gm,pm,,,Y,Y,pm,cfpl,,n/a,,,
PM24-3 Ply D Mart Carton Premia Pouch 100 gm 10 Kg (482X350X184MM OD),pm,,,,Y,pm,cfpl,,n/a,,,
PM24-3 Ply Del Monte Carton Arabian Dates Plain With Partition (for 500 gm) 10000 gm,pm,,,Y,Y,pm,cfpl,,n/a,,,
PM24-3 Ply Del Monte Carton  Arabian Dates Printed With Partition (500 gm) 10000 gm,pm,,,Y,Y,pm,cfpl,,n/a,,,
PM24-3 Ply DelMonte Carton Arabian Dates Printed With Partition (for 500 gm) 10000 gm,pm,,,,Y,pm,cfpl,,n/a,,,
PM24-3 Ply Ecom Carton 1000 gm,pm,,,,Y,pm,cfpl,,n/a,,,
PM24-3 Ply Ecom Carton 18 x 16 x 14 cm,pm,,,,Y,pm,cfpl,,n/a,,,
PM24-3 Ply Ecom Carton 3 Ply Date Syrup 18 x 16 x 14 cm,pm,,,,Y,pm,cfpl,,n/a,,,
PM24-3 Ply Ecom Carton Khalas 1000 gm,pm,,,,Y,pm,cfpl,,n/a,,,
PM24-3 Ply Ecom Carton NC05 Plain 500 gm 9.4 x4.5 x4.5,pm,,,,Y,pm,cfpl,,n/a,,,
PM24-3 Ply Ecom Carton Pista 800 gm,pm,,,,Y,pm,cfpl,,n/a,,,
PM24-3 Ply Ecom Hamper Carton 11 x 8.25 x 4.5 cm,pm,,,,Y,pm,cfpl,,n/a,,,
PM24-3 Ply Ecom Kimia Dates Carton,pm,,,,Y,pm,cfpl,,n/a,,,
PM24-3 Ply Habit Carton Printed 10 Kg,pm,,,,Y,pm,cfpl,,n/a,,,
PM24-3 Ply Habit Carton Unprinted 10 Kg,pm,,,,Y,pm,cfpl,,n/a,,,
PM24-3 Ply Habit Carton Unprinted 15 kg,pm,,,Y,Y,pm,cfpl,,n/a,,,
PM24-3 Ply Kimia Carton Dates,pm,,,,Y,pm,cfpl,,n/a,,,
PM24-3 Ply Krack Nut Monocarton Carton 10 Kg,pm,,,Y,Y,pm,cfpl,,n/a,,,
PM24-3 Ply Rajat Carton 20kg,pm,,,,Y,pm,cfpl,,n/a,,,
PM24-3 Ply Snactac Carton 10000 gm,pm,,,,Y,pm,cfpl,,n/a,,,
PM24-300 Dia Two Pc Tin Cans With Easy Peei Off + Plastic Lid 50 gm,pm,,,,Y,pm,cfpl,,n/a,,,
PM24-32x48 PP Polythene Liner Bag 50 Kg,pm,,,,Y,pm,cfpl,,n/a,,,
PM24-350 Ml Bottle Matki 350 ml,pm,,,,Y,pm,cfpl,,n/a,,,
PM24-350 Pet Top Silver With Lid 150 gm,pm,,,,Y,pm,cfpl,,n/a,,,
PM24-38x38 Label,pm,,,,Y,pm,cfpl,,n/a,,,
PM24-3D Transparent Pouch 250 gm,pm,,,,Y,pm,cfpl,,n/a,,,
PM24-3Ply American pecan carton with partition-CF02,pm,,,,Y,pm,cfpl,,n/a,,,
PM24-3ply Carton Royal Traditions Snack Mix Chapata 2.4kg,pm,,,,Y,pm,cfpl,,n/a,,,
PM24-3ply Carton Royal Traditions Snack Mix Masala Magic 2.4kg,pm,,,,Y,pm,cfpl,,n/a,,,
"PM24-40 Mic Preformed Heat Shrinkable Pvc Seal For Square Boxes (6""x6"") 3000 gm",pm,,,,Y,pm,cfpl,,n/a,,,
PM24-48x31 White Liner Bag,pm,,,,Y,pm,cfpl,,n/a,,,
PM24-48x32 PP Polythene Liner Bag 5 Kg,pm,,,Y,Y,pm,cfpl,,n/a,,,
PM24-5 Grain Cereal Granola (Standy Pouch) 300 gm Digital Dark Chocolate,pm,,,,Y,pm,cfpl,,n/a,,,
PM24-5 Grain Cereal Original (Standy Pouch) 300 gm Digital,pm,,,,Y,pm,cfpl,,n/a,,,
"PM24-5 Grain Cereal Printed Cup Pp, 5 Grain Cereal 50G-Original 50 gm",pm,,,,Y,pm,cfpl,,n/a,,,
"PM24-5 Grain Choclate Cereal Printed Cup Pp, 5 Grain Cereal 50G-Dark Chocolate 50 gm",pm,,,,Y,pm,cfpl,,n/a,,,
PM24-5 Kg Printed LD Pouch (14.25x18x325) 5 Kg,pm,,,,Y,pm,cfpl,,n/a,,,
PM24-5 Partition Season Greeting Corrogation Box Big Red 800 gm,pm,,,,Y,pm,cfpl,,n/a,,,
PM24-5 Ply Carnival Carton Ajwa(blister) 5 Kg,pm,,,,Y,pm,cfpl,,n/a,,,
PM24-5 Ply Carnival Carton Ajwa(blister) 5kg &Parti,pm,,,,Y,pm,cfpl,,n/a,,,
PM24-5 Ply Carton 530 X300 X275ID,pm,,,,Y,pm,cfpl,,n/a,,,
PM24-5 Ply Carton Al Barakah Date Powder,pm,,,Y,Y,pm,cfpl,,n/a,,,
PM24-5 Ply Carton Al Barakah Dates (430x283x137mm) Yellow 10 Kg,pm,,,,Y,pm,cfpl,,n/a,,,
PM24-5 Ply Carton Blissful,pm,,,,Y,pm,cfpl,,n/a,,,
PM24-5 Ply Carton Blueberry & Cranberry Pouch 5 Kg,pm,,,Y,Y,pm,cfpl,,n/a,,,
PM24-5 Ply Carton CF24 10kg (390X290X220) (D Mart)-Unprinted,pm,,,Y,Y,pm,cfpl,,n/a,,,
PM24-5 Ply Carton Golden Carnival (460x295x235mm) 15 Kg,pm,,,,Y,pm,cfpl,,n/a,,,
PM24-5 Ply Carton Good Life Chia Seeds 3 Kg,pm,,,,Y,pm,cfpl,,n/a,,,
PM24-5 Ply Carton Good Life Dates 15000 gm,pm,,,Y,Y,pm,cfpl,,n/a,,,
PM24-5 Ply Carton Good Life Other Seeds 3 Kg,pm,,,Y,Y,pm,cfpl,,n/a,,,
PM24-5 Ply Carton Nutraj Master Carton (460x360x195MM),pm,,,,Y,pm,cfpl,,n/a,,,
PM24-5 Ply Carton Seeds Pouch 5 Kg,pm,,,Y,Y,pm,cfpl,,n/a,,,
PM24-5 Ply Carton Silver Carnival (460x295x235mm)-15 Kg,pm,,,,Y,pm,cfpl,,n/a,,,
PM24-5 Ply Carton-All Purpose,pm,,,Y,Y,pm,cfpl,,n/a,,,
PM24-5 Ply CF Carton CF29 (455x345x170mm)-White 10 Kg,pm,,,,Y,pm,cfpl,,n/a,,,
PM24-5 Ply Del Monte Carton  Prunes 380 x 240 x 170mm 10000 gm,pm,,,Y,Y,pm,cfpl,,n/a,,,
PM24-5 Ply Diwali Carton (3P)  Hardik,pm,,,Y,Y,pm,cfpl,,n/a,,,
PM24-5 Ply Diwali Carton (4P),pm,,,Y,Y,pm,cfpl,,n/a,,,
PM24-5 Ply Diwali Carton 5Pet Hamper,pm,,,,Y,pm,cfpl,,n/a,,,
PM24-5 Ply Diwali Carton Celebration,pm,,,,Y,pm,cfpl,,n/a,,,
PM24-5 Ply Diwali Carton Mayur Ratna Big,pm,,,,Y,pm,cfpl,,n/a,,,
PM24-5 Ply Diwali Carton Mayur Ratna Small,pm,,,,Y,pm,cfpl,,n/a,,,
PM24-5 Ply Diwali Carton NWF 4P,pm,,,,Y,pm,cfpl,,n/a,,,
PM24-5 Ply Diwali Carton NWF 6P,pm,,,Y,Y,pm,cfpl,,n/a,,,
PM24-5 Ply Diwali Carton Royal Divine,pm,,,,Y,pm,cfpl,,n/a,,,
PM24-5 Ply Diwali Carton Sahi Upahar (Walmart),pm,,,,Y,pm,cfpl,,n/a,,,
PM24-5 Ply Diwali Carton Utsav (Walmart),pm,,,,Y,pm,cfpl,,n/a,,,
PM24-5 Ply Diwali Carton Vedaka Common,pm,,,Y,Y,pm,cfpl,,n/a,,,
PM24-5 Ply Diwali Carton Vedaka Rangoli,pm,,,Y,Y,pm,cfpl,,n/a,,,
PM24-500 Gm Blister Top/Bottom 500 gm,pm,,,Y,Y,pm,cfpl,,n/a,,,
PM24-500 Ml Oval Transparent Container With Lid-Dates 350/400 gm,pm,,,,Y,pm,cfpl,,n/a,,,
PM24-500 Ml Sqaure Pet-73 mm Neck With Trans Cap & Wad Square Bottle 250 gm,pm,,,,Y,pm,cfpl,,n/a,,,
PM24-50mm x 25mm 2AC Chromo Label 300 mt,pm,,,,Y,pm,cfpl,,n/a,,,
PM24-5PLY Cafe Coffe Day Carton,pm,,,,Y,pm,cfpl,,n/a,,,
PM24-5ply Carton D mart Premia Almond Salted 2.4kg,pm,,,Y,Y,pm,cfpl,,n/a,,,
PM24-5ply Carton D mart Premia Almond Smokes  2.4kg,pm,,,Y,Y,pm,cfpl,,n/a,,,
PM24-5ply Carton D mart Premia Cashew Black Pepper 2.4kg,pm,,,Y,Y,pm,cfpl,,n/a,,,
PM24-5ply Carton D mart Premia Cashew Salted 2.4kg,pm,,,Y,Y,pm,cfpl,,n/a,,,
PM24-5ply Carton D mart Premia Cranberries Chatpata 2.4kg,pm,,,Y,Y,pm,cfpl,,n/a,,,
PM24-5ply Carton D mart Qwik Snack Almonds Cashews Mix,pm,,,Y,Y,pm,cfpl,,n/a,,,
PM24-5ply Carton D mart Qwik Snack Cranberry Chatpata,pm,,,Y,Y,pm,cfpl,,n/a,,,
PM24-5Ply CF Carton CF31 10 Kg,pm,,,,Y,pm,cfpl,,n/a,,,
PM24-5ply Diwali Carton Supreme 579x470x318 (8000gm),pm,,,Y,Y,pm,cfpl,,n/a,,,
PM24-5ply Diwali Greetings Carton (6P-610x430x275 mm) 6720 gm,pm,,,Y,Y,pm,cfpl,,n/a,,,
PM24-5Ply Diwali Magic Movement HOH (4P),pm,,,Y,Y,pm,cfpl,,n/a,,,
PM24-5Ply Diwali Mahotsav HOH (4P),pm,,,,Y,pm,cfpl,,n/a,,,
PM24-5ply Diwali Moment Carton (3M-435x365x315 mm) 4800gm,pm,,,Y,Y,pm,cfpl,,n/a,,,
PM24-5Ply Diwali Shubhkamnaye HOH (3P),pm,,,,Y,pm,cfpl,,n/a,,,
PM24-5ply Diwali Shubkamnaye Carton (2P- 370x305x215) 3600 gm,pm,,,Y,Y,pm,cfpl,,n/a,,,
PM24-5ply Diwali Signature Carton M4,pm,,,Y,Y,pm,cfpl,,n/a,,,
PM24-5ply Diwali Signature Carton M4 5PLY (466 x 426 x 294),pm,,,,Y,pm,cfpl,,n/a,,,
PM24-5ply Diwali Uphar Carton,pm,,,Y,Y,pm,cfpl,,n/a,,,
PM24-600Ml Tub With Container Lid And Handle 250 gm,pm,,,Y,Y,pm,cfpl,,n/a,,,
PM24-63 mm Golden Cap 350 ml,pm,,,,Y,pm,cfpl,,n/a,,,
PM24-7 Ply Carton Case Pack 10 box of Energy Bar,pm,,,,Y,pm,cfpl,,n/a,,,
PM24-70 mm x30 mm Matt Inkjet,pm,,,,Y,pm,cfpl,,n/a,,,
PM24-700 Ml Round Pet-73 mm Neck-With Trans Cap & Wad Square Bottle 400 gm,pm,,,,Y,pm,cfpl,,n/a,,,
PM24-70mm x 80mm x 1 Ac Chromo Labels 500 Per Label Roll 250 gm,pm,,,,Y,pm,cfpl,,n/a,,,
PM24-8 Dates Printed Box 500 gm,pm,,,,Y,pm,cfpl,,n/a,,,
PM24-82 mm RO Caps Reliance PGP 500 gm aluminum,pm,,,,Y,pm,cfpl,,n/a,,,
PM24-83mm Round Pet Jar 1100 ml Cap Pet With Wad 500 gm,pm,,,,Y,pm,cfpl,,n/a,,,
PM24-Abjosh Manuka Pouch 100 gm,pm,,,Y,Y,pm,cfpl,,n/a,,,
PM24-Acrylic Stand For Display 100 gm,pm,,,,Y,pm,cfpl,,n/a,,,
PM24-Ahlan Dark Chocolate Dates Pouch 13 gm Digital,pm,,,,Y,pm,cfpl,,n/a,,,
PM24-Ahlan Milk Chocolate Dates Pouch 13 gm Digital,pm,,,,Y,pm,cfpl,,n/a,,,
PM24-Ahlan White Chocolate Dates Pouch 13 gm Digital,pm,,,,Y,pm,cfpl,,n/a,,,
PM24-Airbag Bubble Roll,pm,,,,Y,pm,cfpl,,n/a,,,
PM24-Airbag Pillow 200mm 50 Gsm 100 gm,pm,,,,Y,pm,cfpl,,n/a,,,
PM24-Airbag Pillow 400mm 70 Gsm 100 gm,pm,,,,Y,pm,cfpl,,n/a,,,
PM24-Ajfan Barbeque Trail Mix Nuts Composite Tin 100 gm,pm,,,,Y,pm,cfpl,,n/a,,,
PM24-Ajfan Caramel & Himayan Salted Trail Mix Nuts Composite Tin 100 gm,pm,,,,Y,pm,cfpl,,n/a,,,
PM24-Ajfan Premium Kimia Dates-500Gm 700 Ml Rct Tub With Purple Lid Transparent 500 gm,pm,,,,Y,pm,cfpl,,n/a,,,
PM24-Ajfan Roasted & Salted Trail Mix Nuts Composite Tin 100 gm,pm,,,,Y,pm,cfpl,,n/a,,,
PM24-Al Barakah (Seeded) Kalmi Dates Top 400 gm,pm,,,,Y,pm,cfpl,,n/a,,,
PM24-Al Barakah Ajwa Dates 400 gm,pm,,,Y,Y,pm,cfpl,,n/a,,,
PM24-Al Barakah Ajwa Dates Pouch-190mm x 115 mm-Sample Pouch 50 gm,pm,,,Y,Y,pm,cfpl,,n/a,,,
PM24-Al Barakah Date Delights Classic (Cardamom Flavour) Monocarton 210 gm,pm,,,,Y,pm,cfpl,,n/a,,,
PM24-Al Barakah Date Powder Pouch 250gm,pm,,,Y,Y,pm,cfpl,,n/a,,,
PM24-Al Barakah Dates Bottom Printed 250 gm,pm,,,,Y,pm,cfpl,,n/a,,,
PM24-Al Barakah Dates Bottom Printed 500 gm,pm,,,Y,Y,pm,cfpl,,n/a,,,
PM24-Al Barakah Fard Dates Pouch (185 x 235 mm) 500 gm,pm,,,Y,Y,pm,cfpl,,n/a,,,
PM24-Al Barakah Fard Delight Dates 500 gm Pouch Digital,pm,,,Y,Y,pm,cfpl,,n/a,,,
PM24-Al Barakah Golden Date Pouch 500 gm,pm,,,Y,Y,pm,cfpl,,n/a,,,
PM24-Al Barakah Khalas Dates 500 gm Pouch Digital,pm,,,Y,Y,pm,cfpl,,n/a,,,
PM24-Al Barakah Khalas Dates Pouch (185 x 235 mm) 500 gm,pm,,,,Y,pm,cfpl,,n/a,,,
PM24-Al Barakah Khalas Dates Pouch-Sample Pouch 30 gm,pm,,,Y,Y,pm,cfpl,,n/a,,,
PM24-Al Barakah Khneize Dates Pouch-(185 x 235 mm) 500 gm,pm,,,Y,Y,pm,cfpl,,n/a,,,
PM24-Al Barakah Khneize Dates Pouch-3 Dates-190mm x 115 mm-Sample Pouch 50 gm,pm,,,Y,Y,pm,cfpl,,n/a,,,
PM24-Al Barakah Kimia Dates Top 500 gm,pm,,,,Y,pm,cfpl,,n/a,,,
PM24-Al Barakah Kimia Dates Tub 700Ml-Square Container (Halal Logo) 500 gm,pm,,,,Y,pm,cfpl,,n/a,,,
PM24-Al Barakah Kimia Dates Tub 700Ml-Square Container 500 gm,pm,,,Y,Y,pm,cfpl,,n/a,,,
PM24-Al Barakah Mabroom Dates 400 gm,pm,,,,Y,pm,cfpl,,n/a,,,
PM24-Al barakah Medjoul Dates Top 500 gm,pm,,,Y,Y,pm,cfpl,,n/a,,,
PM24-Al Barakah Oman Date Pouch 500 gm,pm,,,Y,Y,pm,cfpl,,n/a,,,
PM24-Al Barakah Oman Dates Pouch 1kg,pm,,,,Y,pm,cfpl,,n/a,,,
PM24-AL Barakah Premium Seedless Dates Pouch 500 gm,pm,,,Y,Y,pm,cfpl,,n/a,,,
PM24-Al Barakah Safawi Dates Pouch 500 gm,pm,,,Y,Y,pm,cfpl,,n/a,,,
PM24-Al Barakah Safawi Dates-Sample Pouch 30 gm,pm,,,Y,Y,pm,cfpl,,n/a,,,
PM24-Al Barakah Seedless Kalmi Dates 400 gm,pm,,,,Y,pm,cfpl,,n/a,,,
PM24-Al Barakah Seedless Mabroom Dates 400 gm,pm,,,,Y,pm,cfpl,,n/a,,,
PM24-Al Barakah Seedless Safawi Dates 400 gm,pm,,,Y,Y,pm,cfpl,,n/a,,,
PM24-Al Barakakh Kimia Dates 500 gm Pouch Digital,pm,,,,Y,pm,cfpl,,n/a,,,
PM24-Al Barakha Arabian Dates Pouch 400gm,pm,,,Y,Y,pm,cfpl,,n/a,,,
PM24-All is Well Choco Crunch 180 gm Monocarton,pm,,,,Y,pm,cfpl,,n/a,,,
PM24-All is Well Choco Crunch Bar 30 gm Pouch Digital,pm,,,,Y,pm,cfpl,,n/a,,,
PM24-All Is Well Coffee Bites 10 gm Pouch Digital,pm,,,,Y,pm,cfpl,,n/a,,,
PM24-All Is Well Coffee Bites 60 gm Triangular Monocarton,pm,,,,Y,pm,cfpl,,n/a,,,
PM24-All is Well Fig And Dates 180 gm Monocarton,pm,,,,Y,pm,cfpl,,n/a,,,
PM24-All is Well Fig And Dates Bar 30 gm Pouch Digital,pm,,,,Y,pm,cfpl,,n/a,,,
PM24-All Is Well Hazelnut 180 gm Monocarton,pm,,,,Y,pm,cfpl,,n/a,,,
PM24-All Is Well Hazelnut Bar 30 gm Pouch Digital,pm,,,,Y,pm,cfpl,,n/a,,,
PM24-All is Well Oats And Aprictos 180 gm Monocarton,pm,,,,Y,pm,cfpl,,n/a,,,
PM24-All is Well Oats And Aprictos Bar 30 gm Pouch Digital,pm,,,,Y,pm,cfpl,,n/a,,,
PM24-Alpina Bbq Peanut Pouch 200 gm,pm,,,,Y,pm,cfpl,,n/a,,,
PM24-Alpina Honey Peanut Pouch 200 gm,pm,,,,Y,pm,cfpl,,n/a,,,
PM24-Aluminum Seal Big 430 ml,pm,,,,Y,pm,cfpl,,n/a,,,
PM24-Aluminum Seal Big 800 ml,pm,,,,Y,pm,cfpl,,n/a,,,
PM24-Aluminum Seal Small 180 gm,pm,,,,Y,pm,cfpl,,n/a,,,
"PM24-Amazon Brand-Kitchen Cheer Nuts, Berries And Seed Mix | 200G Pouch",pm,,,,Y,pm,cfpl,,n/a,,,
"PM24-Amazon Brand-Kitchen Cheer Nuts, Berries Mix | 200G Pouch",pm,,,,Y,pm,cfpl,,n/a,,,
"PM24-Amazon Brand-Kitchen Cheer Nuts, Dry Fruit Nut Mix | 200G Pouch",pm,,,,Y,pm,cfpl,,n/a,,,
"PM24-Amazon Brand-Kitchen Cheer Nuts, Seed Mix | 200G Pouch",pm,,,,Y,pm,cfpl,,n/a,,,
PM24-Amazon Prime BOPP Tape (72 mm x 65 mtr) 42 Mic - New,pm,,,,Y,pm,cfpl,,n/a,,,
PM24-Amery Dates Carton Label 8000 gm,pm,,,,Y,pm,cfpl,,n/a,,,
PM24-Anjeer 250 gm,pm,,,,Y,pm,cfpl,,n/a,,,
PM24-Anjeer 300 gm,pm,,,,Y,pm,cfpl,,n/a,,,
PM24-Anjeer Large Premium 250 gm,pm,,,,Y,pm,cfpl,,n/a,,,
PM24-Anjeer Monocarton (Cred) 200 gm,pm,,,,Y,pm,cfpl,,n/a,,,
PM24-Anjeer Monocarton 100 gm,pm,,,,Y,pm,cfpl,,n/a,,,
PM24-Apollo Standy Dates Pouch 500 gm,pm,,,Y,Y,pm,cfpl,,n/a,,,
PM24-Apricot Bottom 250 gm,pm,,,,Y,pm,cfpl,,n/a,,,
PM24-Arabian Dates Ajwa Dates Top 500 gm,pm,,,,Y,pm,cfpl,,n/a,,,
PM24-Arabian Dates Ameri Dates Top 500 gm,pm,,,,Y,pm,cfpl,,n/a,,,
PM24-Arabian Dates Deglet Dates Top 500 gm,pm,,,,Y,pm,cfpl,,n/a,,,
PM24-Arabian Dates Fardh Dates 500 gm,pm,,,,Y,pm,cfpl,,n/a,,,
PM24-Arabian Dates Khidri Dates 500 gm,pm,,,,Y,pm,cfpl,,n/a,,,
PM24-Arabian Dates Mabroom Dates Top 500 gm,pm,,,,Y,pm,cfpl,,n/a,,,
PM24-Arabian Dates Mazafati Dates 500 gm,pm,,,,Y,pm,cfpl,,n/a,,,
PM24-Arabian Dates Rabia Dates Top 500 gm,pm,,,,Y,pm,cfpl,,n/a,,,
PM24-Arabian Dates Safavi Dates Top 500 gm,pm,,,,Y,pm,cfpl,,n/a,,,
PM24-Arabian Dates Segai Dates 500 gm,pm,,,,Y,pm,cfpl,,n/a,,,
PM24-Arabian Dates Sukkari Dates Top 500 gm,pm,,,,Y,pm,cfpl,,n/a,,,
PM24-Australia Macadamia Dark Chocolate Clusters  Pouch,pm,,,Y,Y,pm,cfpl,,n/a,,,
PM24-Australia Macadamia Honey Roast Pouch,pm,,,Y,Y,pm,cfpl,,n/a,,,
PM24-Australia Macadamia Milk Chocolate Clusters  Pouch,pm,,,Y,Y,pm,cfpl,,n/a,,,
PM24-Australia Macadamia Sweet Chilli  Pouch,pm,,,Y,Y,pm,cfpl,,n/a,,,
PM24-Azmah Pouch 500 gm,pm,,,,Y,pm,cfpl,,n/a,,,
PM24-Azmah Pouches 500 gm (BOP Khandar),pm,,,,Y,pm,cfpl,,n/a,,,
PM24-Bag 12/19/30 x 350 Plastic Bags Plain / Printed 350 gm,pm,,,,Y,pm,cfpl,,n/a,,,
PM24-Bamboo Tongs 5 gm,pm,,,,Y,pm,cfpl,,n/a,,,
PM24-BAPS Choco Crunch Bar Pouch 30 gm Digital,pm,,,Y,Y,pm,cfpl,,n/a,,,
PM24-BAPS Choco Crunch Energy Bar Monocarton 180 gm,pm,,,,Y,pm,cfpl,,n/a,,,
PM24-BAPS Fig And Date Bar Pouch 30 gm Digital,pm,,,,Y,pm,cfpl,,n/a,,,
PM24-BAPS Fig And Date Energy Bar Monocarton 180 gm,pm,,,Y,Y,pm,cfpl,,n/a,,,
PM24-BAPS Fig And Date Energy Bar Pouch 30 gm,pm,,,Y,Y,pm,cfpl,,n/a,,,
PM24-BAPS Hazelnut Magic Bar Pouch 30 gm Digital,pm,,,,Y,pm,cfpl,,n/a,,,
PM24-BAPS Hazelnut Magic Energy Bar Monocarton 180 gm,pm,,,,Y,pm,cfpl,,n/a,,,
PM24-BAPS Oats & Apricot Energy Bar Monocarton 180 gm,pm,,,,Y,pm,cfpl,,n/a,,,
PM24-BAPS Oats And Apricot Bar Pouch 30 gm Digital,pm,,,,Y,pm,cfpl,,n/a,,,
PM24-BAPS-Choco Crunch Energy Bar Pouch 30 gm,pm,,,Y,Y,pm,cfpl,,n/a,,,
PM24-Baps-Choco Crunch-Roll Digital,pm,,,,Y,pm,cfpl,,n/a,,,
PM24-BAPS-Hazelnut Magic Energy Bar Pouch 30 gm,pm,,,Y,Y,pm,cfpl,,n/a,,,
PM24-BAPS-Oats And Apricot Energy Bar Pouch 30 gm,pm,,,Y,Y,pm,cfpl,,n/a,,,
PM24-Bar Candor Roll,pm,,,,Y,pm,cfpl,,n/a,,,
PM24-BB Royal Ajwa Dates 250 gm Tub,pm,,,Y,Y,pm,cfpl,,n/a,,,
PM24-BB Royal Ajwa Dates Back Label 500 gm,pm,,,,Y,pm,cfpl,,n/a,,,
PM24-BB Royal Ajwa Dates Tub 500 gm,pm,,,Y,Y,pm,cfpl,,n/a,,,
PM24-BB Royal Black Carton Label 8000 gm,pm,,,,Y,pm,cfpl,,n/a,,,
PM24-BB Royal Black Currant Label 100 gm,pm,,,Y,Y,pm,cfpl,,n/a,,,
PM24-BB Royal Black Currant Label 250 gm F800 /B930 /R770,pm,,,Y,Y,pm,cfpl,,n/a,,,
PM24-BB Royal Blue Carton Label 8000 gm,pm,,,,Y,pm,cfpl,,n/a,,,
PM24-BB Royal Blueberris Label 100 gm,pm,,,Y,Y,pm,cfpl,,n/a,,,
PM24-BB Royal Blueberry Set Label 250 gm F4000 /B2300 /R3100,pm,,,Y,Y,pm,cfpl,,n/a,,,
PM24-BB Royal Mazafati Dates 250 gm Tub,pm,,,,Y,pm,cfpl,,n/a,,,
PM24-Bb Royal Mazafati Dates Tub 250 gm,pm,,,Y,Y,pm,cfpl,,n/a,,,
PM24-BB Royal Mazafati Dates Tub 500 gm,pm,,,Y,Y,pm,cfpl,,n/a,,,
PM24-BB Royal Medjool Dates Front Label 500 gm,pm,,,,Y,pm,cfpl,,n/a,,,
PM24-Bb Royal Medjool Dates Tub 250 gm,pm,,,Y,Y,pm,cfpl,,n/a,,,
PM24-BB Royal Medjool Dates Tub 500 gm,pm,,,Y,Y,pm,cfpl,,n/a,,,
PM24-BB Royal Omani Dates Tub 250 gm,pm,,,Y,Y,pm,cfpl,,n/a,,,
PM24-BB Royal Omani Dates Tub 500 gm,pm,,,Y,Y,pm,cfpl,,n/a,,,
PM24-BB Royal Safavi Dates Front Label 500 gm,pm,,,,Y,pm,cfpl,,n/a,,,
PM24-BB Royal Safavi Dates Tub 250 gm,pm,,,Y,Y,pm,cfpl,,n/a,,,
PM24-BB Royal Safavi Dates Tub 500 gm,pm,,,Y,Y,pm,cfpl,,n/a,,,
PM24-Best Farms 100G Pouch -DF-1,pm,,,,Y,pm,cfpl,,n/a,,,
PM24-Big Basket-Red Dates Pouch 250 gm,pm,,,Y,Y,pm,cfpl,,n/a,,,
PM24-Big Basket-Red Dates Pouch 500 gm,pm,,,Y,Y,pm,cfpl,,n/a,,,
PM24-Biospark Hemp Seeds Barbeques Monocarton 60 gm,pm,,,,Y,pm,cfpl,,n/a,,,
PM24-Biospark Hemp Seeds Barbeques Pouch Roll 20 gm Digital,pm,,,,Y,pm,cfpl,,n/a,,,
PM24-Biospark Hemp Seeds Chilli Garlic Monocarton 60 gm,pm,,,,Y,pm,cfpl,,n/a,,,
PM24-Biospark Hemp Seeds Chilli Garlic Pouch Roll 20 gm Digital,pm,,,,Y,pm,cfpl,,n/a,,,
PM24-Biospark Hemp Seeds Lemon Pickle Monocarton 60 gm,pm,,,,Y,pm,cfpl,,n/a,,,
PM24-Biospark Hemp Seeds Lemon Pickle Pouch Roll 20 gm Digital,pm,,,,Y,pm,cfpl,,n/a,,,
PM24-Biospark Hemp Seeds Masala Monocarton 60 gm,pm,,,,Y,pm,cfpl,,n/a,,,
PM24-Biospark Hemp Seeds Masala Pouch Roll 20 gm Digital,pm,,,,Y,pm,cfpl,,n/a,,,
PM24-Biospark Hemp Seeds Mint Monocarton 60 gm,pm,,,,Y,pm,cfpl,,n/a,,,
PM24-Biospark Hemp Seeds Mint Pouch Roll 20 gm Digital,pm,,,,Y,pm,cfpl,,n/a,,,
PM24-Biospark Hemp Seeds Salted Monocarton 60 gm,pm,,,,Y,pm,cfpl,,n/a,,,
PM24-Biospark Hemp Seeds Salted Pouch Roll 20 gm Digital,pm,,,,Y,pm,cfpl,,n/a,,,
PM24-Biospark Hemp Seeds Tandoor Monocarton 60 gm,pm,,,,Y,pm,cfpl,,n/a,,,
PM24-Biospark Hemp Seeds Tandoor Pouch Roll 20 gm Digital,pm,,,,Y,pm,cfpl,,n/a,,,
PM24-Biospark Nutri Barbites Chocolate & Oats Monocarton 30 gm,pm,,,,Y,pm,cfpl,,n/a,,,
PM24-Biospark Nutri BARbites Chocolate & Oats Pouch Roll 10 gm Digital,pm,,,,Y,pm,cfpl,,n/a,,,
PM24-Biospark Nutri BARbites Dates & Nuts Monocarton 30 gm,pm,,,,Y,pm,cfpl,,n/a,,,
PM24-Biospark Nutri BARbites Dates & Nuts Pouch Roll 10 gm Digital,pm,,,,Y,pm,cfpl,,n/a,,,
PM24-Black Clip 250 gm,pm,,,Y,Y,pm,cfpl,,n/a,,,
PM24-Black Diamond /6 Dates Transparnt Top 250 gm,pm,,,,Y,pm,cfpl,,n/a,,,
PM24-Black Diamond Blister 250 gm,pm,,,,Y,pm,cfpl,,n/a,,,
PM24-Blue Laminate 180 mm 30 gm,pm,,,,Y,pm,cfpl,,n/a,,,
PM24-Blueberries Pouch (Reliance-unbranded) 100 gm,pm,,,Y,Y,pm,cfpl,,n/a,,,
PM24-Bopp Adhesive Tape,pm,,,,Y,pm,cfpl,,n/a,,,
"PM24-BOPP Adhesive Tape 3"" x 55 Mtr",pm,,,,Y,pm,cfpl,,n/a,,,
PM24-Bopp Adhesive Tape 48 mm-23 Micron-Unprinted,pm,,,,Y,pm,cfpl,,n/a,,,
PM24-Bopp Adhesive Tape Printed ( 60 mm x 650 Mtr ) for machine 500 gm,pm,,,,Y,pm,cfpl,,n/a,,,
PM24-Bottom Dates Plain 1 Kg,pm,,,Y,Y,pm,cfpl,,n/a,,,
PM24-Brown Pouch (Origin)100 gm,pm,,,,Y,pm,cfpl,,n/a,,,
PM24-Butter Paper 14970 gm,pm,,,,Y,pm,cfpl,,n/a,,,
PM24-Buy One Get One Free Label 500 gm,pm,,,,Y,pm,cfpl,,n/a,,,
PM24-Cafe Coffee Day Monocarton 300gm,pm,,,,Y,pm,cfpl,,n/a,,,
PM24-Cafe Coffee Day Nuts,pm,,,,Y,pm,cfpl,,n/a,,,
PM24-Cafe Coffee Day Nuts & Seeds Snack Bar Pouch 30gm,pm,,,,Y,pm,cfpl,,n/a,,,
PM24-Cafe Galleria Dry Fruit Pouch 250 gm,pm,,,Y,Y,pm,cfpl,,n/a,,,
PM24-Cafe Galleria Dry Fruit Pouch 500 gm Digital,pm,,,Y,Y,pm,cfpl,,n/a,,,
PM24-Caffine Rush Laminated 180 mm 30 gm,pm,,,,Y,pm,cfpl,,n/a,,,
PM24-Café Galleria Milan Tub Big Set 500 gm,pm,,,,Y,pm,cfpl,,n/a,,,
PM24-Café Galleria Specially Selected Dry Fruit Delux Pouch 250 gm,pm,,,,Y,pm,cfpl,,n/a,,,
PM24-Café Galleria Specially Selected Dry Fruit Delux Pouch 500 gm Digital,pm,,,,Y,pm,cfpl,,n/a,,,
PM24-Café Galleria Specially Selected Snack Roasted Pouch 500 gm Digital,pm,,,,Y,pm,cfpl,,n/a,,,
PM24-California Pistachio Roasted & Salted Monocarton (Cred) 200 gm,pm,,,,Y,pm,cfpl,,n/a,,,
PM24-Candor Pouch 5 Kg 4 Kg 5000 gm (D Mart),pm,,,,Y,pm,cfpl,,n/a,,,
PM24-Candor Tape Printed 60 mm,pm,,,,Y,pm,cfpl,,n/a,,,
PM24-Carnival Ajwa Dates Blister Octagon Set 400 gm,pm,,,,Y,pm,cfpl,,n/a,,,
PM24-Carnival Ajwa Dates Label Back 400 gm,pm,,,,Y,pm,cfpl,,n/a,,,
PM24-Carnival Almond 100 gm,pm,,,,Y,pm,cfpl,,n/a,,,
PM24-Carnival Almond 500 gm Monocarton,pm,,,,Y,pm,cfpl,,n/a,,,
PM24-Carnival Almond Choco Bite 100g (Dark Chocolate),pm,,,Y,Y,pm,cfpl,,n/a,,,
PM24-Carnival Almond Choco Bite 100g (Milk Chocolate),pm,,,Y,Y,pm,cfpl,,n/a,,,
PM24-Carnival Almond Choco Bite 100g (White Chocolate),pm,,,Y,Y,pm,cfpl,,n/a,,,
PM24-Carnival Almond Label 100 gm,pm,,,,Y,pm,cfpl,,n/a,,,
PM24-Carnival Almond Monocarton 250 gm,pm,,,,Y,pm,cfpl,,n/a,,,
PM24-Carnival Almond Pouch Roll (cred) 250 gm,pm,,,,Y,pm,cfpl,,n/a,,,
PM24-Carnival Almond Roasted Salted Pouch 250 gm,pm,,,Y,Y,pm,cfpl,,n/a,,,
PM24-Carnival Almonds (Cred) Monocarton 1000 gm,pm,,,Y,Y,pm,cfpl,,n/a,,,
PM24-Carnival Almonds Independence Monocarton (Cred) 200 gm,pm,,,Y,Y,pm,cfpl,,n/a,,,
PM24-Carnival Almonds Pouch (150mm x 230mm) 250 gm,pm,,,,Y,pm,cfpl,,n/a,,,
PM24-Carnival American Pecan Nut Monocarton (Cred) 200 gm,pm,,,,Y,pm,cfpl,,n/a,,,
PM24-Carnival Anjeer Blister 500 gm,pm,,,Y,Y,pm,cfpl,,n/a,,,
PM24-Carnival Anjeer Butterfly Blister Set 300 gm,pm,,,,Y,pm,cfpl,,n/a,,,
PM24-Carnival Anjeer Monocarton 250 gm,pm,,,,Y,pm,cfpl,,n/a,,,
PM24-Carnival Anjeer Small (Dried) (Cred) Monocarton 200 gm,pm,,,,Y,pm,cfpl,,n/a,,,
PM24-Carnival Apricot Monocarton (Cred) 200 gm,pm,,,,Y,pm,cfpl,,n/a,,,
PM24-Carnival Apricot Monocarton 250 gm,pm,,,Y,Y,pm,cfpl,,n/a,,,
PM24-Carnival Arabian Dates Pouch (160 x 240 mm) 350 gm,pm,,,Y,Y,pm,cfpl,,n/a,,,
PM24-Carnival Barbeque (Cred) Pouch 30 gm Digital,pm,,,,Y,pm,cfpl,,n/a,,,
PM24-Carnival Barbeque Cashew Pouch 250 gm Digital,pm,,,Y,Y,pm,cfpl,,n/a,,,
PM24-Carnival Berry Barbeque Trail Mix 200G Pre Printed Pouch ( 150mm x 225mm ) 200 gm,pm,,,,Y,pm,cfpl,,n/a,,,
PM24-Carnival Black Raisin Seedless Indian Pouch (150mm x 230mm) 200 gm Digital,pm,,,Y,Y,pm,cfpl,,n/a,,,
PM24-Carnival Blackcurrant Monocarton 250 gm,pm,,,Y,Y,pm,cfpl,,n/a,,,
PM24-Carnival Blue K Seal Standy Pouch (Pista Pouch) 1000 gm,pm,,,,Y,pm,cfpl,,n/a,,,
PM24-Carnival Blue Pouch Standee Zipper Pouch-135 x 185 mm 150 gm,pm,,,Y,Y,pm,cfpl,,n/a,,,
PM24-Carnival Blueberry Set 250 gm,pm,,,Y,Y,pm,cfpl,,n/a,,,
PM24-Carnival Brazil Nuts Monocarton (Cred) 250 gm,pm,,,,Y,pm,cfpl,,n/a,,,
PM24-Carnival Brazil Nuts Monocarton 250 gm,pm,,,Y,Y,pm,cfpl,,n/a,,,
PM24-Carnival California Almonds Independence (Cred) Pouch 1 kg,pm,,,Y,Y,pm,cfpl,,n/a,,,
PM24-Carnival California Pista Monocarton 100 gm,pm,,,,Y,pm,cfpl,,n/a,,,
PM24-Carnival California Pitted Prunes 250 gm,pm,,,Y,Y,pm,cfpl,,n/a,,,
PM24-Carnival California Roasted & Salted Pistachio With Barcode 250/200 gm,pm,,,,Y,pm,cfpl,,n/a,,,
PM24-Carnival California Roasted & Salted Pistachio Without Barcode 250/200 gm,pm,,,,Y,pm,cfpl,,n/a,,,
PM24-Carnival California Walnut Kernel (Cred) Monocarton 200 gm,pm,,,,Y,pm,cfpl,,n/a,,,
PM24-Carnival Cashew (W320) (Cred) Monocarton 200 gm,pm,,,Y,Y,pm,cfpl,,n/a,,,
PM24-Carnival Cashew 320 Pouch 1 kg,pm,,,,Y,pm,cfpl,,n/a,,,
PM24-Carnival Cashew 400 Monocarton (Cred) 200 gm,pm,,,,Y,pm,cfpl,,n/a,,,
PM24-Carnival Cashew Kani + Tukda Pouch 500 gm Digital,pm,,,,Y,pm,cfpl,,n/a,,,
PM24-Carnival Cashew Roasted Salted Pouch 250 gm,pm,,,Y,Y,pm,cfpl,,n/a,,,
PM24-Carnival Cashewnut Monocarton 250 gm,pm,,,,Y,pm,cfpl,,n/a,,,
PM24-Carnival Cashewnut Pouch (150mm x 230mm) 250 gm,pm,,,,Y,pm,cfpl,,n/a,,,
PM24-Carnival Chatpata Black Raisin 100 gm,pm,,,,Y,pm,cfpl,,n/a,,,
PM24-Carnival Chatpata Black Raisin Composite Tin With Tin Lid (74mmx130mm) 200 gm,pm,,,,Y,pm,cfpl,,n/a,,,
PM24-Carnival Chatpata Cranberry Composite Tin With Tin Lid (74mmx130mm) 200 gm,pm,,,Y,Y,pm,cfpl,,n/a,,,
PM24-Carnival Cheese Cashew Pouch 30 gm Digital,pm,,,,Y,pm,cfpl,,n/a,,,
PM24-Carnival Cheese Makhana Label 125 gm,pm,,,,Y,pm,cfpl,,n/a,,,
PM24-Carnival Cheese Makhana Label 55 gm,pm,,,,Y,pm,cfpl,,n/a,,,
PM24-Carnival Chia Seeds 100 gm,pm,,,Y,Y,pm,cfpl,,n/a,,,
PM24-Carnival Choco Almond Delight Monocartons 50 gm,pm,,,,Y,pm,cfpl,,n/a,,,
PM24-Carnival Classic 100 gm Roll,pm,,,Y,Y,pm,cfpl,,n/a,,,
PM24-Carnival Classic Anjeer Blister (Small) 250 gm,pm,,,,Y,pm,cfpl,,n/a,,,
PM24-Carnival Classic Printed Laminated Silver Pouch (115mm x 230mm) 500 gm,pm,,,Y,Y,pm,cfpl,,n/a,,,
PM24-Carnival Classic  Printed Laminated  Silver Pouch-80 x 200mm 250 gm,pm,,,Y,Y,pm,cfpl,,n/a,,,
PM24-Carnival coated Seeds Pouch 10 gm Digital,pm,,,,Y,pm,cfpl,,n/a,,,
PM24-Carnival Cocktail Mix 250 gm,pm,,,Y,Y,pm,cfpl,,n/a,,,
PM24-Carnival Cranberry slice 250 gm,pm,,,Y,Y,pm,cfpl,,n/a,,,
PM24-Carnival Cranberry Standy Pouch (115x160mm+60) 100 gm,pm,,,Y,Y,pm,cfpl,,n/a,,,
PM24-Carnival Cranberry Whole 250 gm,pm,,,Y,Y,pm,cfpl,,n/a,,,
PM24-Carnival Crunchy Caramel Trail Mix Pre Printed Pouch 200G ( 150mm x 225mm ) 200 gm,pm,,,Y,Y,pm,cfpl,,n/a,,,
PM24-Carnival Dates Bite Composite Tin With Tin Lid (127mmx160mm) Cred 200 gm,pm,,,,Y,pm,cfpl,,n/a,,,
PM24-Carnival Delux Blue Pouch 250 gm,pm,,,Y,Y,pm,cfpl,,n/a,,,
PM24-Carnival Dried Blueberry 100G Standup Pouch 100 gm,pm,,,Y,Y,pm,cfpl,,n/a,,,
PM24-Carnival Dried Blueberry 100G Standup Pouch Old 100 gm,pm,,,,Y,pm,cfpl,,n/a,,,
PM24-Carnival Dried Blueberry Whole Pouch 250 gm,pm,,,,Y,pm,cfpl,,n/a,,,
PM24-Carnival Dried Cranberry Slice,pm,,,,Y,pm,cfpl,,n/a,,,
PM24-Carnival Everyday Cashew Pouch 1 kg,pm,,,,Y,pm,cfpl,,n/a,,,
PM24-Carnival Flavoured Makgana Fox Nut Sample Pouch 10gm Digital,pm,,,,Y,pm,cfpl,,n/a,,,
PM24-Carnival Flax Seeds Roasted 100 Gm 100 gm,pm,,,Y,Y,pm,cfpl,,n/a,,,
PM24-Carnival Green Chilli Cashew Pouch 30 gm Digital,pm,,,Y,Y,pm,cfpl,,n/a,,,
PM24-Carnival Green K Seal Standy Pouch (Pista Pouch) 1000 gm,pm,,,,Y,pm,cfpl,,n/a,,,
PM24-Carnival Green Pouch Standee Zipper Pouch-135 x 185 mm 150 gm,pm,,,Y,Y,pm,cfpl,,n/a,,,
PM24-Carnival Green Raisin 250 Gm-Pouch 250 gm,pm,,,Y,Y,pm,cfpl,,n/a,,,
PM24-Carnival Green Raisin Pouch 1000 gm Digital,pm,,,,Y,pm,cfpl,,n/a,,,
PM24-Carnival Green Raisins 1Kg,pm,,,Y,Y,pm,cfpl,,n/a,,,
PM24-Carnival Grey Generic 1 Kg Pouch-Lpp Generic Standup Pouch 1 Kg (210x265mm) Grey 1000 gm,pm,,,,Y,pm,cfpl,,n/a,,,
PM24-Carnival Hazelnut Classic (Cred)Monocarton 200 gm,pm,,,,Y,pm,cfpl,,n/a,,,
PM24-Carnival Hazelnut Monocarton 200 gm,pm,,,Y,Y,pm,cfpl,,n/a,,,
PM24-Carnival Himalayan Salt & Pepper Pistachios Pouch Roll,pm,,,Y,Y,pm,cfpl,,n/a,,,
PM24-Carnival Himalayan Salt & Pepper Pistachios Standy Zipper Pouch,pm,,,Y,Y,pm,cfpl,,n/a,,,
PM24-Carnival Indian Black Raisin Monocarton 200 gm,pm,,,,Y,pm,cfpl,,n/a,,,
PM24-Carnival Indian Black Raisin Seedless Monocarton (Cred) 250 gm,pm,,,,Y,pm,cfpl,,n/a,,,
PM24-Carnival Indian Green Raisin (Cred) 1000 gm Monocarton,pm,,,,Y,pm,cfpl,,n/a,,,
PM24-Carnival Indian Green Raisin Pouch 900 gm Digital,pm,,,,Y,pm,cfpl,,n/a,,,
PM24-Carnival Indian Green Raisins (Cred) 250 gm Monocarton,pm,,,Y,Y,pm,cfpl,,n/a,,,
PM24-Carnival Indian Raisins Green 200 gm Monocarton,pm,,,,Y,pm,cfpl,,n/a,,,
PM24-Carnival Indian Seedless Black Raisin Pouch (150mm x 230mm) 250 gm,pm,,,,Y,pm,cfpl,,n/a,,,
PM24-Carnival Irani Roasted & Salted Pistachio Box Pouch With Zipper 250 gm,pm,,,,Y,pm,cfpl,,n/a,,,
PM24-Carnival Kashmir Kesar .05 gm,pm,,,,Y,pm,cfpl,,n/a,,,
PM24-Carnival Kashmir Kesar Blister 0.05 gm,pm,,,,Y,pm,cfpl,,n/a,,,
PM24-Carnival Kashmir Kesar Blister 1 gm,pm,,,,Y,pm,cfpl,,n/a,,,
PM24-Carnival Kashmir Kesar Dabbi 0.05 gm,pm,,,,Y,pm,cfpl,,n/a,,,
PM24-Carnival Kashmir Kesar Dabbi 1 gm,pm,,,,Y,pm,cfpl,,n/a,,,
PM24-Carnival Kashmir Kesar Monocarton 2 gm,pm,,,,Y,pm,cfpl,,n/a,,,
PM24-Carnival Kashmir Kesar Monocarton 5 gm,pm,,,,Y,pm,cfpl,,n/a,,,
PM24-Carnival Khalas (Cred) Monocarton,pm,,,,Y,pm,cfpl,,n/a,,,
PM24-Carnival Makhana Label Barbeque 125 gm,pm,,,,Y,pm,cfpl,,n/a,,,
PM24-Carnival Makhana Rejected Label 125 gm,pm,,,,Y,pm,cfpl,,n/a,,,
PM24-Carnival Mamra Almond Monocarton Red (Cred) 250 gm,pm,,,,Y,pm,cfpl,,n/a,,,
PM24-Carnival Maroon Standee Zipper Pouch-135 x 185 mm 150 gm,pm,,,,Y,pm,cfpl,,n/a,,,
PM24-Carnival Mocha Mojo Trail Mix Pre Printed Pouch 200G ( 150mm x 225mm ) 200 gm,pm,,,Y,Y,pm,cfpl,,n/a,,,
PM24-Carnival Mocho Moja Trail Mix Pouch 30 gm Digital,pm,,,,Y,pm,cfpl,,n/a,,,
PM24-Carnival Monocarton 100 gm,pm,,,,Y,pm,cfpl,,n/a,,,
PM24-Carnival Omani Dates (Cred) 200 gm Monocarton,pm,,,Y,Y,pm,cfpl,,n/a,,,
PM24-Carnival Orange Pouch Standee Zipper Pouch-135 x 185 mm 150 gm,pm,,,Y,Y,pm,cfpl,,n/a,,,
PM24-Carnival Paan Cranberry Pouch Roll 30 gm,pm,,,,Y,pm,cfpl,,n/a,,,
PM24-Carnival Pan Cranberry Roll Digital,pm,,,,Y,pm,cfpl,,n/a,,,
PM24-Carnival Pan Raisins Roll,pm,,,,Y,pm,cfpl,,n/a,,,
PM24-Carnival Pan Raisins Roll Digital,pm,,,,Y,pm,cfpl,,n/a,,,
PM24-Carnival Pecanuts Monocarton (Cred) 250 gm,pm,,,Y,Y,pm,cfpl,,n/a,,,
PM24-Carnival Pepper Cashew Pouch 250 gm Digital,pm,,,Y,Y,pm,cfpl,,n/a,,,
PM24-Carnival Pepper Cashew Pouch Roll 30 gm Digital,pm,,,,Y,pm,cfpl,,n/a,,,
PM24-Carnival Pepper Makhana Label 125 gm,pm,,,,Y,pm,cfpl,,n/a,,,
PM24-Carnival Peri Peri Cashew Pouch 250 gm Digital,pm,,,Y,Y,pm,cfpl,,n/a,,,
PM24-Carnival Peri Peri Makhana Label 125 gm,pm,,,,Y,pm,cfpl,,n/a,,,
PM24-Carnival Pet Label (230x60mm) 230/250 gm,pm,,,Y,Y,pm,cfpl,,n/a,,,
PM24-Carnival Pista Kernals 100 gm,pm,,,,Y,pm,cfpl,,n/a,,,
PM24-Carnival Pitted Prunes Set 250 gm,pm,,,,Y,pm,cfpl,,n/a,,,
PM24-Carnival Popcorn Makhana Label 125 gm,pm,,,,Y,pm,cfpl,,n/a,,,
PM24-Carnival Popcorn Makhana Label 55 gm,pm,,,,Y,pm,cfpl,,n/a,,,
PM24-Carnival Premium Mamra 250 gm Monocarton,pm,,,,Y,pm,cfpl,,n/a,,,
PM24-Carnival Printed Laminated Premium Gold Pouch (115mm x 230mm) 500 gm,pm,,,,Y,pm,cfpl,,n/a,,,
PM24-Carnival Printed Laminated Premium Gold Pouch 80 x 200 250 gm,pm,,,Y,Y,pm,cfpl,,n/a,,,
PM24-Carnival Printed(red) Transparent Pouch 100 gm old,pm,,,,Y,pm,cfpl,,n/a,,,
PM24-Carnival Pudina Almond Pouch 250 gm Digital,pm,,,,Y,pm,cfpl,,n/a,,,
PM24-Carnival Pudina Makhana Label 125 gm,pm,,,,Y,pm,cfpl,,n/a,,,
PM24-Carnival Pudina Makhana Label 55 gm,pm,,,,Y,pm,cfpl,,n/a,,,
PM24-Carnival Puffed Snack Sample Pouch 10 gm Digital,pm,,,,Y,pm,cfpl,,n/a,,,
PM24-Carnival Pumpkin Seeds 100Gm 100 gm,pm,,,,Y,pm,cfpl,,n/a,,,
PM24-Carnival Roasted Salted Macadamia Monocarton 250 gm,pm,,,Y,Y,pm,cfpl,,n/a,,,
PM24-Carnival Roasted Salted Pista Pouch 250 gm,pm,,,Y,Y,pm,cfpl,,n/a,,,
PM24-Carnival Roasted Salted Pistachio 100 gm Monocarton,pm,,,Y,Y,pm,cfpl,,n/a,,,
PM24-Carnival Roasted Salted Pistachio 250 gm Monocarton,pm,,,Y,Y,pm,cfpl,,n/a,,,
PM24-Carnival Rose Gold Standee Zipper Pouch-135 x 185 mm 150 gm,pm,,,Y,Y,pm,cfpl,,n/a,,,
PM24-Carnival Running Almonds (Cred) 200 gm Monocarton,pm,,,,Y,pm,cfpl,,n/a,,,
PM24-Carnival Seedless Black Raisin Pouch (150mm x 230mm) 250 gm,pm,,,,Y,pm,cfpl,,n/a,,,
PM24-Carnival Seedless Dates 350 gm Label,pm,,,,Y,pm,cfpl,,n/a,,,
PM24-Carnival Seeds Pouch 30 gm Digital,pm,,,,Y,pm,cfpl,,n/a,,,
PM24-Carnival Shubkamnaye 2P Box Set,pm,,,,Y,pm,cfpl,,n/a,,,
PM24-Carnival Silver Classic Pouch  100 gm,pm,,,Y,Y,pm,cfpl,,n/a,,,
PM24-Carnival Smoked Almonds Label 100 gm,pm,,,,Y,pm,cfpl,,n/a,,,
PM24-Carnival Smoked Almonds Pouch 250 gm Digital,pm,,,,Y,pm,cfpl,,n/a,,,
PM24-Carnival Spanish Tomato Flavour Pouch Roll 30 gm Digital,pm,,,,Y,pm,cfpl,,n/a,,,
PM24-Carnival Sunflower Seed 100 gm,pm,,,Y,Y,pm,cfpl,,n/a,,,
PM24-Carnival Sweet Pop Makhana Label 125 gm,pm,,,,Y,pm,cfpl,,n/a,,,
PM24-Carnival Thandai Mix 100 gm,pm,,,,Y,pm,cfpl,,n/a,,,
PM24-Carnival Thandai Monocarton,pm,,,,Y,pm,cfpl,,n/a,,,
PM24-Carnival Walnut Regular Monocarton (Cred) 250 gm,pm,,,Y,Y,pm,cfpl,,n/a,,,
PM24-Carnival Walnuts Preimum Monocarton 250 gm,pm,,,Y,Y,pm,cfpl,,n/a,,,
PM24-Carnival White Round Tub Label 250 gm,pm,,,,Y,pm,cfpl,,n/a,,,
PM24-Carnival-Green-StandyZipper Pouch-120×170 mm-Masala Masti Seed Mix7in1,pm,,,,Y,pm,cfpl,,n/a,,,
PM24-Carnival-Pink-StandyZipper Pouch-120×170 mm-Masala Masti Cranberry,pm,,,,Y,pm,cfpl,,n/a,,,
PM24-Carnival-Standy Zipper Pouch-120×170 mm-Black Pepper Cashew,pm,,,,Y,pm,cfpl,,n/a,,,
PM24-Carnival-Standy Zipper Pouch-120×170 mm-Roasted Salted Almond,pm,,,,Y,pm,cfpl,,n/a,,,
PM24-Carnival-Standy Zipper Pouch-120×170 mm-Roasted Salted Cashew,pm,,,,Y,pm,cfpl,,n/a,,,
PM24-Carton D Mart  Royal Traditions Mahotsav 500g x 10,pm,,,Y,Y,pm,cfpl,,n/a,,,
PM24-Carton D Mart  Royal Traditions Shubhkamna 300g x 14,pm,,,Y,Y,pm,cfpl,,n/a,,,
PM24-Carton D Mart  Royal Traditions Tyohar 400g x 14,pm,,,Y,Y,pm,cfpl,,n/a,,,
PM24-Carton D Mart  Royal Traditions Utsav 300g x 14,pm,,,Y,Y,pm,cfpl,,n/a,,,
PM24-Cbr-Pharma-For Kracknut 50 gm,pm,,,,Y,pm,cfpl,,n/a,,,
PM24-Chatpata Chaat 540mmx160mm 200 gm Pouch Digital,pm,,,,Y,pm,cfpl,,n/a,,,
PM24-Cheesy Mast 540mmx160mm 200 gm Pouch Digital,pm,,,,Y,pm,cfpl,,n/a,,,
PM24-Chef Pick 500 gm Roll,pm,,,Y,Y,pm,cfpl,,n/a,,,
PM24-Chef Pick Gold n White Generic Pouch roll 375 mm 500 gm,pm,,,,Y,pm,cfpl,,n/a,,,
PM24-Chile Walnuts (4P) (Cred) 200 gm,pm,,,,Y,pm,cfpl,,n/a,,,
PM24-Chilgoza Giri Pine Nut Kernel 250 gm,pm,,,,Y,pm,cfpl,,n/a,,,
PM24-Choco Almond Protein 10 Grm On The Run Choco Almond Protein Bar Printed Laminated Pouch Roll-10 Gm (105 mm x 190 mm) 40 gm,pm,,,,Y,pm,cfpl,,n/a,,,
PM24-Choco Berry Bite Monocarton 30 gm,pm,,,,Y,pm,cfpl,,n/a,,,
PM24-Chocolate Coated Date Blister,pm,,,,Y,pm,cfpl,,n/a,,,
PM24-Chocolate Protein Bar 500 gm,pm,,,,Y,pm,cfpl,,n/a,,,
PM24-Cic-Pharma-For Kracknut 50 gm,pm,,,,Y,pm,cfpl,,n/a,,,
PM24-Cilicant Pouch Moisture Absorber 2G 2 gm,pm,,,,Y,pm,cfpl,,n/a,,,
PM24-Cococart Masala Masti Trial Mix Pouch Digital,pm,,,,Y,pm,cfpl,,n/a,,,
PM24-Cococart-Almond And Coffee Digital,pm,,,,Y,pm,cfpl,,n/a,,,
PM24-Cococart-Almond And Orange Digital,pm,,,Y,Y,pm,cfpl,,n/a,,,
PM24-Cococart-Almond Cranberry Digital,pm,,,Y,Y,pm,cfpl,,n/a,,,
PM24-Cococart-Fruit And Nut Digital,pm,,,Y,Y,pm,cfpl,,n/a,,,
PM24-Cococart-Raspberry Almond Digital,pm,,,Y,Y,pm,cfpl,,n/a,,,
PM24-Cococart-Rose And Pista Digital,pm,,,,Y,pm,cfpl,,n/a,,,
PM24-Coffee Bite 30 gm,pm,,,,Y,pm,cfpl,,n/a,,,
"PM24-Cold Transfer Security Hologram 20mmx30mm,24Ups Rectangle Sha Azmah 500 gm",pm,,,,Y,pm,cfpl,,n/a,,,
"PM24-Cold Transfer Security Hologram 20mmx30mm,24Ups Rectangle Sha Dilkash 500 gm",pm,,,,Y,pm,cfpl,,n/a,,,
"PM24-Cold Transfer Security Hologram 20mmx30mm,35Ups-King Solomon Original 500 gm",pm,,,,Y,pm,cfpl,,n/a,,,
PM24-Combo Pack 1000 gm,pm,,,,Y,pm,cfpl,,n/a,,,
PM24-Composite Tin 99 mm(Dia)*180 mm(H) White-Sample 85 gm,pm,,,,Y,pm,cfpl,,n/a,,,
PM24-Composite Tin With Tin Lid 200 gm,pm,,,Y,Y,pm,cfpl,,n/a,,,
PM24-Corrugated Box-1Kg Bottom Plain 3Ply,pm,,,,Y,pm,cfpl,,n/a,,,
PM24-Courier Bags 8x10 No Pod 500 gm,pm,,,,Y,pm,cfpl,,n/a,,,
PM24-Cranberries Pouch (Reliance-no brand) 100 gm,pm,,,,Y,pm,cfpl,,n/a,,,
PM24-Cranberries Pouch (Reliance-unbranded) 100 gm,pm,,,Y,Y,pm,cfpl,,n/a,,,
PM24-Cranberry Label 100 gm,pm,,,Y,Y,pm,cfpl,,n/a,,,
PM24-Cranberry Set Label 250 gm,pm,,,Y,Y,pm,cfpl,,n/a,,,
PM24-Cranberry Set Label 250 gm Carnival,pm,,,,Y,pm,cfpl,,n/a,,,
PM24-Cred/HOH Fard Dates Label 1kg,pm,,,,Y,pm,cfpl,,n/a,,,
PM24-Crunchy Granola Iron Rich Kakvi (Standy Pouch) 250 gm,pm,,,,Y,pm,cfpl,,n/a,,,
PM24-Curate Ajwa Top 500 gm,pm,,,,Y,pm,cfpl,,n/a,,,
PM24-Curate Anjeer Jumbo Label 250 gm,pm,,,,Y,pm,cfpl,,n/a,,,
PM24-Curate Anjeer Label  250 gm,pm,,,Y,Y,pm,cfpl,,n/a,,,
PM24-Curate Anjeer Monocarton 200 gm,pm,,,Y,Y,pm,cfpl,,n/a,,,
PM24-Curate Apricot Jardalu Label 550 gm,pm,,,,Y,pm,cfpl,,n/a,,,
PM24-Curate Assorted Top 500G 500 gm,pm,,,,Y,pm,cfpl,,n/a,,,
PM24-Curate BOPP Adhesive Tape (60mm x 65 mt),pm,,,,Y,pm,cfpl,,n/a,,,
PM24-Curate Cashew 250 gm Label,pm,,,Y,Y,pm,cfpl,,n/a,,,
PM24-Curate Cashew Label  550 gm,pm,,,Y,Y,pm,cfpl,,n/a,,,
PM24-Curate Cashew Monocarton 200 gm,pm,,,Y,Y,pm,cfpl,,n/a,,,
PM24-Curate Cashew Monocarton 500 gm,pm,,,Y,Y,pm,cfpl,,n/a,,,
PM24-Curate Cranberry Whole Label  300 gm,pm,,,Y,Y,pm,cfpl,,n/a,,,
PM24-Curate Date Bite-Assorted Monocarton 2 x 210 gm,pm,,,,Y,pm,cfpl,,n/a,,,
PM24-Curate Date Bite-Classic Monocarton 210 gm,pm,,,,Y,pm,cfpl,,n/a,,,
PM24-Curate Date Bite-Rose Monocarton 210 gm,pm,,,Y,Y,pm,cfpl,,n/a,,,
PM24-Curate Dates Bottom Printed 500 gm,pm,,,Y,Y,pm,cfpl,,n/a,,,
PM24-Curate Fard Dates With Lid Black Tub-Square Container-Reliance PGP 500 gm,pm,,,,Y,pm,cfpl,,n/a,,,
PM24-Curate Hazelnut Monocarton 200 gm,pm,,,Y,Y,pm,cfpl,,n/a,,,
PM24-Curate Kimia Dates Sqaure Tub Curate PGP 500 gm,pm,,,,Y,pm,cfpl,,n/a,,,
PM24-Curate Kimia Dates With Lid Black Tub Curate-Square Container-Reliance PGP 500 gm,pm,,,,Y,pm,cfpl,,n/a,,,
PM24-Curate Macadamia Nuts Monocarton 200 gm,pm,,,Y,Y,pm,cfpl,,n/a,,,
PM24-Curate Mamra Almond Label 250 gm,pm,,,Y,Y,pm,cfpl,,n/a,,,
PM24-Curate Mamra Almond Label 600 gm,pm,,,Y,Y,pm,cfpl,,n/a,,,
PM24-Curate Mamra Almond Monocarton 200 gm,pm,,,Y,Y,pm,cfpl,,n/a,,,
PM24-Curate Mamra Almond Monocarton 500 gm,pm,,,Y,Y,pm,cfpl,,n/a,,,
PM24-Curate Medjoul Dates Top 500 gm,pm,,,,Y,pm,cfpl,,n/a,,,
PM24-Curate Oriental Dates Top 500 gm,pm,,,Y,Y,pm,cfpl,,n/a,,,
PM24-Curate Oriental Dates Tub 500 Gm,pm,,,,Y,pm,cfpl,,n/a,,,
PM24-Curate Pista Akbari Label 250 gm,pm,,,,Y,pm,cfpl,,n/a,,,
PM24-Curate Pista Akbari Label 550 gm,pm,,,,Y,pm,cfpl,,n/a,,,
PM24-Curate Pista Peshawari Label 300 gm,pm,,,Y,Y,pm,cfpl,,n/a,,,
PM24-Curate Pista Peshawari Monocarton 200 gm,pm,,,Y,Y,pm,cfpl,,n/a,,,
PM24-Curate Pitted Prunes Monocarton 200 gm,pm,,,Y,Y,pm,cfpl,,n/a,,,
PM24-Curate Prunes Label 300 gm,pm,,,Y,Y,pm,cfpl,,n/a,,,
PM24-Curate Roasted Hazelnut 250 gm Label,pm,,,Y,Y,pm,cfpl,,n/a,,,
PM24-Curate Round Label Big 250 gm,pm,,,,Y,pm,cfpl,,n/a,,,
PM24-Curate Round Label Small 550 gm,pm,,,,Y,pm,cfpl,,n/a,,,
PM24-Curate Safavi Top 500 gm,pm,,,,Y,pm,cfpl,,n/a,,,
PM24-Curate Sandhukani Kismis Label 600 gm,pm,,,,Y,pm,cfpl,,n/a,,,
PM24-Curate Whole Blueberry Monocarton 200 gm,pm,,,Y,Y,pm,cfpl,,n/a,,,
PM24-Curate Whole Cranberry Monocarton 200 gm,pm,,,Y,Y,pm,cfpl,,n/a,,,
PM24-Curate-Date Bite Blisters / Top DM03,pm,,,Y,Y,pm,cfpl,,n/a,,,
PM24-D Cut Bags 11x16 Inch ( Kingdom Of Dates ) 500 gm,pm,,,,Y,pm,cfpl,,n/a,,,
PM24-D Cut Pouch-136x280mm+80mm 1000 gm,pm,,,,Y,pm,cfpl,,n/a,,,
PM24-D M 10 Gm Inner Tray 210 gm,pm,,,,Y,pm,cfpl,,n/a,,,
PM24-D M 10 Gm Inner Tray 210 gm (blister),pm,,,Y,Y,pm,cfpl,,n/a,,,
PM24-D M 10 Gm Inner Tray 210 gm (Top),pm,,,,Y,pm,cfpl,,n/a,,,
PM24-D M 10 gm Tray,pm,,,,Y,pm,cfpl,,n/a,,,
PM24-D M 25 Gm Inner Tray 350 gm (blister),pm,,,Y,Y,pm,cfpl,,n/a,,,
PM24-D Mart 210 ML EMPTY PET CANS - 100gm,pm,,,Y,Y,pm,cfpl,,n/a,,,
PM24-D Mart Carton Celebration Pack 400 g x 15 (pet) (610x425x315mm),pm,,,,Y,pm,cfpl,,n/a,,,
PM24-D Mart Healthy Choice 5 In 1 Seeds Mix 200g Standy Zipper Pouch,pm,,,Y,Y,pm,cfpl,,n/a,,,
PM24-D Mart Healthy Choice Chia Seeds 100g (115x160mm) Standy Pouch,pm,,,Y,Y,pm,cfpl,,n/a,,,
PM24-D Mart Healthy Choice Roasted Chia Seeds 200g Standy Zipper Pouch,pm,,,Y,Y,pm,cfpl,,n/a,,,
PM24-D Mart Healthy Choice Roasted Pumpkin Seeds 100g (115x160mm) Standy Pouch,pm,,,Y,Y,pm,cfpl,,n/a,,,
PM24-D Mart Healthy Choice Roasted Pumpkin Seeds 200g Standy Zipper Pouch,pm,,,Y,Y,pm,cfpl,,n/a,,,
PM24-D Mart Healthy Choice Roasted Sunflower Seeds 100g (115x160mm) Standy Pouch,pm,,,Y,Y,pm,cfpl,,n/a,,,
PM24-D Mart Healthy Choice Roasted Sunflower Seeds 200g Standy Zipper Pouch,pm,,,Y,Y,pm,cfpl,,n/a,,,
PM24-D Mart Healthy Choice Roasted Watermelon Seeds 100g (115x160mm) Standy Pouch,pm,,,Y,Y,pm,cfpl,,n/a,,,
PM24-D Mart Healthy Choice Roasted Watermelon Seeds 200g Standy Zipper Pouch,pm,,,Y,Y,pm,cfpl,,n/a,,,
PM24-D Mart INDUCTION WAD FOR 210 ML PET CANS- 100gm,pm,,,Y,Y,pm,cfpl,,n/a,,,
PM24-D Mart Pet Caps For 210 ml Pet 100 gm,pm,,,Y,Y,pm,cfpl,,n/a,,,
PM24-D Mart Premia Almonds Salted Standy Pouch 100 gm,pm,,,Y,Y,pm,cfpl,,n/a,,,
PM24-D Mart Premia Black Pepper Cashew Pouch 100 gm,pm,,,Y,Y,pm,cfpl,,n/a,,,
PM24-D Mart Premia Breakfast Mix Standy Pouch 100 gm,pm,,,Y,Y,pm,cfpl,,n/a,,,
PM24-D Mart Premia Cashew Black Pepper 100 gm,pm,,,,Y,pm,cfpl,,n/a,,,
PM24-D Mart Premia Cashews Salted Label  100 gm,pm,,,Y,Y,pm,cfpl,,n/a,,,
PM24-D Mart Premia Cashews Salted Standy Pouch 100 gm.,pm,,,Y,Y,pm,cfpl,,n/a,,,
PM24-D Mart Premia Chatpata Cranberry Standy Pouch 100 gm,pm,,,,Y,pm,cfpl,,n/a,,,
PM24-D Mart Premia Cranberries Chatpata Standy Pouch 100g,pm,,,Y,Y,pm,cfpl,,n/a,,,
PM24-D Mart Premia Cranberry Label 100 gm,pm,,,Y,Y,pm,cfpl,,n/a,,,
PM24-D Mart Premia Dried Blueberry Standy Pouch 100 gm,pm,,,Y,Y,pm,cfpl,,n/a,,,
PM24-D Mart Premia Dried Cranberry Standy Pouch (115x160mm+60) 100 gm,pm,,,Y,Y,pm,cfpl,,n/a,,,
PM24-D Mart Premia Nuts & Seeds 100 gm,pm,,,,Y,pm,cfpl,,n/a,,,
PM24-D Mart Premia Nuts And Seed Mix 100 gm,pm,,,,Y,pm,cfpl,,n/a,,,
PM24-D Mart Premia Prunes 100 gm,pm,,,Y,Y,pm,cfpl,,n/a,,,
PM24-D Mart Premia Raisins Plain Label 100 gm,pm,,,Y,Y,pm,cfpl,,n/a,,,
PM24-D Mart Premia Salted Almond Standy Pouch 100 gm,pm,,,,Y,pm,cfpl,,n/a,,,
PM24-D Mart Premia Smoked Almond 100 gm,pm,,,Y,Y,pm,cfpl,,n/a,,,
PM24-D Mart Premia Trail Mix 100 gm,pm,,,Y,Y,pm,cfpl,,n/a,,,
PM24-D Mart Qwik Snax Monocarton,pm,,,Y,Y,pm,cfpl,,n/a,,,
PM24-D Mart Royal Traditional Almonds  100g (115x160mm) Pouch,pm,,,Y,Y,pm,cfpl,,n/a,,,
PM24-D Mart Royal Traditional Almonds Salted 100g (115x160mm) Pouch,pm,,,Y,Y,pm,cfpl,,n/a,,,
PM24-D Mart Royal Traditional Cashew 100g (115x160mm) Pouch,pm,,,Y,Y,pm,cfpl,,n/a,,,
PM24-D Mart Royal Traditional Cashew Black Pepper 100g (115x160mm) Pouch,pm,,,Y,Y,pm,cfpl,,n/a,,,
PM24-D Mart Royal Traditional Cashew Salted 100g (115x160mm) Pouch,pm,,,Y,Y,pm,cfpl,,n/a,,,
PM24-D Mart Royal Traditional Cranberries 100g (115x160mm) Pouch,pm,,,Y,Y,pm,cfpl,,n/a,,,
PM24-D Mart Royal Traditional Raisin Plain 100g (115x160mm) Pouch,pm,,,Y,Y,pm,cfpl,,n/a,,,
PM24-Date A Chocolate 30 gm Pouch Digital,pm,,,,Y,pm,cfpl,,n/a,,,
PM24-Date Blister Top n Bottom 300 gm,pm,,,,Y,pm,cfpl,,n/a,,,
PM24-Date Blister Top n Bottom 500 gm,pm,,,,Y,pm,cfpl,,n/a,,,
PM24-Date Delight Classic,pm,,,,Y,pm,cfpl,,n/a,,,
PM24-Date Delight Classic Monocarton,pm,,,,Y,pm,cfpl,,n/a,,,
PM24-Dates Ball Blister 200 gm,pm,,,,Y,pm,cfpl,,n/a,,,
PM24-Dates Bottom UnPrinted 250 gm,pm,,,,Y,pm,cfpl,,n/a,,,
PM24-Dates Bottom with Partition UnPrinted 5kg,pm,,,,Y,pm,cfpl,,n/a,,,
PM24-Dates Delight Pvc Box 375 gm,pm,,,Y,Y,pm,cfpl,,n/a,,,
PM24-Del Monte Arabian Dates Pouch 500 gm,pm,,,Y,Y,pm,cfpl,,n/a,,,
PM24-Del Monte Arabian Dates Promo Pouch 200 gm,pm,,,Y,Y,pm,cfpl,,n/a,,,
PM24-Del Monte Arabian Dates Promo Pouch 500 gm,pm,,,Y,Y,pm,cfpl,,n/a,,,
PM24-Del Monte Arabian Fard Dates Pouch 200 gm,pm,,,Y,Y,pm,cfpl,,n/a,,,
PM24-Del Monte BOPP Adhesive Tape (60 mm x 65 mt),pm,,,,Y,pm,cfpl,,n/a,,,
PM24-Del Monte Dried Cranberries Zipper Pouch 130 gm,pm,,,Y,Y,pm,cfpl,,n/a,,,
PM24-Del Monte Fard Dates Promo Pouch 200 gm,pm,,,,Y,pm,cfpl,,n/a,,,
PM24-Del Monte Fard Dates Promo Pouch 500 gm,pm,,,Y,Y,pm,cfpl,,n/a,,,
PM24-Del Monte Pitted Prunes Pouch 130 gm,pm,,,Y,Y,pm,cfpl,,n/a,,,
PM24-Del Monte Pitted Prunes Pouch 340 gm,pm,,,Y,Y,pm,cfpl,,n/a,,,
PM24-Del Monte Royal Fard Dates Pouch 450 gm,pm,,,Y,Y,pm,cfpl,,n/a,,,
PM24-Del Monte Royal Fard Dates Pouch 500 gm,pm,,,Y,Y,pm,cfpl,,n/a,,,
PM24-Delmonte Arabian Dates 500G Pouch,pm,,,,Y,pm,cfpl,,n/a,,,
PM24-Delmonte Arabian Dates Pouch 200 gm,pm,,,,Y,pm,cfpl,,n/a,,,
PM24-Delmonte Carton With Partition(200Grm)Plain,pm,,,Y,Y,pm,cfpl,,n/a,,,
PM24-Delmonte Prune 380*240*170(Od)5Ply 150Gsm All 22Bf,pm,,,,Y,pm,cfpl,,n/a,,,
PM24-Dilkash Pouch 500 gm,pm,,,Y,Y,pm,cfpl,,n/a,,,
PM24-Dilkash Pouch 500 gm - (BOP Kandhar),pm,,,,Y,pm,cfpl,,n/a,,,
PM24-Diwali Pouch 5.5 x 7.5 Laminated Pouch( 115mm x 200 mm)-Center Sealing Pouch 200 gm,pm,,,,Y,pm,cfpl,,n/a,,,
PM24-Diwali Pouch Laminated Centre Sealing 4.5 x 7.5 200 gm,pm,,,,Y,pm,cfpl,,n/a,,,
PM24-DM 03 Top Transparent (for blister) 210 gm,pm,,,Y,Y,pm,cfpl,,n/a,,,
PM24-DM03 Bottom Golden Blister,pm,,,Y,Y,pm,cfpl,,n/a,,,
PM24-DM10 Blister Bottom Golden 210g,pm,,,,Y,pm,cfpl,,n/a,,,
PM24-DM10 Blister Lid Transparent 210g,pm,,,Y,Y,pm,cfpl,,n/a,,,
PM24-Dmart Pumpkin Seeds 100G Pouch,pm,,,,Y,pm,cfpl,,n/a,,,
PM24-Dmart Royal Trad. Snack Mix -Masala Magic st. pouch100g,pm,,,Y,Y,pm,cfpl,,n/a,,,
PM24-Dmart Royal Trad. Snack Mix-Chatpata st. pouch100g,pm,,,Y,Y,pm,cfpl,,n/a,,,
PM24-Dr Batra Protein Hair Health Bar Monocarton,pm,,,Y,Y,pm,cfpl,,n/a,,,
PM24-Dragees Pet-200 ml with D Gold Cap 100 gm,pm,,,,Y,pm,cfpl,,n/a,,,
PM24-Dried Blueberry Pouch 100 gm,pm,,,,Y,pm,cfpl,,n/a,,,
PM24-Dried Cranberry Pouch 100 gm,pm,,,,Y,pm,cfpl,,n/a,,,
PM24-Dry Fruit Instant Bar R 30 gm,pm,,,,Y,pm,cfpl,,n/a,,,
PM24-Dry Fruit Instant Monocarton,pm,,,,Y,pm,cfpl,,n/a,,,
PM24-Dry Fruits & Berry Mix 250 gm Pouch Digital,pm,,,,Y,pm,cfpl,,n/a,,,
PM24-Dry Fruits Nutes Mix 250 gm Pouch Digital,pm,,,Y,Y,pm,cfpl,,n/a,,,
PM24-Dub-10/ / 15 Carton 200 gm,pm,,,,Y,pm,cfpl,,n/a,,,
PM24-Eid Box 10x10x2.2 500 gm,pm,,,,Y,pm,cfpl,,n/a,,,
PM24-EMPL Besan Pouch Roll 9gm,pm,,,,Y,pm,cfpl,,n/a,,,
PM24-EMPL Coconut Pouch Roll 9gm,pm,,,Y,Y,pm,cfpl,,n/a,,,
PM24-EMPL Dry Fruit Instant Pouch Roll 9gm,pm,,,Y,Y,pm,cfpl,,n/a,,,
PM24-Empl-Dryfruit Instant Pouch Roll 35gm,pm,,,,Y,pm,cfpl,,n/a,,,
PM24-Empl-Dryfruits Instant Monocarton 270 gm,pm,,,,Y,pm,cfpl,,n/a,,,
PM24-Empl-Dryfruits Instant Monocarton175 gm,pm,,,Y,Y,pm,cfpl,,n/a,,,
PM24-Empl-Gondh mono carton,pm,,,Y,Y,pm,cfpl,,n/a,,,
PM24-Empl-Gondh pouch roll,pm,,,Y,Y,pm,cfpl,,n/a,,,
PM24-Empl-Kamarkas mono carton,pm,,,,Y,pm,cfpl,,n/a,,,
PM24-Empl-Kamarkas pouch roll,pm,,,,Y,pm,cfpl,,n/a,,,
PM24-Empl-Methi mono carton,pm,,,,Y,pm,cfpl,,n/a,,,
PM24-Empl-Methipouch roll,pm,,,,Y,pm,cfpl,,n/a,,,
PM24-Empl-Wholesome Millet mono carton,pm,,,Y,Y,pm,cfpl,,n/a,,,
PM24-Empl-Wholesome Millet pouch roll,pm,,,Y,Y,pm,cfpl,,n/a,,,
PM24-Evergreen Chilli Lemon Roll 50 gm,pm,,,,Y,pm,cfpl,,n/a,,,
PM24-Evergreen Onion Garlic Roll 50 gm,pm,,,,Y,pm,cfpl,,n/a,,,
PM24-Everyday Cashew 320 (210 x 310 mm) 1000 gm,pm,,,,Y,pm,cfpl,,n/a,,,
PM24-EXTRA CHEESE 15 KG BAG (14X3X3X23)- TPL,pm,,,,Y,pm,cfpl,,n/a,,,
PM24-Extreme Cheese Label - TPL,pm,,,,Y,pm,cfpl,,n/a,,,
PM24-Fard Dates Label 1000 gm,pm,,,,Y,pm,cfpl,,n/a,,,
PM24-Fennel And Berries 200 gm,pm,,,,Y,pm,cfpl,,n/a,,,
PM24-Fenugreek Cinammon 125 gm,pm,,,,Y,pm,cfpl,,n/a,,,
PM24-Fenugreek Cinammon 200 gm,pm,,,,Y,pm,cfpl,,n/a,,,
PM24-Fenugreek Cinammon US 150 gm,pm,,,,Y,pm,cfpl,,n/a,,,
PM24-Fenugreek Cinammon Us 480 gm,pm,,,,Y,pm,cfpl,,n/a,,,
PM24-Fevicol Adhesive Glue (Not Exceeding Net Wt 1Kg) As Per Standard Quality 250 gm,pm,,,,Y,pm,cfpl,,n/a,,,
PM24-Fit Bar Assorted Pack Of 12 Monocarton,pm,,,,Y,pm,cfpl,,n/a,,,
PM24-Fit Bar Berry Blast Pouch Roll 30 gm,pm,,,,Y,pm,cfpl,,n/a,,,
PM24-Fit Bar Chocolate Pouch Roll 30 gm,pm,,,,Y,pm,cfpl,,n/a,,,
PM24-Fit Bar Mocha Almond Pouch Roll 30 gm,pm,,,,Y,pm,cfpl,,n/a,,,
PM24-Fit Bar Nuts & Seeds Pouch Roll 30 gm,pm,,,,Y,pm,cfpl,,n/a,,,
PM24-Fk Classic 200 Gm Pouch (195x130) Roll Uin 18 200 gm,pm,,,,Y,pm,cfpl,,n/a,,,
PM24-Fk Classic 50 Gm Pouch Roll Uin 16 50 gm,pm,,,,Y,pm,cfpl,,n/a,,,
PM24-Fk Classic 500 Gm Roll (250x150) Uin 19 500 gm,pm,,,,Y,pm,cfpl,,n/a,,,
PM24-Fk Supermart Samarth Krishi 500 Gm Pouch (220x150) Green 500 gm,pm,,,,Y,pm,cfpl,,n/a,,,
PM24-Fk Supermart Select 1 Kg. Pouch (275x175) Uin 07 1000 gm,pm,,,,Y,pm,cfpl,,n/a,,,
PM24-Fk Supermart Select 1 Kg. Pouch 305x175 Uin 06 1000 gm,pm,,,,Y,pm,cfpl,,n/a,,,
PM24-Fk Supermart Select 100 Gm Roll Uin 02 100 gm,pm,,,,Y,pm,cfpl,,n/a,,,
PM24-Fk Supermart Select 100Gm Pouch (190x120) Uin 02 100 gm,pm,,,,Y,pm,cfpl,,n/a,,,
PM24-Fk Supermart Select 200 Gm Pouch (195x130) Uin 03 200 gm,pm,,,,Y,pm,cfpl,,n/a,,,
PM24-Fk Supermart Select 200 Gm Roll (195x130) Uin 03 200 gm,pm,,,,Y,pm,cfpl,,n/a,,,
PM24-Fk Supermart Select 50 Gm Pouch Uin 01 50 gm,pm,,,,Y,pm,cfpl,,n/a,,,
PM24-Fk Supermart Select 50 Gm Roll Uin 01 50 gm,pm,,,,Y,pm,cfpl,,n/a,,,
PM24-Fk Supermart Select 500 Gm Pouch (220x150) Uin 04 500 gm,pm,,,,Y,pm,cfpl,,n/a,,,
PM24-Fk Supermart Select 500 Gm Pouch 250 x150 Uin 05 500 gm,pm,,,,Y,pm,cfpl,,n/a,,,
PM24-Fk Supermart Select 500 Gm Roll (220x150) Uin 04 500 gm,pm,,,,Y,pm,cfpl,,n/a,,,
PM24-Fk Unbranded 500 Gm Pouch (250x150) Orange 500 gm,pm,,,,Y,pm,cfpl,,n/a,,,
PM24-FNP Choco Almond Monocartons 50 gm,pm,,,Y,Y,pm,cfpl,,n/a,,,
PM24-FNP Fiery Almond Pouch Roll Pouch Roll 50 gm Digital,pm,,,,Y,pm,cfpl,,n/a,,,
PM24-FNP Monocartons Choco Berry Bite,pm,,,,Y,pm,cfpl,,n/a,,,
PM24-FNP Premium Raisins Pouch Roll 50 gm Digital,pm,,,,Y,pm,cfpl,,n/a,,,
PM24-FNP Salt N Pepper Cashew Pouch Roll 50 gm Digital,pm,,,Y,Y,pm,cfpl,,n/a,,,
PM24-FNP Salted N Roasted Almonds Pouch Roll 50 gm Digital,pm,,,Y,Y,pm,cfpl,,n/a,,,
PM24-FNP Salted N Roasted Pistachios Pouch Roll 50 gm Digital,pm,,,Y,Y,pm,cfpl,,n/a,,,
PM24-FNP Smoking Almonds Pouch Roll 50 gm Digital,pm,,,,Y,pm,cfpl,,n/a,,,
PM24-FNP Smoking Cashews Pouch Roll 50 gm Digital,pm,,,Y,Y,pm,cfpl,,n/a,,,
"PM24-Foil, On The Run 5 Grain Cereal 95mm PP Choclate .05 gm",pm,,,,Y,pm,cfpl,,n/a,,,
"PM24-Foil, On The Run 5 Grain Cereal 95mm PP Original .05 gm",pm,,,,Y,pm,cfpl,,n/a,,,
PM24-Fresho Kimia Dates 500 gm,pm,,,Y,Y,pm,cfpl,,n/a,,,
PM24-Glass Bottle With Cork-15 Cc 15cc,pm,,,,Y,pm,cfpl,,n/a,,,
PM24-Glass Bottle With Cork-200 Ml 250 gm,pm,,,,Y,pm,cfpl,,n/a,,,
PM24-Glass Bottle With Cork-50 Ml / Cork Small Size (Bush) 50 gm,pm,,,,Y,pm,cfpl,,n/a,,,
PM24-Glass Bottle With Cork-50 Ml 50 gm,pm,,,,Y,pm,cfpl,,n/a,,,
PM24-Glass Jar Reliance PGP 1 Kg,pm,,,,Y,pm,cfpl,,n/a,,,
PM24-Glass Jar Reliance PGP 500 gm,pm,,,,Y,pm,cfpl,,n/a,,,
PM24-Glass Jar Reliance RGP 1 Kg,pm,,,Y,Y,pm,cfpl,,n/a,,,
PM24-Golden Dates 200 gm Pouch Digital,pm,,,,Y,pm,cfpl,,n/a,,,
PM24-Golden Label for Curate 500 gm,pm,,,,Y,pm,cfpl,,n/a,,,
PM24-Golden Laminate 120 mm 30 gm,pm,,,,Y,pm,cfpl,,n/a,,,
PM24-Golden Tray 200 Small 200 gm,pm,,,,Y,pm,cfpl,,n/a,,,
PM24-Golden Tray250 /300Gm Medjul HOH-Safavi / Ajwa / Mazapati Dates Partition 300 gm,pm,,,,Y,pm,cfpl,,n/a,,,
PM24-Gondh Dryfruit 30 gm,pm,,,,Y,pm,cfpl,,n/a,,,
PM24-Good Life 1000GM Pouch Roll DFH-G 1000GM,pm,,,,Y,pm,cfpl,,n/a,,,
PM24-Good Life 100G PP Vacuum Pouch (100x170),pm,,,Y,Y,pm,cfpl,,n/a,,,
PM24-Good Life 1Kg Pouch DFH-G 1000 gm,pm,,,,Y,pm,cfpl,,n/a,,,
PM24-Good Life 200G Pouch (135x200)-DFH-A1 200 gm,pm,,,,Y,pm,cfpl,,n/a,,,
PM24-Good Life 200G PP Vacuum Pouch ( 140x215),pm,,,,Y,pm,cfpl,,n/a,,,
PM24-Good Life 200G- QR Pouch (120x160)- DF-1,pm,,,,Y,pm,cfpl,,n/a,,,
PM24-Good Life 200G-290MM Pouch Roll DFH-A1 200 gm,pm,,,,Y,pm,cfpl,,n/a,,,
PM24-Good Life 500G Pouch (170x260mm)DFH 4 500 gm,pm,,,,Y,pm,cfpl,,n/a,,,
PM24-Good Life 500G Pouch Roll DFH 4 500 gm,pm,,,,Y,pm,cfpl,,n/a,,,
PM24-Good Life 500G PP Vacuum Pouch (180x280),pm,,,Y,Y,pm,cfpl,,n/a,,,
PM24-Good Life 500G- QR Pista Pouch DFH-5 500 gm,pm,,,,Y,pm,cfpl,,n/a,,,
PM24-Good Life 500G-360MM Pouch QR Roll DF-4 500 gm,pm,,,,Y,pm,cfpl,,n/a,,,
PM24-Good Life Arabian Dates Pouch 500 gm,pm,,,Y,Y,pm,cfpl,,n/a,,,
PM24-Good Life Chia Seeds 100g Pouch,pm,,,Y,Y,pm,cfpl,,n/a,,,
PM24-Good Life DF 2 135 x 185 100 Gm Pouch 100 gm,pm,,,,Y,pm,cfpl,,n/a,,,
PM24-Good Life Fard Dates Pouch 500 gm,pm,,,Y,Y,pm,cfpl,,n/a,,,
PM24-Good Life Flax Seeds 100g Pouch,pm,,,Y,Y,pm,cfpl,,n/a,,,
PM24-Good Life Pouch DFH-1,pm,,,,Y,pm,cfpl,,n/a,,,
PM24-Good Life Pouch-DFH-3 200 gm,pm,,,Y,Y,pm,cfpl,,n/a,,,
PM24-Good Life Pumpkin Seeds 100g Pouch,pm,,,Y,Y,pm,cfpl,,n/a,,,
PM24-Good Life Sunflower Seeds 100g Pouch,pm,,,Y,Y,pm,cfpl,,n/a,,,
PM24-Goodlife Dates Carton,pm,,,,Y,pm,cfpl,,n/a,,,
PM24-Goodlife Fard Dates 500G,pm,,,,Y,pm,cfpl,,n/a,,,
PM24-Green Label 100x50 mm 10000 gm,pm,,,,Y,pm,cfpl,,n/a,,,
PM24-Gulf Dates 200 gm Pouch Digital,pm,,,Y,Y,pm,cfpl,,n/a,,,
PM24-Gulf Dates 300 gm Pouch Digital,pm,,,,Y,pm,cfpl,,n/a,,,
PM24-Habit Cheese Label 1000 gm,pm,,,,Y,pm,cfpl,,n/a,,,
PM24-Habit Coconut Cream Pouch 100 gm,pm,,,,Y,pm,cfpl,,n/a,,,
PM24-Habit Coconut Cream Powder Pouch 1000 gm,pm,,,Y,Y,pm,cfpl,,n/a,,,
PM24-Habit Potato Starch Pouch 500 gm,pm,,,,Y,pm,cfpl,,n/a,,,
PM24-Habit Raisin Pouch 100 gm,pm,,,,Y,pm,cfpl,,n/a,,,
PM24-Habit Wheat Pouch 500 gm,pm,,,,Y,pm,cfpl,,n/a,,,
PM24-Hamper Gift Box Mayur Ratna Big 520g,pm,,,Y,Y,pm,cfpl,,n/a,,,
PM24-Hamper Gift Box Mayur Ratna Small 360g,pm,,,Y,Y,pm,cfpl,,n/a,,,
PM24-Hamper Gift Box Royal Divine 550g,pm,,,Y,Y,pm,cfpl,,n/a,,,
PM24-Hamper Gift Box Utsav 700g,pm,,,Y,Y,pm,cfpl,,n/a,,,
PM24-Hamper Modak Printed Box,pm,,,Y,Y,pm,cfpl,,n/a,,,
PM24-Hamper Paper Bag,pm,,,,Y,pm,cfpl,,n/a,,,
PM24-Hamper Printed Carry Bag Blue,pm,,,,Y,pm,cfpl,,n/a,,,
PM24-Hamper Printed Carry Bag Green,pm,,,,Y,pm,cfpl,,n/a,,,
PM24-Hamper Printed Carry Bag Orange,pm,,,,Y,pm,cfpl,,n/a,,,
PM24-Hamper Printed Carry Bag Yellow,pm,,,,Y,pm,cfpl,,n/a,,,
PM24-Hamper Rakhi Gift Box,pm,,,,Y,pm,cfpl,,n/a,,,
PM24-Hamper Triangle Printed Carry Bag,pm,,,,Y,pm,cfpl,,n/a,,,
PM24-Hamper-1 Jar Jute Bag,pm,,,,Y,pm,cfpl,,n/a,,,
PM24-Hamper-12 Dates Box,pm,,,,Y,pm,cfpl,,n/a,,,
PM24-Hamper-18 Date Box,pm,,,,Y,pm,cfpl,,n/a,,,
PM24-Hamper-2 Jar Jute Bag,pm,,,,Y,pm,cfpl,,n/a,,,
PM24-Hamper-21 Dates Box,pm,,,,Y,pm,cfpl,,n/a,,,
PM24-Hamper-3 Jar Jute Bag,pm,,,Y,Y,pm,cfpl,,n/a,,,
PM24-Hamper-3 Pet Wooden Tray,pm,,,,Y,pm,cfpl,,n/a,,,
PM24-Hamper-5 Pet Diwali Carton 500 x 315 x 310 ID 5 PLY,pm,,,,Y,pm,cfpl,,n/a,,,
PM24-Hamper-5 Pet Wooden Tray (100 Gms x 5),pm,,,,Y,pm,cfpl,,n/a,,,
PM24-Hamper-8 Dates Box,pm,,,,Y,pm,cfpl,,n/a,,,
PM24-Hamper-9 Dates Box,pm,,,,Y,pm,cfpl,,n/a,,,
PM24-Hamper-Acrylic Box-40 Pc Dates Box,pm,,,,Y,pm,cfpl,,n/a,,,
PM24-Hamper-Almond 100 Gm (Monocarton) Non Printed,pm,,,,Y,pm,cfpl,,n/a,,,
PM24-Hamper-Almond 100 Gm (Monocarton) Printed,pm,,,,Y,pm,cfpl,,n/a,,,
PM24-Hamper-Almond 150 gm (Monocarton) Printed,pm,,,,Y,pm,cfpl,,n/a,,,
PM24-Hamper-Blissful Celebration 360 Gm Purple Printed,pm,,,Y,Y,pm,cfpl,,n/a,,,
PM24-Hamper-Butterfly Bag,pm,,,,Y,pm,cfpl,,n/a,,,
PM24-Hamper-Butterfly Box For Rakhi,pm,,,,Y,pm,cfpl,,n/a,,,
PM24-Hamper-Candor Jute Diary,pm,,,,Y,pm,cfpl,,n/a,,,
PM24-Hamper-Candor Premium Diary,pm,,,,Y,pm,cfpl,,n/a,,,
PM24-Hamper-Canvas Potli Big,pm,,,,Y,pm,cfpl,,n/a,,,
PM24-Hamper-Canvas Potli Small,pm,,,,Y,pm,cfpl,,n/a,,,
PM24-Hamper-Canvas Single Handle / With Hoh Logo /With UVN Print,pm,,,,Y,pm,cfpl,,n/a,,,
PM24-Hamper-Cashew 100 Gm (Monocarton) Printed,pm,,,,Y,pm,cfpl,,n/a,,,
PM24-Hamper-Cashew 125 gm (Monocarton) Printed,pm,,,,Y,pm,cfpl,,n/a,,,
PM24-Hamper-Cashew 150 gm (Monocarton) Printed,pm,,,,Y,pm,cfpl,,n/a,,,
PM24-Hamper-Celebrating Moment 300 Gm Red Printed,pm,,,Y,Y,pm,cfpl,,n/a,,,
PM24-Hamper-Celebrating Moment 300 Gm Red Printed Blue,pm,,,,Y,pm,cfpl,,n/a,,,
PM24-Hamper-Celebrating Moment 300 Gm Tray,pm,,,,Y,pm,cfpl,,n/a,,,
PM24-Hamper-Celebration 4P Exclusive 550 Gm Orange Printed,pm,,,,Y,pm,cfpl,,n/a,,,
PM24-Hamper-Celebration 4P Exclusive 550 Gm Tray,pm,,,Y,Y,pm,cfpl,,n/a,,,
PM24-Hamper-Chess Velvet Bag,pm,,,,Y,pm,cfpl,,n/a,,,
PM24-Hamper-Classic Diya Partition,pm,,,,Y,pm,cfpl,,n/a,,,
PM24-Hamper-Classy Clear Bag For Banarasi Box,pm,,,,Y,pm,cfpl,,n/a,,,
PM24-Hamper-Classy Clear Bag For Wooden Tray,pm,,,,Y,pm,cfpl,,n/a,,,
PM24-Hamper-Classy Clear Bag With Golden Base,pm,,,,Y,pm,cfpl,,n/a,,,
PM24-Hamper-Classy Clear Long Bag (10.5 x 13.5),pm,,,,Y,pm,cfpl,,n/a,,,
PM24-Hamper-Classy Clear Long Bag With Gusset (10.5 x 13.5),pm,,,,Y,pm,cfpl,,n/a,,,
PM24-Hamper-Classy Clear Ring Bag,pm,,,,Y,pm,cfpl,,n/a,,,
PM24-Hamper-Classy Clear Ring Bag Small,pm,,,,Y,pm,cfpl,,n/a,,,
PM24-Hamper-Classy Clear Single Handle Bag,pm,,,,Y,pm,cfpl,,n/a,,,
PM24-Hamper-Colour Canvas Hamper Basket,pm,,,Y,Y,pm,cfpl,,n/a,,,
PM24-Hamper-Curate Bon Bon Laddu 360g,pm,,,Y,Y,pm,cfpl,,n/a,,,
PM24-Hamper-D Mart Festive Pack Dry Fruit 400g Sleeve (pouch),pm,,,,Y,pm,cfpl,,n/a,,,
PM24-Hamper-D Mart Festive Pack Dry Fruit Box 300g (for Pouch),pm,,,,Y,pm,cfpl,,n/a,,,
PM24-Hamper-D Mart Festive Pack Dry Fruits 500g,pm,,,,Y,pm,cfpl,,n/a,,,
PM24-Hamper-D Mart Premia 400 gm Tray,pm,,,,Y,pm,cfpl,,n/a,,,
PM24-Hamper-Diya With Dimond,pm,,,Y,Y,pm,cfpl,,n/a,,,
PM24-Hamper-Diya with Pearl,pm,,,Y,Y,pm,cfpl,,n/a,,,
PM24-Hamper-Dmart Premia Celebration Pack 400g (pet) & Tray,pm,,,,Y,pm,cfpl,,n/a,,,
PM24-Hamper-Electro Plated Nickel Foils Sheets,pm,,,,Y,pm,cfpl,,n/a,,,
PM24-Hamper-Envelope For Kesar,pm,,,,Y,pm,cfpl,,n/a,,,
PM24-Hamper-Festive Greeting 560 Gm Orange Printed,pm,,,Y,Y,pm,cfpl,,n/a,,,
PM24-Hamper-Festive Greeting 560 Gm Tray,pm,,,,Y,pm,cfpl,,n/a,,,
PM24-Hamper-Festive Greeting 560 Gm Yellow Printed,pm,,,,Y,pm,cfpl,,n/a,,,
PM24-Hamper-Flower Potli,pm,,,Y,Y,pm,cfpl,,n/a,,,
PM24-Hamper-Golden Partition For Mdf Celebration Box ( 4 Pet),pm,,,,Y,pm,cfpl,,n/a,,,
PM24-Hamper-Golden Partition For Mdf Classic Box ( 3 Pet ),pm,,,,Y,pm,cfpl,,n/a,,,
PM24-Hamper-Good Health Box (Blue),pm,,,Y,Y,pm,cfpl,,n/a,,,
PM24-Hamper-Grey Carryall Open Basket With Handle,pm,,,Y,Y,pm,cfpl,,n/a,,,
PM24-Hamper-Grey Open Tray-Sr,pm,,,,Y,pm,cfpl,,n/a,,,
PM24-Hamper-Handful Of Health Bag Grey Color Small,pm,,,,Y,pm,cfpl,,n/a,,,
PM24-Hamper-Handle Basket 10x10,pm,,,,Y,pm,cfpl,,n/a,,,
PM24-Hamper-Hardik Shubh 280 Gm Blue Printed,pm,,,Y,Y,pm,cfpl,,n/a,,,
PM24-Hamper-Hardik Shubh 280 Gm Pink Non Printed,pm,,,,Y,pm,cfpl,,n/a,,,
PM24-Hamper-Hardik Shubh 280 Gm Tray,pm,,,,Y,pm,cfpl,,n/a,,,
PM24-Hamper-Hardik Shubh 280 Gm(Set),pm,,,,Y,pm,cfpl,,n/a,,,
PM24-Hamper-Hat Box Big,pm,,,,Y,pm,cfpl,,n/a,,,
PM24-Hamper-Hat Box Small,pm,,,,Y,pm,cfpl,,n/a,,,
PM24-Hamper-HOH Chocolate Dates,pm,,,,Y,pm,cfpl,,n/a,,,
PM24-Hamper-HOH Flower Box (Green),pm,,,Y,Y,pm,cfpl,,n/a,,,
PM24-Hamper-HOH Flower Box (Peach),pm,,,Y,Y,pm,cfpl,,n/a,,,
PM24-Hamper-HOH Green 10x10 Lacquer Date Box,pm,,,,Y,pm,cfpl,,n/a,,,
PM24-Hamper-HOH Ribbons Narrow Woven Fabrics Polyster Strip Printed,pm,,,,Y,pm,cfpl,,n/a,,,
PM24-Hamper-Jute 2 Jar Bag Green/Mamroon,pm,,,,Y,pm,cfpl,,n/a,,,
PM24-Hamper-Jute Bag with PU,pm,,,,Y,pm,cfpl,,n/a,,,
PM24-Hamper-Jute Flofy Bag,pm,,,,Y,pm,cfpl,,n/a,,,
PM24-Hamper-Jute Hamper Bag,pm,,,,Y,pm,cfpl,,n/a,,,
PM24-Hamper-Jute Handy,pm,,,,Y,pm,cfpl,,n/a,,,
PM24-Hamper-Jute Potli With Drawstring And Handle,pm,,,Y,Y,pm,cfpl,,n/a,,,
PM24-Hamper-Jute Tiffin Bag,pm,,,,Y,pm,cfpl,,n/a,,,
PM24-Hamper-KOD 4P Box Blue,pm,,,,Y,pm,cfpl,,n/a,,,
PM24-Hamper-KOD 4P Box Red,pm,,,,Y,pm,cfpl,,n/a,,,
PM24-Hamper-KOD Flower Box (Peach),pm,,,,Y,pm,cfpl,,n/a,,,
PM24-Hamper-KOD Flower Box (White),pm,,,,Y,pm,cfpl,,n/a,,,
PM24-Hamper-Laptop Bag Brown,pm,,,,Y,pm,cfpl,,n/a,,,
PM24-Hamper-Leafy Gold Trunk,pm,,,Y,Y,pm,cfpl,,n/a,,,
PM24-Hamper-Mama Nourish Gift Box,pm,,,,Y,pm,cfpl,,n/a,,,
PM24-Hamper-Matka Bag,pm,,,,Y,pm,cfpl,,n/a,,,
PM24-Hamper-Mdf 3 Pet With Handle,pm,,,,Y,pm,cfpl,,n/a,,,
PM24-Hamper-Mdf 3 Pet With Lid,pm,,,,Y,pm,cfpl,,n/a,,,
PM24-Hamper-Mdf 4 Pet With Buckle,pm,,,,Y,pm,cfpl,,n/a,,,
PM24-Hamper-Mdf 5 Pet With Lid,pm,,,Y,Y,pm,cfpl,,n/a,,,
PM24-Hamper-Mdf Celebration Sleek Box-Green,pm,,,Y,Y,pm,cfpl,,n/a,,,
PM24-Hamper-Mdf Celebration Sleek Box-Maroon,pm,,,Y,Y,pm,cfpl,,n/a,,,
PM24-Hamper-Mdf Classic Box ( 3 Pet ) + Partition,pm,,,Y,Y,pm,cfpl,,n/a,,,
"PM24-Hamper-Mdf Printed Box 11 x 11-Radha Krishan, Gateway Of India N Elephant ( Premium Dates Box)",pm,,,Y,Y,pm,cfpl,,n/a,,,
PM24-Hamper-Mdf Vakratund Partition (Paper),pm,,,,Y,pm,cfpl,,n/a,,,
PM24-Hamper-Mdf Vakratund Tray,pm,,,,Y,pm,cfpl,,n/a,,,
PM24-Hamper-Mdf-Mini Trunk,pm,,,,Y,pm,cfpl,,n/a,,,
PM24-Hamper-Metal Dry Fruit Stand (250 Gm x3),pm,,,,Y,pm,cfpl,,n/a,,,
PM24-Hamper-Metal Mukhwas Stand (140 Gm x 4),pm,,,,Y,pm,cfpl,,n/a,,,
PM24-Hamper-Navy Luxury Trunk-Handle (orange/blue),pm,,,,Y,pm,cfpl,,n/a,,,
PM24-Hamper-Net Potli Basket,pm,,,,Y,pm,cfpl,,n/a,,,
PM24-Hamper-Net Potli Basket 10 x 10 x 3 Limited Edition,pm,,,,Y,pm,cfpl,,n/a,,,
PM24-Hamper-Non Woven Bag Blue,pm,,,,Y,pm,cfpl,,n/a,,,
PM24-Hamper-Octagon Box,pm,,,Y,Y,pm,cfpl,,n/a,,,
PM24-Hamper-Off White Stud Basket With Handle (250 Gms x 2),pm,,,,Y,pm,cfpl,,n/a,,,
PM24-Hamper-Open Tray,pm,,,,Y,pm,cfpl,,n/a,,,
PM24-Hamper-Open Tray Hamper Small (Cardboard)(14 x 8),pm,,,,Y,pm,cfpl,,n/a,,,
PM24-Hamper-Orange Open Basket,pm,,,,Y,pm,cfpl,,n/a,,,
PM24-Hamper-Organic Carry Bag HOH (Orange),pm,,,,Y,pm,cfpl,,n/a,,,
PM24-Hamper-Organic Carry Bag KOD + TDC (Brown and Black),pm,,,,Y,pm,cfpl,,n/a,,,
PM24-Hamper-Palm Leaf Oval Basket,pm,,,,Y,pm,cfpl,,n/a,,,
PM24-Hamper-Pista 150 gm (Monocarton) Printed,pm,,,,Y,pm,cfpl,,n/a,,,
PM24-Hamper-Power Pack Laptop Bag,pm,,,,Y,pm,cfpl,,n/a,,,
PM24-Hamper-Printed Box Date & Chocolate,pm,,,,Y,pm,cfpl,,n/a,,,
PM24-Hamper-Raisin 100 G (Monocarton) Printed,pm,,,,Y,pm,cfpl,,n/a,,,
PM24-Hamper-Raisin 200 gm (Monocarton) Printed,pm,,,,Y,pm,cfpl,,n/a,,,
PM24-Hamper-Rakhabandhan Box With Handle (HOH Print),pm,,,,Y,pm,cfpl,,n/a,,,
PM24-Hamper-Red/Pink Generic Box,pm,,,,Y,pm,cfpl,,n/a,,,
PM24-Hamper-Royal Bliss Trunk (Blue Stud),pm,,,,Y,pm,cfpl,,n/a,,,
PM24-Hamper-Royal Delight Finest Dates Box With Window Hexagon 850 gm (6P Dates Box),pm,,,,Y,pm,cfpl,,n/a,,,
PM24-Hamper-Sahi Uphaar 300 Gm Chocolaty Non Printed,pm,,,Y,Y,pm,cfpl,,n/a,,,
PM24-Hamper-Sahi Uphaar 300 Gm Chocolaty Printed,pm,,,,Y,pm,cfpl,,n/a,,,
PM24-Hamper-Sahi Uphaar 300 Gm Tray,pm,,,,Y,pm,cfpl,,n/a,,,
PM24-Hamper-Sahi Uphar R/S Almond 100G (Monocarton) Printed,pm,,,,Y,pm,cfpl,,n/a,,,
PM24-Hamper-Sahi Uphar R/S Cashew 100G (Monocarton) Printed,pm,,,,Y,pm,cfpl,,n/a,,,
PM24-Hamper-Sahi Uphar R/S Pista 100G (Monocarton) Printed,pm,,,,Y,pm,cfpl,,n/a,,,
PM24-Hamper-Shubkamnayein 180 Gm Tray,pm,,,,Y,pm,cfpl,,n/a,,,
PM24-Hamper-Shubkamnayein 180 Gm Yellow,pm,,,,Y,pm,cfpl,,n/a,,,
PM24-Hamper-Signature Collection 600 Gm Blue Non Printed / Printed,pm,,,,Y,pm,cfpl,,n/a,,,
PM24-Hamper-Signature Collection 600 Gm Chocolaty Printed,pm,,,Y,Y,pm,cfpl,,n/a,,,
PM24-Hamper-Silk Bag-Pink Stripes /Voilet Stripes,pm,,,,Y,pm,cfpl,,n/a,,,
PM24-Hamper-Silk Fan Bag,pm,,,Y,Y,pm,cfpl,,n/a,,,
PM24-Hamper-Silk Potli,pm,,,Y,Y,pm,cfpl,,n/a,,,
"PM24-Hamper-Sleeve Bag 13""",pm,,,,Y,pm,cfpl,,n/a,,,
PM24-Hamper-Square Banarasi Box-Big,pm,,,,Y,pm,cfpl,,n/a,,,
PM24-Hamper-Square Banarasi Box-Small,pm,,,Y,Y,pm,cfpl,,n/a,,,
PM24-Hamper-The Dates Co. Sleeve Stickers for Dates,pm,,,,Y,pm,cfpl,,n/a,,,
PM24-Hamper-Trunk Banarasi 11 x 18 x 6,pm,,,,Y,pm,cfpl,,n/a,,,
PM24-Hamper-Urban Platter-6 Pcs Energy Bar Magnetic HB Box,pm,,,,Y,pm,cfpl,,n/a,,,
PM24-Hamper-Vedaka 4P Blissful Celebration(Rangoli-new),pm,,,Y,Y,pm,cfpl,,n/a,,,
PM24-Hamper-Vedaka Season Greeting Blue Box 800 gm,pm,,,Y,Y,pm,cfpl,,n/a,,,
PM24-Hamper-Vedaka Sleeve + Tray (Big 4P) 400 gm,pm,,,Y,Y,pm,cfpl,,n/a,,,
PM24-Hamper-Vedaka Sleeve + Tray (Small 4P) 400 gm Red,pm,,,,Y,pm,cfpl,,n/a,,,
PM24-Hamper-Velvet Potli-Red Big,pm,,,,Y,pm,cfpl,,n/a,,,
PM24-Hamper-Velvet Potli-Yellow Small,pm,,,,Y,pm,cfpl,,n/a,,,
PM24-Hamper-Wellness TGOW Bento Blue Box,pm,,,,Y,pm,cfpl,,n/a,,,
PM24-Hamper-Wellness TGOW Bento Golden Tray,pm,,,,Y,pm,cfpl,,n/a,,,
"PM24-Hamper-Willow Storage Basket-Medium (35x26x17Cm), Without Cutlery",pm,,,,Y,pm,cfpl,,n/a,,,
"PM24-Hamper-Willow Storage Basket-Small(28x18x15Cm), Without Cutlery",pm,,,,Y,pm,cfpl,,n/a,,,
PM24-Hamper-Wooden Diwali Box-4 P-12 x 12,pm,,,,Y,pm,cfpl,,n/a,,,
"PM24-Hamper-Wooden Diwali Box-6P-10 x 15""",pm,,,,Y,pm,cfpl,,n/a,,,
PM24-Hamper-Wooden Diwali Box-P-12 x 14,pm,,,,Y,pm,cfpl,,n/a,,,
"PM24-Hamper-Wooden Diwali Box-P-14 x 18""",pm,,,,Y,pm,cfpl,,n/a,,,
PM24-Hamper-XOXO Box Hamper,pm,,,,Y,pm,cfpl,,n/a,,,
PM24-Handful of Health Berry Barbeque Trail Mix Pouch 200 gm ( 150mm x 225mm ) Digital,pm,,,,Y,pm,cfpl,,n/a,,,
PM24-Handful of Health Caramel Nuts N Berries Pouch 200 gm ( 150mm x 225mm ) Digital,pm,,,,Y,pm,cfpl,,n/a,,,
PM24-Handful of Health Chatpata Raisin Pouch 200 gm Digital,pm,,,,Y,pm,cfpl,,n/a,,,
PM24-Handful of Health Cocktail Mix Pouch 200 gm Digital,pm,,,,Y,pm,cfpl,,n/a,,,
PM24-Handful of Health Daily Dose Pouch 200 gm Digital,pm,,,,Y,pm,cfpl,,n/a,,,
PM24-Handful of Health Indian Raisins 200 gm Monocarton (Cred),pm,,,,Y,pm,cfpl,,n/a,,,
PM24-Handful of Health Mocha Mojo Trail Mix Pouch ( 150mm x 225mm) 200 gm Digital,pm,,,,Y,pm,cfpl,,n/a,,,
PM24-Handful of Health Sleeve ( Macaron Box-Brown ) Anjeer 300 gm,pm,,,,Y,pm,cfpl,,n/a,,,
PM24-Handful of Health Very Berry Mix Pouch 200 gm Digital,pm,,,,Y,pm,cfpl,,n/a,,,
PM24-Healing Hand Bar Monocarton 210 gm,pm,,,Y,Y,pm,cfpl,,n/a,,,
PM24-Healing Hand Bar Ots And Dates Monocarton 210gm,pm,,,,Y,pm,cfpl,,n/a,,,
PM24-Healing Hands ROLL,pm,,,,Y,pm,cfpl,,n/a,,,
PM24-Healthy Bite Monocarton,pm,,,,Y,pm,cfpl,,n/a,,,
PM24-Healthy On The Go Snack Pouch 200gm,pm,,,,Y,pm,cfpl,,n/a,,,
PM24-HOH 7 Cavity Printed Box,pm,,,,Y,pm,cfpl,,n/a,,,
PM24-HOH Bopp Adhesive Tape 60mm-30 Micron-Printed 180 gm,pm,,,,Y,pm,cfpl,,n/a,,,
PM24-HOH Diwali Fudge Box(Chikki Box),pm,,,,Y,pm,cfpl,,n/a,,,
PM24-HOH Diwali Gift Box Madhur Mahotsav 400gm(4P) Tray,pm,,,Y,Y,pm,cfpl,,n/a,,,
PM24-HOH Diwali Gift Box Madhur Mahotsav 400gm(4P)Bag,pm,,,,Y,pm,cfpl,,n/a,,,
PM24-HOH Diwali Gift Box Madhur Mahotsav 400gm(4P)Sleeve,pm,,,Y,Y,pm,cfpl,,n/a,,,
PM24-HOH Diwali Gift Box  Magic Movement 600gm(4P) Set,pm,,,,Y,pm,cfpl,,n/a,,,
PM24-HOH Diwali Gift Box Mangalmay Mahotsav 600gm(6P) Tray,pm,,,,Y,pm,cfpl,,n/a,,,
PM24-HOH Diwali Gift Box  Mangalmay Mahotsav 600gm(6P)Bag,pm,,,,Y,pm,cfpl,,n/a,,,
PM24-HOH Diwali Gift Box Mangalmay Mahotsav 600gm(6P)Sleeve,pm,,,,Y,pm,cfpl,,n/a,,,
PM24-HOH Diwali Gift Box Monocarton Madhur Mahotsav 400gm(4P),pm,,,Y,Y,pm,cfpl,,n/a,,,
PM24-HOH Diwali Gift Box Monocarton Magic Movement 600gm(4P),pm,,,Y,Y,pm,cfpl,,n/a,,,
PM24-HOH Diwali Gift Box Monocarton Mangalmay Mahotsav 600gm(6P),pm,,,,Y,pm,cfpl,,n/a,,,
PM24-HOH Diwali Gift Box Monocraton Shubhkamnaye 300gm(3P),pm,,,Y,Y,pm,cfpl,,n/a,,,
PM24-HOH Diwali Gift Box Shubhkamnaye 300gm(3P) Bag,pm,,,,Y,pm,cfpl,,n/a,,,
PM24-HOH Diwali Gift Box Shubhkamnaye 300gm(3P) Sleeve,pm,,,Y,Y,pm,cfpl,,n/a,,,
PM24-HOH Diwali Gift Box Shubhkamnaye 300gm(3P) Tray,pm,,,Y,Y,pm,cfpl,,n/a,,,
PM24-HOH Flat Bottom Big Pouch 140x 260 500 gm,pm,,,,Y,pm,cfpl,,n/a,,,
PM24-HOH Flat Bottom Small Pouch 250 gm,pm,,,,Y,pm,cfpl,,n/a,,,
PM24-HOH-Monocarton 200 gm,pm,,,,Y,pm,cfpl,,n/a,,,
PM24-HS Film Roll (Tub Sealing ) 170mm,pm,,,,Y,pm,cfpl,,n/a,,,
PM24-Induction Wad 250 gm,pm,,,,Y,pm,cfpl,,n/a,,,
PM24-Induction Wad 500 gm,pm,,,,Y,pm,cfpl,,n/a,,,
PM24-Inside Golden Tray 22x16 Duplex Board 230gsm,pm,,,,Y,pm,cfpl,,n/a,,,
PM24-Inside Golden Tray 22x18 Duplex Board 230gsm,pm,,,,Y,pm,cfpl,,n/a,,,
PM24-Inside Golden Tray  24x15.25 Duplex Board 230gsm,pm,,,,Y,pm,cfpl,,n/a,,,
PM24-Inside Golden Tray  26x16.5 Duplex Board 230gsm,pm,,,,Y,pm,cfpl,,n/a,,,
PM24-Karmi Gur Silver Pouch 100 gm,pm,,,,Y,pm,cfpl,,n/a,,,
PM24-Kesar Jar small,pm,,,,Y,pm,cfpl,,n/a,,,
PM24-Kimia Dates Pouch 6.5/11.5x8.25 Plain-LD Natural 500 gm,pm,,,Y,Y,pm,cfpl,,n/a,,,
PM24-Kimia Dates Pouch 6.5/11.5x8.25 Printed-LD Natural 500 gm,pm,,,,Y,pm,cfpl,,n/a,,,
PM24-King Solomon 3 Dates To Go-Inner Assorted 50 gm,pm,,,Y,Y,pm,cfpl,,n/a,,,
PM24-King Solomon 3 Dates To Go-Outer Assorted 900 gm,pm,,,Y,Y,pm,cfpl,,n/a,,,
PM24-King Solomon Medjoul Dates 1Kg Bottom Unprinted 1000 gm,pm,,,,Y,pm,cfpl,,n/a,,,
PM24-King Solomon Medjoul Dates 250 gm-Bottom,pm,,,Y,Y,pm,cfpl,,n/a,,,
PM24-King Solomon Medjoul Dates Bottom Printed 1kg,pm,,,Y,Y,pm,cfpl,,n/a,,,
PM24-King Solomon Medjoul Dates Bottom Printed 500 gm,pm,,,Y,Y,pm,cfpl,,n/a,,,
PM24-King Solomon Medjoul Dates Top 250 gm,pm,,,Y,Y,pm,cfpl,,n/a,,,
PM24-King Solomon Oriental Dates Sample Pouch 30 gm Digital,pm,,,,Y,pm,cfpl,,n/a,,,
PM24-King Solomon Oriental Dates Zipper Pouch 250 gm,pm,,,Y,Y,pm,cfpl,,n/a,,,
PM24-King Solomon Oriental Dates Zipper Pouch 250 gm Old,pm,,,,Y,pm,cfpl,,n/a,,,
PM24-King Solomon Oriental Dates Zipper Pouch 500 gm,pm,,,Y,Y,pm,cfpl,,n/a,,,
PM24-King Solomon-Black Medjoul Dates Top Jumbo 1000 gm,pm,,,Y,Y,pm,cfpl,,n/a,,,
PM24-King Solomon-Black Medjoul Dates Top Jumbo 500 gm,pm,,,Y,Y,pm,cfpl,,n/a,,,
PM24-King Solomon-Blue Medjoul Dates Top Junior 1000 gm,pm,,,Y,Y,pm,cfpl,,n/a,,,
PM24-King Solomon-Blue Medjoul Dates Top Junior 500 gm,pm,,,Y,Y,pm,cfpl,,n/a,,,
PM24-King Solomon-Bon Bon Bottom Plain 320 gm,pm,,,,Y,pm,cfpl,,n/a,,,
PM24-King Solomon-Bon Bon Bottom Plain 750 gm_Carto,pm,,,,Y,pm,cfpl,,n/a,,,
PM24-King Solomon-Bon Bon Bottom Printed 320 gm,pm,,,,Y,pm,cfpl,,n/a,,,
PM24-King Solomon-Bon Bon Bottom Printed 750 gm,pm,,,,Y,pm,cfpl,,n/a,,,
PM24-King Solomon-Bon Bon Golden Tray 320 gm,pm,,,,Y,pm,cfpl,,n/a,,,
PM24-King Solomon-Bon Bon Golden Tray 750 gm,pm,,,,Y,pm,cfpl,,n/a,,,
PM24-King Solomon-Bon Bon Top 320 gm_Mono Carton,pm,,,,Y,pm,cfpl,,n/a,,,
PM24-King Solomon-Bon Bon Top 750 gm_Mono Carton,pm,,,,Y,pm,cfpl,,n/a,,,
PM24-King Solomon-Medjoul Dates 250 gm-Top,pm,,,Y,Y,pm,cfpl,,n/a,,,
PM24-King Solomon-Medjoul Dates Top 500 gm,pm,,,Y,Y,pm,cfpl,,n/a,,,
PM24-King Solomon-Oriental Dates Top 500 gm,pm,,,,Y,pm,cfpl,,n/a,,,
PM24-King Solomon-Red Medjoul Dates Top Medium 1000 gm,pm,,,Y,Y,pm,cfpl,,n/a,,,
PM24-King Solomon-Red Medjoul Dates Top Medium 500 gm,pm,,,Y,Y,pm,cfpl,,n/a,,,
PM24-King Solomon-Yellow Medjoul Dates Top Large 1000 gm,pm,,,Y,Y,pm,cfpl,,n/a,,,
PM24-King Solomon-Yellow Medjoul Dates Top Large 500 gm,pm,,,Y,Y,pm,cfpl,,n/a,,,
PM24-Kingdom of Dates Blue Anjeer Sleeve 200 gm,pm,,,,Y,pm,cfpl,,n/a,,,
PM24-Kingdom Of Dates Blue Sample Pouch Digital,pm,,,,Y,pm,cfpl,,n/a,,,
PM24-Kingdom Of Dates Golden Tray Medjoul Dates 500 gm,pm,,,,Y,pm,cfpl,,n/a,,,
PM24-Kingdom of Dates Green Sleeve 300 gm,pm,,,,Y,pm,cfpl,,n/a,,,
PM24-Kingdom Of Dates King Blue Sleeve for Acrylic box 250 gm,pm,,,,Y,pm,cfpl,,n/a,,,
PM24-Kingdom Of Dates King Medjoul Dates Top 1000 gm,pm,,,,Y,pm,cfpl,,n/a,,,
PM24-Kingdom Of Dates King Red Sleeve for Acrylic box 250 gm,pm,,,,Y,pm,cfpl,,n/a,,,
PM24-Kingdom of Dates Maroon Sleeve 500 gm,pm,,,,Y,pm,cfpl,,n/a,,,
PM24-Kingdom of Dates Medjoul Dates 1Kg Bottom Printed 1000 gm,pm,,,,Y,pm,cfpl,,n/a,,,
PM24-Kingdom Of Dates Top 5000 gm,pm,,,,Y,pm,cfpl,,n/a,,,
PM24-Kingdom Of Dates White Sample Pouch Digital,pm,,,,Y,pm,cfpl,,n/a,,,
PM24-Kingdom of Dates Yellow Sleeve 250 gm,pm,,,,Y,pm,cfpl,,n/a,,,
PM24-Krack Nut 100Gm Pack Of 3 Monocarton 300 gm,pm,,,,Y,pm,cfpl,,n/a,,,
PM24-Krack Nut Assorted (Black) Monocarton 300 gm,pm,,,,Y,pm,cfpl,,n/a,,,
PM24-Krack Nut Magic Masala Crunchy Peanut 30 gm Pouch Digital,pm,,,Y,Y,pm,cfpl,,n/a,,,
PM24-Krack Nut Pudina Patakha Pouch Green-150mm x 230 mm 110 gm,pm,,,Y,Y,pm,cfpl,,n/a,,,
PM24-Krack Nut Pudina Pathaka (green) Monocarton 300 gm,pm,,,,Y,pm,cfpl,,n/a,,,
PM24-Krack Nut Smoke Barbeque Crunchy Peanut 30 gm Pouch Digital,pm,,,,Y,pm,cfpl,,n/a,,,
PM24-Krack Nut Spanish Tomato Crunchy Peanut 30 gm Pouch Digital,pm,,,,Y,pm,cfpl,,n/a,,,
PM24-Krack Nut Tandoori Toofan Pouch Orange-150mm x 230mm 110 gm,pm,,,Y,Y,pm,cfpl,,n/a,,,
PM24-Krack Nut Thai Firangi Monocarton 300 gm,pm,,,,Y,pm,cfpl,,n/a,,,
PM24-Krack Nut Thai Firangi Pouch Red-150mm x 230 mm 110 gm,pm,,,Y,Y,pm,cfpl,,n/a,,,
PM24-Krack Nut-Assorted Mono Carton Black 30 gm,pm,,,,Y,pm,cfpl,,n/a,,,
PM24-Kracknut Lite Achari Twist Chana Pouch 250 gm Digital,pm,,,,Y,pm,cfpl,,n/a,,,
PM24-Kracknut Lite Hing Jeera Chana Pouch 250 gm Digital,pm,,,,Y,pm,cfpl,,n/a,,,
PM24-Kracknut Lite Hing Jeera Peanut Pouch 250 gm Digital,pm,,,,Y,pm,cfpl,,n/a,,,
PM24-Label D Mart 4 x 3 Multiculour PaperChromo 80 gsm,pm,,,,Y,pm,cfpl,,n/a,,,
PM24-Label D Mart 4x3 Multiculour PaperChromo,pm,,,,Y,pm,cfpl,,n/a,,,
PM24-Labels 55mm x 60mm ( Veg Logo) 250 gm,pm,,,,Y,pm,cfpl,,n/a,,,
"PM24-Labels,Stickers, Cards",pm,,,Y,Y,pm,cfpl,,n/a,,,
PM24-Laminated Center Sealing Pouch (6.5x10 in),pm,,,,Y,pm,cfpl,,n/a,,,
PM24-Laminated Center Sealing Pouch (6.5x9) 500 gm,pm,,,,Y,pm,cfpl,,n/a,,,
PM24-Laminated Center Sealing Pouch (8x10) 500 gm,pm,,,Y,Y,pm,cfpl,,n/a,,,
PM24-Laminated Center Sealing Pouch (9x11) 500 gm,pm,,,,Y,pm,cfpl,,n/a,,,
PM24-Laminated Pouch (125mm x 130mm)-3 Side Seal Pouch 4.9x5.3 Qc 100 gm,pm,,,,Y,pm,cfpl,,n/a,,,
PM24-LAMINATED ROLL,pm,,,,Y,pm,cfpl,,n/a,,,
"PM24-Laminated Zipper Standy Pouch (4x6),-Black Matt Finish 200 gm",pm,,,Y,Y,pm,cfpl,,n/a,,,
PM24-Laminated Zipper Standy Pouch (7x10)-Black Matt 200 gm,pm,,,Y,Y,pm,cfpl,,n/a,,,
PM24-Laptop One Handle Bag,pm,,,,Y,pm,cfpl,,n/a,,,
PM24-LD Pouch (14x21) 5kg,pm,,,,Y,pm,cfpl,,n/a,,,
PM24-LD Pouch 300x400mm 1 Kg,pm,,,Y,Y,pm,cfpl,,n/a,,,
PM24-LD Pouch 375x450mm 2 Kg,pm,,,,Y,pm,cfpl,,n/a,,,
PM24-Liner 10 Kg,pm,,,,Y,pm,cfpl,,n/a,,,
PM24-Liner-5Kg 5000 gm,pm,,,,Y,pm,cfpl,,n/a,,,
PM24-Mabroom Dates Top 500 gm,pm,,,,Y,pm,cfpl,,n/a,,,
PM24-Mac Snack Dry Roasted And Salted Macadamia Premium Pouches (Assorted Skus) 200 gm,pm,,,Y,Y,pm,cfpl,,n/a,,,
PM24-Mac Snack Dry Roasted And Salted Muchies Pouches 100 gm,pm,,,,Y,pm,cfpl,,n/a,,,
PM24-Mac Snack Dry Roasted Macadamia Muchies Pouch (Assorted) 200 gm,pm,,,Y,Y,pm,cfpl,,n/a,,,
PM24-Mac Snack Dry Roasted Macadamia Muchies Pouches (Assorted Skus) 200 gm,pm,,,Y,Y,pm,cfpl,,n/a,,,
PM24-Mac Snack Dry Roasted Macadamia Muchies Premium Pouches (Assorted Skus) 200 gm,pm,,,,Y,pm,cfpl,,n/a,,,
PM24-Mac Snack Dry Roasted Macadamia Munchies Pouches (Assorted Skus) 100 gm,pm,,,Y,Y,pm,cfpl,,n/a,,,
PM24-Mac Snack Roasted Australian Macadamia Halven 30 gm,pm,,,,Y,pm,cfpl,,n/a,,,
PM24-Mahatab Tub Set 750 Ml Oval Container-Royal Delight Mazafati White With White Lid 750 ml,pm,,,,Y,pm,cfpl,,n/a,,,
PM24-Makson Himalaya Pink Salt Pepper Makhana Pouch 50 gm Digital,pm,,,,Y,pm,cfpl,,n/a,,,
PM24-Makson Makhana Pouch 100 gm Digital,pm,,,,Y,pm,cfpl,,n/a,,,
PM24-Mama Nourish Dryfruit Instant Bar Pouch 35 gm Digital,pm,,,Y,Y,pm,cfpl,,n/a,,,
PM24-Mama Nourish Gondh Monocarton,pm,,,,Y,pm,cfpl,,n/a,,,
PM24-Mama Nourish Methi Bar Pouch 35 gm Digital,pm,,,Y,Y,pm,cfpl,,n/a,,,
PM24-Mama Nourish Wholesome Millet Bar Pouch 35 gm Digital,pm,,,,Y,pm,cfpl,,n/a,,,
PM24-Masala Chatka 540mmx160mm 200 gm Pouch Digital,pm,,,,Y,pm,cfpl,,n/a,,,
PM24-Mat Gloss Effect Almonds Stand Up Pouch Nitrogen Fiushable 160 x 230 x 80 110 mic,pm,,,,Y,pm,cfpl,,n/a,,,
PM24-Medjoul Dates Label 1kg,pm,,,,Y,pm,cfpl,,n/a,,,
"PM24-Medplus_EATRITE_ Arabian Dates (500g) Standy Zipper, tear knotch",pm,,,Y,Y,pm,cfpl,,n/a,,,
"PM24-Medplus_EATRITE_ Fard Dates (500g) Standy Zipper, tear knotch",pm,,,Y,Y,pm,cfpl,,n/a,,,
PM24-Ministry Of Nuts Pouch 100 gm,pm,,,,Y,pm,cfpl,,n/a,,,
PM24-Modak Blister,pm,,,Y,Y,pm,cfpl,,n/a,,,
PM24-Moonfreeze-Banana,pm,,,Y,Y,pm,cfpl,,n/a,,,
PM24-Moonfreeze-Mango,pm,,,Y,Y,pm,cfpl,,n/a,,,
PM24-Moonfreeze-Pineapple,pm,,,Y,Y,pm,cfpl,,n/a,,,
PM24-Moonfreeze-Strawberry,pm,,,Y,Y,pm,cfpl,,n/a,,,
PM24-Mukhwas Pet 150 gm,pm,,,,Y,pm,cfpl,,n/a,,,
PM24-Mukhwas Pet Cap 150 gm,pm,,,,Y,pm,cfpl,,n/a,,,
PM24-My Fav Makhana Pouch 50 gm,pm,,,,Y,pm,cfpl,,n/a,,,
PM24-Natapure Almond Pouch 200gm,pm,,,Y,Y,pm,cfpl,,n/a,,,
PM24-Natraj Roasted Salted Pistachio 250gm,pm,,,,Y,pm,cfpl,,n/a,,,
PM24-Nature Dryfruit Almond 1 Kg Pouch 1000 gm,pm,,,Y,Y,pm,cfpl,,n/a,,,
PM24-Natures Dryfruit 100G Pouch[110mm x 170mm] 100 gm,pm,,,Y,Y,pm,cfpl,,n/a,,,
PM24-Natures Dryfruit 200G Pouch[130mm x 210mm] 200 gm,pm,,,Y,Y,pm,cfpl,,n/a,,,
PM24-Natures Dryfruit 500G Pouch 500 gm,pm,,,Y,Y,pm,cfpl,,n/a,,,
PM24-Noice Date Bites Standy Zipper Pouch 90gm,pm,,,Y,Y,pm,cfpl,,n/a,,,
PM24-Noice Dryfruit Ladoo Standy Zipper Pouch 90gm,pm,,,Y,Y,pm,cfpl,,n/a,,,
PM24-Nutes Berry And Seed Mix 250 gm Pouch Digital,pm,,,,Y,pm,cfpl,,n/a,,,
PM24-Nutraj California Almond Kernels 1kg Pouch,pm,,,,Y,pm,cfpl,,n/a,,,
PM24-Nutraj Classic Almond 500g Pouch,pm,,,,Y,pm,cfpl,,n/a,,,
PM24-Nutraj Classic Cashew 1 Kg 3D Pouch,pm,,,,Y,pm,cfpl,,n/a,,,
PM24-Nutraj Classic Cashew 500g Pouch,pm,,,,Y,pm,cfpl,,n/a,,,
PM24-Nutraj Classic Pista California 400g Pouch,pm,,,,Y,pm,cfpl,,n/a,,,
PM24-Nutraj Classic Premium Dryfruits Mix 500g Quadseal Pouch,pm,,,,Y,pm,cfpl,,n/a,,,
PM24-Nutraj Kimia Tubs,pm,,,,Y,pm,cfpl,,n/a,,,
PM24-Nutraj Tub 500 gm,pm,,,,Y,pm,cfpl,,n/a,,,
PM24-Nutraj Wishes Almond Monocarton 100 Gm,pm,,,,Y,pm,cfpl,,n/a,,,
PM24-Nutraj Wishes Cashew Monocarton 100 Gm,pm,,,,Y,pm,cfpl,,n/a,,,
PM24-Nutraj Wishes Gift Box 4 x 150 Gm,pm,,,,Y,pm,cfpl,,n/a,,,
PM24-Nuts N Spices Cream N Oinion Makhana Label 65 gm,pm,,,,Y,pm,cfpl,,n/a,,,
PM24-Nutworks Finger Lime & Jalapeno Pouch,pm,,,Y,Y,pm,cfpl,,n/a,,,
PM24-Nutworks Roast Salt  - Inshell Pouch,pm,,,Y,Y,pm,cfpl,,n/a,,,
PM24-Nutworks Rosemary & Seasalt Pouch,pm,,,Y,Y,pm,cfpl,,n/a,,,
PM24-Nutworks Wasabi Pouch,pm,,,Y,Y,pm,cfpl,,n/a,,,
PM24-Oman Seedless Back Label 250 gm,pm,,,,Y,pm,cfpl,,n/a,,,
PM24-Oman Seedless Front Label 250 gm,pm,,,,Y,pm,cfpl,,n/a,,,
PM24-On The Run 5 Grain Cereal Dark Chocolate 470 gm,pm,,,,Y,pm,cfpl,,n/a,,,
PM24-On The Run 5 Grain Cereal Dark Chocolate Roll 35 gm,pm,,,,Y,pm,cfpl,,n/a,,,
PM24-On The Run 5 Grain Cereal Original 470 gm,pm,,,,Y,pm,cfpl,,n/a,,,
PM24-On The Run 5 Grain Cereal Plant Protein 470 gm,pm,,,,Y,pm,cfpl,,n/a,,,
PM24-On The Run Assorted Energy Bars 180 G Carton ((Pack Of 6)) 180 gm,pm,,,,Y,pm,cfpl,,n/a,,,
PM24-On The Run Choco Almond 40g Monocarton 240 gm,pm,,,,Y,pm,cfpl,,n/a,,,
PM24-On The Run Choco Almond 80g Monocarton 480 gm,pm,,,,Y,pm,cfpl,,n/a,,,
PM24-On The Run Choco Almond Protein Bar Pouch Roll 80 gm,pm,,,,Y,pm,cfpl,,n/a,,,
PM24-On The Run Choco Almond Protein Pouch 80 gm,pm,,,,Y,pm,cfpl,,n/a,,,
PM24-On The Run Choco Crunch Energy Bar Pouch 30 gm,pm,,,,Y,pm,cfpl,,n/a,,,
PM24-On The Run Choco Crunch Energy Bars (Pack Of 6x30G) 180 gm,pm,,,Y,Y,pm,cfpl,,n/a,,,
PM24-On The Run Cocktail Mix 190 mm Pouch Roll 30 gm Digital,pm,,,,Y,pm,cfpl,,n/a,,,
PM24-On The Run Coffee Bite Pack Of 6 Monocarton-Triangular 60 gm,pm,,,Y,Y,pm,cfpl,,n/a,,,
PM24-On The Run Coffee Bite Pouch Roll-10 Gm ( Matt Finish) 100 gm,pm,,,Y,Y,pm,cfpl,,n/a,,,
PM24-On The Run Fig And Date Energy Bar Monocarton 180 gm,pm,,,Y,Y,pm,cfpl,,n/a,,,
PM24-On The Run Fig And Dates Energy Bar Pouch 30 gm,pm,,,Y,Y,pm,cfpl,,n/a,,,
PM24-On The Run Fig n Dates Pack Of 6 Monocarton-Triangular 60 gm,pm,,,,Y,pm,cfpl,,n/a,,,
PM24-On The Run Hazelnut Magic Energy Bar (Pack Of 6x30 G) 180 gm,pm,,,,Y,pm,cfpl,,n/a,,,
PM24-On The Run Hazelnut Magic Energy Bar (Pack Of 6x30 G) 360 gm,pm,,,,Y,pm,cfpl,,n/a,,,
PM24-On The Run Hazelnut Magic Energy Bar Energy Bar Pouch 30 gm,pm,,,Y,Y,pm,cfpl,,n/a,,,
PM24-On The Run Hazelnut Magic Energy Bar Pouch 30 gm Digital,pm,,,,Y,pm,cfpl,,n/a,,,
PM24-On The Run Oats & Apricot Energy Bar Pouch 30 gm,pm,,,,Y,pm,cfpl,,n/a,,,
"PM24-On The Run Oats, Apricot & Cranberry Energy Bars (Pack Of 6x30G) 180 gm",pm,,,,Y,pm,cfpl,,n/a,,,
"PM24-On The Run Oats, Apricot & Cranberry Energy Bars (Pack Of 6x30G) 360 gm",pm,,,,Y,pm,cfpl,,n/a,,,
PM24-On The Run Pet Bottle 800 ml,pm,,,,Y,pm,cfpl,,n/a,,,
PM24-On The Run Protein Bar Pouch 40 gm Digital,pm,,,,Y,pm,cfpl,,n/a,,,
PM24-On The Run Protein Bar Pouch 80gm Digital,pm,,,,Y,pm,cfpl,,n/a,,,
PM24-On The Run Quinoa Puffs Chesse 85G Pouch 250 gm,pm,,,,Y,pm,cfpl,,n/a,,,
PM24-On The Run Quinoa Puffs-Cheese Crunch 83mm Dia + 130 mm Height 50 gm,pm,,,,Y,pm,cfpl,,n/a,,,
PM24-On The Run Quinoa Puffs-Cream & Onion Puff 83mm Dia + 130 mm Height 50 gm,pm,,,,Y,pm,cfpl,,n/a,,,
PM24-On The Run Quinoa Puffs-Pizza 83mm Dia + 130 mm Height 50 gm,pm,,,,Y,pm,cfpl,,n/a,,,
PM24-On The Run Quinoa Puffs/Quinoa Cheese Balls/Quinoa Roasted Makhana 30 gm Digital,pm,,,,Y,pm,cfpl,,n/a,,,
PM24-On The Run-Coffee Bite Pack Of 15-Stand Up Pouch 375 gm,pm,,,Y,Y,pm,cfpl,,n/a,,,
PM24-Organic Carry Bag 500 gm,pm,,,,Y,pm,cfpl,,n/a,,,
PM24-OTR Choco Almond Protein Bar Pouch 40 gm,pm,,,,Y,pm,cfpl,,n/a,,,
PM24-OTR Zig Zag Laminate 180 mm,pm,,,,Y,pm,cfpl,,n/a,,,
PM24-Otr-Protein Bar 40 G,pm,,,,Y,pm,cfpl,,n/a,,,
PM24-Otr-Protein Bar 80G,pm,,,,Y,pm,cfpl,,n/a,,,
PM24-Oxygen Absorber For Pet 250 Gm-50 Cc 50 cc,pm,,,,Y,pm,cfpl,,n/a,,,
PM24-Oxygen Absorber For Vacuum 10 Kg /500 Cc 500 cc,pm,,,Y,Y,pm,cfpl,,n/a,,,
PM24-Paper Cup Big 30 gm,pm,,,,Y,pm,cfpl,,n/a,,,
PM24-Paper Cup Small 30 gm,pm,,,,Y,pm,cfpl,,n/a,,,
PM24-Pet 100 gm,pm,,,Y,Y,pm,cfpl,,n/a,,,
PM24-Pet 800 gm Premium (Pista),pm,,,,Y,pm,cfpl,,n/a,,,
PM24-Pet 800 gm Regular (cred),pm,,,Y,Y,pm,cfpl,,n/a,,,
PM24-Pet Bottle Makhana 500 gm,pm,,,,Y,pm,cfpl,,n/a,,,
PM24-Pet Cap 100 gm,pm,,,,Y,pm,cfpl,,n/a,,,
PM24-Pet Jar 250 gm,pm,,,Y,Y,pm,cfpl,,n/a,,,
PM24-Pet Square 250 gm Premium,pm,,,Y,Y,pm,cfpl,,n/a,,,
PM24-Pet Wad for 100 gm,pm,,,,Y,pm,cfpl,,n/a,,,
PM24-Plain Laminate 125 mm 30 gm,pm,,,Y,Y,pm,cfpl,,n/a,,,
PM24-Plain Laminate 130 mm 30 gm,pm,,,Y,Y,pm,cfpl,,n/a,,,
PM24-Plain Laminate 190 mm 100 gm,pm,,,Y,Y,pm,cfpl,,n/a,,,
PM24-Plain Laminate 230mm,pm,,,,Y,pm,cfpl,,n/a,,,
PM24-Plain Laminate 230mm (With PCB Details),pm,,,,Y,pm,cfpl,,n/a,,,
PM24-Plain Laminate 285 mm 250 gm,pm,,,Y,Y,pm,cfpl,,n/a,,,
PM24-Plain Laminate 375 mm 500 gm,pm,,,,Y,pm,cfpl,,n/a,,,
PM24-Plain Met Pouch (Ajfan) 80 x 150 Silver 100 gm,pm,,,,Y,pm,cfpl,,n/a,,,
PM24-Plain PP Lock Lid 50 gm,pm,,,,Y,pm,cfpl,,n/a,,,
PM24-Plain Sealing Wat 1000 gm,pm,,,,Y,pm,cfpl,,n/a,,,
PM24-Plain Silver Roll 190 mm,pm,,,,Y,pm,cfpl,,n/a,,,
PM24-PLAIN TOP 1 Kg,pm,,,,Y,pm,cfpl,,n/a,,,
PM24-Plank Pudina Coated Peanuts 60 gm Digital,pm,,,,Y,pm,cfpl,,n/a,,,
PM24-Plank Sour Cream Puff 40 gm Pouch Digital,pm,,,,Y,pm,cfpl,,n/a,,,
PM24-Plank Wasabi Roasted Makhana 40 gm Digital,pm,,,,Y,pm,cfpl,,n/a,,,
PM24-PLASTIC BAG SILVER WITH ZIPPER (230mmX300mm) Extra Cheese Pouch 1kg - TPL,pm,,,Y,Y,pm,cfpl,,n/a,,,
PM24-Plastic Lid Big 430 ml,pm,,,,Y,pm,cfpl,,n/a,,,
PM24-Plastic Material Above 51 Mcr (10x16 PP),pm,,,,Y,pm,cfpl,,n/a,,,
PM24-Plastic Material Above 51 Mcr (8x12x210 Pp) 2000 gm,pm,,,,Y,pm,cfpl,,n/a,,,
PM24-Plastic Material Above 51 Mcr (8x8x210 Pp) 2000 gm,pm,,,,Y,pm,cfpl,,n/a,,,
PM24-Pouch (Habit)1000 gm,pm,,,,Y,pm,cfpl,,n/a,,,
PM24-Premia Gift Cover 400 gm,pm,,,,Y,pm,cfpl,,n/a,,,
PM24-Premia Sticker Roll 100 gm,pm,,,,Y,pm,cfpl,,n/a,,,
PM24-Premium Black Dates Old,pm,,,,Y,pm,cfpl,,n/a,,,
PM24-Printing on Packing Material,pm,,,,Y,pm,cfpl,,n/a,,,
PM24-Protine Bar Pack Of 12 Mocha Combo Pack 600 gm,pm,,,,Y,pm,cfpl,,n/a,,,
PM24-Prunes Pouch (Reliance-unbranded) 200 gm,pm,,,Y,Y,pm,cfpl,,n/a,,,
PM24-Prunes Pouch 300 Gm 6 x 9 ( 145 * 230 mm ) 300 gm,pm,,,,Y,pm,cfpl,,n/a,,,
PM24-Pvc Shrink Sleeve ( 55 Micron 120 x 170 mm ) 1000 gm,pm,,,,Y,pm,cfpl,,n/a,,,
PM24-Pvc Shrink Sleeve ( 55 Micron 130 x 160 mm ) 1000 gm,pm,,,,Y,pm,cfpl,,n/a,,,
PM24-Pvc Shrink Sleeve ( 55 Micron 165 x 125 mm ) 1000 gm,pm,,,,Y,pm,cfpl,,n/a,,,
PM24-Pvc Shrink Sleeve ( 55 Micron 200 x 255 mm ) 1000 gm,pm,,,,Y,pm,cfpl,,n/a,,,
PM24-Pvc Shrink Sleeve ( 55 Micron 210 x 80 mm ) 1000 gm,pm,,,,Y,pm,cfpl,,n/a,,,
PM24-Pvc Shrink Sleeve ( 55 Micron 225 x 80 mm ) 1000 gm,pm,,,,Y,pm,cfpl,,n/a,,,
PM24-Pvc Shrink Sleeve ( 55 Micron 255 x 80 mm ) 1000 gm,pm,,,,Y,pm,cfpl,,n/a,,,
PM24-Pvc Shrink Sleeve ( 55 Micron 260 x 280 mm ) 1000 gm,pm,,,,Y,pm,cfpl,,n/a,,,
PM24-Pvc Shrink Sleeve ( 55 Micron 300 x 80 mm ) 1000 gm,pm,,,,Y,pm,cfpl,,n/a,,,
PM24-Pvc Shrink Sleeve ( 55 Micron 375 x 470 mm ) 1000 gm,pm,,,Y,Y,pm,cfpl,,n/a,,,
PM24-Pvc Tub Sealing Roll 3000 gm,pm,,,,Y,pm,cfpl,,n/a,,,
PM24-Qwik Sanx Cashew & Almond Pouch Roll 25g,pm,,,Y,Y,pm,cfpl,,n/a,,,
PM24-Qwik Sanx Chatpata Cranberry 30g Pouch Roll,pm,,,Y,Y,pm,cfpl,,n/a,,,
PM24-Rahshabandhan Box Without Logo / Sticker 100 gm,pm,,,,Y,pm,cfpl,,n/a,,,
PM24-Raisin Standy Pouch Zip Lock 250 gm,pm,,,,Y,pm,cfpl,,n/a,,,
PM24-Rajat Blue Pouch 200 gm,pm,,,,Y,pm,cfpl,,n/a,,,
PM24-Rajat Green Pouch 200 gm,pm,,,,Y,pm,cfpl,,n/a,,,
PM24-Rajat Maroon Pouch 200 gm,pm,,,,Y,pm,cfpl,,n/a,,,
PM24-Red Basket,pm,,,,Y,pm,cfpl,,n/a,,,
"PM24-Reliance Khoj Cube Container 1000 Ml (Jar 500 Gm/ 600 Gm) With White Cap, Iwad 500 gm",pm,,,,Y,pm,cfpl,,n/a,,,
PM24-Rhine Valley Almond & Coffee Bar Pouch Roll 50gm,pm,,,Y,Y,pm,cfpl,,n/a,,,
PM24-Rhine Valley Almond & Cranberry Bar Pouch Roll 50gm,pm,,,,Y,pm,cfpl,,n/a,,,
PM24-Rhine Valley Almond & Orange D Chocolate Date Bar Pouch Roll 50gm,pm,,,,Y,pm,cfpl,,n/a,,,
PM24-Rhine Valley Barbeque Trail Mix 100 gm Pouch Digital,pm,,,,Y,pm,cfpl,,n/a,,,
PM24-Rhine Valley Black Pepper Trail Mix 100 gm Pouch Digital,pm,,,,Y,pm,cfpl,,n/a,,,
PM24-Rhine Valley Fruit & Nut Bar Pouch Roll 50gm,pm,,,,Y,pm,cfpl,,n/a,,,
PM24-Rhine Valley Himalayan Pink Salt Trail Mix 100 gm Pouch Digital,pm,,,,Y,pm,cfpl,,n/a,,,
PM24-Rhine Valley Peri Peri Trail Mix 100 gm Pouch Digital,pm,,,Y,Y,pm,cfpl,,n/a,,,
"PM24-Rhine Valley Raspberry, Almond & D Chocolate Bar Pouch Roll 50gm",pm,,,,Y,pm,cfpl,,n/a,,,
PM24-Rhine Valley Rose & Pistachio Bar Pouch Roll 50gm,pm,,,Y,Y,pm,cfpl,,n/a,,,
PM24-Ribbon Premium Wax Resin (105 x 300 mm),pm,,,,Y,pm,cfpl,,n/a,,,
PM24-Royal Delight Ajwa Dates 3Ply 5 Kg-Top 385 x 290 x 80mm 5000 gm,pm,,,,Y,pm,cfpl,,n/a,,,
PM24-Royal Delight Ajwa Dates Top 500 gm,pm,,,Y,Y,pm,cfpl,,n/a,,,
PM24-Royal Delight Ajwa Pouch 250 gm,pm,,,Y,Y,pm,cfpl,,n/a,,,
PM24-Royal Delight Arabian Dates 2 Ply Sealing Standy Zipper Pouch (240mmx185mm) 500 gm,pm,,,Y,Y,pm,cfpl,,n/a,,,
PM24-Royal Delight Arabian Dates Pouch (150mm x 225mm) 250 gm,pm,,,Y,Y,pm,cfpl,,n/a,,,
PM24-Royal Delight Assorted Dates Top 500 gm,pm,,,Y,Y,pm,cfpl,,n/a,,,
PM24-Royal Delight Bottom Printed 250 gm,pm,,,,Y,pm,cfpl,,n/a,,,
PM24-Royal Delight Bottom Printed 500 gm,pm,,,Y,Y,pm,cfpl,,n/a,,,
PM24-Royal Delight Bottom Unprinted 500 gm,pm,,,,Y,pm,cfpl,,n/a,,,
PM24-Royal Delight Buman Dates Top (Cred) 300 gm,pm,,,,Y,pm,cfpl,,n/a,,,
PM24-Royal Delight Date Mewa Assorted Sleeve 210 gm,pm,,,,Y,pm,cfpl,,n/a,,,
PM24-Royal Delight Date Mewa Classic Sleeve 210 gm,pm,,,Y,Y,pm,cfpl,,n/a,,,
PM24-Royal Delight Deglet Dates Top (Cred) 300 gm,pm,,,,Y,pm,cfpl,,n/a,,,
PM24-Royal Delight Deri 30 gm,pm,,,,Y,pm,cfpl,,n/a,,,
PM24-Royal Delight Deri Dates 3Ply 5 Kg-Top 385 x 290 x 80mm 5000 gm,pm,,,,Y,pm,cfpl,,n/a,,,
PM24-Royal Delight Deri Dates Top (Cred) 350 gm,pm,,,,Y,pm,cfpl,,n/a,,,
PM24-Royal Delight Fard Dates 3Ply 5 Kg-Top 385 x 290 x 80mm 5000 gm,pm,,,,Y,pm,cfpl,,n/a,,,
PM24-Royal Delight Fard Dates Top (Cred) 350 gm,pm,,,,Y,pm,cfpl,,n/a,,,
PM24-Royal Delight Kalmi Dates Seeded 400 gm,pm,,,,Y,pm,cfpl,,n/a,,,
PM24-Royal Delight Khalas Dates Pouch Sample Pouch 30 gm,pm,,,,Y,pm,cfpl,,n/a,,,
PM24-Royal Delight Khenaizi Dates Top (Cred) 350 gm,pm,,,,Y,pm,cfpl,,n/a,,,
PM24-Royal Delight Kimia Dates 250 gm Label,pm,,,,Y,pm,cfpl,,n/a,,,
PM24-Royal Delight Kimia Dates Top 1000 gm,pm,,,Y,Y,pm,cfpl,,n/a,,,
PM24-Royal Delight Mabroom 3Ply 5 Kg Top 385 x 290 x 80mm 5000 gm,pm,,,,Y,pm,cfpl,,n/a,,,
PM24-Royal Delight Mabroom Dates Seedless Albarkh (Cred) 400 gm,pm,,,,Y,pm,cfpl,,n/a,,,
PM24-Royal Delight Mabroom Dates Top 500 gm,pm,,,,Y,pm,cfpl,,n/a,,,
PM24-Royal Delight Mabroom Pouch 250 gm,pm,,,Y,Y,pm,cfpl,,n/a,,,
PM24-Royal Delight Maryam Dates Top (Cred) 350 gm,pm,,,,Y,pm,cfpl,,n/a,,,
PM24-Royal Delight Mazafati Dates 3Ply 5 Kg-Top 385 x 290 x 80mm 5000 gm,pm,,,,Y,pm,cfpl,,n/a,,,
PM24-Royal Delight Medjool Dates Top (Brown) (Cred) 400 gm,pm,,,Y,Y,pm,cfpl,,n/a,,,
PM24-Royal Delight Medjoul Dates 30 gm,pm,,,,Y,pm,cfpl,,n/a,,,
PM24-Royal Delight Medjoul Dates 3Ply 5 Kg-Top 385 x 290 x 80mm 5000 gm,pm,,,,Y,pm,cfpl,,n/a,,,
PM24-Royal Delight Medjoul Top 1kg,pm,,,,Y,pm,cfpl,,n/a,,,
PM24-Royal Delight Medjoul-Sample Pouch 10-12 gm,pm,,,,Y,pm,cfpl,,n/a,,,
PM24-Royal Delight Mejool Junior Dates Top (Dark Blue) (Cred) 400 gm,pm,,,,Y,pm,cfpl,,n/a,,,
PM24-Royal Delight Mejool Junior Dates Top Blue (Cred) 400 gm,pm,,,,Y,pm,cfpl,,n/a,,,
PM24-Royal Delight Mejool Medium Dates Top (Purple) (Cred) 400 gm,pm,,,,Y,pm,cfpl,,n/a,,,
PM24-Royal Delight Oman Dates 3Ply 5 Kg-Top 385 x 290 x 80mm 5000 gm,pm,,,,Y,pm,cfpl,,n/a,,,
PM24-Royal Delight Oman Pouch 400 gm,pm,,,Y,Y,pm,cfpl,,n/a,,,
PM24-Royal Delight Oriental Dates 30 gm Pouch Digital,pm,,,,Y,pm,cfpl,,n/a,,,
PM24-Royal Delight Oriental Dates Top 500 gm,pm,,,Y,Y,pm,cfpl,,n/a,,,
PM24-Royal Delight Safavi 5Kg Top,pm,,,Y,Y,pm,cfpl,,n/a,,,
PM24-Royal Delight Safavi Back Label 500 gm,pm,,,,Y,pm,cfpl,,n/a,,,
PM24-Royal Delight Safavi Dates 30 gm,pm,,,,Y,pm,cfpl,,n/a,,,
PM24-Royal Delight Safavi Dates 3Ply 5 Kg-Top 385 x 290 x 80mm 5000 gm,pm,,,,Y,pm,cfpl,,n/a,,,
PM24-Royal Delight Safavi Dates Seeded 400 gm,pm,,,,Y,pm,cfpl,,n/a,,,
PM24-Royal Delight Safavi Dates Top 500 gm,pm,,,Y,Y,pm,cfpl,,n/a,,,
PM24-Royal Delight Safavi Pouch 250 gm,pm,,,Y,Y,pm,cfpl,,n/a,,,
PM24-Royal Delight Safavi Seedless Back Label 300 gm,pm,,,,Y,pm,cfpl,,n/a,,,
PM24-Royal Delight Safavi Seedless Back Label 500 gm,pm,,,,Y,pm,cfpl,,n/a,,,
PM24-Royal Delight Safavi Seedless Front Label 300 gm,pm,,,,Y,pm,cfpl,,n/a,,,
PM24-Royal Delight Safavi-Sample Pouch 10-12 gm,pm,,,,Y,pm,cfpl,,n/a,,,
PM24-Royal Delight Sagai Dates Top (Cred) 350 gm,pm,,,,Y,pm,cfpl,,n/a,,,
PM24-Royal Delight Sayar Dates Top (Cred) 350 gm,pm,,,,Y,pm,cfpl,,n/a,,,
PM24-Royal Delight Stuffed Dates Orange Peel 30 gm,pm,,,,Y,pm,cfpl,,n/a,,,
PM24-Royal Delight Uae Dates 3Ply 5 Kg-Top 385 x 290 x 80mm 5000 gm,pm,,,,Y,pm,cfpl,,n/a,,,
PM24-Royal Delight Uae Dates Top 500 gm,pm,,,,Y,pm,cfpl,,n/a,,,
PM24-Royal Delight Zahidi dates Pouch 1kg,pm,,,Y,Y,pm,cfpl,,n/a,,,
PM24-Royal Delight Zahidi Dates Top (Cred) 350 gm,pm,,,,Y,pm,cfpl,,n/a,,,
PM24-Royal Delight-Oman Pouch 155 x 230 mm 400 gm,pm,,,,Y,pm,cfpl,,n/a,,,
PM24-Royal DelightMedjoul Pouch 250 gm,pm,,,Y,Y,pm,cfpl,,n/a,,,
PM24-Royal Tradition Mahotsav 500g,pm,,,Y,Y,pm,cfpl,,n/a,,,
PM24-Royal Tradition Tyohaar 400g Laptop 400 Gm,pm,,,Y,Y,pm,cfpl,,n/a,,,
PM24-Royal Tradition Utsav 300g (with Bag)  300 Gm,pm,,,Y,Y,pm,cfpl,,n/a,,,
PM24-Royal Traditions Shubhkamna 300 g laptop pack,pm,,,Y,Y,pm,cfpl,,n/a,,,
PM24-Sample Pouch 30 gm Digital,pm,,,,Y,pm,cfpl,,n/a,,,
PM24-Seed Mix 250 gm Pouch Digital,pm,,,,Y,pm,cfpl,,n/a,,,
PM24-Seed Mix 280gm Pouch Digital,pm,,,,Y,pm,cfpl,,n/a,,,
PM24-Self Adhesivetape 60mm x 64.389 Mtr With Candor Name-Printed 180 gm,pm,,,,Y,pm,cfpl,,n/a,,,
PM24-Silver Diwali Laminated 3 side seal Pouch 155 x 205 mm 100 gm,pm,,,,Y,pm,cfpl,,n/a,,,
PM24-Silver Plain Pouch 500 gm,pm,,,,Y,pm,cfpl,,n/a,,,
PM24-Silver Pouches for On The Run 5 Grain Cereal 470 G (10*12) Centre Seal 50 gm,pm,,,,Y,pm,cfpl,,n/a,,,
PM24-Silver Roll 190 mm-Plain 100 gm,pm,,,Y,Y,pm,cfpl,,n/a,,,
PM24-Silver Roll 285mm-Plain 500 gm,pm,,,,Y,pm,cfpl,,n/a,,,
PM24-Silver Small Pouch-3 Side Seal 50 gm,pm,,,,Y,pm,cfpl,,n/a,,,
PM24-Small Round White Coated Tin Llid Withprinted Design 30 gm,pm,,,,Y,pm,cfpl,,n/a,,,
PM24-Small Wad Reliance Pgp-Induction Seal Wad For 500 Ml Round Glass Jar With See Through Screw Type Cap 250 gm written,pm,,,,Y,pm,cfpl,,n/a,,,
PM24-Snack Amor Roasted Cashew 170 gm Pouch Digital,pm,,,Y,Y,pm,cfpl,,n/a,,,
PM24-Snack Amor Walnut 250 gm Pouch Digital,pm,,,Y,Y,pm,cfpl,,n/a,,,
PM24-Snactac Display Carton 300 gm,pm,,,,Y,pm,cfpl,,n/a,,,
PM24-Solimo  Dried Apricots 500 gm,pm,,,,Y,pm,cfpl,,n/a,,,
PM24-Solimo Dried Fig Anjeer Monocarton 500 gm,pm,,,,Y,pm,cfpl,,n/a,,,
PM24-Solimo Macadamia Nuts 250 gm,pm,,,,Y,pm,cfpl,,n/a,,,
PM24-Solimo Premium Almond 250 gm,pm,,,,Y,pm,cfpl,,n/a,,,
PM24-Solimo Premium Cashew Monocarton 500 gm,pm,,,,Y,pm,cfpl,,n/a,,,
PM24-Solimo Premium Pine Nuts Unshelled (Chilgoza) 250 gm,pm,,,,Y,pm,cfpl,,n/a,,,
PM24-Solimo Premium Raisins 250 gm,pm,,,,Y,pm,cfpl,,n/a,,,
PM24-Solimo  Walnut Kernels (Broken) 500 gm,pm,,,,Y,pm,cfpl,,n/a,,,
PM24-South Georgia Pecanuts Roasted 500 gm,pm,,,,Y,pm,cfpl,,n/a,,,
PM24-Spar Berries Mix Label 100 gm,pm,,,,Y,pm,cfpl,,n/a,,,
PM24-Spar Pet Label s Dry Fruit & Berry Mix Label 100 gm,pm,,,,Y,pm,cfpl,,n/a,,,
PM24-Spar Pet Label s Nuts & Seed Mix Label 100 gm,pm,,,,Y,pm,cfpl,,n/a,,,
"PM24-Spar Pet Label s Nuts, Berry & Seed Mix Label 100 gm",pm,,,,Y,pm,cfpl,,n/a,,,
PM24-Spar Pet Label s Roasted Salted Almond Label 100 gm,pm,,,,Y,pm,cfpl,,n/a,,,
PM24-Spar Pet Label s Seed Mix Roasted Label 100 gm,pm,,,,Y,pm,cfpl,,n/a,,,
PM24-Spar Pistachio Pouch 500 gm,pm,,,,Y,pm,cfpl,,n/a,,,
PM24-Spar Plain Green Pouch 500 gm,pm,,,,Y,pm,cfpl,,n/a,,,
PM24-Spar Select Almond 120*225Mm 500 gm Pouch,pm,,,,Y,pm,cfpl,,n/a,,,
PM24-Spar Select Californian Pistachio 120*225mm 500gm Pouch,pm,,,,Y,pm,cfpl,,n/a,,,
PM24-Spar Select Cashew 120*225mm 500gm Pouch,pm,,,,Y,pm,cfpl,,n/a,,,
PM24-Spar Select Pouch 500 G B Spar Select Almond,pm,,,,Y,pm,cfpl,,n/a,,,
PM24-Spar Select Pouch 500 G B Spar Select California Pista,pm,,,,Y,pm,cfpl,,n/a,,,
PM24-Spar Selecta 350x250 mm Pouch 500 gm,pm,,,,Y,pm,cfpl,,n/a,,,
PM24-Special Offer Card 2 gm,pm,,,,Y,pm,cfpl,,n/a,,,
PM24-Square Blister 250 gm,pm,,,,Y,pm,cfpl,,n/a,,,
PM24-STAR BAZAAR LAMINATE ROLL (280mm X 175mm),pm,,,Y,Y,pm,cfpl,,n/a,,,
PM24-STAR BAZAAR LAMINATE ROLL (375mm X 200mm)500gm,pm,,,Y,Y,pm,cfpl,,n/a,,,
PM24-Star Bazar Laminate Pouch 100g (280x125mm) Cen,pm,,,Y,Y,pm,cfpl,,n/a,,,
PM24-Star Bazar Laminate Pouch 1KG (375x285mm) Cen seal,pm,,,Y,Y,pm,cfpl,,n/a,,,
PM24-Star Bazar Laminate Pouch 250g (280x175mm) Cen,pm,,,Y,Y,pm,cfpl,,n/a,,,
PM24-Star Bazar Laminate Pouch 500g (375x200mm) Cen,pm,,,Y,Y,pm,cfpl,,n/a,,,
PM24-Star Bazar Laminate Pouch 500g (375x230mm) Cen,pm,,,Y,Y,pm,cfpl,,n/a,,,
PM24-Steel 100 Gm Pet Cap 100 gm (old),pm,,,,Y,pm,cfpl,,n/a,,,
PM24-Stereo Development Charges - Carton,pm,,,,Y,pm,cfpl,,n/a,,,
PM24-Stretch Film 450 mm,pm,,,,Y,pm,cfpl,,n/a,,,
PM24-Sun Pharma Yoga Bar Monocarton 400 g,pm,,,,Y,pm,cfpl,,n/a,,,
PM24-Super Saver 1000 gm,pm,,,,Y,pm,cfpl,,n/a,,,
PM24-Super Saver 6 x8x300 Gm 300 gm,pm,,,,Y,pm,cfpl,,n/a,,,
PM24-Super Saver 7 x10x500 Gm 500 gm,pm,,,,Y,pm,cfpl,,n/a,,,
PM24-Taali Nimboo Pudina Peanut Pouch 150 gm,pm,,,,Y,pm,cfpl,,n/a,,,
PM24-Taali Nimboo Spice Masala Peanut Pouch 150 gm,pm,,,,Y,pm,cfpl,,n/a,,,
PM24-Tape Double Tape,pm,,,,Y,pm,cfpl,,n/a,,,
PM24-Tasties Brazil Nuts Monocarton 50 gm,pm,,,Y,Y,pm,cfpl,,n/a,,,
PM24-Tasties Chilli Almonds Monocarton 75 gm,pm,,,Y,Y,pm,cfpl,,n/a,,,
PM24-Tasties Chilli Almonds-Flavourful & Crunchy 75 G,pm,,,,Y,pm,cfpl,,n/a,,,
PM24-Tasties Chilli Garlic Cashew-Flavourful & Crunchy 75 G,pm,,,Y,Y,pm,cfpl,,n/a,,,
PM24-Tasties Generic Inner Pouch Roll 50/75 gm 190 mm(White N Red),pm,,,Y,Y,pm,cfpl,,n/a,,,
PM24-Tasties Hazelnut-A Turkish Indulgence 50 G,pm,,,Y,Y,pm,cfpl,,n/a,,,
PM24-Tasties Honey Almond-Flavourful & Crunchy-75 gm,pm,,,,Y,pm,cfpl,,n/a,,,
PM24-Tasties Lemon Pepper Cashew-Flavourful & Crunchy 75 G,pm,,,Y,Y,pm,cfpl,,n/a,,,
PM24-Tasties Macadamianuts Monocarton 50 gm,pm,,,Y,Y,pm,cfpl,,n/a,,,
PM24-Tasties Mixed Berries Trail Mix 75 G,pm,,,Y,Y,pm,cfpl,,n/a,,,
PM24-Tasties Mixed Dry Fruits Trail Mix 75 G,pm,,,Y,Y,pm,cfpl,,n/a,,,
PM24-Tasties Pecan Nuts-Iconic American Nut 50 G,pm,,,Y,Y,pm,cfpl,,n/a,,,
PM24-Tasties Peri-Peri Cashew-Flavourful & Crunchy 75 G,pm,,,Y,Y,pm,cfpl,,n/a,,,
PM24-Tasties Pink Salted Pistachio-Flavourful & Crunchy 75 G,pm,,,Y,Y,pm,cfpl,,n/a,,,
PM24-Tasties Roasted Almonds With Pink Salt-Flavourful & Crunchy 75 G,pm,,,Y,Y,pm,cfpl,,n/a,,,
PM24-Tasties Smoked Almonds-Flavourful & Crunchy 75 G,pm,,,Y,Y,pm,cfpl,,n/a,,,
PM24-Tasties Trail Mix-Wholesome Monocarton 75 gm,pm,,,Y,Y,pm,cfpl,,n/a,,,
PM24-Tasties Trail Mix-Wholesome Nut Mix 75 G,pm,,,,Y,pm,cfpl,,n/a,,,
PM24-Tea Bites 30 gm,pm,,,,Y,pm,cfpl,,n/a,,,
PM24-Tea Bites Pouch Medium 30 gm,pm,,,,Y,pm,cfpl,,n/a,,,
PM24-Tea Bites Small 30 gm,pm,,,,Y,pm,cfpl,,n/a,,,
PM24-The Date Co. Blue Sleeve 250 gm,pm,,,,Y,pm,cfpl,,n/a,,,
PM24-The Date Co. Blue Sleeve 500 gm,pm,,,,Y,pm,cfpl,,n/a,,,
PM24-The Date Co. Brown Sleeve 250 gm,pm,,,,Y,pm,cfpl,,n/a,,,
PM24-The Date Co. Brown Sleeve 500 gm,pm,,,,Y,pm,cfpl,,n/a,,,
PM24-The Date Co. Pink Sleeve 250 gm,pm,,,,Y,pm,cfpl,,n/a,,,
PM24-The Date Co. Pink Sleeve 500 gm,pm,,,,Y,pm,cfpl,,n/a,,,
PM24-The Date Co. Yellow Sleeve 250 gm,pm,,,,Y,pm,cfpl,,n/a,,,
PM24-The Date Co. Yellow Sleeve 500 gm,pm,,,,Y,pm,cfpl,,n/a,,,
PM24-Transparent Laminate Roll,pm,,,,Y,pm,cfpl,,n/a,,,
PM24-Tray 22x16 Duplex Board 230gsm,pm,,,,Y,pm,cfpl,,n/a,,,
PM24-Tray 24x15.25 Duplex Board 230gsm,pm,,,,Y,pm,cfpl,,n/a,,,
PM24-Tray 26x16.5 Duplex Board 230gsm,pm,,,,Y,pm,cfpl,,n/a,,,
PM24-Tray Cranival Festive Greetings Box,pm,,,,Y,pm,cfpl,,n/a,,,
PM24-Triangular PP Pouch 50 gm,pm,,,,Y,pm,cfpl,,n/a,,,
"PM24-Tub Rectangle Blister Top, Lid Pl-200Gm 200 gm",pm,,,,Y,pm,cfpl,,n/a,,,
PM24-Tub Rectangular Blister 150*100*32mm-Container Pl Transparent 200 gm,pm,,,,Y,pm,cfpl,,n/a,,,
PM24-Turkey Apricots Pouch (Reliance-unbranded) 200 gm,pm,,,Y,Y,pm,cfpl,,n/a,,,
PM24-Urban Platter Roasted Makhana Wasabi 40G 40 gm,pm,,,,Y,pm,cfpl,,n/a,,,
PM24-Vacuum 240x260mm (Common)- 110 Micron 500 gm,pm,,,Y,Y,pm,cfpl,,n/a,,,
PM24-Vacuum 240x260mm (Solimo)- 130 Micron 500 gm,pm,,,,Y,pm,cfpl,,n/a,,,
PM24-Vacuum Pouch 180x240 mm-100 Micron 250 gm,pm,,,Y,Y,pm,cfpl,,n/a,,,
PM24-Vacuum Pouch 180x240mm - 130 Micron 250 gm,pm,,,Y,Y,pm,cfpl,,n/a,,,
PM24-Vacuum Pouch 230x360,pm,,,,Y,pm,cfpl,,n/a,,,
"PM24-Vacuum Pouch For 1 Kg- 210 x 305mm, 16G - 90 Micron (Solimo) 1000 gm",pm,,,Y,Y,pm,cfpl,,n/a,,,
"PM24-Vacuum Pouch For 1 Kg-210 x 305mm, 16G-110 Micron (Solimo) 1000 gm",pm,,,Y,Y,pm,cfpl,,n/a,,,
PM24-Vacuum Pouch-130 x190mm 100 gm,pm,,,Y,Y,pm,cfpl,,n/a,,,
PM24-Vacuum Pouch-140 x 240 mm 200 gm,pm,,,Y,Y,pm,cfpl,,n/a,,,
PM24-Vacuum Pouch-155 x115mm 50 gm,pm,,,Y,Y,pm,cfpl,,n/a,,,
"PM24-Vacuum Pouch-390 x 575 mm, 60G-125 Micron 5000 gm",pm,,,Y,Y,pm,cfpl,,n/a,,,
PM24-Vacuum Pouch-510 x 560mm-65 G-125 Micron-10 Kg 10000 gm,pm,,,Y,Y,pm,cfpl,,n/a,,,
PM24-Vacuumed Pouch 210x320mm,pm,,,,Y,pm,cfpl,,n/a,,,
PM24-Vedaka Blue Zipper Pouch 250GM,pm,,,,Y,pm,cfpl,,n/a,,,
PM24-Vedaka Blue Zipper Pouch 500 gm,pm,,,,Y,pm,cfpl,,n/a,,,
PM24-Vedaka Popular 100G Pouch,pm,,,,Y,pm,cfpl,,n/a,,,
PM24-Vedaka Popular Pouch Roll 200 gm,pm,,,,Y,pm,cfpl,,n/a,,,
PM24-Vedaka Premium 1Kg Pouch(190mmx260mm) 1000 gm,pm,,,Y,Y,pm,cfpl,,n/a,,,
PM24-Vedaka Premium Pouch (130x153mm) 100 gm,pm,,,,Y,pm,cfpl,,n/a,,,
PM24-Vedaka Premium Pouch(130mm x 183mm) 200 gm,pm,,,Y,Y,pm,cfpl,,n/a,,,
PM24-Vedaka Purple Plain Pouch  1 Kg,pm,,,Y,Y,pm,cfpl,,n/a,,,
PM24-Vedaka Purple Plain Pouch  500 gm,pm,,,Y,Y,pm,cfpl,,n/a,,,
PM24-Vedaka Purple Pouch 100GM,pm,,,Y,Y,pm,cfpl,,n/a,,,
PM24-Vedaka Purple Pouch 200GM,pm,,,Y,Y,pm,cfpl,,n/a,,,
PM24-Vedaka Purple Pouch Roll 100GM,pm,,,Y,Y,pm,cfpl,,n/a,,,
PM24-Vedaka Purple Zipper Pouch 1 Kg,pm,,,Y,Y,pm,cfpl,,n/a,,,
PM24-Vedaka Purple Zipper Pouch 200GM,pm,,,Y,Y,pm,cfpl,,n/a,,,
PM24-Vedaka Purple Zipper Pouch 250GM,pm,,,Y,Y,pm,cfpl,,n/a,,,
PM24-Vedaka Purple Zipper Pouch 500GM,pm,,,Y,Y,pm,cfpl,,n/a,,,
PM24-Vedaka Purple Zipper Pouch Roll 500GM,pm,,,,Y,pm,cfpl,,n/a,,,
PM24-Vedaka Purpler Pouch Roll 200GM,pm,,,Y,Y,pm,cfpl,,n/a,,,
PM24-Vedaka Red Zipper Pouch 1KG,pm,,,Y,Y,pm,cfpl,,n/a,,,
PM24-Vedaka Red Zipper Pouch 250GM,pm,,,Y,Y,pm,cfpl,,n/a,,,
PM24-Vedaka Red Zipper Pouch 500GM,pm,,,Y,Y,pm,cfpl,,n/a,,,
PM24-Vedaka Season Greeting Blue 5p Folding 800gm,pm,,,,Y,pm,cfpl,,n/a,,,
PM24-Vedaka Seasons Green Corrogated Box 400 gm,pm,,,,Y,pm,cfpl,,n/a,,,
PM24-Wad (Big) Reliance PGP 500 gm For 1000 Ml Round Glass Jar,pm,,,Y,Y,pm,cfpl,,n/a,,,
PM24-Wad For 1000 Ml Reliance PGP Glass,pm,,,,Y,pm,cfpl,,n/a,,,
PM24-Wad For 500 Ml Reliance PGP Glass,pm,,,,Y,pm,cfpl,,n/a,,,
PM24-White Generic Pouch-20 Kg 20000 gm,pm,,,,Y,pm,cfpl,,n/a,,,
PM24-White Laminate Roll For BAPS 30 gm,pm,,,,Y,pm,cfpl,,n/a,,,
PM24-White Lion Brazilnuts Roasted 500 gm,pm,,,,Y,pm,cfpl,,n/a,,,
PM24-White Milky Tub Rc 201 750 Ml 500 gm,pm,,,,Y,pm,cfpl,,n/a,,,
PM24-White Roll With Eyemark,pm,,,,Y,pm,cfpl,,n/a,,,
PM24-White Strip PP Heat Sealing Roll Fully Auto Size 1260-Carton Packaging 5000 gm,pm,,,,Y,pm,cfpl,,n/a,,,
PM24-Wholesome Millets Bar R 30 gm,pm,,,,Y,pm,cfpl,,n/a,,,
PM24-Wholesome Millets Monocarton,pm,,,,Y,pm,cfpl,,n/a,,,
PM24-Yellow Label 100x50 mm 50 gm,pm,,,,Y,pm,cfpl,,n/a,,,
PM24-Yumasana Cashew Barbeque Standy Pouch,pm,,,Y,Y,pm,cfpl,,n/a,,,
PM24-Yumasana Cashew Pepper Standy Pouch,pm,,,Y,Y,pm,cfpl,,n/a,,,
PM24-Yumasana Cashew Salted Standy Pouch,pm,,,Y,Y,pm,cfpl,,n/a,,,
PM24-Yumasana Cashew Sour Cream Standy Pouch,pm,,,Y,Y,pm,cfpl,,n/a,,,
PM24-Yumasana Coated Peanut Barbeque Standy Pouch,pm,,,Y,Y,pm,cfpl,,n/a,,,
PM24-Yumasana Coated Peanut Chilli Garlic Standy Pouch,pm,,,Y,Y,pm,cfpl,,n/a,,,
PM24-Yumasana Coated Peanut Peri Peri Standy Pouch,pm,,,Y,Y,pm,cfpl,,n/a,,,
PM24-Yumasana Coated Peanut Thai Chilli Standy Pouch,pm,,,Y,Y,pm,cfpl,,n/a,,,
PM24-Zahidi Dates 900 gm Pouch Digital,pm,,,,Y,pm,cfpl,,n/a,,,
PM24-Zahidi Dates 900 Grm Pouch Digital,pm,,,,Y,pm,cfpl,,n/a,,,
PM24-Zahidi Dates Label 1kg,pm,,,,Y,pm,cfpl,,n/a,,,
PM24-Zahidi Dates Pouch (Reliance-unbranded) 500 gm,pm,,,Y,Y,pm,cfpl,,n/a,,,
PM24-Zesque Choco Chips Monocarton 200gm,pm,,,,Y,pm,cfpl,,n/a,,,
PM24-Zesque Hemp Seeds Barbeque 200 gm pouch,pm,,,,Y,pm,cfpl,,n/a,,,
PM24-Zesque Hemp Seeds Mint 200 gm,pm,,,,Y,pm,cfpl,,n/a,,,
PM24-Zesque Hemp Trail Mix Salt & Pepper Roasted 200 gm,pm,,,,Y,pm,cfpl,,n/a,,,
PM24-Zesque TM  Salt & Pepper Roasted 200 gm,pm,,,,Y,pm,cfpl,,n/a,,,
PM24-Zipper Laminated Plain Standy Zipper Pouch (4.75x7.5 in) 100 gm,pm,,,,Y,pm,cfpl,,n/a,,,
PM24-Zipper Laminated Plain Standy Zipper Pouch (6x9 in) 150 gm,pm,,,Y,Y,pm,cfpl,,n/a,,,
PM24-Zipper-Silver Standy Pouch 5 x 9 150 gm,pm,,,Y,Y,pm,cfpl,,n/a,,,
PM24-Zipper-Standy Pouch 5.5 X 8,pm,,,,Y,pm,cfpl,,n/a,,,
PM24-Zipper-Standy Pouch 7 x 10 300 gm,pm,,,Y,Y,pm,cfpl,,n/a,,,
PM24-Zorro Pecan Grain Free Granola 50gm Pouch,pm,,,,Y,pm,cfpl,,n/a,,,
PM24-Zorro Pecan Maple Glazed 50gm Pouch,pm,,,,Y,pm,cfpl,,n/a,,,
PM24-Zorro Pecan Roasted And Lightly Salted 50gm Pouch,pm,,,,Y,pm,cfpl,,n/a,,,
PM24-Zorro Pecan Simply  50gm Pouch,pm,,,,Y,pm,cfpl,,n/a,,,
PM24-Zorro Pecan Sweet And Spicy 50gm Pouch,pm,,,,Y,pm,cfpl,,n/a,,,
PM24-Zorro Simply Pecan Pouch 200gm,pm,,,,Y,pm,cfpl,,n/a,,,
"Popular Raisins, 500 g (B07GR3S1RR)",fg,Y,Y,,Y,fg,cfpl,Sorting + Packaging,routed,,,
Powder Black Pepper spices,rm,,,Y,Y,rm,cfpl,,n/a,,,
PREGEFLO C 100 G,rm,,,Y,Y,rm,cfpl,,n/a,,,
PREGEFLO C100,rm,,,Y,Y,rm,cfpl,,n/a,,,
PREGEFLO CH 10 G,rm,,,Y,Y,rm,cfpl,,n/a,,,
Premia Almond Salted 100 Gm,fg,Y,Y,,Y,fg,cfpl,Sorting + Packaging,routed,,,
PREMIA ALMONDS SMOKD-100G,fg,Y,Y,,Y,fg,cfpl,Sorting + Packaging,routed,,,
Premia Breakfast Mix 100g (100005226),fg,Y,Y,,Y,fg,cfpl,Sorting + Packaging,routed,,,
Premia Breakfast Mix Bulk,fg,,Y,Y,Y,fg,cfpl,,"MISSING (has BOM recipe, not in FG Master)",Y,,BOM_PARENT_NO_ROUTING; MULTILEVEL_SFG (component+has-BOM); CATALOG_FG_NOT_IN_FG_MASTER; SFG_NOT_IN_WIP_SET
Premia Cashew Black Pepper 100 Gm,fg,Y,Y,,Y,fg,cfpl,Sorting + Packaging,routed,,,
Premia Cashew Salted 100 Gm,fg,Y,Y,,Y,fg,cfpl,Sorting + Packaging,routed,,,
Premia Chatpata Cranberry 100gm,fg,Y,Y,,Y,fg,cfpl,Flavouring + Packaging,routed,,,
Premia Indian Raisin 100gm,fg,Y,Y,,Y,fg,cfpl,Sorting + Packaging,routed,,,
Premia Nuts & Seeds Mix 100g (100005422),fg,Y,Y,Y,Y,fg,cfpl,Sorting + Packaging,routed,Y,,MULTILEVEL_SFG (component+has-BOM); SFG_NOT_IN_WIP_SET
Premia Nuts & Seeds Mix Bulk,fg,,Y,Y,Y,fg,cfpl,,"MISSING (has BOM recipe, not in FG Master)",Y,,BOM_PARENT_NO_ROUTING; MULTILEVEL_SFG (component+has-BOM); CATALOG_FG_NOT_IN_FG_MASTER; SFG_NOT_IN_WIP_SET
Premia Prunes 100gm,fg,Y,Y,,Y,fg,cfpl,Sorting + Packaging,routed,,,
Premia Trail Mix 100g (100005227),fg,Y,Y,,Y,fg,cfpl,Sorting + Packaging,routed,,,
Premia Trail Mix Bulk,fg,,Y,Y,Y,fg,cfpl,,"MISSING (has BOM recipe, not in FG Master)",Y,,BOM_PARENT_NO_ROUTING; MULTILEVEL_SFG (component+has-BOM); CATALOG_FG_NOT_IN_FG_MASTER; SFG_NOT_IN_WIP_SET
Premium Shandukhani Green Raisins,rm,,,,Y,rm,cfpl,,n/a,,,
Premium Trail Mix 100gm,fg,Y,Y,,Y,fg,cfpl,Flavouring + Packaging,routed,,,
Premix- Chocolate & Oats Bites,rm,,,,Y,rm,cfpl,,n/a,,,
Premix- Date & Nuts Bites,rm,,,,Y,rm,cfpl,,n/a,,,
Premix-Cofee Nutribite,rm,,,,Y,rm,cfpl,,n/a,,,
Premix-Salted Caramel Nutribites,rm,,,,Y,rm,cfpl,,n/a,,,
Prunes 1KG (B07GR24VN1),fg,Y,Y,,Y,fg,cfpl,Sorting + Packaging,routed,,,
Prunes 200G (B07GQWRZKN),fg,Y,Y,,Y,fg,cfpl,Sorting + Packaging,routed,,,
Prunes 500G (B07GQZSS53),fg,Y,Y,,Y,fg,cfpl,Sorting + Packaging,routed,,,
PSYLLIUM HUSK POWDER,rm,,,Y,Y,rm,cfpl,,n/a,,,
Pudina Cashew,fg,Y,Y,,Y,fg,cfpl,Flavouring (Bulk Packaging,routed,,Y,
Pudina Makhana,fg,Y,Y,,Y,fg,cfpl,Flavouring + Packaging,routed,,Y,
Pudina Makhana 50gm,fg,,Y,,Y,fg,cfpl,,"MISSING (has BOM recipe, not in FG Master)",,,BOM_PARENT_NO_ROUTING; CATALOG_FG_NOT_IN_FG_MASTER
Pudina seasoning,rm,,,Y,Y,rm,cfpl,,n/a,,,
Pumpkin Seed ( 5% ),rm,,,Y,Y,rm,cfpl,,n/a,,,
Pumpkin Seed 12%,rm,,,Y,Y,rm,cfpl,,n/a,,,
Pumpkin Seed 200g (B07GQW1HJC),fg,,Y,,Y,fg,cfpl,,"MISSING (has BOM recipe, not in FG Master)",,,BOM_PARENT_NO_ROUTING; CATALOG_FG_NOT_IN_FG_MASTER
Pumpkin Seeds 100g (B07GQRWYNP),fg,,,,Y,fg,cfpl,,n/a,,,CATALOG_FG_NOT_IN_FG_MASTER
Pumpkin Seeds 500G (B07GQWST7Y) FBA,fg,Y,Y,,Y,fg,cfpl,Sorting + Roasting + Packaging,routed,,,
Pumpkin Seeds Roasted,fg,Y,Y,Y,Y,fg,cfpl,Sorting + Roasting (Bulk Packaging,routed,Y,Y,MULTILEVEL_SFG (component+has-BOM)
Pumpkin Seeds Roasted and Salted,fg,Y,Y,,Y,fg,cfpl,Flavouring (Bulk Packaging,routed,,Y,
Pure Maple Syrup,rm,,,Y,Y,rm,cfpl,,n/a,,,
Quinoa Flakes,rm,,,,Y,rm,cfpl,,n/a,,,
Quinoa Puff Base,rm,,,,Y,rm,cfpl,,n/a,,,
Quinoa Seeds,rm,,,,Y,rm,cfpl,,n/a,,,
QWIKSNAX ALMONDS & CASHEWS MIX-25G,fg,,Y,,Y,fg,cfpl,,"MISSING (has BOM recipe, not in FG Master)",,,BOM_PARENT_NO_ROUTING; CATALOG_FG_NOT_IN_FG_MASTER
QWIKSNAX CRANBERRIES CHTPTA MIX-30G,fg,,Y,,Y,fg,cfpl,,"MISSING (has BOM recipe, not in FG Master)",,,BOM_PARENT_NO_ROUTING; CATALOG_FG_NOT_IN_FG_MASTER
Rabbi Dates,rm,,,,Y,rm,cdpl,,n/a,,,
RAGI,rm,,,Y,Y,rm,cfpl,,n/a,,,
Ragi Flakes,rm,,,,Y,rm,cfpl,,n/a,,,
Ragi Puff,rm,,,Y,Y,rm,cfpl,,n/a,,,
Raisin Green,rm,,,,Y,rm,cfpl,,n/a,,,
Raisins 200G (B07GRBFFMR) FBA,fg,Y,Y,,Y,fg,cfpl,Sorting + Packaging,routed,,,
Rajgira Atta,rm,,,Y,Y,rm,cfpl,,n/a,,,
Rajgira Puff (Lahi),rm,,,Y,Y,rm,cfpl,,n/a,,,
Raspberry Flavour 240323,rm,,,Y,Y,rm,cfpl,,n/a,,,
RD Safavi Dates 250g,fg,,,,Y,fg,cdpl,,n/a,,,CATALOG_FG_NOT_IN_FG_MASTER
Re Engraving of Cylinders_Design Plates,pm,,,,Y,pm,cfpl,,n/a,,,
Red Chilli Oleoresin (Cap Oleoresin 4010000030),rm,,,,Y,rm,cfpl,,n/a,,,
Red Dates Seedless 500 Gm,fg,Y,Y,,Y,fg,cfpl,De-seeding + Packaging,routed,,,
Red Kharik Dry Dates,rm,,,Y,Y,rm,cfpl,,n/a,,,
Refined Fine Powder Iodized Salt Prime,rm,,,Y,Y,rm,cfpl,,n/a,,,
Refined Fine Powder Iodized Salt Prime - TPL,rm,,,Y,Y,rm,cfpl,,n/a,,,
Rhine Valley Almond & Coffee Date Bar 50gm,fg,Y,Y,Y,Y,fg,cfpl,Sorting + Blending + Bar Forming + Packaging,routed,Y,,MULTILEVEL_SFG (component+has-BOM); SFG_NOT_IN_WIP_SET
Rhine Valley Almond & Cranberry Date Bar 50gm,fg,Y,Y,,Y,fg,cfpl,Sorting + Blending + Bar Forming + Packaging,routed,,,
Rhine Valley Almond & Orange Dark Chocolate Date Bar 50gm,fg,Y,Y,,Y,fg,cfpl,Sorting + Blending + Bar Forming + Packaging,routed,,,
Rhine Valley Barbeque Trail Mix 100gm,fg,Y,Y,,Y,fg,cfpl,Flavouring + Packaging,routed,,,
Rhine Valley Black Pepper Trail Mix 100gm,fg,Y,Y,,Y,fg,cfpl,Flavouring + Packaging,routed,,,
Rhine Valley Fruit & Nut Date Bar 50gm,fg,Y,Y,,Y,fg,cfpl,Sorting + Blending + Bar Forming + Packaging,routed,,,
Rhine Valley Himalayan Pink Salt Trail Mix 100gm,fg,Y,Y,,Y,fg,cfpl,Flavouring + Packaging,routed,,,
Rhine Valley Masala Trail mix 100g,fg,Y,Y,,Y,fg,cfpl,Flavouring + Packaging,routed,,,
Rhine Valley Peri Peri Trail Mix 100gm,fg,Y,Y,,Y,fg,cfpl,Flavouring + Packaging,routed,,,
"Rhine Valley Raspberry, Almond & Dark Chocolate Date Bar 50gm",fg,Y,Y,,Y,fg,cfpl,Sorting + Blending + Bar Forming + Packaging,routed,,,
Rhine Valley Rose & Pistachio Date Bar 50gm,fg,Y,Y,,Y,fg,cfpl,Sorting + Blending + Bar Forming + Packaging,routed,,,
Rice Atta,rm,,,Y,Y,rm,cfpl,,n/a,,,
Rice Bran Oil,rm,,,Y,Y,rm,cfpl,,n/a,,,
Rice Crispy,rm,,,Y,Y,rm,cfpl,,n/a,,,
Rice Crispy - 18%,rm,,,Y,Y,rm,cfpl,,n/a,,,
Rice Lahi,rm,,,Y,Y,rm,cfpl,,n/a,,,
Roasted & Salted Almonds,fg,Y,Y,Y,Y,fg,cfpl,Flavouring (Bulk Packaging,routed,Y,Y,MULTILEVEL_SFG (component+has-BOM)
Roasted & Salted Almonds 140g,fg,Y,Y,,Y,fg,cfpl,Sorting + Packaging,routed,,,
Roasted & Salted Almonds 75g,fg,Y,Y,,Y,fg,cfpl,Sorting + Packaging,routed,,,
Roasted & Salted Almonds 90g,fg,Y,Y,,Y,fg,cfpl,Sorting + Packaging,routed,,,
Roasted & Salted Almonds Bulk,fg,Y,Y,Y,Y,fg,cfpl,Flavouring + Roasting +Bulk Packaging,routed,Y,,MULTILEVEL_SFG (component+has-BOM); SFG_NOT_IN_WIP_SET
Roasted & Salted Cashew,fg,Y,Y,Y,Y,fg,cfpl,Flavouring + Roasting +Bulk Packaging,routed,Y,Y,MULTILEVEL_SFG (component+has-BOM)
Roasted & Salted Cashew  140g,fg,Y,Y,,Y,fg,cfpl,Sorting + Packaging,routed,,,
Roasted & Salted Cashew 75gm,fg,Y,Y,,Y,fg,cfpl,Sorting + Packaging,routed,,,
Roasted & Salted Cashew 90gm,fg,Y,Y,,Y,fg,cfpl,Sorting + Packaging,routed,,,
Roasted & Salted Cashew Bulk,fg,Y,Y,Y,Y,fg,cfpl,Flavouring + Roasting +Bulk Packaging,routed,Y,Y,MULTILEVEL_SFG (component+has-BOM)
Roasted & Salted Pecan Nuts 75gm,fg,Y,Y,,Y,fg,cfpl,Flavouring + Packaging,routed,,,
Roasted & Salted Pista 230g,fg,Y,Y,,Y,fg,cfpl,Flavouring + Packaging,routed,,,
Roasted & Salted Pista 75gm,fg,,Y,,Y,fg,cfpl,,"MISSING (has BOM recipe, not in FG Master)",,,BOM_PARENT_NO_ROUTING; CATALOG_FG_NOT_IN_FG_MASTER
Roasted Black Sesame (Kale Til) Seeds,fg,Y,Y,,Y,fg,cfpl,Sorting + Roasting (Bulk Packaging,routed,,Y,
ROASTED BLANCHED PEANUT WHOLE,rm,,,,Y,rm,cfpl,,n/a,,,
Roasted Cashew Bulk,fg,Y,Y,Y,Y,fg,cfpl,Flavouring + Roasting +Bulk Packaging,routed,Y,,MULTILEVEL_SFG (component+has-BOM); SFG_NOT_IN_WIP_SET
ROASTED CORN,rm,,,,Y,rm,cfpl,,n/a,,,
Roasted Flax Seeds,fg,Y,Y,Y,Y,fg,cfpl,Sorting + Roasting (Bulk Packaging,routed,Y,Y,MULTILEVEL_SFG (component+has-BOM)
Roasted Independence Almonds Bulk,fg,Y,Y,Y,Y,fg,cfpl,Flavouring + Roasting +Bulk Packaging,routed,Y,,MULTILEVEL_SFG (component+has-BOM); SFG_NOT_IN_WIP_SET
Roasted Makhana,fg,Y,Y,Y,Y,fg,cfpl,Sorting + Roasting (Bulk Packaging,routed,Y,Y,MULTILEVEL_SFG (component+has-BOM)
Roasted Papad Ball 5%,rm,,,,Y,rm,cfpl,,n/a,,,
Roasted Peanuts,rm,Y,Y,Y,Y,rm,cfpl,Sorting + Roasting (Bulk Packaging,routed,Y,Y,MULTILEVEL_SFG (component+has-BOM)
Roasted Peanuts Split,fg,Y,Y,,Y,fg,cfpl,Sorting + Roasting (Bulk Packaging,routed,,Y,
Roasted Poppy Seed,fg,Y,Y,,Y,fg,cfpl,Sorting + Roasting (Bulk Packaging,routed,,Y,
Roasted Salted Flax Seeds,fg,Y,Y,,Y,fg,cfpl,Sorting + Roasting (Bulk Packaging,routed,,Y,
Roasted White Sesame (Safed Til) Seeds,fg,Y,Y,Y,Y,fg,cfpl,Sorting + Roasting (Bulk Packaging,routed,Y,Y,MULTILEVEL_SFG (component+has-BOM)
Rock Salt -Sendha Namak Powder,rm,,,Y,Y,rm,cfpl,,n/a,,,
Rose Flavour 060721,rm,,,Y,Y,rm,cfpl,,n/a,,,
Rose Petals,rm,,,Y,Y,rm,cfpl,,n/a,,,
Royal Delight Ajwa Dates 250 Gms,fg,Y,Y,,Y,fg,cfpl,Sorting + Packaging,routed,,,
Royal Delight Ajwa Dates 400gm,fg,,,,Y,fg,cdpl,,n/a,,,CATALOG_FG_NOT_IN_FG_MASTER
Royal Delight Ajwa Dates 5 Kgs,rm,,,,Y,rm,cdpl,,n/a,,,
Royal Delight Ajwa Dates 500 Gm,fg,,,,Y,fg,cdpl,,n/a,,,CATALOG_FG_NOT_IN_FG_MASTER
Royal Delight Ajwa Dates 500gm,fg?,,Y,,,,,,"MISSING (has BOM recipe, not in FG Master)",,,ARTICLE_NOT_IN_CATALOG; BOM_PARENT_NO_ROUTING
Royal Delight Ajwa Large 250g,fg,,,,Y,fg,cdpl,,n/a,,,CATALOG_FG_NOT_IN_FG_MASTER
Royal Delight Arabian 250gm,fg,,,,Y,fg,cdpl,,n/a,,,CATALOG_FG_NOT_IN_FG_MASTER
Royal Delight Arabian Dates 200gm,fg,Y,Y,,Y,fg,cfpl,Sorting + Packaging,routed,,,
Royal Delight Arabian Dates 250g,fg,Y,Y,,Y,fg,cfpl,Sorting + Packaging,routed,,,
Royal Delight Arabian Dates 300gm,fg,,Y,,Y,fg,cfpl,,"MISSING (has BOM recipe, not in FG Master)",,,BOM_PARENT_NO_ROUTING; CATALOG_FG_NOT_IN_FG_MASTER
Royal Delight Arabian Dates 500g,fg,,,,Y,fg,cdpl,,n/a,,,CATALOG_FG_NOT_IN_FG_MASTER
Royal Delight Arabian Dates 500gm,fg,Y,Y,,Y,fg,cfpl,Sorting + Packaging,routed,,,
Royal Delight Assorted Dates 500gm,fg,Y,Y,,Y,fg,cfpl,Sorting + Packaging,routed,,,
Royal Delight Dates Ajwa 800g,fg,Y,Y,,Y,fg,cfpl,Sorting + Packaging,routed,,,
Royal Delight Dates Medjool Medium 250g,fg,Y,Y,,Y,fg,cfpl+cdpl,Sorting + Packaging,routed,,,
Royal Delight Dates Oman 1 Kg,fg,,,,Y,fg,cdpl,,n/a,,,CATALOG_FG_NOT_IN_FG_MASTER
Royal Delight Dates Stuffed Deri Acrylic Box 27 Pcs,fg,,,,Y,fg,cfpl,,n/a,,,CATALOG_FG_NOT_IN_FG_MASTER
Royal Delight Fard Dates 350g,fg,,,,Y,fg,cdpl,,n/a,,,CATALOG_FG_NOT_IN_FG_MASTER
Royal Delight Kimia 350 Gm,fg,,,,Y,fg,cdpl,,n/a,,,CATALOG_FG_NOT_IN_FG_MASTER
Royal Delight Kimia Dates 1kg,fg,Y,Y,,Y,fg,cfpl,Sorting + Packaging,routed,,,
Royal Delight Kimia Dates 350gm,fg,Y,Y,,Y,fg,cfpl,Sorting + Packaging,routed,,,
Royal Delight Mabroom Dates 250 Gms,fg,Y,Y,,Y,fg,cfpl,Sorting + Packaging,routed,,,
Royal Delight Mabroom Dates 5 Kgs,rm,,,,Y,rm,cdpl,,n/a,,,
Royal Delight Mazafati Dates 5 Kgs,rm,,,,Y,rm,cdpl,,n/a,,,
Royal Delight Medjool Dates 800g,fg,Y,Y,,Y,fg,cfpl,Sorting + Packaging,routed,,,
Royal Delight Medjool Large 800g,fg,,,,Y,fg,cdpl,,n/a,,,CATALOG_FG_NOT_IN_FG_MASTER
Royal Delight Medjool Skin 400g,fg,,,,Y,fg,cdpl,,n/a,,,CATALOG_FG_NOT_IN_FG_MASTER
Royal Delight Medjoul Dates 250 Gms,fg,Y,Y,,Y,fg,cfpl,Sorting + Packaging,routed,,,
Royal delight Medjoul Dates 400gm,fg,Y,Y,,Y,fg,cfpl,Sorting + Packaging,routed,,,
Royal Delight Medjoul Dates 5 Kgs,rm,,,,Y,rm,cdpl,,n/a,,,
Royal Delight Oman Dates 1 Kgs,fg,Y,Y,,Y,fg,cfpl,Sorting + Packaging,routed,,,
Royal Delight Oman Dates 400 Gms,fg,Y,Y,,Y,fg,cfpl,Sorting + Packaging,routed,,,
Royal Delight Oman Dates 5 Kgs,rm,,,,Y,rm,cdpl,,n/a,,,
Royal Delight Oriental Dates 500gm,fg?,,Y,,,,,,"MISSING (has BOM recipe, not in FG Master)",,,ARTICLE_NOT_IN_CATALOG; BOM_PARENT_NO_ROUTING
Royal Delight Safavi Dates 250 Gms,fg,Y,Y,,Y,fg,cfpl,Sorting + Packaging,routed,,,
Royal Delight Safavi Dates 500gm,fg?,,Y,,,,,,"MISSING (has BOM recipe, not in FG Master)",,,ARTICLE_NOT_IN_CATALOG; BOM_PARENT_NO_ROUTING
Royal Delight Safavi Dates 5kg,fg,Y,Y,,Y,fg,cfpl+cdpl,Sorting + Packaging,routed,,,
Royal Delight Stuff Medjoul Dates 21 Pcs,fg,Y,Y,,Y,fg,cfpl,De-seeding + Stuffing + Packaging,routed,,,
Royal Delight Stuffed Medjoul Dates 12 Pcs,fg,Y,Y,,Y,fg,cfpl,De-seeding + Stuffing + Packaging,routed,,,
Royal Delight Stuffed Medjul Large Dates 12 Pieces,fg,Y,Y,,Y,fg,cfpl,De-seeding + Stuffing + Packaging,routed,,,
Royal Delight Zahidi Dates 1 Kg,fg,,,,Y,fg,cfpl,,n/a,,,CATALOG_FG_NOT_IN_FG_MASTER
Royal Delight Zahidi Dates 900g,fg,,Y,,Y,fg,cfpl,,"MISSING (has BOM recipe, not in FG Master)",,,BOM_PARENT_NO_ROUTING; CATALOG_FG_NOT_IN_FG_MASTER
Royal Traditions Almond 100g,fg,Y,Y,,Y,fg,cfpl,Sorting + Packaging,routed,,,
Royal Traditions Almonds Salted 100g,fg,Y,Y,Y,Y,fg,cfpl,Sorting + Packaging,routed,Y,,MULTILEVEL_SFG (component+has-BOM); SFG_NOT_IN_WIP_SET
Royal Traditions Cashew 100g,fg,Y,Y,,Y,fg,cfpl,Sorting + Packaging,routed,,,
Royal Traditions Cashew Black Pepper 100g,fg,Y,Y,Y,Y,fg,cfpl,Sorting + Packaging,routed,Y,,MULTILEVEL_SFG (component+has-BOM); SFG_NOT_IN_WIP_SET
Royal Traditions Cashew Salted 100g,fg,Y,Y,Y,Y,fg,cfpl,Sorting + Packaging,routed,Y,,MULTILEVEL_SFG (component+has-BOM); SFG_NOT_IN_WIP_SET
Royal Traditions Cranberries Chatpata 100g,fg,Y,Y,Y,Y,fg,cfpl,Flavouring + Packaging,routed,Y,,MULTILEVEL_SFG (component+has-BOM); SFG_NOT_IN_WIP_SET
Royal Traditions Mahotsav Dry Fruits 500gm,fg,Y,Y,,Y,fg,cfpl,Flavouring + Packaging,routed,,,
Royal Traditions Plain Raisins 100g,fg,Y,Y,Y,Y,fg,cfpl,Sorting + Packaging,routed,Y,,MULTILEVEL_SFG (component+has-BOM); SFG_NOT_IN_WIP_SET
ROYAL TRADITIONS SHUBHKAMNA-300G (14179),fg,Y,Y,,Y,fg,cfpl,Flavouring + Packaging,routed,,,
Royal Traditions Tyohar 400gm,fg,Y,Y,,Y,fg,cfpl,Flavouring + Packaging,routed,,,
Royal Traditions Utsav 300g,fg,Y,Y,,Y,fg,cfpl,Flavouring + Packaging,routed,,,
ROYAL TRADITON SNACK MASALA MIX 100G,fg,Y,Y,,Y,fg,cfpl,Flavouring + Packaging,routed,,,
ROYAL TRADITON SNACK MIX CHATPATA-100G,fg,Y,Y,,Y,fg,cfpl,Flavouring + Packaging,routed,,,
Safavi Dates Almond Praline Single Pc,fg,,Y,,Y,fg,cfpl,,"MISSING (has BOM recipe, not in FG Master)",,,BOM_PARENT_NO_ROUTING; CATALOG_FG_NOT_IN_FG_MASTER
Safavi Dates Pistachio Praline Single Pc,fg,,Y,,Y,fg,cfpl,,"MISSING (has BOM recipe, not in FG Master)",,,BOM_PARENT_NO_ROUTING; CATALOG_FG_NOT_IN_FG_MASTER
Safavi Grade B,rm,,,,Y,rm,cfpl,,n/a,,,
Saffron (Kesar) - Irani,rm,,,Y,Y,rm,cfpl,,n/a,,,
Salt,rm,,,Y,Y,rm,cfpl,,n/a,,,
Salt & Pepper Seasoning,rm,,,Y,Y,rm,cfpl,,n/a,,,
Salt and Pepper Cashew Bulk,fg,Y,Y,Y,Y,fg,cfpl,Flavouring + Roasting +Bulk Packaging,routed,Y,Y,MULTILEVEL_SFG (component+has-BOM)
Salted Caramel Flavour,rm,,,,Y,rm,cfpl,,n/a,,,
Salted Peanuts Split,fg,,Y,,Y,fg,cfpl,,"MISSING (has BOM recipe, not in FG Master)",,,BOM_PARENT_NO_ROUTING; CATALOG_FG_NOT_IN_FG_MASTER
Salted Premium Nut Mix,fg,Y,Y,,Y,fg,cfpl,Flavouring (Bulk Packaging,routed,,Y,
Sama (Varai Rice),rm,,,Y,Y,rm,cfpl,,n/a,,,
Sayer Dates,rm,,,Y,Y,rm,cfpl,,n/a,,,
Sayer Dates Pitted,rm,,,,Y,rm,cdpl,,n/a,,,
Sayer Grade B,rm,,,,Y,rm,cfpl,,n/a,,,
Schezwan Seasoning,rm,,,,Y,rm,cfpl,,n/a,,,
Scrap Ajwa,rm,,,,Y,rm,cdpl,,n/a,,,
SCRAP BARHI,rm,,,,Y,rm,cdpl,,n/a,,,
Scrap Deglet,rm,,,,Y,rm,cdpl,,n/a,,,
Scrap Deri,rm,,,,Y,rm,cdpl,,n/a,,,
Scrap Fard,rm,,,,Y,rm,cdpl,,n/a,,,
Scrap Khalas,rm,,,,Y,rm,cdpl,,n/a,,,
Scrap Khanezi,rm,,,,Y,rm,cdpl,,n/a,,,
Scrap Mabroom,rm,,,,Y,rm,cdpl,,n/a,,,
Scrap Maryam,rm,,,,Y,rm,cdpl,,n/a,,,
Scrap Mazafati,rm,,,,Y,rm,cdpl,,n/a,,,
Scrap Medjoul,rm,,,,Y,rm,cdpl,,n/a,,,
Scrap  Safavi,rm,,,,Y,rm,cdpl,,n/a,,,
Scrap Sayar,rm,,,,Y,rm,cdpl,,n/a,,,
Sea Salt Dry - Roasted Macadamia Nuts- Size 1,fg,Y,Y,,Y,fg,cfpl,Flavouring (Bulk Packaging,routed,,,
Seed Mix,fg,Y,Y,,Y,fg,cfpl,Sorting + Roasting (Bulk Packaging,routed,,Y,
Seed Trail Mix,fg,Y,Y,,Y,fg,cfpl,Sorting + Roasting (Bulk Packaging,routed,,Y,
Seedless Chopped Dry Yellow Kharik Dates,rm,,,Y,Y,rm,cfpl+cdpl,,n/a,,,
Seedless Fard Dates 500g,fg,,,,Y,fg,cdpl,,n/a,,,CATALOG_FG_NOT_IN_FG_MASTER
Seedy Sheid- Lime Chilly 33gm,fg,Y,Y,,Y,fg,cfpl,Flavouring + Packaging,routed,,,
Seedy Sheid- Lime Chilly 35gm,fg,Y,Y,,Y,fg,cfpl,Flavouring + Packaging,routed,,,
Semi Sweet Compound,rm,,,,Y,rm,cfpl,,n/a,,,
Sesame Seeds (White Til),rm,,,Y,Y,rm,cfpl,,n/a,,,
SHAHI JEERA (CUMIN SEEDS),rm,,,Y,Y,rm,cfpl,,n/a,,,
SHAHI UPHAR 300gm,fg,Y,Y,,Y,fg,cfpl,Sorting + Packaging,routed,,,
Shatavari Extract,rm,,,,Y,rm,cfpl,,n/a,,,
SHUBHKAMANYEN 180gm,fg,Y,Y,,Y,fg,cfpl,Sorting + Packaging,routed,,,
SidCoat H,rm,,,Y,Y,rm,cfpl,,n/a,,,
SIDCOT STARCH,rm,,,Y,Y,rm,cfpl,,n/a,,,
Sidflow22,rm,,,,Y,rm,cfpl,,n/a,,,
SIGNATURE COLLECTIONS 600gm,fg,Y,Y,,Y,fg,cfpl,Sorting + Packaging,routed,,,
Silymarin Extract,rm,,,,Y,rm,cfpl,,n/a,,,
Simply Thandai 1 kg,fg,,,,Y,fg,cfpl,,n/a,,,CATALOG_FG_NOT_IN_FG_MASTER
Single Safavi Stuffed Dates,fg,Y,Y,,Y,fg,cfpl,De-seeding + Stuffing + Packaging,routed,,Y,
Slivered Almonds,rm,,Y,Y,Y,rm,cfpl,,"MISSING (has BOM recipe, not in FG Master)",Y,,BOM_PARENT_NO_ROUTING; MULTILEVEL_SFG (component+has-BOM); SFG_NOT_IN_WIP_SET
Small Diya,pm,,,Y,Y,pm,cfpl,,n/a,,,
Smoke Paprika Flavour F170,rm,,,,Y,rm,cfpl,,n/a,,,
Smoke Seasoning,rm,,,Y,Y,rm,cfpl,,n/a,,,
Smoked Almonds,fg,Y,Y,,Y,fg,cfpl,Flavouring (Bulk Packaging,routed,,Y,
Smoked Almonds Bulk,fg,Y,Y,Y,Y,fg,cfpl,Flavouring + Roasting +Bulk Packaging,routed,Y,Y,MULTILEVEL_SFG (component+has-BOM)
Smoked Paprika Pecan Nuts Loose,fg,,Y,,Y,fg,cfpl,,"MISSING (has BOM recipe, not in FG Master)",,,BOM_PARENT_NO_ROUTING; CATALOG_FG_NOT_IN_FG_MASTER
Smokey BBQ Cashew Bulk,fg,Y,Y,Y,Y,fg,cfpl,Flavouring + Roasting +Bulk Packaging,routed,Y,Y,MULTILEVEL_SFG (component+has-BOM)
Smokey BBQ Coated Peanuts 200g,fg,Y,Y,,Y,fg,cfpl,Flavouring + Packaging,routed,,,
Smokey BBQ Coated Peanuts 70gm,fg,Y,Y,,Y,fg,cfpl,Flavouring + Packaging,routed,,,
Smokey BBQ seasoning,rm,,,Y,Y,rm,cfpl,,n/a,,,
Snack Amor Black Pepper Cashew 170g,fg,,Y,,Y,fg,cfpl,,"MISSING (has BOM recipe, not in FG Master)",,,BOM_PARENT_NO_ROUTING; CATALOG_FG_NOT_IN_FG_MASTER
snack amor Coated Peanuts Pudina Patakha 100g,fg,Y,Y,,Y,fg,cfpl,Sorting + Packaging,routed,,,
Snack Amor coated peanuts Tangy Thai 100g,fg,,Y,,Y,fg,cfpl,,"MISSING (has BOM recipe, not in FG Master)",,,BOM_PARENT_NO_ROUTING; CATALOG_FG_NOT_IN_FG_MASTER
Snack Amor Cranberry Slice 100 Gm,fg,,Y,,Y,fg,cfpl,,"MISSING (has BOM recipe, not in FG Master)",,,BOM_PARENT_NO_ROUTING; CATALOG_FG_NOT_IN_FG_MASTER
Snack Amor Diwali Gift Box 400gm,fg,Y,Y,,Y,fg,cfpl,Sorting + Roasting + Packaging,routed,,,
Snack Amor Dried Apricot 200g,fg,,Y,,Y,fg,cfpl,,"MISSING (has BOM recipe, not in FG Master)",,,BOM_PARENT_NO_ROUTING; CATALOG_FG_NOT_IN_FG_MASTER
Snack Amor Dried Blueberry 100g,fg,,Y,,Y,fg,cfpl,,"MISSING (has BOM recipe, not in FG Master)",,,BOM_PARENT_NO_ROUTING; CATALOG_FG_NOT_IN_FG_MASTER
Snack Amor Dried Prunes 200g,fg,,Y,,Y,fg,cfpl,,"MISSING (has BOM recipe, not in FG Master)",,,BOM_PARENT_NO_ROUTING; CATALOG_FG_NOT_IN_FG_MASTER
Snack Amor Fruit N Nut Mix 200g,fg,,Y,,Y,fg,cfpl,,"MISSING (has BOM recipe, not in FG Master)",,,BOM_PARENT_NO_ROUTING; CATALOG_FG_NOT_IN_FG_MASTER
Snack Amor Kalmi Dates 250g,fg,,Y,,Y,fg,cfpl,,"MISSING (has BOM recipe, not in FG Master)",,,BOM_PARENT_NO_ROUTING; CATALOG_FG_NOT_IN_FG_MASTER
Snack Amor Macadamia Nuts 100g,fg?,,Y,,,,,,"MISSING (has BOM recipe, not in FG Master)",,,ARTICLE_NOT_IN_CATALOG; BOM_PARENT_NO_ROUTING
Snack Amor Macadamia Nuts 50g,fg,,Y,,Y,fg,cfpl,,"MISSING (has BOM recipe, not in FG Master)",,,BOM_PARENT_NO_ROUTING; CATALOG_FG_NOT_IN_FG_MASTER
Snack Amor Omani Dates 250 Gm,fg,,Y,,Y,fg,cfpl,,"MISSING (has BOM recipe, not in FG Master)",,,BOM_PARENT_NO_ROUTING; CATALOG_FG_NOT_IN_FG_MASTER
Snack Amor Popcorn Makhana 55 Gm,fg,Y,Y,,Y,fg,cfpl,Flavouring + Packaging,routed,,,
Snack Amor Roasted Cashew 170 Gm,fg,Y,Y,,Y,fg,cfpl,Sorting + Packaging,routed,,,
"Snack Amor Seed Mix (Unroasted), 175g",fg,,Y,,Y,fg,cfpl,,"MISSING (has BOM recipe, not in FG Master)",,,BOM_PARENT_NO_ROUTING; CATALOG_FG_NOT_IN_FG_MASTER
Snack Amor Trail Mix 175g,fg,,Y,,Y,fg,cfpl,,"MISSING (has BOM recipe, not in FG Master)",,,BOM_PARENT_NO_ROUTING; CATALOG_FG_NOT_IN_FG_MASTER
SnackAmor Dried Blackcurrant 100g,fg,,Y,,Y,fg,cfpl,,"MISSING (has BOM recipe, not in FG Master)",,,BOM_PARENT_NO_ROUTING; CATALOG_FG_NOT_IN_FG_MASTER
SnackAmor Masala Cranberry 150g,fg,,Y,,Y,fg,cfpl,,"MISSING (has BOM recipe, not in FG Master)",,,BOM_PARENT_NO_ROUTING; CATALOG_FG_NOT_IN_FG_MASTER
SnackAmor Paan Raisins 100g,fg,,Y,,Y,fg,cfpl,,"MISSING (has BOM recipe, not in FG Master)",,,BOM_PARENT_NO_ROUTING; CATALOG_FG_NOT_IN_FG_MASTER
SnackAmor Roasted Chia Seeds 200g,fg,,Y,,Y,fg,cfpl,,"MISSING (has BOM recipe, not in FG Master)",,,BOM_PARENT_NO_ROUTING; CATALOG_FG_NOT_IN_FG_MASTER
SnackAmor Roasted Pumpkin Seeds 200g,fg,,Y,,Y,fg,cfpl,,"MISSING (has BOM recipe, not in FG Master)",,,BOM_PARENT_NO_ROUTING; CATALOG_FG_NOT_IN_FG_MASTER
SnackAmor Roasted Salted Almonds 170g,fg,,Y,,Y,fg,cfpl,,"MISSING (has BOM recipe, not in FG Master)",,,BOM_PARENT_NO_ROUTING; CATALOG_FG_NOT_IN_FG_MASTER
SnackAmor Roasted Salted Pistachio 170g,fg,,Y,,Y,fg,cfpl,,"MISSING (has BOM recipe, not in FG Master)",,,BOM_PARENT_NO_ROUTING; CATALOG_FG_NOT_IN_FG_MASTER
SnackAmor Seed Mix 175g,fg,,Y,,Y,fg,cfpl,,"MISSING (has BOM recipe, not in FG Master)",,,BOM_PARENT_NO_ROUTING; CATALOG_FG_NOT_IN_FG_MASTER
Snackania Afghan Black Raisins 230g,fg,Y,Y,,Y,fg,cfpl,Sorting + Packaging,routed,,,
Snackania Afghan Green Raisins 230g,fg,Y,Y,,Y,fg,cfpl,Sorting + Packaging,routed,,,
Snackania Ajwa Dates 480g,fg,Y,Y,,Y,fg,cfpl,Sorting + Packaging,routed,,,
Snackania American Almonds 480g,fg,Y,Y,,Y,fg,cfpl,Sorting + Packaging,routed,,,
Snackania Blueberry 230g,fg,Y,Y,,Y,fg,cfpl,Sorting + Packaging,routed,,,
Snackania California Pistachio Roasted & Salted 230g,fg,Y,Y,,Y,fg,cfpl,Flavouring + Packaging,routed,,,
Snackania California Walnut Kernel 800g,fg,,,,Y,fg,cfpl,,n/a,,,CATALOG_FG_NOT_IN_FG_MASTER
Snackania Cashew 480g,fg,Y,Y,,Y,fg,cfpl,Sorting + Packaging,routed,,,
Snackania Chile Walnut Kernel 230g,fg,Y,Y,,Y,fg,cfpl,Sorting + Packaging,routed,,,
Snackania Chile Walnut Kernel 800g,fg,,,,Y,fg,cfpl,,n/a,,,CATALOG_FG_NOT_IN_FG_MASTER
Snackania Cocktail Mix 480g,fg,Y,Y,,Y,fg,cfpl,Flavouring + Packaging,routed,,,
Snackania Cranberry 230g,fg,Y,Y,,Y,fg,cfpl,Sorting + Blanching + Slicing/Dicing/Slivering + Packaging,routed,,,
Snackania Fard Dates Premium 480g,fg,Y,Y,,Y,fg,cfpl,Sorting + Packaging,routed,,,
Snackania Green Chilli Cashew 230g,fg,Y,Y,,Y,fg,cfpl,Flavouring + Packaging,routed,,,
Snackania Irani Pistachio Roasted & Salted 230g,fg,Y,Y,,Y,fg,cfpl,Flavouring + Packaging,routed,,,
Snackania Khalas Dates 480g,fg,Y,Y,,Y,fg,cfpl,Sorting + Packaging,routed,,,
Snackania Safavi Dates 480g,fg,Y,Y,,Y,fg,cfpl,Sorting + Packaging,routed,,,
Snacktive Green Chilli Cashew 250 gm,fg,Y,Y,,Y,fg,cfpl,Flavouring + Packaging,routed,,,
Solimo Cashew 250g (B01LPY9PHI)-FBA,fg,Y,Y,,Y,fg,cfpl,Sorting + Packaging,routed,,,
Solimo Cashew 500g (B01LPY9UG4) FBA,fg,Y,Y,,Y,fg,cfpl,Sorting + Packaging,routed,,,
Solimo Dates 500g (B085NTZMVR),fg,Y,Y,,Y,fg,cfpl,Sorting + Packaging,routed,,,
Solimo Fard Dates 500gm (B0CZ9MC4B3),fg,Y,Y,,Y,fg,cfpl,Sorting + Packaging,routed,,,
Solimo Figs 500g (B084429DVD) FBA,fg,Y,Y,,Y,fg,cfpl,Sorting + Packaging,routed,,,
Solimo Preimum Almonds 1kg (B01LPY9P2I) - FBA,fg,Y,Y,,Y,fg,cfpl,Sorting + Packaging,routed,,,
Solimo Premium Almonds 250g ( B01LPY9XY8 ),fg,Y,Y,,Y,fg,cfpl,Sorting + Packaging,routed,,,
Solimo Premium Dried Apricots 500g 9B07PZWP8Z1,fg,Y,Y,,Y,fg,cfpl,Sorting + Packaging,routed,,,
Solimo Premium Hazelnuts 250g (B07MLDJKTP) FBA,fg,Y,Y,,Y,fg,cfpl,Sorting + Packaging,routed,,,
Solimo Premium Macadamia Nuts 250g (B07MLD6WFQ),fg,Y,Y,,Y,fg,cfpl,Sorting + Roasting + Packaging,routed,,,
"Solimo Premium Pecan Nuts, 250g (B07MF7K9HD)",fg,Y,Y,,Y,fg,cfpl,Flavouring + Packaging,routed,,,
"Solimo Premium Pine Nuts, 250g (B07MF7FRRG)",fg,Y,Y,,Y,fg,cfpl,Sorting + Packaging,routed,,,
Solimo Premium Pista Kernels - Plain 250g (B07Q1Z293G),fg,Y,Y,,Y,fg,cfpl,Sorting + Packaging,routed,,,
Solimo Premium Raisin 250g (B01LPYAB9O),fg,Y,Y,,Y,fg,cfpl,Sorting + Packaging,routed,,,
"Solimo Premium Raisins, 500 g (B07RJXW87Z)",fg,Y,Y,,Y,fg,cfpl,Sorting + Packaging,routed,,,
Solimo Premium Walnut Kernal 250g (B0754LKDJ4),fg,Y,Y,,Y,fg,cfpl,Sorting + Packaging,routed,,,
Solimo Premium Walnut Kernels - Broken 500g B07LF8HCLL,fg,Y,Y,,Y,fg,cfpl,Sorting + Packaging,routed,,,
Solimo Premium Walnut Kernels 500g (B07LFH2JNR),fg,Y,Y,,Y,fg,cfpl,Sorting + Packaging,routed,,,
Solimo Premium Walnut Kernels 500g (Pack of 2) B07LF8HGDB,fg,Y,Y,,Y,fg,cfpl,Sorting + Packaging,routed,,,
Solimo Walnut Kernels – Broken 500g (Pack of 2) B07LFJZR4G,fg,Y,Y,,Y,fg,cfpl,Sorting + Packaging,routed,,,
Sour & Cream Cashew Bulk,fg,Y,Y,Y,Y,fg,cfpl,Flavouring + Roasting +Bulk Packaging,routed,Y,Y,MULTILEVEL_SFG (component+has-BOM)
Sour Cream And Onion Seasoning,rm,,,,Y,rm,cfpl,,n/a,,,
Sour Cream And Seasoning,rm,,,Y,Y,rm,cfpl,,n/a,,,
Soy Isolate Protein (Supro 620),rm,,,,Y,rm,cfpl,,n/a,,,
Soya Lecithin Liquid,rm,,,Y,Y,rm,cfpl,,n/a,,,
SOYA NUGGETS 570,rm,,,Y,Y,rm,cfpl,,n/a,,,
Spanish Tomato Seasoning,rm,,,Y,Y,rm,cfpl,,n/a,,,
SPAR BANDHAN FESTIVE DRY FRUIT BOX 800G,fg,Y,Y,,Y,fg,cfpl,Flavouring + Packaging,routed,,,
SPAR SELECT ALMONDS 500G,fg,Y,Y,,Y,fg,cfpl,Sorting + Packaging,routed,,,
Strawberry Flavour 260323,rm,,,Y,Y,rm,cfpl,,n/a,,,
Strawberry Powder,rm,,,,Y,rm,cfpl,,n/a,,,
Stuffed Dates 1kg,fg,Y,Y,Y,Y,fg,cfpl,De-seeding + Stuffing + Packaging,routed,Y,,MULTILEVEL_SFG (component+has-BOM); SFG_NOT_IN_WIP_SET
STUFFED DERI DATES WITH ALMOND SINGLE,fg,,Y,,Y,fg,cfpl,,"MISSING (has BOM recipe, not in FG Master)",,,BOM_PARENT_NO_ROUTING; CATALOG_FG_NOT_IN_FG_MASTER
STUFFED FARD DATES WITH ALMOND SINGLE,fg,,Y,,Y,fg,cfpl,,"MISSING (has BOM recipe, not in FG Master)",,,BOM_PARENT_NO_ROUTING; CATALOG_FG_NOT_IN_FG_MASTER
Stuffed Medjoul Dates Large Single Pc,fg,,Y,,Y,fg,cfpl,,"MISSING (has BOM recipe, not in FG Master)",,,BOM_PARENT_NO_ROUTING; CATALOG_FG_NOT_IN_FG_MASTER
Stuffed Medjoul Large Pc,fg,Y,Y,Y,Y,fg,cfpl,De-seeding + Stuffing + Packaging,routed,Y,Y,MULTILEVEL_SFG (component+has-BOM)
Stuffed Medjoul Large Pc with Almond,fg,Y,Y,Y,Y,fg,cfpl,De-seeding + Stuffing + Packaging,routed,Y,Y,MULTILEVEL_SFG (component+has-BOM)
Stuffed Medjoul Large Pc with Cashew,fg,,Y,Y,Y,fg,cfpl,,"MISSING (has BOM recipe, not in FG Master)",Y,,BOM_PARENT_NO_ROUTING; MULTILEVEL_SFG (component+has-BOM); CATALOG_FG_NOT_IN_FG_MASTER; SFG_NOT_IN_WIP_SET
Stuffed Medjoul Large Pc with Dried Pomelo,fg,Y,Y,Y,Y,fg,cfpl,De-seeding + Stuffing + Packaging,routed,Y,Y,MULTILEVEL_SFG (component+has-BOM)
Stuffed Medjoul Large Pc with Hazel Nut,fg,Y,Y,Y,Y,fg,cfpl,De-seeding + Stuffing + Packaging,routed,Y,Y,MULTILEVEL_SFG (component+has-BOM)
Stuffed Medjoul Large Pc with Macadamia,fg,Y,Y,Y,Y,fg,cfpl,De-seeding + Stuffing + Packaging,routed,Y,Y,MULTILEVEL_SFG (component+has-BOM)
Stuffed Medjoul Large Pc with Orange Peel,fg,Y,Y,Y,Y,fg,cfpl,De-seeding + Stuffing + Packaging,routed,Y,Y,MULTILEVEL_SFG (component+has-BOM)
Stuffed Medjoul Large Pc with Pecan Nut,fg,Y,Y,Y,Y,fg,cfpl,De-seeding + Stuffing + Packaging,routed,Y,Y,MULTILEVEL_SFG (component+has-BOM)
Stuffed Medjoul Large Pc with Pista,fg,Y,Y,Y,Y,fg,cfpl,De-seeding + Stuffing + Packaging,routed,Y,Y,MULTILEVEL_SFG (component+has-BOM)
Stuffed Medjoul Large with Ginger Single Pc,fg,,Y,,Y,fg,cfpl,,"MISSING (has BOM recipe, not in FG Master)",,,BOM_PARENT_NO_ROUTING; CATALOG_FG_NOT_IN_FG_MASTER
Sufri Wet Dates,rm,,,Y,Y,rm,cfpl+cdpl,,n/a,,,
Sugar,rm,,,Y,Y,rm,cfpl,,n/a,,,
Sugar - Office,rm,,,,Y,rm,cfpl,,n/a,,,
Sugar Powder,rm,,,Y,Y,rm,cfpl,,n/a,,,
Sugar Powder -TPL,rm,,,Y,Y,rm,cfpl,,n/a,,,
Sukkary Dates,rm,,,Y,Y,rm,cfpl,,n/a,,,
SUNFLOWER OIL,rm,,,Y,Y,rm,cfpl,,n/a,,,
Sunflower Oil in KG,rm,,,Y,Y,rm,cfpl,,n/a,,,
Sunflower Seed 100g (B07GR6G24J) FBA,fg,Y,Y,,Y,fg,cfpl,Sorting + Roasting + Packaging,routed,,,
Sunflower Seeds,rm,,,Y,Y,rm,cfpl,,n/a,,,
Sunflower Seeds 200g (B07GQNLN8S) FBA,fg,Y,Y,,Y,fg,cfpl,Sorting + Roasting + Packaging,routed,,,
Sunflower Seeds Roasted,fg,Y,Y,Y,Y,fg,cfpl,Sorting + Roasting (Bulk Packaging,routed,Y,Y,MULTILEVEL_SFG (component+has-BOM)
Sunflower Seeds Roasted and Salted,rm,Y,Y,Y,Y,rm,cfpl,Flavouring (Bulk Packaging,routed,Y,Y,MULTILEVEL_SFG (component+has-BOM)
Super Select Emirates Dates A 5KG,rm,,,,Y,rm,cdpl,,n/a,,,
Super Select Emirates Dates SP 5KG,rm,,,,Y,rm,cdpl,,n/a,,,
Super Select Emirates Dates SS 5KG,rm,,,,Y,rm,cdpl,,n/a,,,
SUPREME 800gm,fg,Y,Y,,Y,fg,cfpl,Flavouring + Packaging,routed,,,
Sweet Amala Candy,rm,,,,Y,rm,cfpl,,n/a,,,
Sweet Amala Candy 5%,rm,,,Y,Y,rm,cfpl,,n/a,,,
Sweet and Spicy Pecan,fg,,Y,,Y,fg,cfpl,,"MISSING (has BOM recipe, not in FG Master)",,,BOM_PARENT_NO_ROUTING; CATALOG_FG_NOT_IN_FG_MASTER
Sweet Chilli Macadamia Nut,fg,,,Y,Y,fg,cfpl,,n/a,,,CATALOG_FG_NOT_IN_FG_MASTER
Sweet Chilli Macadamias 100gm,fg,,Y,,Y,fg,cfpl,,"MISSING (has BOM recipe, not in FG Master)",,,BOM_PARENT_NO_ROUTING; CATALOG_FG_NOT_IN_FG_MASTER
SWEET PAPRIKA POWDER,rm,,,Y,Y,rm,cfpl,,n/a,,,
SWEET THAI CHILLI SEASONING,rm,,,Y,Y,rm,cfpl,,n/a,,,
Tandoori Masala,rm,,,Y,Y,rm,cfpl,,n/a,,,
Tandoori Seasoning,rm,,,Y,Y,rm,cfpl,,n/a,,,
TANGY TOMATO SEASONING,rm,,,Y,Y,rm,cfpl,,n/a,,,
Tapioca Starch,rm,,,Y,Y,rm,cfpl,,n/a,,,
Tasties Brazil Nut - Gems Of South Africa 50 g,fg,Y,Y,,Y,fg,cfpl,Sorting + Packaging,routed,,,
Tasties Chilli Almonds - Flavourful & Crunchy 75 g,fg,Y,Y,,Y,fg,cfpl,Sorting + Packaging,routed,,,
Tasties Chilli Garlic Cashew - Flavourful & Crunchy 75 g,fg,Y,Y,,Y,fg,cfpl,Sorting + Packaging,routed,,,
"Tasties Coated Peanuts - Pudina Patakha, Flavourful & Crispy 25 g",fg,Y,Y,,Y,fg,cfpl,Sorting + Packaging,routed,,,
"Tasties Coated Peanuts - Tandoori Masala, Flavourful & Crispy 25 g",fg,Y,Y,,Y,fg,cfpl,Flavouring + Packaging,routed,,,
"Tasties Coated Peanuts - Thai Spice, Flavourful & Crispy 25 g",fg,Y,Y,,Y,fg,cfpl,Flavouring + Packaging,routed,,,
Tasties Hazelnut - A Turkish Indulgence 50 g,fg,Y,Y,,Y,fg,cfpl,Sorting + Packaging,routed,,,
Tasties Lemon Pepper Cashew - Flavourful & Crunchy 75 g,fg,Y,Y,,Y,fg,cfpl,Sorting + Packaging,routed,,,
Tasties Macadamia Nuts - From South Africa 50 g,fg,Y,Y,,Y,fg,cfpl,Sorting + Packaging,routed,,,
"Tasties Makhanas - Barbeque, Roasted, Vegan & Gluten Free, 25 g",fg,,,,Y,fg,cfpl,,n/a,,,CATALOG_FG_NOT_IN_FG_MASTER
"Tasties Makhanas - Cheese, Roasted, Vegan & Gluten Free 25 g",fg,,,,Y,fg,cfpl,,n/a,,,CATALOG_FG_NOT_IN_FG_MASTER
"Tasties Makhanas - Peri Peri, Roasted, Vegan & Gluten Free 25 g",fg,,,,Y,fg,cfpl,,n/a,,,CATALOG_FG_NOT_IN_FG_MASTER
"Tasties Makhanas - Tandoori, Roasted, Vegan & Gluten Free 25 g",fg,,,,Y,fg,cfpl,,n/a,,,CATALOG_FG_NOT_IN_FG_MASTER
Tasties Pecan Nuts - Iconic American Nut 50 g,fg,Y,Y,,Y,fg,cfpl,Flavouring + Packaging,routed,,,
Tasties Peri Peri Cashew - Flavourful & Crunchy 75 g,fg,Y,Y,,Y,fg,cfpl,Sorting + Packaging,routed,,,
Tasties Pink Salted Pistachio - Flavourful & Crunchy 75 g,fg,Y,Y,,Y,fg,cfpl,Flavouring + Packaging,routed,,,
Tasties Roasted Almonds With Pink Salt - Flavourful & Crunchy 75 g,fg,Y,Y,,Y,fg,cfpl,Sorting + Packaging,routed,,,
Tasties Smoked Almonds - Flavourful & Crunchy 75 g,fg,Y,Y,,Y,fg,cfpl,Sorting + Packaging,routed,,,
Tasties Trail Mix - Mixed Berries 75 g,fg,Y,Y,,Y,fg,cfpl,Sorting + Packaging,routed,,,
Tasties Trail Mix - Mixed Dry Fruits 75 g,fg,Y,Y,,Y,fg,cfpl,Sorting + Packaging,routed,,,
Tasties Trail Mix - Wholesome Nut Mix 75 g,fg,Y,Y,,Y,fg,cfpl,Sorting + Packaging,routed,,,
Thai Chilly Coated Peanuts 60gm,fg,,Y,,Y,fg,cfpl,,"MISSING (has BOM recipe, not in FG Master)",,,BOM_PARENT_NO_ROUTING; CATALOG_FG_NOT_IN_FG_MASTER
The Origin - DEGLET NOUR DATES500gm,fg,,,,Y,fg,cdpl,,n/a,,,CATALOG_FG_NOT_IN_FG_MASTER
Trail Mix,fg,Y,Y,,Y,fg,cfpl,Flavouring (Bulk Packaging,routed,,Y,
Trail Mix - Every Health,fg,Y,Y,,Y,fg,cfpl,Flavouring (Bulk Packaging,routed,,Y,
Trail Mix Bulk,fg,Y,Y,,Y,fg,cfpl,Flavouring + Roasting +Bulk Packaging,routed,,Y,
Truffle Oil,rm,,,Y,Y,rm,cfpl,,n/a,,,
Turkey Apricot No 1,rm,Y,Y,Y,Y,rm,cfpl,Sorting (Bulk Packaging,routed,Y,,MULTILEVEL_SFG (component+has-BOM); SFG_NOT_IN_WIP_SET
Turkey Apricot No 2,rm,,,Y,Y,rm,cfpl,,n/a,,,
Turkey Apricot No 3,rm,,,Y,Y,rm,cfpl,,n/a,,,
Turkey Apricot No. 0,rm,,,Y,Y,rm,cfpl,,n/a,,,
Turmeric (Haldi) Powder,rm,,,Y,Y,rm,cfpl,,n/a,,,
UAE SEEDLESS BLACK DATES,rm,,,,Y,rm,cfpl+cdpl,,n/a,,,
UAE Seedless Red dates,rm,,,,Y,rm,cfpl+cdpl,,n/a,,,
UP Ajwa Dates 500gm,fg,,,,Y,fg,cdpl,,n/a,,,CATALOG_FG_NOT_IN_FG_MASTER
UP Ameri Dates 500gm,fg,,,,Y,fg,cdpl,,n/a,,,CATALOG_FG_NOT_IN_FG_MASTER
UP Berry Mix,fg,,Y,,Y,fg,cfpl,,"MISSING (has BOM recipe, not in FG Master)",,,BOM_PARENT_NO_ROUTING; CATALOG_FG_NOT_IN_FG_MASTER
UP Deglet Dates 500gm,fg,,,,Y,fg,cdpl,,n/a,,,CATALOG_FG_NOT_IN_FG_MASTER
UP Fardh Dates 500gm,fg,,,,Y,fg,cdpl,,n/a,,,CATALOG_FG_NOT_IN_FG_MASTER
UP Khidri Dates 500gm,fg,,,,Y,fg,cdpl,,n/a,,,CATALOG_FG_NOT_IN_FG_MASTER
UP Medjoul Dates 500gm,fg,,,,Y,fg,cdpl,,n/a,,,CATALOG_FG_NOT_IN_FG_MASTER
UP Rabiya Dates 500gm,fg,,,,Y,fg,cdpl,,n/a,,,CATALOG_FG_NOT_IN_FG_MASTER
UP Safavi Dates 500gm,fg,,,,Y,fg,cdpl,,n/a,,,CATALOG_FG_NOT_IN_FG_MASTER
UP Segai Dates 500gm,fg,,,,Y,fg,cdpl,,n/a,,,CATALOG_FG_NOT_IN_FG_MASTER
UP Stuff Medjoul Dates 9pcs,fg,,,,Y,fg,cdpl,,n/a,,,CATALOG_FG_NOT_IN_FG_MASTER
UP Stuffed Medjoul Dates choco cranberry delights crunch 180gm,fg,,,,Y,fg,cdpl,,n/a,,,CATALOG_FG_NOT_IN_FG_MASTER
UP Sukkary Dates 500gm,fg,,,,Y,fg,cdpl,,n/a,,,CATALOG_FG_NOT_IN_FG_MASTER
UP Trail Mix Brazil Nut Based,fg,,Y,,Y,fg,cfpl,,"MISSING (has BOM recipe, not in FG Master)",,,BOM_PARENT_NO_ROUTING; CATALOG_FG_NOT_IN_FG_MASTER
UP Trail Mix Edamame Babsed,fg,,Y,,Y,fg,cfpl,,"MISSING (has BOM recipe, not in FG Master)",,,BOM_PARENT_NO_ROUTING; CATALOG_FG_NOT_IN_FG_MASTER
UP Trail Mix Tandoori Tikka,fg,,Y,,Y,fg,cfpl,,"MISSING (has BOM recipe, not in FG Master)",,,BOM_PARENT_NO_ROUTING; CATALOG_FG_NOT_IN_FG_MASTER
URBAN PLATTAR JAGGERY POWDER 1KG,rm,,,,Y,rm,cfpl,,n/a,,,
Urban Platter Almond Blueberry Bar 45g,fg,Y,Y,,Y,fg,cfpl,Sorting + Blending + Bar Forming + Packaging,routed,,,
URBAN PLATTER ARABIC GUM POWDER,rm,,,Y,Y,rm,cfpl,,n/a,,,
"Urban Platter Castor Sugar, 1kg",rm,,,Y,Y,rm,cfpl,,n/a,,,
Urban Platter Chipotle Seasoning,rm,,,,Y,rm,cfpl,,n/a,,,
"Urban Platter Choco drizzle Waffle Chips, 1kg",rm,,,,Y,rm,cfpl,,n/a,,,
Urban Platter Chocolate Vanilla Bar 45g,fg,Y,Y,,Y,fg,cfpl,Sorting + Blending + Bar Forming + Packaging,routed,,,
Urban Platter Cranberry Orange Bar 45g,fg,Y,Y,,Y,fg,cfpl,Sorting + Blending + Bar Forming + Packaging,routed,,,
URBAN PLATTER DATE SYRUP (400GX12),fg,,,,Y,fg,cdpl,,n/a,,,CATALOG_FG_NOT_IN_FG_MASTER
Urban Platter Lemon Pepper Seasoning,rm,,,,Y,rm,cfpl,,n/a,,,
Urban Platter Mocha Bar 45g,fg,Y,Y,,Y,fg,cfpl,Sorting + Blending + Bar Forming + Packaging,routed,,,
Urban Platter Organic Coconut Jaggery Sugar Powder 1 kg,rm,,,Y,Y,rm,cfpl,,n/a,,,
Urban Platter Panchmewa,fg,Y,Y,,Y,fg,cfpl,Sorting + Packaging,routed,,,
Urban Platter Pure Maple Syrup 250ml,fg,,,,Y,fg,cfpl,,n/a,,,CATALOG_FG_NOT_IN_FG_MASTER
Urban Platter Soya Chaap Seasoning,rm,,,,Y,rm,cfpl,,n/a,,,
Vanila Flavour 19112020,rm,,,,Y,rm,cfpl,,n/a,,,
Vanilla Flavour,rm,,,Y,Y,rm,cfpl,,n/a,,,
VANILLA LIQUID EXTRACT,rm,,,Y,Y,rm,cfpl,,n/a,,,
Vedaka Almonds 100g (B07GQZ7ZTZ) FBA,fg,Y,Y,,Y,fg,cfpl,Sorting + Packaging,routed,,,
Vedaka Almonds 1kg (B07GQNM6N2),fg,Y,Y,,Y,fg,cfpl,Sorting + Packaging,routed,,,
Vedaka Almonds 500g (B07GQNQNJG),fg,Y,Y,,Y,fg,cfpl,Sorting + Packaging,routed,,,
"Vedaka Almonds, Raisins, Cashews, and Pista (4 X 200 gm)B0BVVV1SMF",fg,Y,Y,,Y,fg,cfpl,Sorting + Packaging,routed,,,
Vedaka Black pepper Cashew 200g (B0BTHWW69R),fg,Y,Y,,Y,fg,cfpl,Sorting + Packaging,routed,,,
Vedaka Black Raisins - 500g (B0D9P37XTT),fg,Y,Y,,Y,fg,cfpl,Sorting + Packaging,routed,,,
Vedaka Broken Cashew 1kg (B0D9NZYHDC),fg,Y,Y,,Y,fg,cfpl,Sorting + Blanching + Slicing/Dicing/Slivering + Packaging,routed,,,
Vedaka Cashew 200g (B07GQZSS48),fg,Y,Y,,Y,fg,cfpl,Sorting + Packaging,routed,,,
Vedaka Cashews - Broken 500g (B0D9NYHTG1),fg,Y,Y,,Y,fg,cfpl,Sorting + Blanching + Slicing/Dicing/Slivering + Packaging,routed,,,
Vedaka Chia Seeds 1kg ( B0D9P16WZQ ),fg,,Y,,Y,fg,cfpl,,"MISSING (has BOM recipe, not in FG Master)",,,BOM_PARENT_NO_ROUTING; CATALOG_FG_NOT_IN_FG_MASTER
Vedaka Dried Figs - 250g (B0D9NZ5GFV),fg,Y,Y,,Y,fg,cfpl,Sorting + Packaging,routed,,,
Vedaka Dried Sweetened Blueberries 100gm (B07GR24VMZ),fg,,Y,,Y,fg,cfpl,,"MISSING (has BOM recipe, not in FG Master)",,,BOM_PARENT_NO_ROUTING; CATALOG_FG_NOT_IN_FG_MASTER
Vedaka Dry Dates powder 250gm (B0DRDCLY1Q),fg,Y,Y,,Y,fg,cfpl,Packaging,routed,,,
Vedaka Dry Dates powder 500g (B0DRD9F8G2),fg,Y,Y,,Y,fg,cfpl,Packaging,routed,,,
Vedaka Dry Fruit Combo - Almonds and Cashews (2 X 200 gm) (B0BVVRS2N7),fg,Y,Y,,Y,fg,cfpl,Sorting + Packaging,routed,,,
Vedaka Dry Fruit Combo - Almonds and Raisins (2 X 200 gm) (B0BTHYWT53),fg,Y,Y,,Y,fg,cfpl,Sorting + Packaging,routed,,,
Vedaka Dry Fruit Combo - Raisins and Cashews (2 X 200 gm) (B0BVVVGN99),fg,Y,Y,,Y,fg,cfpl,Sorting + Packaging,routed,,,
Vedaka Fard Dates (Omani) - (500gm x 2) (B0D9NZY7RK),fg,Y,Y,,Y,fg,cfpl,Sorting + Packaging,routed,,,
Vedaka Fresh Dates 500g (102219254),fg,Y,Y,,Y,fg,cfpl,Sorting + Packaging,routed,,,
Vedaka Fresh Dates 500gm (Pack of 2) [B0D9P11T76],fg,Y,Y,,Y,fg,cfpl,Sorting + Packaging,routed,,,
Vedaka Healthy Seed Mix 200gm(B0B69L57PV),fg,Y,Y,,Y,fg,cfpl,Flavouring + Packaging,routed,,,
Vedaka Munakka Raisins (Abjosh) 500gm,fg?,,Y,,,,,,"MISSING (has BOM recipe, not in FG Master)",,,ARTICLE_NOT_IN_CATALOG; BOM_PARENT_NO_ROUTING
Vedaka Peri Peri Cashew 200g (B0BVVRRYVC),fg,Y,Y,,Y,fg,cfpl,Sorting + Packaging,routed,,,
Vedaka Popular Cashew Broken 100g FBA(B07GR3S1RL),fg,Y,Y,,Y,fg,cfpl,Sorting + Blanching + Slicing/Dicing/Slivering + Packaging,routed,,,
Vedaka Popular Cashew Broken 200g FBA(B07GQWS1BS),fg,Y,Y,,Y,fg,cfpl,Sorting + Blanching + Slicing/Dicing/Slivering + Packaging,routed,,,
"Vedaka Popular Raisins, 1 kg (B07GR82XJR)",fg,Y,Y,,Y,fg,cfpl,Sorting + Packaging,routed,,,
"Vedaka Popular Raisins, 100 g (B07GRBFFMS)",fg,Y,Y,,Y,fg,cfpl,Sorting + Packaging,routed,,,
Vedaka Premium Black Raisins 100g B07GQVNVV8,fg,Y,Y,,Y,fg,cfpl,Sorting + Packaging,routed,,,
Vedaka Premium Black Raisins 200g (B07GR346FX),fg,Y,Y,,Y,fg,cfpl,Sorting + Packaging,routed,,,
Vedaka Premium Blueberries 1kg (B07GR82XK8),fg,Y,Y,,Y,fg,cfpl,Sorting + Packaging,routed,,,
Vedaka Premium Blueberries 200g (B07GQWST7K),fg,Y,Y,,Y,fg,cfpl,Sorting + Packaging,routed,,,
Vedaka Premium Blueberries 500g (B07GR8MCNZ),fg,,,,Y,fg,cfpl,,n/a,,,CATALOG_FG_NOT_IN_FG_MASTER
Vedaka Premium Dry Fruits Combo 1000 gm Gift Box ( B0BBDP8GR2 ),fg,Y,Y,,Y,fg,cfpl,Sorting + Roasting + Packaging,routed,,,
Vedaka Premium Flavored Dry Fruits 500 gm Gift Box (B0CGVC7DF2),fg,Y,Y,,Y,fg,cfpl,Flavouring + Packaging,routed,,,
Vedaka Premium Inshell Walnuts 500g (Pack of 2)B07MSXKDNQ,fg,Y,Y,,Y,fg,cfpl,Sorting + Packaging,routed,,,
Vedaka Premium Inshell Walnuts 500g(B07LFJZR46),fg,Y,Y,,Y,fg,cfpl,Sorting + Packaging,routed,,,
Vedaka Premium Raw Pumpkin Seeds (B0D9NZ6BHJ),fg,,Y,,Y,fg,cfpl,,"MISSING (has BOM recipe, not in FG Master)",,,BOM_PARENT_NO_ROUTING; CATALOG_FG_NOT_IN_FG_MASTER
Vedaka Premium Roasted and Salted Almonds 200g B07GR346FM,fg,Y,Y,,Y,fg,cfpl,Flavouring + Packaging,routed,,,
Vedaka Premium Roasted and Salted Almonds100g B07GQQJP1N,fg,Y,Y,,Y,fg,cfpl,Flavouring + Packaging,routed,,,
Vedaka Premium Sunflower Seeds 500g (B07GR2G67L),fg,Y,Y,,Y,fg,cfpl,Sorting + Roasting + Packaging,routed,,,
Vedaka Premium Whole Cranberries 100g B07GR24VMV,fg,Y,Y,,Y,fg,cfpl,Sorting + Packaging,routed,,,
Vedaka Premium Whole Cranberries 1kg (B07GR8351K),fg,Y,Y,,Y,fg,cfpl,Sorting + Packaging,routed,,,
Vedaka Premium Whole Cranberries 200g (B07GR2G678),fg,Y,Y,,Y,fg,cfpl,Sorting + Packaging,routed,,,
Vedaka Premium Whole Cranberries 500g (B07GQS1669),fg,Y,Y,,Y,fg,cfpl,Sorting + Packaging,routed,,,
Vedaka Raw Flaxseed 1kg (B0D9NZS3JT),fg,Y,Y,,Y,fg,cfpl,Sorting + Packaging,routed,,,
Vedaka Roasted & Salted California Pistachios 250gm,fg?,,Y,,,,,,"MISSING (has BOM recipe, not in FG Master)",,,ARTICLE_NOT_IN_CATALOG; BOM_PARENT_NO_ROUTING
Vedaka Roasted and Salted California Pistachios 500g (B0D9NY8F36),fg,Y,Y,,Y,fg,cfpl,Flavouring + Packaging,routed,,,
Vedaka Salted Peanuts - 200g (B0CZ9GZ9F2),fg,Y,Y,Y,Y,fg,cfpl,Flavouring + Packaging,routed,Y,,MULTILEVEL_SFG (component+has-BOM); SFG_NOT_IN_WIP_SET
Vedaka Salted Peanuts 200 gm (102219262),fg,Y,Y,,Y,fg,cfpl,Flavouring + Packaging,routed,,,
Vedaka Turkish Dried Apricots (500gm x 2) (B0D9P1DS9Q),fg,Y,Y,,Y,fg,cfpl,Sorting + Packaging,routed,,,
Vedaka Whole California Pista Kernels 500gm [B0D9NY1V9X],fg,Y,Y,,Y,fg,cfpl,Sorting + Packaging,routed,,,
Vedaka Whole Cashews (Grade W320) 1kg (B0D9NY9M32),fg,Y,Y,,Y,fg,cfpl,Sorting + Packaging,routed,,,
Vitamins and Minerals Premix,rm,,,Y,Y,rm,cfpl,,n/a,,,
Walnut Flavoured Salt & Pepper (Quarters) Loose,fg,Y,Y,,Y,fg,cfpl,Flavouring (Bulk Packaging,routed,,,
Walnut Tukda,rm,Y,Y,Y,Y,rm,cfpl,Sorting (Bulk Packaging,routed,Y,,MULTILEVEL_SFG (component+has-BOM); SFG_NOT_IN_WIP_SET
WASABI MACADAMIA STYLE 4,fg,,,Y,Y,fg,cfpl,,n/a,,,CATALOG_FG_NOT_IN_FG_MASTER
Wasabi Makhana,fg,Y,Y,,Y,fg,cfpl,Sorting (Bulk Packaging,routed,,,
Wasabi Seasoning  AB343,rm,,,Y,Y,rm,cfpl,,n/a,,,
WATER CHESNUT LOOSE,rm,,,,Y,rm,cfpl,,n/a,,,
Water Melon Seed,rm,,,Y,Y,rm,cfpl,,n/a,,,
Watermelon Seeds Roasted,rm,Y,Y,Y,Y,rm,cfpl,Sorting + Roasting (Bulk Packaging,routed,Y,Y,MULTILEVEL_SFG (component+has-BOM)
WET DATE ( KHANIJI ),rm,,,,Y,rm,cdpl,,n/a,,,
Wet Date Bumaan,rm,,,,Y,rm,cdpl,,n/a,,,
Wet Date Kimia,rm,,,,Y,rm,cdpl,,n/a,,,
WET DATE MEDJOUL PREMIUM BON BON,rm,,,,Y,rm,cdpl,,n/a,,,
Wet Date Sayer ( Unpitted ),rm,,,,Y,rm,cdpl,,n/a,,,
Wet Dates (Amary),rm,,,,Y,rm,cdpl,,n/a,,,
Wet Dates (Deri),rm,,,,Y,rm,cdpl,,n/a,,,
Wet Dates (Mabroom),rm,,,,Y,rm,cdpl,,n/a,,,
Wet Dates (Mashrook),rm,,,,Y,rm,cdpl,,n/a,,,
Wet Dates (Mazafati),rm,,,,Y,rm,cdpl,,n/a,,,
Wet Dates (Med),rm,,,,Y,rm,cdpl,,n/a,,,
Wet Dates (Oman),rm,,,,Y,rm,cdpl,,n/a,,,
Wet Dates (Rabia),rm,,,,Y,rm,cdpl,,n/a,,,
Wet Dates (Seggai),rm,,,,Y,rm,cdpl,,n/a,,,
Wet Dates (Sukkary),rm,,,,Y,rm,cdpl,,n/a,,,
Wet Dates Ajwa,rm,,,,Y,rm,cdpl,,n/a,,,
Wet Dates Ajwa Premium,rm,,,,Y,rm,cdpl,,n/a,,,
Wet Dates Deglet,rm,,,,Y,rm,cdpl,,n/a,,,
WET DATES DERI BULK (5),rm,,,,Y,rm,cdpl,,n/a,,,
Wet Dates Fardh,rm,,,,Y,rm,cdpl,,n/a,,,
Wet Dates Fardh 500gm,fg,,,,Y,fg,cdpl,,n/a,,,CATALOG_FG_NOT_IN_FG_MASTER
Wet Dates Halawi,rm,,,,Y,rm,cdpl,,n/a,,,
Wet Dates Khalas,rm,,,Y,Y,rm,cfpl+cdpl,,n/a,,,
Wet Dates Khaneizi,rm,,,,Y,rm,cdpl,,n/a,,,
Wet Dates Khidri,rm,,,,Y,rm,cdpl,,n/a,,,
Wet Dates Lulu,rm,,,,Y,rm,cdpl,,n/a,,,
Wet Dates Maryam,rm,,,,Y,rm,cdpl,,n/a,,,
WET DATES MEDJOUL,rm,,,,Y,rm,cdpl,,n/a,,,
Wet Dates Medjoul Bulk 5 Kgs Super Jumbo,rm,,,,Y,rm,cdpl,,n/a,,,
WET DATES MEDJOUL BULK BON BON DATES (3),rm,,,,Y,rm,cdpl,,n/a,,,
WET DATES MEDJOUL BULK LARGE (5),rm,,,,Y,rm,cdpl,,n/a,,,
WET DATES MEDJOUL BULK MEDIUM(5),rm,,,,Y,rm,cdpl,,n/a,,,
WET DATES MEDJOUL BULK MINI (5),rm,,,,Y,rm,cdpl,,n/a,,,
WET DATES MEDJOUL JUMBO,rm,,,,Y,rm,cdpl,,n/a,,,
WET DATES MEDJOUL JUNIOR,rm,,,,Y,rm,cdpl,,n/a,,,
Wet Dates Medjoul Large B,rm,,,,Y,rm,cdpl,,n/a,,,
Wet Dates Safavi,rm,,,Y,Y,rm,cfpl+cdpl,,n/a,,,
Wet Dates Safavi Reg.,rm,,,,Y,rm,cdpl,,n/a,,,
Wet Dates Safavi Seedless,rm,,,,Y,rm,cdpl,,n/a,,,
Wet Dates Seedless Khalas,rm,,,Y,Y,rm,cfpl+cdpl,,n/a,,,
Wet Dates Seedless Safavi,rm,,,Y,Y,rm,cfpl,,n/a,,,
Wet Dates Segai,rm,,,,Y,rm,cdpl,,n/a,,,
Wet Dates Seggai,rm,,,Y,Y,rm,cfpl,,n/a,,,
Wet Dates Sultan,rm,,,,Y,rm,cdpl,,n/a,,,
Wet Dates Zahidi,rm,,,,Y,rm,cdpl,,n/a,,,
Wheat Aata (Wheat Flour)- TPL,rm,,,Y,Y,rm,cfpl,,n/a,,,
Wheat Aata (Wheat Flour)- TPL - 5%,rm,,,Y,Y,rm,cfpl,,n/a,,,
Wheat Atta,rm,,,,Y,rm,cfpl,,n/a,,,
Wheat Puff,rm,,,Y,Y,rm,cfpl,,n/a,,,
Wheat Starch - TPL,rm,Y,Y,Y,Y,rm,cfpl,Sorting (Bulk Packaging,routed,Y,,MULTILEVEL_SFG (component+has-BOM); SFG_NOT_IN_WIP_SET
Whey Protein Concentrate 80% Regular,rm,,,Y,Y,rm,cfpl,,n/a,,,
Whey Protein Isolate 90% Instant,rm,,,,Y,rm,cfpl,,n/a,,,
White Almond Draggies,fg,Y,Y,,Y,fg,cfpl,Sorting + Roasting + Chocolate (Bulk Packaging,routed,,Y,
WHITE CHOCOLATE W2,rm,,,,Y,rm,cfpl,,n/a,,,
White Compound Chocolate,rm,,,Y,Y,rm,cfpl,,n/a,,,
White Pepper (White Miri),rm,,,Y,Y,rm,cfpl,,n/a,,,
Wholesome millet laddu bar (semi finished),fg,,Y,,Y,fg,cfpl,,"MISSING (has BOM recipe, not in FG Master)",,,BOM_PARENT_NO_ROUTING; CATALOG_FG_NOT_IN_FG_MASTER
Wholesome millet laddu bar 35gm,fg,Y,Y,Y,Y,fg,cfpl,Sorting + Blending + Bar Forming + Packaging,routed,Y,,MULTILEVEL_SFG (component+has-BOM); SFG_NOT_IN_WIP_SET
Wholesome Millet LadduBar Pack of 6,fg,Y,Y,,Y,fg,cfpl,Sorting + Blending + Bar Forming + Packaging,routed,,,
Xanthan Gum,rm,,,,Y,rm,cfpl,,n/a,,,
Yoghurt Powder,rm,,,Y,Y,rm,cfpl,,n/a,,,
YUMASANA CASHEWS- BARBEQUE 150g,fg,Y,Y,,Y,fg,cfpl,Sorting + Packaging,routed,,,
YUMASANA CASHEWS- PEPPER 150g,fg,Y,Y,,Y,fg,cfpl,Sorting + Packaging,routed,,,
YUMASANA CASHEWS- SALTED 150g,fg,Y,Y,,Y,fg,cfpl,Sorting + Packaging,routed,,,
YUMASANA CASHEWS- SOUR CREAM 150g,fg,Y,Y,,Y,fg,cfpl,Sorting + Packaging,routed,,,
YUMASANA COATED PEANUTS - BARB EQUE 150g,fg,Y,Y,,Y,fg,cfpl,Flavouring + Packaging,routed,,,
YUMASANA COATED PEANUTS - CHILLI GARLIC 150g,fg,Y,Y,,Y,fg,cfpl,Flavouring + Packaging,routed,,,
YUMASANA COATED PEANUTS - PERI PERI 150g,fg,Y,Y,,Y,fg,cfpl,Flavouring + Packaging,routed,,,
YUMASANA COATED PEANUTS - THAI CHILLI 150g,fg,Y,Y,,Y,fg,cfpl,Flavouring + Packaging,routed,,,
YUMSANA CHOCO HAZELNUT SPREAD 340GM,fg,Y,Y,,Y,fg,cfpl,Sorting + Packaging,routed,,,
Zahidi Dates,rm,,,Y,Y,rm,cfpl,,n/a,,,
Zahidi Grade B,rm,,,,Y,rm,cfpl,,n/a,,,
Zorro Maple Glazed Pecans 100g,fg,Y,Y,,Y,fg,cfpl,Flavouring + Packaging,routed,,,
Zorro Pecan 100g,fg,Y,Y,,Y,fg,cfpl,Flavouring + Packaging,routed,,,
Zorro Pecan Grain Free Granola 100g,fg,Y,Y,,Y,fg,cfpl,Flavouring + Packaging,routed,,,
Zorro Roasted & Lightly Salted Pecans 100g,fg,Y,Y,,Y,fg,cfpl,Flavouring + Packaging,routed,,,
Zorro Sweet & Spicy Pecan 100g,fg,Y,Y,,Y,fg,cfpl,Flavouring + Packaging,routed,,,
