fg_name,cycle_archetype,stage_seq,stage_bucket,stage_label,input_code,input_kind,output_code,output_kind,create_wip_operation
3 Jar Jute Bag Gift Hamper,D: Pack-only,1,Final FG,Sorting + Packing,RM,RM,FG,FG,
3pcs date balls with blister,B: Transform->Pack (in-line),1,Create WIP,Create WIP: Blend & Form,RM,RM,SFG0135,SFG,Blend & Form
3pcs date balls with blister,B: Transform->Pack (in-line),2,Final FG,Packing,SFG0135,SFG,FG,FG,
4 PET WOODEN BOX WITH LID HAMPER,D: Pack-only,1,Final FG,Sorting + Packing,RM,RM,FG,FG,
5 Grain Cereal 35gm,B: Transform->Pack (in-line),1,Create WIP,Create WIP: Blend & Form,RM,RM,SFG0001,SFG,Blend & Form
5 Grain Cereal 35gm,B: Transform->Pack (in-line),2,Final FG,Packing,SFG0001,SFG,FG,FG,
5 Grain Cereal 50 GM,B: Transform->Pack (in-line),1,Create WIP,Create WIP: Roasting,RM,RM,SFG0002,SFG,Roasting
5 Grain Cereal 50 GM,B: Transform->Pack (in-line),2,Final FG,Packing,SFG0002,SFG,FG,FG,
AL BARAKAH DATES SYRUP (400G Packing),D: Pack-only,1,Final FG,Sorting + Packing,RM,RM,FG,FG,
AL BARAKAH FARD DATES PREMIUM - 500g,D: Pack-only,1,Final FG,Sorting + Packing,RM,RM,FG,FG,
AL BARAKAH KHALAS DATES 1KG,D: Pack-only,1,Final FG,Sorting + Packing,RM,RM,FG,FG,
AL BARAKAH KHALAS DATES 500 Gm,D: Pack-only,1,Final FG,Sorting + Packing,RM,RM,FG,FG,
AL BARAKAH KHALAS DATES SEEDLESS 350GM,B: Transform->Pack (in-line),1,Create WIP,Create WIP: De-Seeding,RM,RM,SFG0005,SFG,De-Seeding
AL BARAKAH KHALAS DATES SEEDLESS 350GM,B: Transform->Pack (in-line),2,Final FG,Packing,SFG0005,SFG,FG,FG,
AL BARAKAH PREMIUM SEEDLESS DATES 500G,B: Transform->Pack (in-line),1,Create WIP,Create WIP: De-Seeding,RM,RM,SFG0006,SFG,De-Seeding
AL BARAKAH PREMIUM SEEDLESS DATES 500G,B: Transform->Pack (in-line),2,Final FG,Packing,SFG0006,SFG,FG,FG,
AL BARAKAH SAFAVI DATES 500gm,D: Pack-only,1,Final FG,Sorting + Packing,RM,RM,FG,FG,
Abjosh (Munakka) 100gm,D: Pack-only,1,Final FG,Sorting + Packing,RM,RM,FG,FG,
Afghan Black Raisins Seedless 1*1,D: Pack-only,1,Final FG,Sorting + Packing,RM,RM,FG,FG,
Afghan Raisins 1*1 Green round,D: Pack-only,1,Final FG,Sorting + Packing,RM,RM,FG,FG,
Al Barakah Ajwa Dates 400gm,D: Pack-only,1,Final FG,Sorting + Packing,RM,RM,FG,FG,
Al Barakah Dates Arabian 400g,D: Pack-only,1,Final FG,Sorting + Packing,RM,RM,FG,FG,
Al Barakah Dates Arabian 500g,D: Pack-only,1,Final FG,Sorting + Packing,RM,RM,FG,FG,
Al Barakah Dates Golden 500g,D: Pack-only,1,Final FG,Sorting + Packing,RM,RM,FG,FG,
Al Barakah Dates Oman Seedless 1kg,B: Transform->Pack (in-line),1,Create WIP,Create WIP: De-Seeding,RM,RM,SFG0003,SFG,De-Seeding
Al Barakah Dates Oman Seedless 1kg,B: Transform->Pack (in-line),2,Final FG,Packing,SFG0003,SFG,FG,FG,
Al Barakah Dates Safavi 400g,D: Pack-only,1,Final FG,Sorting + Packing,RM,RM,FG,FG,
Al Barakah Dates Safavi Seedless 400g,B: Transform->Pack (in-line),1,Create WIP,Create WIP: De-Seeding,RM,RM,SFG0004,SFG,De-Seeding
Al Barakah Dates Safavi Seedless 400g,B: Transform->Pack (in-line),2,Final FG,Packing,SFG0004,SFG,FG,FG,
Al Barakah Dehydrated Date Powder 250g,D: Pack-only,1,Final FG,Sorting + Packing,RM,RM,FG,FG,
Al Barakah Emirate Dates 500gm,D: Pack-only,1,Final FG,Sorting + Packing,RM,RM,FG,FG,
Al Barakah Fard Dates 400g,D: Pack-only,1,Final FG,Sorting + Packing,RM,RM,FG,FG,
Al Barakah Khalas Dates 400g,D: Pack-only,1,Final FG,Sorting + Packing,RM,RM,FG,FG,
Al Barakah Khanezi Dates 500 GM,D: Pack-only,1,Final FG,Sorting + Packing,RM,RM,FG,FG,
Al Barakah Khenaizi Dates 400g,D: Pack-only,1,Final FG,Sorting + Packing,RM,RM,FG,FG,
Al Barakah Kimia Dates 500 Gm,D: Pack-only,1,Final FG,Sorting + Packing,RM,RM,FG,FG,
Al Barakah Medjoul Dates 500Gm,D: Pack-only,1,Final FG,Sorting + Packing,RM,RM,FG,FG,
Al Barakah Oman Dates 400g,D: Pack-only,1,Final FG,Sorting + Packing,RM,RM,FG,FG,
Al Barakah Oman Dates 500gm Tub,D: Pack-only,1,Final FG,Sorting + Packing,RM,RM,FG,FG,
Al Barakah Premium Medjool 800gm,D: Pack-only,1,Final FG,Sorting + Packing,RM,RM,FG,FG,
Almond Apricot and Seeds Date Balls 48 gms,B: Transform->Pack (in-line),1,Create WIP,Create WIP: Blend & Form,RM,RM,SFG0007,SFG,Blend & Form
Almond Apricot and Seeds Date Balls 48 gms,B: Transform->Pack (in-line),2,Final FG,Packing,SFG0007,SFG,FG,FG,
Almond Blanched Sliced,C: Pack of existing SFG,1,Final FG,Packing,SFG0008,SFG,FG,FG,
"Almond Blanched, whole",A: WIP producer (bulk),1,Create WIP,Create WIP: Blanching,RM,RM,SFG0008,SFG,Blanching
"Almond Blanched, whole",A: WIP producer (bulk),2,Final FG,Packing,SFG0008,SFG,FG,FG,
Almond Cranberry Black currant and seeds Date Balls 48 gms,B: Transform->Pack (in-line),1,Create WIP,Create WIP: Blend & Form,RM,RM,SFG0009,SFG,Blend & Form
Almond Cranberry Black currant and seeds Date Balls 48 gms,B: Transform->Pack (in-line),2,Final FG,Packing,SFG0009,SFG,FG,FG,
Almond Kernal 150gm,D: Pack-only,1,Final FG,Sorting + Packing,RM,RM,FG,FG,
Almond Kernal 450gm,D: Pack-only,1,Final FG,Sorting + Packing,RM,RM,FG,FG,
Almond Masala,B: Transform->Pack (in-line),1,Create WIP,Create WIP: Roast & Flavour/Salt,RM,RM,SFG0010,SFG,Roast & Flavour/Salt
Almond Masala,B: Transform->Pack (in-line),2,Final FG,Packing,SFG0010,SFG,FG,FG,
Almond Peri Peri,B: Transform->Pack (in-line),1,Create WIP,Create WIP: Roast & Flavour/Salt,RM,RM,SFG0011,SFG,Roast & Flavour/Salt
Almond Peri Peri,B: Transform->Pack (in-line),2,Final FG,Packing,SFG0011,SFG,FG,FG,
Almond Roasted,D: Pack-only,1,Final FG,Sorting + Packing,RM,RM,FG,FG,
Almond Selected 230g,D: Pack-only,1,Final FG,Sorting + Packing,RM,RM,FG,FG,
Almond Sliced,A: WIP producer (bulk),1,Create WIP,Create WIP: Blanch & Slice,RM,RM,SFG0012,SFG,Blanch & Slice
Almond Sliced,A: WIP producer (bulk),2,Final FG,Packing,SFG0012,SFG,FG,FG,
Almonds Kernel Cube Cut,B: Transform->Pack (in-line),1,Create WIP,Create WIP: Blanch & Slice,RM,RM,SFG0013,SFG,Blanch & Slice
Almonds Kernel Cube Cut,B: Transform->Pack (in-line),2,Final FG,Packing,SFG0013,SFG,FG,FG,
Amary Dates 250g (1356293),D: Pack-only,1,Final FG,Sorting + Packing,RM,RM,FG,FG,
Amazon Brand - Vedaka Premium Dry Fruits Combo 400 gm Gift Box ( B0BBDJMLYR ),D: Pack-only,1,Final FG,Sorting + Packing,RM,RM,FG,FG,
Amazon Brand - Vedaka Raw Sunflower Seeds 1 Kg B0D9P1N25J,B: Transform->Pack (in-line),1,Create WIP,Create WIP: Roasting,RM,RM,SFG0014,SFG,Roasting
Amazon Brand - Vedaka Raw Sunflower Seeds 1 Kg B0D9P1N25J,B: Transform->Pack (in-line),2,Final FG,Packing,SFG0014,SFG,FG,FG,
Amazon Brand Nuts Berries and Seed Mix 200g (B0B69J57QV),B: Transform->Pack (in-line),1,Create WIP,Create WIP: Roasting,RM,RM,SFG0015,SFG,Roasting
Amazon Brand Nuts Berries and Seed Mix 200g (B0B69J57QV),B: Transform->Pack (in-line),2,Final FG,Packing,SFG0015,SFG,FG,FG,
Amazon Brand Vedaka Dryfruits and Berries Mix 200g (B0B69KXW9J),B: Transform->Pack (in-line),1,Create WIP,Create WIP: Roasting,RM,RM,SFG0016,SFG,Roasting
Amazon Brand Vedaka Dryfruits and Berries Mix 200g (B0B69KXW9J),B: Transform->Pack (in-line),2,Final FG,Packing,SFG0016,SFG,FG,FG,
Amazon Brand Vedaka Dryfruits and Nut Mix 200g (B0B69KB4GB),B: Transform->Pack (in-line),1,Create WIP,Create WIP: Roasting,RM,RM,SFG0017,SFG,Roasting
Amazon Brand Vedaka Dryfruits and Nut Mix 200g (B0B69KB4GB),B: Transform->Pack (in-line),2,Final FG,Packing,SFG0017,SFG,FG,FG,
Amazon Brand- Vedaka Dry Dates powder 200g,D: Pack-only,1,Final FG,Sorting + Packing,RM,RM,FG,FG,
American Almonds (23-25 Count),D: Pack-only,1,Final FG,Sorting + Packing,RM,RM,FG,FG,
American Almonds (24-25 Count),D: Pack-only,1,Final FG,Sorting + Packing,RM,RM,FG,FG,
American Almonds Running 25-27 count,D: Pack-only,1,Final FG,Sorting + Packing,RM,RM,FG,FG,
American Almonds Tukda,D: Pack-only,1,Final FG,Sorting + Packing,RM,RM,FG,FG,
Anjeer (Figs),D: Pack-only,1,Final FG,Sorting + Packing,RM,RM,FG,FG,
Anjeer 1*2 75gm,D: Pack-only,1,Final FG,Sorting + Packing,RM,RM,FG,FG,
Antioxidant Mix 33gm,B: Transform->Pack (in-line),1,Create WIP,Create WIP: Roasting,RM,RM,SFG0018,SFG,Roasting
Antioxidant Mix 33gm,B: Transform->Pack (in-line),2,Final FG,Packing,SFG0018,SFG,FG,FG,
Antioxidant Mix 35gm,B: Transform->Pack (in-line),1,Create WIP,Create WIP: Roasting,RM,RM,SFG0018,SFG,Roasting
Antioxidant Mix 35gm,B: Transform->Pack (in-line),2,Final FG,Packing,SFG0018,SFG,FG,FG,
Apricot Kernel,D: Pack-only,1,Final FG,Sorting + Packing,RM,RM,FG,FG,
Ar Barakah Fard Dates 1kg,D: Pack-only,1,Final FG,Sorting + Packing,RM,RM,FG,FG,
Azmah Dates 500 Gms (110002703),D: Pack-only,1,Final FG,Sorting + Packing,RM,RM,FG,FG,
BB Royal Ajwa Dates 500g,D: Pack-only,1,Final FG,Sorting + Packing,RM,RM,FG,FG,
BB Royal Black Current 250g,D: Pack-only,1,Final FG,Sorting + Packing,RM,RM,FG,FG,
BB Royal Dates - Ajwa 250g,D: Pack-only,1,Final FG,Sorting + Packing,RM,RM,FG,FG,
BB Royal Dates - Deri 500 g,D: Pack-only,1,Final FG,Sorting + Packing,RM,RM,FG,FG,
BB Royal Dates - Golden 500 g,D: Pack-only,1,Final FG,Sorting + Packing,RM,RM,FG,FG,
BB Royal Dates - Mazafati 250g,D: Pack-only,1,Final FG,Sorting + Packing,RM,RM,FG,FG,
BB Royal Dates - Medjool 250g,D: Pack-only,1,Final FG,Sorting + Packing,RM,RM,FG,FG,
BB Royal Dates - Omani 250g,D: Pack-only,1,Final FG,Sorting + Packing,RM,RM,FG,FG,
"BB Royal Dates - Red, Seedless 250 g",B: Transform->Pack (in-line),1,Create WIP,Create WIP: De-Seeding,RM,RM,SFG0022,SFG,De-Seeding
"BB Royal Dates - Red, Seedless 250 g",B: Transform->Pack (in-line),2,Final FG,Packing,SFG0022,SFG,FG,FG,
BB Royal Dates - Safawi 250g,D: Pack-only,1,Final FG,Sorting + Packing,RM,RM,FG,FG,
BB Royal Dates - Zahidi 500 g,D: Pack-only,1,Final FG,Sorting + Packing,RM,RM,FG,FG,
BB Royal Dried Blue Berries 100g,D: Pack-only,1,Final FG,Sorting + Packing,RM,RM,FG,FG,
BB Royal Dried Blue Berries 250g,D: Pack-only,1,Final FG,Sorting + Packing,RM,RM,FG,FG,
BB Royal Dried Cran Berries 100g,D: Pack-only,1,Final FG,Sorting + Packing,RM,RM,FG,FG,
BB Royal Dried Cran Berry 250g,D: Pack-only,1,Final FG,Sorting + Packing,RM,RM,FG,FG,
BB Royal Mazafati Dates 500g,D: Pack-only,1,Final FG,Sorting + Packing,RM,RM,FG,FG,
BB Royal Medjool Dates 500g,D: Pack-only,1,Final FG,Sorting + Packing,RM,RM,FG,FG,
BB Royal Red Dates - With Seeds 500gm,D: Pack-only,1,Final FG,Sorting + Packing,RM,RM,FG,FG,
BB Royal Safavi Dates 500g,D: Pack-only,1,Final FG,Sorting + Packing,RM,RM,FG,FG,
BBroyal Black Current 100g,D: Pack-only,1,Final FG,Sorting + Packing,RM,RM,FG,FG,
BLACK PEPPER CASHEW,C: Pack of existing SFG,1,Final FG,Packing,SFG0024,SFG,FG,FG,
BLISSFUL CELEBRATION 360gm,D: Pack-only,1,Final FG,Sorting + Packing,RM,RM,FG,FG,
Banarasi Box Hamper 03,D: Pack-only,1,Final FG,Sorting + Packing,RM,RM,FG,FG,
Barbeque Almonds,D: Pack-only,1,Final FG,Sorting + Packing,RM,RM,FG,FG,
Barbeque Cashew,C: Pack of existing SFG,1,Final FG,Packing,SFG0019,SFG,FG,FG,
Barbeque Cashew Bulk,A: WIP producer (bulk),1,Create WIP,Create WIP: Roast & Flavour/Salt,RM,RM,SFG0019,SFG,Roast & Flavour/Salt
Barbeque Cashew Bulk,A: WIP producer (bulk),2,Final FG,Packing,SFG0019,SFG,FG,FG,
Barbeque Macadamia,B: Transform->Pack (in-line),1,Create WIP,Create WIP: Roast & Flavour/Salt,RM,RM,SFG0020,SFG,Roast & Flavour/Salt
Barbeque Macadamia,B: Transform->Pack (in-line),2,Final FG,Packing,SFG0020,SFG,FG,FG,
Barbeque Makhana,B: Transform->Pack (in-line),1,Create WIP,Create WIP: Roast & Flavour/Salt,RM,RM,SFG0021,SFG,Roast & Flavour/Salt
Barbeque Makhana,B: Transform->Pack (in-line),2,Final FG,Packing,SFG0021,SFG,FG,FG,
Bb Royal Omani Dates 500gm,D: Pack-only,1,Final FG,Sorting + Packing,RM,RM,FG,FG,
Berry Mix,D: Pack-only,1,Final FG,Sorting + Packing,RM,RM,FG,FG,
Black Pepper Almonds,B: Transform->Pack (in-line),1,Create WIP,Create WIP: Roast & Flavour/Salt,RM,RM,SFG0023,SFG,Roast & Flavour/Salt
Black Pepper Almonds,B: Transform->Pack (in-line),2,Final FG,Packing,SFG0023,SFG,FG,FG,
Black Pepper Cashew Bulk,A: WIP producer (bulk),1,Create WIP,Create WIP: Roast & Flavour/Salt,RM,RM,SFG0024,SFG,Roast & Flavour/Salt
Black Pepper Cashew Bulk,A: WIP producer (bulk),2,Final FG,Packing,SFG0024,SFG,FG,FG,
Black Pepper Macadamia Trail Mix,B: Transform->Pack (in-line),1,Create WIP,Create WIP: Roast & Flavour/Salt,RM,RM,SFG0025,SFG,Roast & Flavour/Salt
Black Pepper Macadamia Trail Mix,B: Transform->Pack (in-line),2,Final FG,Packing,SFG0025,SFG,FG,FG,
Black Pepper Nutty Seed Mix 250gm,B: Transform->Pack (in-line),1,Create WIP,Create WIP: Roast & Flavour/Salt,RM,RM,SFG0026,SFG,Roast & Flavour/Salt
Black Pepper Nutty Seed Mix 250gm,B: Transform->Pack (in-line),2,Final FG,Packing,SFG0026,SFG,FG,FG,
Black Pepper Pecannut,B: Transform->Pack (in-line),1,Create WIP,Create WIP: Roast & Flavour/Salt,RM,RM,SFG0027,SFG,Roast & Flavour/Salt
Black Pepper Pecannut,B: Transform->Pack (in-line),2,Final FG,Packing,SFG0027,SFG,FG,FG,
Blackcurrant Date Balls 48 gms,B: Transform->Pack (in-line),1,Create WIP,Create WIP: Blend & Form,RM,RM,SFG0028,SFG,Blend & Form
Blackcurrant Date Balls 48 gms,B: Transform->Pack (in-line),2,Final FG,Packing,SFG0028,SFG,FG,FG,
Blueberries 230g,D: Pack-only,1,Final FG,Sorting + Packing,RM,RM,FG,FG,
Blueberries 75gm,D: Pack-only,1,Final FG,Sorting + Packing,RM,RM,FG,FG,
Booster Berries 33gm,D: Pack-only,1,Final FG,Sorting + Packing,RM,RM,FG,FG,
Booster Berries 35gm,D: Pack-only,1,Final FG,Sorting + Packing,RM,RM,FG,FG,
Brazil Nuts,D: Pack-only,1,Final FG,Sorting + Packing,RM,RM,FG,FG,
Breakfast Mix Bulk,B: Transform->Pack (in-line),1,Create WIP,Create WIP: Roast & Flavour/Salt,RM,RM,SFG0029,SFG,Roast & Flavour/Salt
Breakfast Mix Bulk,B: Transform->Pack (in-line),2,Final FG,Packing,SFG0029,SFG,FG,FG,
CA GOA PRE CASHEW 230GM/P,D: Pack-only,1,Final FG,Sorting + Packing,RM,RM,FG,FG,
CA INDIAN PREMIUM QUALITY RAISINS 150/P,D: Pack-only,1,Final FG,Sorting + Packing,RM,RM,FG,FG,
CA PREMIUM ALMOND CALIFORNIA 218GM/P,D: Pack-only,1,Final FG,Sorting + Packing,RM,RM,FG,FG,
CA PREMIUM DRY CANBERRY 230GM/P,D: Pack-only,1,Final FG,Sorting + Packing,RM,RM,FG,FG,
CA PREMIUM PINSHROSTSALTIRANIPISTA15 /P,D: Pack-only,1,Final FG,Sorting + Packing,RM,RM,FG,FG,
CA WALNUT CHILE (VACUUM PACKING)250GM /P,D: Pack-only,1,Final FG,Sorting + Packing,RM,RM,FG,FG,
CARNIVAL Mayur Ratna Big 520g,D: Pack-only,1,Final FG,Sorting + Packing,RM,RM,FG,FG,
CARNIVAL Mayur Ratna Big 520gm,D: Pack-only,1,Final FG,Sorting + Packing,RM,RM,FG,FG,
CARNIVAL Mayur Ratna Small 360g,D: Pack-only,1,Final FG,Sorting + Packing,RM,RM,FG,FG,
CARNIVAL Mayur Ratna Small 360gm,D: Pack-only,1,Final FG,Sorting + Packing,RM,RM,FG,FG,
CARNIVAL RAISIN IDNIAN GREEN/GOLDEN ROUND 1KG,D: Pack-only,1,Final FG,Sorting + Packing,RM,RM,FG,FG,
CARNIVAL Royal divine 550g,D: Pack-only,1,Final FG,Sorting + Packing,RM,RM,FG,FG,
CARNIVAL Utsav 700g,D: Pack-only,1,Final FG,Sorting + Packing,RM,RM,FG,FG,
CCD Energy Bar with Jaggery,B: Transform->Pack (in-line),1,Create WIP,Create WIP: Blend & Form,RM,RM,SFG0096,SFG,Blend & Form
CCD Energy Bar with Jaggery,B: Transform->Pack (in-line),2,Final FG,Packing,SFG0096,SFG,FG,FG,
CELEBRATING MOMENTS 300gm,D: Pack-only,1,Final FG,Sorting + Packing,RM,RM,FG,FG,
CELEBRATION SLEEK BOX 300gm,D: Pack-only,1,Final FG,Sorting + Packing,RM,RM,FG,FG,
CELEBRATIONS 550gm,D: Pack-only,1,Final FG,Sorting + Packing,RM,RM,FG,FG,
CHATPATA SNACK MIX,B: Transform->Pack (in-line),1,Create WIP,Create WIP: Roast & Flavour/Salt,RM,RM,SFG0099,SFG,Roast & Flavour/Salt
CHATPATA SNACK MIX,B: Transform->Pack (in-line),2,Final FG,Packing,SFG0099,SFG,FG,FG,
CLASSIC WOODEN BOX 480gm,D: Pack-only,1,Final FG,Sorting + Packing,RM,RM,FG,FG,
CURATE BLUEBERRIES 200G,D: Pack-only,1,Final FG,Sorting + Packing,RM,RM,FG,FG,
CURATE DATE BITES ASRTD RO/CA IND 420G,D: Pack-only,1,Final FG,Sorting + Packing,RM,RM,FG,FG,
CURATE DATE BITES IND 210G,B: Transform->Pack (in-line),1,Create WIP,Create WIP: Blend & Form,RM,RM,SFG0122,SFG,Blend & Form
CURATE DATE BITES IND 210G,B: Transform->Pack (in-line),2,Final FG,Packing,SFG0122,SFG,FG,FG,
CURATE DATE BITES ROSE IND 210G,B: Transform->Pack (in-line),1,Create WIP,Create WIP: Blend & Form,RM,RM,SFG0123,SFG,Blend & Form
CURATE DATE BITES ROSE IND 210G,B: Transform->Pack (in-line),2,Final FG,Packing,SFG0123,SFG,FG,FG,
CURATE DATE BITES ROSE IND 360G,B: Transform->Pack (in-line),1,Create WIP,Create WIP: Blend & Form,RM,RM,SFG0123,SFG,Blend & Form
CURATE DATE BITES ROSE IND 360G,B: Transform->Pack (in-line),2,Final FG,Packing,SFG0123,SFG,FG,FG,
CURATE MACADEMIA NUTS 200G,D: Pack-only,1,Final FG,Sorting + Packing,RM,RM,FG,FG,
CURATE MAMRA ALMOND 500G,D: Pack-only,1,Final FG,Sorting + Packing,RM,RM,FG,FG,
CURATE WHOLE CRANBERRIES 200G,D: Pack-only,1,Final FG,Sorting + Packing,RM,RM,FG,FG,
Cafe Galleria Walnut Kernel 250g,D: Pack-only,1,Final FG,Sorting + Packing,RM,RM,FG,FG,
Cafe Galleries  Pepper Pista Inshell 250gm,D: Pack-only,1,Final FG,Sorting + Packing,RM,RM,FG,FG,
Cafe Galleries American Almond 25-27count - 250gm,D: Pack-only,1,Final FG,Sorting + Packing,RM,RM,FG,FG,
Cafe Galleries American Pista Inshell Regular 250gm,D: Pack-only,1,Final FG,Sorting + Packing,RM,RM,FG,FG,
Cafe Galleries American Pista Inshell Selected 250g,D: Pack-only,1,Final FG,Sorting + Packing,RM,RM,FG,FG,
Cafe Galleries Blueberry 250g,D: Pack-only,1,Final FG,Sorting + Packing,RM,RM,FG,FG,
Cafe Galleries Brazil Nuts 250g,D: Pack-only,1,Final FG,Sorting + Packing,RM,RM,FG,FG,
Cafe Galleries Cashew 180 - 250gm,D: Pack-only,1,Final FG,Sorting + Packing,RM,RM,FG,FG,
Cafe Galleries Cashew 180 - 500gm,D: Pack-only,1,Final FG,Sorting + Packing,RM,RM,FG,FG,
Cafe Galleries Cashew 210 - 250gm,D: Pack-only,1,Final FG,Sorting + Packing,RM,RM,FG,FG,
Cafe Galleries Cashew 210 - 500g,D: Pack-only,1,Final FG,Sorting + Packing,RM,RM,FG,FG,
Cafe Galleries Cashew 240 - 250g,D: Pack-only,1,Final FG,Sorting + Packing,RM,RM,FG,FG,
Cafe Galleries Cashew 240 - 500gm,D: Pack-only,1,Final FG,Sorting + Packing,RM,RM,FG,FG,
Cafe Galleries Cashew 320 - 250gm,D: Pack-only,1,Final FG,Sorting + Packing,RM,RM,FG,FG,
Cafe Galleries Cashew Black Pepper 250 Gm,C: Pack of existing SFG,1,Final FG,Packing,SFG0024,SFG,FG,FG,
Cafe Galleries Cashew Salted 180 250g,D: Pack-only,1,Final FG,Sorting + Packing,RM,RM,FG,FG,
Cafe Galleries Chia seeds 250g,D: Pack-only,1,Final FG,Sorting + Packing,RM,RM,FG,FG,
"Cafe Galleries Cocktail Mix 250g(Almond,Cashew,Pista,Black Raisins)",D: Pack-only,1,Final FG,Sorting + Packing,RM,RM,FG,FG,
Cafe Galleries Cranberry Whole 250g,D: Pack-only,1,Final FG,Sorting + Packing,RM,RM,FG,FG,
Cafe Galleries Flax seeds 250g,D: Pack-only,1,Final FG,Sorting + Packing,RM,RM,FG,FG,
Cafe Galleries Hazelnuts 250g,D: Pack-only,1,Final FG,Sorting + Packing,RM,RM,FG,FG,
Cafe Galleries Healthy Mewa Mix 250g,B: Transform->Pack (in-line),1,Create WIP,Create WIP: Roasting,RM,RM,SFG0030,SFG,Roasting
Cafe Galleries Healthy Mewa Mix 250g,B: Transform->Pack (in-line),2,Final FG,Packing,SFG0030,SFG,FG,FG,
Cafe Galleries Macadamia Nut Salted 250g,B: Transform->Pack (in-line),1,Create WIP,Create WIP: Roasting,RM,RM,SFG0031,SFG,Roasting
Cafe Galleries Macadamia Nut Salted 250g,B: Transform->Pack (in-line),2,Final FG,Packing,SFG0031,SFG,FG,FG,
Cafe Galleries Premium Cocktail Mix 250g,B: Transform->Pack (in-line),1,Create WIP,Create WIP: Roasting,RM,RM,SFG0032,SFG,Roasting
Cafe Galleries Premium Cocktail Mix 250g,B: Transform->Pack (in-line),2,Final FG,Packing,SFG0032,SFG,FG,FG,
Cafe Galleries Pumpkin Seeds 250g,B: Transform->Pack (in-line),1,Create WIP,Create WIP: Roasting,RM,RM,SFG0033,SFG,Roasting
Cafe Galleries Pumpkin Seeds 250g,B: Transform->Pack (in-line),2,Final FG,Packing,SFG0033,SFG,FG,FG,
Cafe Galleries Salted Cashew 210- 250gm,C: Pack of existing SFG,1,Final FG,Packing,SFG0262,SFG,FG,FG,
Cafe Galleries Salted Pumpkin Seeds 250g,B: Transform->Pack (in-line),1,Create WIP,Create WIP: Roast & Flavour/Salt,RM,RM,SFG0034,SFG,Roast & Flavour/Salt
Cafe Galleries Salted Pumpkin Seeds 250g,B: Transform->Pack (in-line),2,Final FG,Packing,SFG0034,SFG,FG,FG,
"Cafe Galleries Seeds Mix, 250g",B: Transform->Pack (in-line),1,Create WIP,Create WIP: Roasting,RM,RM,SFG0035,SFG,Roasting
"Cafe Galleries Seeds Mix, 250g",B: Transform->Pack (in-line),2,Final FG,Packing,SFG0035,SFG,FG,FG,
Cafe Galleries Selected American Almond 18 count - 250gm,D: Pack-only,1,Final FG,Sorting + Packing,RM,RM,FG,FG,
Cafe Galleries Selected American Almond 20-22 count - 250gm,D: Pack-only,1,Final FG,Sorting + Packing,RM,RM,FG,FG,
Cafe Galleries Slice Cranberry 250g,D: Pack-only,1,Final FG,Sorting + Packing,RM,RM,FG,FG,
Cafe Galleries Sunflower Seeds - 250gm,B: Transform->Pack (in-line),1,Create WIP,Create WIP: Roasting,RM,RM,SFG0036,SFG,Roasting
Cafe Galleries Sunflower Seeds - 250gm,B: Transform->Pack (in-line),2,Final FG,Packing,SFG0036,SFG,FG,FG,
California Pista Inshell Black Pepper,B: Transform->Pack (in-line),1,Create WIP,Create WIP: Roast & Flavour/Salt,RM,RM,SFG0037,SFG,Roast & Flavour/Salt
California Pista Inshell Black Pepper,B: Transform->Pack (in-line),2,Final FG,Packing,SFG0037,SFG,FG,FG,
California Pista Inshell Pink Salted,B: Transform->Pack (in-line),1,Create WIP,Create WIP: Roast & Flavour/Salt,RM,RM,SFG0038,SFG,Roast & Flavour/Salt
California Pista Inshell Pink Salted,B: Transform->Pack (in-line),2,Final FG,Packing,SFG0038,SFG,FG,FG,
California Pista Inshell Roasted and Salted,B: Transform->Pack (in-line),1,Create WIP,Create WIP: Roast & Flavour/Salt,RM,RM,SFG0039,SFG,Roast & Flavour/Salt
California Pista Inshell Roasted and Salted,B: Transform->Pack (in-line),2,Final FG,Packing,SFG0039,SFG,FG,FG,
Caramel Pecannut,B: Transform->Pack (in-line),1,Create WIP,Create WIP: Roast & Flavour/Salt,RM,RM,SFG0040,SFG,Roast & Flavour/Salt
Caramel Pecannut,B: Transform->Pack (in-line),2,Final FG,Packing,SFG0040,SFG,FG,FG,
Carnial Almond Dragees 100gm,B: Transform->Pack (in-line),1,Create WIP,Create WIP: Roasting + Enrobe / Choco-Coat,RM,RM,SFG0041,SFG,Roasting + Enrobe / Choco-Coat
Carnial Almond Dragees 100gm,B: Transform->Pack (in-line),2,Final FG,Packing,SFG0041,SFG,FG,FG,
Carnival Afghan Apricot 250gm,D: Pack-only,1,Final FG,Sorting + Packing,RM,RM,FG,FG,
Carnival Almond Choco Bite (Dark Chocolate) 100g,B: Transform->Pack (in-line),1,Create WIP,Create WIP: Roasting + Enrobe / Choco-Coat,RM,RM,SFG0042,SFG,Roasting + Enrobe / Choco-Coat
Carnival Almond Choco Bite (Dark Chocolate) 100g,B: Transform->Pack (in-line),2,Final FG,Packing,SFG0042,SFG,FG,FG,
Carnival Almond Choco Bite (Milk Chocolate) 100g,B: Transform->Pack (in-line),1,Create WIP,Create WIP: Roasting + Enrobe / Choco-Coat,RM,RM,SFG0042,SFG,Roasting + Enrobe / Choco-Coat
Carnival Almond Choco Bite (Milk Chocolate) 100g,B: Transform->Pack (in-line),2,Final FG,Packing,SFG0042,SFG,FG,FG,
Carnival Almond Choco Bite (White Chocolate) 100g,B: Transform->Pack (in-line),1,Create WIP,Create WIP: Roasting + Enrobe / Choco-Coat,RM,RM,SFG0042,SFG,Roasting + Enrobe / Choco-Coat
Carnival Almond Choco Bite (White Chocolate) 100g,B: Transform->Pack (in-line),2,Final FG,Packing,SFG0042,SFG,FG,FG,
Carnival Almond Smoked Paprika 100g,D: Pack-only,1,Final FG,Sorting + Packing,RM,RM,FG,FG,
Carnival Almond Smoked Paprika 200g,B: Transform->Pack (in-line),1,Create WIP,Create WIP: Roast & Flavour/Salt,RM,RM,SFG0043,SFG,Roast & Flavour/Salt
Carnival Almond Smoked Paprika 200g,B: Transform->Pack (in-line),2,Final FG,Packing,SFG0043,SFG,FG,FG,
Carnival Almonds - Indepance 200g Mono Carton,D: Pack-only,1,Final FG,Sorting + Packing,RM,RM,FG,FG,
Carnival Almonds - Independence 200g,D: Pack-only,1,Final FG,Sorting + Packing,RM,RM,FG,FG,
Carnival Almonds 250 Gm,D: Pack-only,1,Final FG,Sorting + Packing,RM,RM,FG,FG,
Carnival Almonds Independence 1Kg,D: Pack-only,1,Final FG,Sorting + Packing,RM,RM,FG,FG,
Carnival Apricot Turkey 1x2 300gm,D: Pack-only,1,Final FG,Sorting + Packing,RM,RM,FG,FG,
Carnival Arabian 350gm,D: Pack-only,1,Final FG,Sorting + Packing,RM,RM,FG,FG,
Carnival Barbeque Cashew 100gm,C: Pack of existing SFG,1,Final FG,Packing,SFG0019,SFG,FG,FG,
Carnival Barbeque Cashew 200gm,C: Pack of existing SFG,1,Final FG,Packing,SFG0019,SFG,FG,FG,
Carnival Barbeque Makhana 125 Gm,B: Transform->Pack (in-line),1,Create WIP,Create WIP: Roast & Flavour/Salt,RM,RM,SFG0044,SFG,Roast & Flavour/Salt
Carnival Barbeque Makhana 125 Gm,B: Transform->Pack (in-line),2,Final FG,Packing,SFG0044,SFG,FG,FG,
Carnival Barbeque Makhana 55g,B: Transform->Pack (in-line),1,Create WIP,Create WIP: Roast & Flavour/Salt,RM,RM,SFG0044,SFG,Roast & Flavour/Salt
Carnival Barbeque Makhana 55g,B: Transform->Pack (in-line),2,Final FG,Packing,SFG0044,SFG,FG,FG,
Carnival Berry Barbeque Trail Mix 200g,B: Transform->Pack (in-line),1,Create WIP,Create WIP: Roast & Flavour/Salt,RM,RM,SFG0045,SFG,Roast & Flavour/Salt
Carnival Berry Barbeque Trail Mix 200g,B: Transform->Pack (in-line),2,Final FG,Packing,SFG0045,SFG,FG,FG,
Carnival Black Pepper Makhana 125 Gm,B: Transform->Pack (in-line),1,Create WIP,Create WIP: Roast & Flavour/Salt,RM,RM,SFG0046,SFG,Roast & Flavour/Salt
Carnival Black Pepper Makhana 125 Gm,B: Transform->Pack (in-line),2,Final FG,Packing,SFG0046,SFG,FG,FG,
Carnival Black Pepper Makhana 55g,B: Transform->Pack (in-line),1,Create WIP,Create WIP: Roast & Flavour/Salt,RM,RM,SFG0046,SFG,Roast & Flavour/Salt
Carnival Black Pepper Makhana 55g,B: Transform->Pack (in-line),2,Final FG,Packing,SFG0046,SFG,FG,FG,
Carnival Black Pepper Pistachio 80g,D: Pack-only,1,Final FG,Sorting + Packing,RM,RM,FG,FG,
Carnival Blueberries Dried - 250G,D: Pack-only,1,Final FG,Sorting + Packing,RM,RM,FG,FG,
Carnival Blueberry 100g,D: Pack-only,1,Final FG,Sorting + Packing,RM,RM,FG,FG,
Carnival California Almonds Independence 1kg,D: Pack-only,1,Final FG,Sorting + Packing,RM,RM,FG,FG,
Carnival California Pista Roasted and Salted 800g,B: Transform->Pack (in-line),1,Create WIP,Create WIP: Roast & Flavour/Salt,RM,RM,SFG0047,SFG,Roast & Flavour/Salt
Carnival California Pista Roasted and Salted 800g,B: Transform->Pack (in-line),2,Final FG,Packing,SFG0047,SFG,FG,FG,
Carnival California Pistachio 200g,D: Pack-only,1,Final FG,Sorting + Packing,RM,RM,FG,FG,
Carnival California Pitted Prunes 300 Gms,D: Pack-only,1,Final FG,Sorting + Packing,RM,RM,FG,FG,
Carnival Caramel Sesame Walnut 150g,B: Transform->Pack (in-line),1,Create WIP,Create WIP: Roast & Flavour/Salt,RM,RM,SFG0048,SFG,Roast & Flavour/Salt
Carnival Caramel Sesame Walnut 150g,B: Transform->Pack (in-line),2,Final FG,Packing,SFG0048,SFG,FG,FG,
Carnival Caramel Sesame Walnut 70g,B: Transform->Pack (in-line),1,Create WIP,Create WIP: Roast & Flavour/Salt,RM,RM,SFG0048,SFG,Roast & Flavour/Salt
Carnival Caramel Sesame Walnut 70g,B: Transform->Pack (in-line),2,Final FG,Packing,SFG0048,SFG,FG,FG,
Carnival Cashew (400 - 450) 200g Mono Carton,D: Pack-only,1,Final FG,Sorting + Packing,RM,RM,FG,FG,
Carnival Cashew Roasted And Salted 250g,C: Pack of existing SFG,1,Final FG,Packing,SFG0262,SFG,FG,FG,
Carnival Chatpata Black Raisins 100g,B: Transform->Pack (in-line),1,Create WIP,Create WIP: Roast & Flavour/Salt,RM,RM,SFG0049,SFG,Roast & Flavour/Salt
Carnival Chatpata Black Raisins 100g,B: Transform->Pack (in-line),2,Final FG,Packing,SFG0049,SFG,FG,FG,
Carnival Chatpata Cranberry 100G,D: Pack-only,1,Final FG,Sorting + Packing,RM,RM,FG,FG,
Carnival Chatpata Cranberry 250gm,D: Pack-only,1,Final FG,Sorting + Packing,RM,RM,FG,FG,
Carnival Chatpata Prunes 100gm,D: Pack-only,1,Final FG,Sorting + Packing,RM,RM,FG,FG,
Carnival Cheese Cashew 100g,B: Transform->Pack (in-line),1,Create WIP,Create WIP: Roast & Flavour/Salt,RM,RM,SFG0050,SFG,Roast & Flavour/Salt
Carnival Cheese Cashew 100g,B: Transform->Pack (in-line),2,Final FG,Packing,SFG0050,SFG,FG,FG,
Carnival Cheese Cashew 230g,B: Transform->Pack (in-line),1,Create WIP,Create WIP: Roast & Flavour/Salt,RM,RM,SFG0050,SFG,Roast & Flavour/Salt
Carnival Cheese Cashew 230g,B: Transform->Pack (in-line),2,Final FG,Packing,SFG0050,SFG,FG,FG,
Carnival Cheese Makhana 125g,B: Transform->Pack (in-line),1,Create WIP,Create WIP: Roast & Flavour/Salt,RM,RM,SFG0051,SFG,Roast & Flavour/Salt
Carnival Cheese Makhana 125g,B: Transform->Pack (in-line),2,Final FG,Packing,SFG0051,SFG,FG,FG,
Carnival Cheese Makhana 55g,B: Transform->Pack (in-line),1,Create WIP,Create WIP: Roast & Flavour/Salt,RM,RM,SFG0051,SFG,Roast & Flavour/Salt
Carnival Cheese Makhana 55g,B: Transform->Pack (in-line),2,Final FG,Packing,SFG0051,SFG,FG,FG,
Carnival Choco Orange Walnut 150gm,B: Transform->Pack (in-line),1,Create WIP,Create WIP: Roast & Flavour/Salt,RM,RM,SFG0052,SFG,Roast & Flavour/Salt
Carnival Choco Orange Walnut 150gm,B: Transform->Pack (in-line),2,Final FG,Packing,SFG0052,SFG,FG,FG,
Carnival Classic Almonds 100g,D: Pack-only,1,Final FG,Sorting + Packing,RM,RM,FG,FG,
Carnival Classic Almonds 250g,D: Pack-only,1,Final FG,Sorting + Packing,RM,RM,FG,FG,
Carnival Classic Anjeer 250g,D: Pack-only,1,Final FG,Sorting + Packing,RM,RM,FG,FG,
Carnival Classic Cashew 250 Gms,D: Pack-only,1,Final FG,Sorting + Packing,RM,RM,FG,FG,
Carnival Classic Chia Seeds 100gm,D: Pack-only,1,Final FG,Sorting + Packing,RM,RM,FG,FG,
Carnival Classic Date Bites 357gm,B: Transform->Pack (in-line),1,Create WIP,Create WIP: Blend & Form,RM,RM,SFG0053,SFG,Blend & Form
Carnival Classic Date Bites 357gm,B: Transform->Pack (in-line),2,Final FG,Packing,SFG0053,SFG,FG,FG,
Carnival Classic Hazelnut 250 GMS,D: Pack-only,1,Final FG,Sorting + Packing,RM,RM,FG,FG,
Carnival Classic Indian Kishmish 500 Gms,D: Pack-only,1,Final FG,Sorting + Packing,RM,RM,FG,FG,
Carnival Classic Indian Raisins 250g,D: Pack-only,1,Final FG,Sorting + Packing,RM,RM,FG,FG,
Carnival Classic Irani Pistachio Salted 80g,D: Pack-only,1,Final FG,Sorting + Packing,RM,RM,FG,FG,
Carnival Classic Pumpkin Seeds 100g,B: Transform->Pack (in-line),1,Create WIP,Create WIP: Roasting,RM,RM,SFG0054,SFG,Roasting
Carnival Classic Pumpkin Seeds 100g,B: Transform->Pack (in-line),2,Final FG,Packing,SFG0054,SFG,FG,FG,
Carnival Classic Sunflower Seeds 100G,B: Transform->Pack (in-line),1,Create WIP,Create WIP: Roasting,RM,RM,SFG0055,SFG,Roasting
Carnival Classic Sunflower Seeds 100G,B: Transform->Pack (in-line),2,Final FG,Packing,SFG0055,SFG,FG,FG,
Carnival Cocktail Mix 100g,B: Transform->Pack (in-line),1,Create WIP,Create WIP: Roast & Flavour/Salt,RM,RM,SFG0056,SFG,Roast & Flavour/Salt
Carnival Cocktail Mix 100g,B: Transform->Pack (in-line),2,Final FG,Packing,SFG0056,SFG,FG,FG,
Carnival Cocktail Mix 200g,B: Transform->Pack (in-line),1,Create WIP,Create WIP: Roast & Flavour/Salt,RM,RM,SFG0056,SFG,Roast & Flavour/Salt
Carnival Cocktail Mix 200g,B: Transform->Pack (in-line),2,Final FG,Packing,SFG0056,SFG,FG,FG,
Carnival Cocktail Mix 250g,B: Transform->Pack (in-line),1,Create WIP,Create WIP: Roast & Flavour/Salt,RM,RM,SFG0056,SFG,Roast & Flavour/Salt
Carnival Cocktail Mix 250g,B: Transform->Pack (in-line),2,Final FG,Packing,SFG0056,SFG,FG,FG,
Carnival Cocktail Mix Plain Pouch 100g,B: Transform->Pack (in-line),1,Create WIP,Create WIP: Roast & Flavour/Salt,RM,RM,SFG0057,SFG,Roast & Flavour/Salt
Carnival Cocktail Mix Plain Pouch 100g,B: Transform->Pack (in-line),2,Final FG,Packing,SFG0057,SFG,FG,FG,
Carnival Cranberry Flavoured Chatpata 200g,D: Pack-only,1,Final FG,Sorting + Packing,RM,RM,FG,FG,
Carnival Cranberry Sliced 250 Gms,D: Pack-only,1,Final FG,Sorting + Packing,RM,RM,FG,FG,
Carnival Cranberry Whole - 100gm,D: Pack-only,1,Final FG,Sorting + Packing,RM,RM,FG,FG,
Carnival Cranberry Whole 250G,D: Pack-only,1,Final FG,Sorting + Packing,RM,RM,FG,FG,
Carnival Crunchy Caramel Trail Mix 100g,B: Transform->Pack (in-line),1,Create WIP,Create WIP: Roast & Flavour/Salt,RM,RM,SFG0058,SFG,Roast & Flavour/Salt
Carnival Crunchy Caramel Trail Mix 100g,B: Transform->Pack (in-line),2,Final FG,Packing,SFG0058,SFG,FG,FG,
Carnival Crunchy Caramel Trail Mix 200g,B: Transform->Pack (in-line),1,Create WIP,Create WIP: Roast & Flavour/Salt,RM,RM,SFG0058,SFG,Roast & Flavour/Salt
Carnival Crunchy Caramel Trail Mix 200g,B: Transform->Pack (in-line),2,Final FG,Packing,SFG0058,SFG,FG,FG,
Carnival Crunchy Caramel Trail Mix 250g,B: Transform->Pack (in-line),1,Create WIP,Create WIP: Roast & Flavour/Salt,RM,RM,SFG0058,SFG,Roast & Flavour/Salt
Carnival Crunchy Caramel Trail Mix 250g,B: Transform->Pack (in-line),2,Final FG,Packing,SFG0058,SFG,FG,FG,
Carnival Deluxe Seeded Black Raisin 250gm,D: Pack-only,1,Final FG,Sorting + Packing,RM,RM,FG,FG,
Carnival Dried Blueberry 250g,D: Pack-only,1,Final FG,Sorting + Packing,RM,RM,FG,FG,
Carnival Dried Blueberry 250g - Tub,D: Pack-only,1,Final FG,Sorting + Packing,RM,RM,FG,FG,
Carnival Dried Cranberry Whole 100g (PP),D: Pack-only,1,Final FG,Sorting + Packing,RM,RM,FG,FG,
Carnival Dried Cranberry Whole 250g - Tub,D: Pack-only,1,Final FG,Sorting + Packing,RM,RM,FG,FG,
Carnival Festive Almonds (27-28 count) 100gm,D: Pack-only,1,Final FG,Sorting + Packing,RM,RM,FG,FG,
Carnival Festive Almonds (27-28 count) 125gm,D: Pack-only,1,Final FG,Sorting + Packing,RM,RM,FG,FG,
Carnival Festive Almonds (27-28 count) 150gm,D: Pack-only,1,Final FG,Sorting + Packing,RM,RM,FG,FG,
Carnival Festive Almonds (27-28 count) 200gm,D: Pack-only,1,Final FG,Sorting + Packing,RM,RM,FG,FG,
Carnival Festive Black Raisin Seedless 150gm,B: Transform->Pack (in-line),1,Create WIP,Create WIP: De-Seeding,RM,RM,SFG0059,SFG,De-Seeding
Carnival Festive Black Raisin Seedless 150gm,B: Transform->Pack (in-line),2,Final FG,Packing,SFG0059,SFG,FG,FG,
Carnival Festive California Pista (21-26) 100gm,B: Transform->Pack (in-line),1,Create WIP,Create WIP: Roast & Flavour/Salt,RM,RM,SFG0060,SFG,Roast & Flavour/Salt
Carnival Festive California Pista (21-26) 100gm,B: Transform->Pack (in-line),2,Final FG,Packing,SFG0060,SFG,FG,FG,
Carnival Festive California Pista (21-26) 125gm,D: Pack-only,1,Final FG,Sorting + Packing,RM,RM,FG,FG,
Carnival Festive California Pista (21-26) 150gm,D: Pack-only,1,Final FG,Sorting + Packing,RM,RM,FG,FG,
Carnival Festive California Pista (21-26) 200gm,D: Pack-only,1,Final FG,Sorting + Packing,RM,RM,FG,FG,
Carnival Festive California Pista (21-26) 80gm,B: Transform->Pack (in-line),1,Create WIP,Create WIP: Roast & Flavour/Salt,RM,RM,SFG0060,SFG,Roast & Flavour/Salt
Carnival Festive California Pista (21-26) 80gm,B: Transform->Pack (in-line),2,Final FG,Packing,SFG0060,SFG,FG,FG,
Carnival Festive Cashew (320) 100gm,D: Pack-only,1,Final FG,Sorting + Packing,RM,RM,FG,FG,
Carnival Festive Cashew (320) 125gm,D: Pack-only,1,Final FG,Sorting + Packing,RM,RM,FG,FG,
Carnival Festive Cashew (320) 150gm,D: Pack-only,1,Final FG,Sorting + Packing,RM,RM,FG,FG,
Carnival Festive Cashew (320) 200gm,D: Pack-only,1,Final FG,Sorting + Packing,RM,RM,FG,FG,
Carnival Festive Cashew (320) 80gm,D: Pack-only,1,Final FG,Sorting + Packing,RM,RM,FG,FG,
Carnival Festive Chatpata Cranberry 100gm,D: Pack-only,1,Final FG,Sorting + Packing,RM,RM,FG,FG,
Carnival Festive Chatpata Cranberry 120g,D: Pack-only,1,Final FG,Sorting + Packing,RM,RM,FG,FG,
Carnival Festive Chatpata Cranberry 250gm,D: Pack-only,1,Final FG,Sorting + Packing,RM,RM,FG,FG,
Carnival Festive Chatpata Cranberry 80gm,B: Transform->Pack (in-line),1,Create WIP,Create WIP: Roast & Flavour/Salt,RM,RM,SFG0061,SFG,Roast & Flavour/Salt
Carnival Festive Chatpata Cranberry 80gm,B: Transform->Pack (in-line),2,Final FG,Packing,SFG0061,SFG,FG,FG,
Carnival Festive Crunchy Caramel Trail Mix 250g,B: Transform->Pack (in-line),1,Create WIP,Create WIP: Roast & Flavour/Salt,RM,RM,SFG0062,SFG,Roast & Flavour/Salt
Carnival Festive Crunchy Caramel Trail Mix 250g,B: Transform->Pack (in-line),2,Final FG,Packing,SFG0062,SFG,FG,FG,
Carnival Festive Flavoured Cashew (320) 100gm,D: Pack-only,1,Final FG,Sorting + Packing,RM,RM,FG,FG,
Carnival Festive Flavoured Cashew (320) 80gm,D: Pack-only,1,Final FG,Sorting + Packing,RM,RM,FG,FG,
Carnival Festive Indian Raisin 100gm,D: Pack-only,1,Final FG,Sorting + Packing,RM,RM,FG,FG,
Carnival Festive Indian Raisin 150gm,D: Pack-only,1,Final FG,Sorting + Packing,RM,RM,FG,FG,
Carnival Festive Indian Raisin 175gm,D: Pack-only,1,Final FG,Sorting + Packing,RM,RM,FG,FG,
Carnival Festive Indian Raisin 200gm,D: Pack-only,1,Final FG,Sorting + Packing,RM,RM,FG,FG,
Carnival Festive Indian Raisin 250gm,D: Pack-only,1,Final FG,Sorting + Packing,RM,RM,FG,FG,
Carnival Festive Nuts & Seeds Mix 120g,B: Transform->Pack (in-line),1,Create WIP,Create WIP: Roasting,RM,RM,SFG0063,SFG,Roasting
Carnival Festive Nuts & Seeds Mix 120g,B: Transform->Pack (in-line),2,Final FG,Packing,SFG0063,SFG,FG,FG,
Carnival Festive Paan Cranberry 125gm,B: Transform->Pack (in-line),1,Create WIP,Create WIP: Roast & Flavour/Salt,RM,RM,SFG0064,SFG,Roast & Flavour/Salt
Carnival Festive Paan Cranberry 125gm,B: Transform->Pack (in-line),2,Final FG,Packing,SFG0064,SFG,FG,FG,
Carnival Festive Paan Raisin 125gm,B: Transform->Pack (in-line),1,Create WIP,Create WIP: Roast & Flavour/Salt,RM,RM,SFG0065,SFG,Roast & Flavour/Salt
Carnival Festive Paan Raisin 125gm,B: Transform->Pack (in-line),2,Final FG,Packing,SFG0065,SFG,FG,FG,
Carnival Festive Salted Almonds (27-28 Count) 230gm,B: Transform->Pack (in-line),1,Create WIP,Create WIP: Roast & Flavour/Salt,RM,RM,SFG0066,SFG,Roast & Flavour/Salt
Carnival Festive Salted Almonds (27-28 Count) 230gm,B: Transform->Pack (in-line),2,Final FG,Packing,SFG0066,SFG,FG,FG,
Carnival Festive Salted Almonds (27-28 count) 100gm,B: Transform->Pack (in-line),1,Create WIP,Create WIP: Roast & Flavour/Salt,RM,RM,SFG0066,SFG,Roast & Flavour/Salt
Carnival Festive Salted Almonds (27-28 count) 100gm,B: Transform->Pack (in-line),2,Final FG,Packing,SFG0066,SFG,FG,FG,
Carnival Festive Salted Almonds (27-28 count) 150gm,B: Transform->Pack (in-line),1,Create WIP,Create WIP: Roast & Flavour/Salt,RM,RM,SFG0066,SFG,Roast & Flavour/Salt
Carnival Festive Salted Almonds (27-28 count) 150gm,B: Transform->Pack (in-line),2,Final FG,Packing,SFG0066,SFG,FG,FG,
Carnival Festive Salted Almonds (27-28 count) 80gm,D: Pack-only,1,Final FG,Sorting + Packing,RM,RM,FG,FG,
Carnival Festive Salted Cashew (320) 150gm,D: Pack-only,1,Final FG,Sorting + Packing,RM,RM,FG,FG,
Carnival Festive Salted Cashew (320) 230gm,B: Transform->Pack (in-line),1,Create WIP,Create WIP: Roast & Flavour/Salt,RM,RM,SFG0067,SFG,Roast & Flavour/Salt
Carnival Festive Salted Cashew (320) 230gm,B: Transform->Pack (in-line),2,Final FG,Packing,SFG0067,SFG,FG,FG,
Carnival Festive Seedless Black Raisin 200gm,B: Transform->Pack (in-line),1,Create WIP,Create WIP: De-Seeding,RM,RM,SFG0068,SFG,De-Seeding
Carnival Festive Seedless Black Raisin 200gm,B: Transform->Pack (in-line),2,Final FG,Packing,SFG0068,SFG,FG,FG,
Carnival FestiveSalted Cashew (320) 100gm,B: Transform->Pack (in-line),1,Create WIP,Create WIP: Roast & Flavour/Salt,RM,RM,SFG0069,SFG,Roast & Flavour/Salt
Carnival FestiveSalted Cashew (320) 100gm,B: Transform->Pack (in-line),2,Final FG,Packing,SFG0069,SFG,FG,FG,
Carnival Flax Seeds 100G,B: Transform->Pack (in-line),1,Create WIP,Create WIP: Roasting,RM,RM,SFG0070,SFG,Roasting
Carnival Flax Seeds 100G,B: Transform->Pack (in-line),2,Final FG,Packing,SFG0070,SFG,FG,FG,
Carnival Ganpati Date Mewa Box 242g,B: Transform->Pack (in-line),1,Create WIP,Create WIP: Blend & Form,RM,RM,SFG0071,SFG,Blend & Form
Carnival Ganpati Date Mewa Box 242g,B: Transform->Pack (in-line),2,Final FG,Packing,SFG0071,SFG,FG,FG,
Carnival Green Chilli Cashew 100g,D: Pack-only,1,Final FG,Sorting + Packing,RM,RM,FG,FG,
Carnival Green Chilli Cashew 230g,C: Pack of existing SFG,1,Final FG,Packing,SFG0169,SFG,FG,FG,
Carnival Himalayan Salt & Pepper Pistachios 25g,B: Transform->Pack (in-line),1,Create WIP,Create WIP: Roast & Flavour/Salt,RM,RM,SFG0072,SFG,Roast & Flavour/Salt
Carnival Himalayan Salt & Pepper Pistachios 25g,B: Transform->Pack (in-line),2,Final FG,Packing,SFG0072,SFG,FG,FG,
Carnival Honey Roasted Almonds 100G,B: Transform->Pack (in-line),1,Create WIP,Create WIP: Roast & Flavour/Salt,RM,RM,SFG0073,SFG,Roast & Flavour/Salt
Carnival Honey Roasted Almonds 100G,B: Transform->Pack (in-line),2,Final FG,Packing,SFG0073,SFG,FG,FG,
Carnival Indian Green Raisins 200g,D: Pack-only,1,Final FG,Sorting + Packing,RM,RM,FG,FG,
Carnival Indian Kishmish 100g,D: Pack-only,1,Final FG,Sorting + Packing,RM,RM,FG,FG,
Carnival Iranian Pistachio 250 Gm,D: Pack-only,1,Final FG,Sorting + Packing,RM,RM,FG,FG,
Carnival Jumbo Salted Cashew with Skin 200g,D: Pack-only,1,Final FG,Sorting + Packing,RM,RM,FG,FG,
Carnival Macadamia 200gm,D: Pack-only,1,Final FG,Sorting + Packing,RM,RM,FG,FG,
Carnival Madhur Mahotsav DF Box 4P 400g,D: Pack-only,1,Final FG,Sorting + Packing,RM,RM,FG,FG,
Carnival Magic Moments 4P 600gm,D: Pack-only,1,Final FG,Sorting + Packing,RM,RM,FG,FG,
Carnival Mangalmay Utsav DF Box 6P 600g,D: Pack-only,1,Final FG,Sorting + Packing,RM,RM,FG,FG,
Carnival Mocha Mojo Trail Mix 100g,B: Transform->Pack (in-line),1,Create WIP,Create WIP: Roast & Flavour/Salt,RM,RM,SFG0074,SFG,Roast & Flavour/Salt
Carnival Mocha Mojo Trail Mix 100g,B: Transform->Pack (in-line),2,Final FG,Packing,SFG0074,SFG,FG,FG,
Carnival Mocha Mojo Trail Mix 200g,B: Transform->Pack (in-line),1,Create WIP,Create WIP: Roast & Flavour/Salt,RM,RM,SFG0074,SFG,Roast & Flavour/Salt
Carnival Mocha Mojo Trail Mix 200g,B: Transform->Pack (in-line),2,Final FG,Packing,SFG0074,SFG,FG,FG,
Carnival Mocha Mojo Trail Mix 250g,B: Transform->Pack (in-line),1,Create WIP,Create WIP: Roast & Flavour/Salt,RM,RM,SFG0074,SFG,Roast & Flavour/Salt
Carnival Mocha Mojo Trail Mix 250g,B: Transform->Pack (in-line),2,Final FG,Packing,SFG0074,SFG,FG,FG,
Carnival Nuts & Seed Mix 100gm,B: Transform->Pack (in-line),1,Create WIP,Create WIP: Roasting,RM,RM,SFG0075,SFG,Roasting
Carnival Nuts & Seed Mix 100gm,B: Transform->Pack (in-line),2,Final FG,Packing,SFG0075,SFG,FG,FG,
Carnival Oman Dates 250g,D: Pack-only,1,Final FG,Sorting + Packing,RM,RM,FG,FG,
Carnival Pan Raisin 125g,B: Transform->Pack (in-line),1,Create WIP,Create WIP: Roast & Flavour/Salt,RM,RM,SFG0076,SFG,Roast & Flavour/Salt
Carnival Pan Raisin 125g,B: Transform->Pack (in-line),2,Final FG,Packing,SFG0076,SFG,FG,FG,
Carnival Pepper Cashew 100G,B: Transform->Pack (in-line),1,Create WIP,Create WIP: Roast & Flavour/Salt,RM,RM,SFG0077,SFG,Roast & Flavour/Salt
Carnival Pepper Cashew 100G,B: Transform->Pack (in-line),2,Final FG,Packing,SFG0077,SFG,FG,FG,
Carnival Pepper Cashew 125gm,B: Transform->Pack (in-line),1,Create WIP,Create WIP: Roast & Flavour/Salt,RM,RM,SFG0077,SFG,Roast & Flavour/Salt
Carnival Pepper Cashew 125gm,B: Transform->Pack (in-line),2,Final FG,Packing,SFG0077,SFG,FG,FG,
Carnival Pepper Cashew 200G,B: Transform->Pack (in-line),1,Create WIP,Create WIP: Roast & Flavour/Salt,RM,RM,SFG0077,SFG,Roast & Flavour/Salt
Carnival Pepper Cashew 200G,B: Transform->Pack (in-line),2,Final FG,Packing,SFG0077,SFG,FG,FG,
Carnival Pepper Pistachios 200G,B: Transform->Pack (in-line),1,Create WIP,Create WIP: Roast & Flavour/Salt,RM,RM,SFG0078,SFG,Roast & Flavour/Salt
Carnival Pepper Pistachios 200G,B: Transform->Pack (in-line),2,Final FG,Packing,SFG0078,SFG,FG,FG,
Carnival Peri Peri Cashew 100 Gms,D: Pack-only,1,Final FG,Sorting + Packing,RM,RM,FG,FG,
Carnival Peri Peri Cashew 150gm,C: Pack of existing SFG,1,Final FG,Packing,SFG0235,SFG,FG,FG,
Carnival Peri Peri Cashew 200gm,C: Pack of existing SFG,1,Final FG,Packing,SFG0235,SFG,FG,FG,
Carnival Peri Peri Makhana 125g,B: Transform->Pack (in-line),1,Create WIP,Create WIP: Roast & Flavour/Salt,RM,RM,SFG0079,SFG,Roast & Flavour/Salt
Carnival Peri Peri Makhana 125g,B: Transform->Pack (in-line),2,Final FG,Packing,SFG0079,SFG,FG,FG,
Carnival Peri Peri Makhana 55g,B: Transform->Pack (in-line),1,Create WIP,Create WIP: Roast & Flavour/Salt,RM,RM,SFG0079,SFG,Roast & Flavour/Salt
Carnival Peri Peri Makhana 55g,B: Transform->Pack (in-line),2,Final FG,Packing,SFG0079,SFG,FG,FG,
Carnival Peri Peri Walnut 150g,B: Transform->Pack (in-line),1,Create WIP,Create WIP: Roast & Flavour/Salt,RM,RM,SFG0080,SFG,Roast & Flavour/Salt
Carnival Peri Peri Walnut 150g,B: Transform->Pack (in-line),2,Final FG,Packing,SFG0080,SFG,FG,FG,
Carnival Pine Nut 100 Gms,D: Pack-only,1,Final FG,Sorting + Packing,RM,RM,FG,FG,
Carnival Pitted Prunes 250g,D: Pack-only,1,Final FG,Sorting + Packing,RM,RM,FG,FG,
Carnival Popcorn Makhana 125g,B: Transform->Pack (in-line),1,Create WIP,Create WIP: Roast & Flavour/Salt,RM,RM,SFG0081,SFG,Roast & Flavour/Salt
Carnival Popcorn Makhana 125g,B: Transform->Pack (in-line),2,Final FG,Packing,SFG0081,SFG,FG,FG,
Carnival Popcorn Makhana 55gm,B: Transform->Pack (in-line),1,Create WIP,Create WIP: Roast & Flavour/Salt,RM,RM,SFG0081,SFG,Roast & Flavour/Salt
Carnival Popcorn Makhana 55gm,B: Transform->Pack (in-line),2,Final FG,Packing,SFG0081,SFG,FG,FG,
"Carnival Premium Brazil Nuts, 250 Gms",D: Pack-only,1,Final FG,Sorting + Packing,RM,RM,FG,FG,
Carnival Premium Cocktail Mix 100g,B: Transform->Pack (in-line),1,Create WIP,Create WIP: Roast & Flavour/Salt,RM,RM,SFG0082,SFG,Roast & Flavour/Salt
Carnival Premium Cocktail Mix 100g,B: Transform->Pack (in-line),2,Final FG,Packing,SFG0082,SFG,FG,FG,
Carnival Premium Cocktail Mix 250 Gms,B: Transform->Pack (in-line),1,Create WIP,Create WIP: Roast & Flavour/Salt,RM,RM,SFG0082,SFG,Roast & Flavour/Salt
Carnival Premium Cocktail Mix 250 Gms,B: Transform->Pack (in-line),2,Final FG,Packing,SFG0082,SFG,FG,FG,
Carnival Premium Kesar 0.5 Gms,D: Pack-only,1,Final FG,Sorting + Packing,RM,RM,FG,FG,
Carnival Premium Macadamia Nut 250 Gms,D: Pack-only,1,Final FG,Sorting + Packing,RM,RM,FG,FG,
Carnival Premium Pecan Nuts 200g Mono Carton,D: Pack-only,1,Final FG,Sorting + Packing,RM,RM,FG,FG,
Carnival Premium Pecan Nuts 250 Gms,D: Pack-only,1,Final FG,Sorting + Packing,RM,RM,FG,FG,
Carnival Premium Walnut Kernels 250 Gms,D: Pack-only,1,Final FG,Sorting + Packing,RM,RM,FG,FG,
Carnival Pudina Almonds 125g,B: Transform->Pack (in-line),1,Create WIP,Create WIP: Roast & Flavour/Salt,RM,RM,SFG0083,SFG,Roast & Flavour/Salt
Carnival Pudina Almonds 125g,B: Transform->Pack (in-line),2,Final FG,Packing,SFG0083,SFG,FG,FG,
Carnival Pudina Makhana 125 Gm,B: Transform->Pack (in-line),1,Create WIP,Create WIP: Roast & Flavour/Salt,RM,RM,SFG0084,SFG,Roast & Flavour/Salt
Carnival Pudina Makhana 125 Gm,B: Transform->Pack (in-line),2,Final FG,Packing,SFG0084,SFG,FG,FG,
Carnival Raisin Black Seeded 250gm,D: Pack-only,1,Final FG,Sorting + Packing,RM,RM,FG,FG,
Carnival Raisins Black Chatpata 200g,D: Pack-only,1,Final FG,Sorting + Packing,RM,RM,FG,FG,
Carnival Roasted & Salted Almonds 100g,B: Transform->Pack (in-line),1,Create WIP,Create WIP: Roast & Flavour/Salt,RM,RM,SFG0085,SFG,Roast & Flavour/Salt
Carnival Roasted & Salted Almonds 100g,B: Transform->Pack (in-line),2,Final FG,Packing,SFG0085,SFG,FG,FG,
Carnival Roasted & Salted Almonds 230g,B: Transform->Pack (in-line),1,Create WIP,Create WIP: Roast & Flavour/Salt,RM,RM,SFG0085,SFG,Roast & Flavour/Salt
Carnival Roasted & Salted Almonds 230g,B: Transform->Pack (in-line),2,Final FG,Packing,SFG0085,SFG,FG,FG,
Carnival Roasted & Salted Almonds 250g,B: Transform->Pack (in-line),1,Create WIP,Create WIP: Roast & Flavour/Salt,RM,RM,SFG0085,SFG,Roast & Flavour/Salt
Carnival Roasted & Salted Almonds 250g,B: Transform->Pack (in-line),2,Final FG,Packing,SFG0085,SFG,FG,FG,
Carnival Roasted & Salted Cashew 100g,B: Transform->Pack (in-line),1,Create WIP,Create WIP: Roast & Flavour/Salt,RM,RM,SFG0086,SFG,Roast & Flavour/Salt
Carnival Roasted & Salted Cashew 100g,B: Transform->Pack (in-line),2,Final FG,Packing,SFG0086,SFG,FG,FG,
Carnival Roasted & Salted Cashew 230g,B: Transform->Pack (in-line),1,Create WIP,Create WIP: Roast & Flavour/Salt,RM,RM,SFG0086,SFG,Roast & Flavour/Salt
Carnival Roasted & Salted Cashew 230g,B: Transform->Pack (in-line),2,Final FG,Packing,SFG0086,SFG,FG,FG,
Carnival Roasted & Salted Pistachio 100g,D: Pack-only,1,Final FG,Sorting + Packing,RM,RM,FG,FG,
Carnival Roasted & Salted Pistachio 200g,B: Transform->Pack (in-line),1,Create WIP,Create WIP: Roast & Flavour/Salt,RM,RM,SFG0087,SFG,Roast & Flavour/Salt
Carnival Roasted & Salted Pistachio 200g,B: Transform->Pack (in-line),2,Final FG,Packing,SFG0087,SFG,FG,FG,
Carnival Roasted & Salted Pistachio 250g,D: Pack-only,1,Final FG,Sorting + Packing,RM,RM,FG,FG,
Carnival Roasted Macadamia Nuts 250g,D: Pack-only,1,Final FG,Sorting + Packing,RM,RM,FG,FG,
Carnival Salt & Pepper Walnut 150g,B: Transform->Pack (in-line),1,Create WIP,Create WIP: Roast & Flavour/Salt,RM,RM,SFG0088,SFG,Roast & Flavour/Salt
Carnival Salt & Pepper Walnut 150g,B: Transform->Pack (in-line),2,Final FG,Packing,SFG0088,SFG,FG,FG,
Carnival Salted Caramel Pecannuts 80g,B: Transform->Pack (in-line),1,Create WIP,Create WIP: Roast & Flavour/Salt,RM,RM,SFG0089,SFG,Roast & Flavour/Salt
Carnival Salted Caramel Pecannuts 80g,B: Transform->Pack (in-line),2,Final FG,Packing,SFG0089,SFG,FG,FG,
Carnival Shubhakamnayein 3P 300g,D: Pack-only,1,Final FG,Sorting + Packing,RM,RM,FG,FG,
Carnival Simply Thandai 100g,B: Transform->Pack (in-line),1,Create WIP,Create WIP: Roast & Flavour/Salt,RM,RM,SFG0090,SFG,Roast & Flavour/Salt
Carnival Simply Thandai 100g,B: Transform->Pack (in-line),2,Final FG,Packing,SFG0090,SFG,FG,FG,
Carnival Simply Thandai Mix 200gm,B: Transform->Pack (in-line),1,Create WIP,Create WIP: Roast & Flavour/Salt,RM,RM,SFG0091,SFG,Roast & Flavour/Salt
Carnival Simply Thandai Mix 200gm,B: Transform->Pack (in-line),2,Final FG,Packing,SFG0091,SFG,FG,FG,
Carnival Smoked Almonds 100gm,B: Transform->Pack (in-line),1,Create WIP,Create WIP: Roast & Flavour/Salt,RM,RM,SFG0092,SFG,Roast & Flavour/Salt
Carnival Smoked Almonds 100gm,B: Transform->Pack (in-line),2,Final FG,Packing,SFG0092,SFG,FG,FG,
Carnival Smoked Almonds 200g,D: Pack-only,1,Final FG,Sorting + Packing,RM,RM,FG,FG,
Carnival Spanish Tomato Cashew 100G,D: Pack-only,1,Final FG,Sorting + Packing,RM,RM,FG,FG,
Carnival Walnut Kernal 2pc 200gm,D: Pack-only,1,Final FG,Sorting + Packing,RM,RM,FG,FG,
Cashew 100g (B07GQZSS49) FBA,D: Pack-only,1,Final FG,Sorting + Packing,RM,RM,FG,FG,
Cashew 180,D: Pack-only,1,Final FG,Sorting + Packing,RM,RM,FG,FG,
Cashew 230gm,D: Pack-only,1,Final FG,Sorting + Packing,RM,RM,FG,FG,
Cashew 240,D: Pack-only,1,Final FG,Sorting + Packing,RM,RM,FG,FG,
Cashew 240 230g,D: Pack-only,1,Final FG,Sorting + Packing,RM,RM,FG,FG,
Cashew 320,D: Pack-only,1,Final FG,Sorting + Packing,RM,RM,FG,FG,
Cashew 500g (B07GQW1HHN),D: Pack-only,1,Final FG,Sorting + Packing,RM,RM,FG,FG,
Cashew Jumbo with Skin Roasted and Salted,B: Transform->Pack (in-line),1,Create WIP,Create WIP: Roast & Flavour/Salt,RM,RM,SFG0093,SFG,Roast & Flavour/Salt
Cashew Jumbo with Skin Roasted and Salted,B: Transform->Pack (in-line),2,Final FG,Packing,SFG0093,SFG,FG,FG,
Cashew Masala,B: Transform->Pack (in-line),1,Create WIP,Create WIP: Roast & Flavour/Salt,RM,RM,SFG0094,SFG,Roast & Flavour/Salt
Cashew Masala,B: Transform->Pack (in-line),2,Final FG,Packing,SFG0094,SFG,FG,FG,
Cashew Pink salt,B: Transform->Pack (in-line),1,Create WIP,Create WIP: Roast & Flavour/Salt,RM,RM,SFG0095,SFG,Roast & Flavour/Salt
Cashew Pink salt,B: Transform->Pack (in-line),2,Final FG,Packing,SFG0095,SFG,FG,FG,
Cashew Roasted,D: Pack-only,1,Final FG,Sorting + Packing,RM,RM,FG,FG,
Cashew Wasabi,D: Pack-only,1,Final FG,Sorting + Packing,RM,RM,FG,FG,
Celebration Sleek Box 200g,D: Pack-only,1,Final FG,Sorting + Packing,RM,RM,FG,FG,
Celebration Sleek Box Hamper 01,D: Pack-only,1,Final FG,Sorting + Packing,RM,RM,FG,FG,
Celebration Sleek Box Hamper 02,D: Pack-only,1,Final FG,Sorting + Packing,RM,RM,FG,FG,
Chatpata Black Raisin,B: Transform->Pack (in-line),1,Create WIP,Create WIP: Roast & Flavour/Salt,RM,RM,SFG0097,SFG,Roast & Flavour/Salt
Chatpata Black Raisin,B: Transform->Pack (in-line),2,Final FG,Packing,SFG0097,SFG,FG,FG,
Chatpata Cranberry,D: Pack-only,1,Final FG,Sorting + Packing,RM,RM,FG,FG,
Chatpata Cranberry 75gm,D: Pack-only,1,Final FG,Sorting + Packing,RM,RM,FG,FG,
Chatpata Seasoning,B: Transform->Pack (in-line),1,Create WIP,Create WIP: Roast & Flavour/Salt,RM,RM,SFG0098,SFG,Roast & Flavour/Salt
Chatpata Seasoning,B: Transform->Pack (in-line),2,Final FG,Packing,SFG0098,SFG,FG,FG,
Cheese Cashew,B: Transform->Pack (in-line),1,Create WIP,Create WIP: Roast & Flavour/Salt,RM,RM,SFG0100,SFG,Roast & Flavour/Salt
Cheese Cashew,B: Transform->Pack (in-line),2,Final FG,Packing,SFG0100,SFG,FG,FG,
Cheese Makhana,B: Transform->Pack (in-line),1,Create WIP,Create WIP: Roast & Flavour/Salt,RM,RM,SFG0101,SFG,Roast & Flavour/Salt
Cheese Makhana,B: Transform->Pack (in-line),2,Final FG,Packing,SFG0101,SFG,FG,FG,
Chia Seeds 100G (B07GQZCP91),D: Pack-only,1,Final FG,Sorting + Packing,RM,RM,FG,FG,
Chia Seeds 200G (B07GQQLZPD),D: Pack-only,1,Final FG,Sorting + Packing,RM,RM,FG,FG,
Chia Seeds 500G (B07GQZSJFH),D: Pack-only,1,Final FG,Sorting + Packing,RM,RM,FG,FG,
Chilean  Walnut Kernel 2pc 230g,D: Pack-only,1,Final FG,Sorting + Packing,RM,RM,FG,FG,
Chilean Walnut Kernel 2 pcs,D: Pack-only,1,Final FG,Sorting + Packing,RM,RM,FG,FG,
Chilean Walnut Kernel Quarter,A: WIP producer (bulk),1,Create WIP,Create WIP: (pack of existing SFG),RM,RM,SFG0333,SFG,(pack of existing SFG)
Chilean Walnut Kernel Quarter,A: WIP producer (bulk),2,Final FG,Packing,SFG0333,SFG,FG,FG,
Chilean Walnut Kernel Quarter BBQ,B: Transform->Pack (in-line),1,Create WIP,Create WIP: Roast & Flavour/Salt,RM,RM,SFG0102,SFG,Roast & Flavour/Salt
Chilean Walnut Kernel Quarter BBQ,B: Transform->Pack (in-line),2,Final FG,Packing,SFG0102,SFG,FG,FG,
Chilean Walnut Kernel Quarter caramel,B: Transform->Pack (in-line),1,Create WIP,Create WIP: Roast & Flavour/Salt,RM,RM,SFG0103,SFG,Roast & Flavour/Salt
Chilean Walnut Kernel Quarter caramel,B: Transform->Pack (in-line),2,Final FG,Packing,SFG0103,SFG,FG,FG,
Chilean Walnut Kernel Quarter lemon pepper,B: Transform->Pack (in-line),1,Create WIP,Create WIP: Roast & Flavour/Salt,RM,RM,SFG0104,SFG,Roast & Flavour/Salt
Chilean Walnut Kernel Quarter lemon pepper,B: Transform->Pack (in-line),2,Final FG,Packing,SFG0104,SFG,FG,FG,
Chilean Walnut Kernel Quarter pepper,B: Transform->Pack (in-line),1,Create WIP,Create WIP: Roast & Flavour/Salt,RM,RM,SFG0105,SFG,Roast & Flavour/Salt
Chilean Walnut Kernel Quarter pepper,B: Transform->Pack (in-line),2,Final FG,Packing,SFG0105,SFG,FG,FG,
Chilean Walnut Kernel Quarter peri peri,B: Transform->Pack (in-line),1,Create WIP,Create WIP: Roast & Flavour/Salt,RM,RM,SFG0106,SFG,Roast & Flavour/Salt
Chilean Walnut Kernel Quarter peri peri,B: Transform->Pack (in-line),2,Final FG,Packing,SFG0106,SFG,FG,FG,
Chilli Almonds Bulk,D: Pack-only,1,Final FG,Sorting + Packing,RM,RM,FG,FG,
Chilli Garlic Cashew Bulk,D: Pack-only,1,Final FG,Sorting + Packing,RM,RM,FG,FG,
Chilli Garlic Masala Seasoning,B: Transform->Pack (in-line),1,Create WIP,Create WIP: Roast & Flavour/Salt,RM,RM,SFG0107,SFG,Roast & Flavour/Salt
Chilli Garlic Masala Seasoning,B: Transform->Pack (in-line),2,Final FG,Packing,SFG0107,SFG,FG,FG,
Chipotle Honey Coated Peanuts 200g,B: Transform->Pack (in-line),1,Create WIP,Create WIP: Roast & Flavour/Salt,RM,RM,SFG0108,SFG,Roast & Flavour/Salt
Chipotle Honey Coated Peanuts 200g,B: Transform->Pack (in-line),2,Final FG,Packing,SFG0108,SFG,FG,FG,
Chipotle Honey Coated Peanuts 70gm,B: Transform->Pack (in-line),1,Create WIP,Create WIP: Roast & Flavour/Salt,RM,RM,SFG0108,SFG,Roast & Flavour/Salt
Chipotle Honey Coated Peanuts 70gm,B: Transform->Pack (in-line),2,Final FG,Packing,SFG0108,SFG,FG,FG,
Choco Crunch Energy Bar 38gm,B: Transform->Pack (in-line),1,Create WIP,Create WIP: Blend & Form,RM,RM,SFG0109,SFG,Blend & Form
Choco Crunch Energy Bar 38gm,B: Transform->Pack (in-line),2,Final FG,Packing,SFG0109,SFG,FG,FG,
Chocolate Coated Almond Dragees 50gm,B: Transform->Pack (in-line),1,Create WIP,Create WIP: Roasting + Enrobe / Choco-Coat,RM,RM,SFG0110,SFG,Roasting + Enrobe / Choco-Coat
Chocolate Coated Almond Dragees 50gm,B: Transform->Pack (in-line),2,Final FG,Packing,SFG0110,SFG,FG,FG,
Chocolate Coated Blueberries Dragees 50gm,B: Transform->Pack (in-line),1,Create WIP,Create WIP: Roasting + Enrobe / Choco-Coat,RM,RM,SFG0111,SFG,Roasting + Enrobe / Choco-Coat
Chocolate Coated Blueberries Dragees 50gm,B: Transform->Pack (in-line),2,Final FG,Packing,SFG0111,SFG,FG,FG,
Classic Flavour Date Mewa 18gm,B: Transform->Pack (in-line),1,Create WIP,Create WIP: Blend & Form,RM,RM,SFG0112,SFG,Blend & Form
Classic Flavour Date Mewa 18gm,B: Transform->Pack (in-line),2,Final FG,Packing,SFG0112,SFG,FG,FG,
Coated Peanuts,B: Transform->Pack (in-line),1,Create WIP,Create WIP: Roast & Flavour/Salt,RM,RM,SFG0113,SFG,Roast & Flavour/Salt
Coated Peanuts,B: Transform->Pack (in-line),2,Final FG,Packing,SFG0113,SFG,FG,FG,
Coated Peanuts - Magic Masala 1Kg,B: Transform->Pack (in-line),1,Create WIP,Create WIP: Roast & Flavour/Salt,RM,RM,SFG0114,SFG,Roast & Flavour/Salt
Coated Peanuts - Magic Masala 1Kg,B: Transform->Pack (in-line),2,Final FG,Packing,SFG0114,SFG,FG,FG,
Cocktail Mix,B: Transform->Pack (in-line),1,Create WIP,Create WIP: Roast & Flavour/Salt,RM,RM,SFG0115,SFG,Roast & Flavour/Salt
Cocktail Mix,B: Transform->Pack (in-line),2,Final FG,Packing,SFG0115,SFG,FG,FG,
Cocktail Mix 230g,B: Transform->Pack (in-line),1,Create WIP,Create WIP: Roast & Flavour/Salt,RM,RM,SFG0115,SFG,Roast & Flavour/Salt
Cocktail Mix 230g,B: Transform->Pack (in-line),2,Final FG,Packing,SFG0115,SFG,FG,FG,
Cocoa Peanut Date Balls 48 gms,B: Transform->Pack (in-line),1,Create WIP,Create WIP: Blend & Form,RM,RM,SFG0116,SFG,Blend & Form
Cocoa Peanut Date Balls 48 gms,B: Transform->Pack (in-line),2,Final FG,Packing,SFG0116,SFG,FG,FG,
Coconut Laddubar Mini 9g,B: Transform->Pack (in-line),1,Create WIP,Create WIP: Blend & Form,RM,RM,SFG0117,SFG,Blend & Form
Coconut Laddubar Mini 9g,B: Transform->Pack (in-line),2,Final FG,Packing,SFG0117,SFG,FG,FG,
Coffee Laddoo 18gm,B: Transform->Pack (in-line),1,Create WIP,Create WIP: Blend & Form,RM,RM,SFG0118,SFG,Blend & Form
Coffee Laddoo 18gm,B: Transform->Pack (in-line),2,Final FG,Packing,SFG0118,SFG,FG,FG,
Coffee Laddoo Semi Finished,B: Transform->Pack (in-line),1,Create WIP,Create WIP: Blend & Form,RM,RM,SFG0119,SFG,Blend & Form
Coffee Laddoo Semi Finished,B: Transform->Pack (in-line),2,Final FG,Packing,SFG0119,SFG,FG,FG,
Cranberry Date Balls 48 gms,B: Transform->Pack (in-line),1,Create WIP,Create WIP: Blend & Form,RM,RM,SFG0120,SFG,Blend & Form
Cranberry Date Balls 48 gms,B: Transform->Pack (in-line),2,Final FG,Packing,SFG0120,SFG,FG,FG,
Cranberry Whole 230g,D: Pack-only,1,Final FG,Sorting + Packing,RM,RM,FG,FG,
Crunchy Caramel Trail Mix,B: Transform->Pack (in-line),1,Create WIP,Create WIP: Roast & Flavour/Salt,RM,RM,SFG0121,SFG,Roast & Flavour/Salt
Crunchy Caramel Trail Mix,B: Transform->Pack (in-line),2,Final FG,Packing,SFG0121,SFG,FG,FG,
Crunchy Caramel Trail Mix 230g,B: Transform->Pack (in-line),1,Create WIP,Create WIP: Roast & Flavour/Salt,RM,RM,SFG0121,SFG,Roast & Flavour/Salt
Crunchy Caramel Trail Mix 230g,B: Transform->Pack (in-line),2,Final FG,Packing,SFG0121,SFG,FG,FG,
Curate Anjeer 200g,D: Pack-only,1,Final FG,Sorting + Packing,RM,RM,FG,FG,
Curate Cashews 200g,D: Pack-only,1,Final FG,Sorting + Packing,RM,RM,FG,FG,
Curate Cashews 500g,D: Pack-only,1,Final FG,Sorting + Packing,RM,RM,FG,FG,
Curate Mamra Almonds 200g,D: Pack-only,1,Final FG,Sorting + Packing,RM,RM,FG,FG,
Curate Oriental Dates 500gm,D: Pack-only,1,Final FG,Sorting + Packing,RM,RM,FG,FG,
Curate Pista Pishori 200g,B: Transform->Pack (in-line),1,Create WIP,Create WIP: Roast & Flavour/Salt,RM,RM,SFG0124,SFG,Roast & Flavour/Salt
Curate Pista Pishori 200g,B: Transform->Pack (in-line),2,Final FG,Packing,SFG0124,SFG,FG,FG,
Curate Prunes 200g,D: Pack-only,1,Final FG,Sorting + Packing,RM,RM,FG,FG,
Curate Roasted Hazelnuts 200g,B: Transform->Pack (in-line),1,Create WIP,Create WIP: Roasting,RM,RM,SFG0125,SFG,Roasting
Curate Roasted Hazelnuts 200g,B: Transform->Pack (in-line),2,Final FG,Packing,SFG0125,SFG,FG,FG,
Curate Roasted Hazelnuts 550g Jr,B: Transform->Pack (in-line),1,Create WIP,Create WIP: Roasting,RM,RM,SFG0125,SFG,Roasting
Curate Roasted Hazelnuts 550g Jr,B: Transform->Pack (in-line),2,Final FG,Packing,SFG0125,SFG,FG,FG,
Daily Mewa Healthy Mix,B: Transform->Pack (in-line),1,Create WIP,Create WIP: Roast & Flavour/Salt,RM,RM,SFG0126,SFG,Roast & Flavour/Salt
Daily Mewa Healthy Mix,B: Transform->Pack (in-line),2,Final FG,Packing,SFG0126,SFG,FG,FG,
Dark Almond Draggies,B: Transform->Pack (in-line),1,Create WIP,Create WIP: Roasting + Enrobe / Choco-Coat,RM,RM,SFG0127,SFG,Roasting + Enrobe / Choco-Coat
Dark Almond Draggies,B: Transform->Pack (in-line),2,Final FG,Packing,SFG0127,SFG,FG,FG,
Dark Chocolate Coated Almond Stuffed Khalas Single,B: Transform->Pack (in-line),1,Create WIP,Create WIP: De-Seeding + Stuffing + Enrobe / Choco-Coat,RM,RM,SFG0128,SFG,De-Seeding + Stuffing + Enrobe / Choco-Coat
Dark Chocolate Coated Almond Stuffed Khalas Single,B: Transform->Pack (in-line),2,Final FG,Packing,SFG0128,SFG,FG,FG,
Dark Chocolate Coated Cashew Stuffed Khalas Single,B: Transform->Pack (in-line),1,Create WIP,Create WIP: De-Seeding + Stuffing + Enrobe / Choco-Coat,RM,RM,SFG0129,SFG,De-Seeding + Stuffing + Enrobe / Choco-Coat
Dark Chocolate Coated Cashew Stuffed Khalas Single,B: Transform->Pack (in-line),2,Final FG,Packing,SFG0129,SFG,FG,FG,
Dark Chocolate Coated Macadamia 110g,B: Transform->Pack (in-line),1,Create WIP,Create WIP: Roasting + Enrobe / Choco-Coat,RM,RM,SFG0130,SFG,Roasting + Enrobe / Choco-Coat
Dark Chocolate Coated Macadamia 110g,B: Transform->Pack (in-line),2,Final FG,Packing,SFG0130,SFG,FG,FG,
Date Balls Coated Coconut (22G X 3),B: Transform->Pack (in-line),1,Create WIP,Create WIP: Blend & Form,RM,RM,SFG0131,SFG,Blend & Form
Date Balls Coated Coconut (22G X 3),B: Transform->Pack (in-line),2,Final FG,Packing,SFG0131,SFG,FG,FG,
Date Balls Coated Dark (22g x 3),B: Transform->Pack (in-line),1,Create WIP,Create WIP: Blend & Form,RM,RM,SFG0132,SFG,Blend & Form
Date Balls Coated Dark (22g x 3),B: Transform->Pack (in-line),2,Final FG,Packing,SFG0132,SFG,FG,FG,
Date Balls Coated Milk (22g x 3),B: Transform->Pack (in-line),1,Create WIP,Create WIP: Blend & Form,RM,RM,SFG0133,SFG,Blend & Form
Date Balls Coated Milk (22g x 3),B: Transform->Pack (in-line),2,Final FG,Packing,SFG0133,SFG,FG,FG,
Date Balls Coated White (22g x 3),B: Transform->Pack (in-line),1,Create WIP,Create WIP: Blend & Form,RM,RM,SFG0134,SFG,Blend & Form
Date Balls Coated White (22g x 3),B: Transform->Pack (in-line),2,Final FG,Packing,SFG0134,SFG,FG,FG,
Date Bites 9gm,B: Transform->Pack (in-line),1,Create WIP,Create WIP: Blend & Form,RM,RM,SFG0136,SFG,Blend & Form
Date Bites 9gm,B: Transform->Pack (in-line),2,Final FG,Packing,SFG0136,SFG,FG,FG,
Date Mewa Bon Bon Laddu (18g x 3),D: Pack-only,1,Final FG,Sorting + Packing,RM,RM,FG,FG,
Date Mewa Festive Gifting & Feast Parcel 500gm,B: Transform->Pack (in-line),1,Create WIP,Create WIP: Blend & Form,RM,RM,SFG0137,SFG,Blend & Form
Date Mewa Festive Gifting & Feast Parcel 500gm,B: Transform->Pack (in-line),2,Final FG,Packing,SFG0137,SFG,FG,FG,
Date Mewa Ladu 18gm,B: Transform->Pack (in-line),1,Create WIP,Create WIP: Blend & Form,RM,RM,SFG0138,SFG,Blend & Form
Date Mewa Ladu 18gm,B: Transform->Pack (in-line),2,Final FG,Packing,SFG0138,SFG,FG,FG,
Dates Delight Khajur Pak 375gm,B: Transform->Pack (in-line),1,Create WIP,Create WIP: Blend & Form,RM,RM,SFG0139,SFG,Blend & Form
Dates Delight Khajur Pak 375gm,B: Transform->Pack (in-line),2,Final FG,Packing,SFG0139,SFG,FG,FG,
Dates Mewa Assorted 210gm,B: Transform->Pack (in-line),1,Create WIP,Create WIP: Blend & Form,RM,RM,SFG0140,SFG,Blend & Form
Dates Mewa Assorted 210gm,B: Transform->Pack (in-line),2,Final FG,Packing,SFG0140,SFG,FG,FG,
Dates Mewa Classic 210gm,B: Transform->Pack (in-line),1,Create WIP,Create WIP: Blend & Form,RM,RM,SFG0141,SFG,Blend & Form
Dates Mewa Classic 210gm,B: Transform->Pack (in-line),2,Final FG,Packing,SFG0141,SFG,FG,FG,
Dehydrated Ginger,D: Pack-only,1,Final FG,Sorting + Packing,RM,RM,FG,FG,
Delmonte Cranberries 130gm,D: Pack-only,1,Final FG,Sorting + Packing,RM,RM,FG,FG,
Delmonte Prunes 130g,D: Pack-only,1,Final FG,Sorting + Packing,RM,RM,FG,FG,
Delmonte Prunes 130g [1 Case x 40 unit],D: Pack-only,1,Final FG,Sorting + Packing,RM,RM,FG,FG,
Delmonte Prunes 340g,D: Pack-only,1,Final FG,Sorting + Packing,RM,RM,FG,FG,
Delmonte Prunes 340g [1 Case x 20 unit],D: Pack-only,1,Final FG,Sorting + Packing,RM,RM,FG,FG,
Delmonte Royal Arabian dates 200g,D: Pack-only,1,Final FG,Sorting + Packing,RM,RM,FG,FG,
Delmonte Royal Arabian dates 200g [1 Case x 36 unit] Promo,D: Pack-only,1,Final FG,Sorting + Packing,RM,RM,FG,FG,
Delmonte Royal Arabian dates 500g,D: Pack-only,1,Final FG,Sorting + Packing,RM,RM,FG,FG,
Delmonte Royal Arabian dates 500g [1 Case x 24 unit] Non-Promo,D: Pack-only,1,Final FG,Sorting + Packing,RM,RM,FG,FG,
Delmonte Royal Arabian dates 500g [1 Case x 24 unit] Promo,D: Pack-only,1,Final FG,Sorting + Packing,RM,RM,FG,FG,
Delmonte Royal Fard Dates 200gm,D: Pack-only,1,Final FG,Sorting + Packing,RM,RM,FG,FG,
Delmonte Royal Fard Dates 200gm [1 Case x 36 unit] Non-Promo,D: Pack-only,1,Final FG,Sorting + Packing,RM,RM,FG,FG,
Delmonte Royal Fard Dates 200gm [1 Case x 36 unit] Promo,D: Pack-only,1,Final FG,Sorting + Packing,RM,RM,FG,FG,
Delmonte Royal Fard Dates 500gm,D: Pack-only,1,Final FG,Sorting + Packing,RM,RM,FG,FG,
Delmonte Royal Fard Dates 500gm [1 Case x 24 unit] Non-Promo,D: Pack-only,1,Final FG,Sorting + Packing,RM,RM,FG,FG,
Delmonte Royal Fard Dates 500gm [1 Case x 24 unit] Promo,D: Pack-only,1,Final FG,Sorting + Packing,RM,RM,FG,FG,
Deri Dates 250g (1359841),D: Pack-only,1,Final FG,Sorting + Packing,RM,RM,FG,FG,
Diced Almond,B: Transform->Pack (in-line),1,Create WIP,Create WIP: Blanch & Slice,RM,RM,SFG0142,SFG,Blanch & Slice
Diced Almond,B: Transform->Pack (in-line),2,Final FG,Packing,SFG0142,SFG,FG,FG,
Dr Batra#s Hair Health Protein Bar 35gm,B: Transform->Pack (in-line),1,Create WIP,Create WIP: Blend & Form,RM,RM,SFG0143,SFG,Blend & Form
Dr Batra#s Hair Health Protein Bar 35gm,B: Transform->Pack (in-line),2,Final FG,Packing,SFG0143,SFG,FG,FG,
Dragees Dark Cranberry,B: Transform->Pack (in-line),1,Create WIP,Create WIP: Roasting + Enrobe / Choco-Coat,RM,RM,SFG0144,SFG,Roasting + Enrobe / Choco-Coat
Dragees Dark Cranberry,B: Transform->Pack (in-line),2,Final FG,Packing,SFG0144,SFG,FG,FG,
Dragees Milk Cranberry,B: Transform->Pack (in-line),1,Create WIP,Create WIP: Roasting + Enrobe / Choco-Coat,RM,RM,SFG0145,SFG,Roasting + Enrobe / Choco-Coat
Dragees Milk Cranberry,B: Transform->Pack (in-line),2,Final FG,Packing,SFG0145,SFG,FG,FG,
Dragees White Cranberry,B: Transform->Pack (in-line),1,Create WIP,Create WIP: Roasting + Enrobe / Choco-Coat,RM,RM,SFG0146,SFG,Roasting + Enrobe / Choco-Coat
Dragees White Cranberry,B: Transform->Pack (in-line),2,Final FG,Packing,SFG0146,SFG,FG,FG,
Drangees Dark Almond,B: Transform->Pack (in-line),1,Create WIP,Create WIP: Roasting + Enrobe / Choco-Coat,RM,RM,SFG0147,SFG,Roasting + Enrobe / Choco-Coat
Drangees Dark Almond,B: Transform->Pack (in-line),2,Final FG,Packing,SFG0147,SFG,FG,FG,
Dried Blueberry 100gm,D: Pack-only,1,Final FG,Sorting + Packing,RM,RM,FG,FG,
Dried Cranberry 100gm,D: Pack-only,1,Final FG,Sorting + Packing,RM,RM,FG,FG,
Dried Cranberry Sliced,D: Pack-only,1,Final FG,Sorting + Packing,RM,RM,FG,FG,
Dried Cranberry Whole,D: Pack-only,1,Final FG,Sorting + Packing,RM,RM,FG,FG,
Dried Kiwi,D: Pack-only,1,Final FG,Sorting + Packing,RM,RM,FG,FG,
Dried Mango Loose,D: Pack-only,1,Final FG,Sorting + Packing,RM,RM,FG,FG,
Dried Masala Kiwi,D: Pack-only,1,Final FG,Sorting + Packing,RM,RM,FG,FG,
Dried Masala Mango,B: Transform->Pack (in-line),1,Create WIP,Create WIP: Roast & Flavour/Salt,RM,RM,SFG0148,SFG,Roast & Flavour/Salt
Dried Masala Mango,B: Transform->Pack (in-line),2,Final FG,Packing,SFG0148,SFG,FG,FG,
Dried Masala Pineapple,B: Transform->Pack (in-line),1,Create WIP,Create WIP: Roast & Flavour/Salt,RM,RM,SFG0149,SFG,Roast & Flavour/Salt
Dried Masala Pineapple,B: Transform->Pack (in-line),2,Final FG,Packing,SFG0149,SFG,FG,FG,
Dried Prunes (Pitted),D: Pack-only,1,Final FG,Sorting + Packing,RM,RM,FG,FG,
Dried Raspberry,D: Pack-only,1,Final FG,Sorting + Packing,RM,RM,FG,FG,
Dry Fruit Hamper,B: Transform->Pack (in-line),1,Create WIP,Create WIP: Roast & Flavour/Salt,RM,RM,SFG0150,SFG,Roast & Flavour/Salt
Dry Fruit Hamper,B: Transform->Pack (in-line),2,Final FG,Packing,SFG0150,SFG,FG,FG,
Dryfruit Instant Energy LadduBar Pack of 5,B: Transform->Pack (in-line),1,Create WIP,Create WIP: Blend & Form,RM,RM,SFG0153,SFG,Blend & Form
Dryfruit Instant Energy LadduBar Pack of 5,B: Transform->Pack (in-line),2,Final FG,Packing,SFG0153,SFG,FG,FG,
Dryfruit Instant Energy Laddubar Bites 9gm,B: Transform->Pack (in-line),1,Create WIP,Create WIP: Blend & Form,RM,RM,SFG0152,SFG,Blend & Form
Dryfruit Instant Energy Laddubar Bites 9gm,B: Transform->Pack (in-line),2,Final FG,Packing,SFG0152,SFG,FG,FG,
Dryfruit instant Energy laddu Bar 35gm,B: Transform->Pack (in-line),1,Create WIP,Create WIP: Blend & Form,RM,RM,SFG0151,SFG,Blend & Form
Dryfruit instant Energy laddu Bar 35gm,B: Transform->Pack (in-line),2,Final FG,Packing,SFG0151,SFG,FG,FG,
Energy Bar - Choco Crunch 30gm,B: Transform->Pack (in-line),1,Create WIP,Create WIP: Blend & Form,RM,RM,SFG0154,SFG,Blend & Form
Energy Bar - Choco Crunch 30gm,B: Transform->Pack (in-line),2,Final FG,Packing,SFG0154,SFG,FG,FG,
Energy Bar - Fig & Dates 30gm,B: Transform->Pack (in-line),1,Create WIP,Create WIP: Blend & Form,RM,RM,SFG0155,SFG,Blend & Form
Energy Bar - Fig & Dates 30gm,B: Transform->Pack (in-line),2,Final FG,Packing,SFG0155,SFG,FG,FG,
Energy Bar - Hazelnut Magic 30gm,B: Transform->Pack (in-line),1,Create WIP,Create WIP: Blend & Form,RM,RM,SFG0156,SFG,Blend & Form
Energy Bar - Hazelnut Magic 30gm,B: Transform->Pack (in-line),2,Final FG,Packing,SFG0156,SFG,FG,FG,
Energy Bar - Oats & Apricot 30gm,B: Transform->Pack (in-line),1,Create WIP,Create WIP: Blend & Form,RM,RM,SFG0157,SFG,Blend & Form
Energy Bar - Oats & Apricot 30gm,B: Transform->Pack (in-line),2,Final FG,Packing,SFG0157,SFG,FG,FG,
Energy Bars Oats and Dates (Pack of 6) 210gm,B: Transform->Pack (in-line),1,Create WIP,Create WIP: Blend & Form,RM,RM,SFG0158,SFG,Blend & Form
Energy Bars Oats and Dates (Pack of 6) 210gm,B: Transform->Pack (in-line),2,Final FG,Packing,SFG0158,SFG,FG,FG,
Extra Cheese Seasoning (UNC) 1Kg,B: Transform->Pack (in-line),1,Create WIP,Create WIP: Roast & Flavour/Salt,RM,RM,SFG0159,SFG,Roast & Flavour/Salt
Extra Cheese Seasoning (UNC) 1Kg,B: Transform->Pack (in-line),2,Final FG,Packing,SFG0159,SFG,FG,FG,
Extra Cheese Seasoning Extreme,B: Transform->Pack (in-line),1,Create WIP,Create WIP: Roast & Flavour/Salt,RM,RM,SFG0160,SFG,Roast & Flavour/Salt
Extra Cheese Seasoning Extreme,B: Transform->Pack (in-line),2,Final FG,Packing,SFG0160,SFG,FG,FG,
Extra Cheese Seasoning-UNC( Malaysian) 15kg,B: Transform->Pack (in-line),1,Create WIP,Create WIP: Roast & Flavour/Salt,RM,RM,SFG0161,SFG,Roast & Flavour/Salt
Extra Cheese Seasoning-UNC( Malaysian) 15kg,B: Transform->Pack (in-line),2,Final FG,Packing,SFG0161,SFG,FG,FG,
Extra Cheese Seasoning-UNC( Malaysian) 1kg,B: Transform->Pack (in-line),1,Create WIP,Create WIP: Roast & Flavour/Salt,RM,RM,SFG0161,SFG,Roast & Flavour/Salt
Extra Cheese Seasoning-UNC( Malaysian) 1kg,B: Transform->Pack (in-line),2,Final FG,Packing,SFG0161,SFG,FG,FG,
Extreme Cheese Seasoning( Malaysian) 1kg,B: Transform->Pack (in-line),1,Create WIP,Create WIP: Roast & Flavour/Salt,RM,RM,SFG0162,SFG,Roast & Flavour/Salt
Extreme Cheese Seasoning( Malaysian) 1kg,B: Transform->Pack (in-line),2,Final FG,Packing,SFG0162,SFG,FG,FG,
Ez Almond California Bold Loose,D: Pack-only,1,Final FG,Sorting + Packing,RM,RM,FG,FG,
Ez Almond California Regular Loose,D: Pack-only,1,Final FG,Sorting + Packing,RM,RM,FG,FG,
Ez Almond Mammra Regular Loose,D: Pack-only,1,Final FG,Sorting + Packing,RM,RM,FG,FG,
Ez Almond Mamra Regular Loose (1459019),D: Pack-only,1,Final FG,Sorting + Packing,RM,RM,FG,FG,
Ez Almond Rstd Salted Loose,C: Pack of existing SFG,1,Final FG,Packing,SFG0261,SFG,FG,FG,
Ez Anjeer Small Loose,D: Pack-only,1,Final FG,Sorting + Packing,RM,RM,FG,FG,
Ez Black Raisin Loose (1459026),D: Pack-only,1,Final FG,Sorting + Packing,RM,RM,FG,FG,
Ez Black Raisin Seedless Loose,D: Pack-only,1,Final FG,Sorting + Packing,RM,RM,FG,FG,
Ez Blue Berry Loose,D: Pack-only,1,Final FG,Sorting + Packing,RM,RM,FG,FG,
Ez Cashew 210 Loose,D: Pack-only,1,Final FG,Sorting + Packing,RM,RM,FG,FG,
Ez Cashew 240 Loose,D: Pack-only,1,Final FG,Sorting + Packing,RM,RM,FG,FG,
Ez Cashew 320 Loose,D: Pack-only,1,Final FG,Sorting + Packing,RM,RM,FG,FG,
Ez Cashew 4pc Loose,D: Pack-only,1,Final FG,Sorting + Packing,RM,RM,FG,FG,
Ez Cashew Roasted Salted Loose,D: Pack-only,1,Final FG,Sorting + Packing,RM,RM,FG,FG,
Ez Chilean Walnut Giri Regular Loose,D: Pack-only,1,Final FG,Sorting + Packing,RM,RM,FG,FG,
Ez Chilean Walnut Giri Small Loose (1459038),D: Pack-only,1,Final FG,Sorting + Packing,RM,RM,FG,FG,
Ez Cranberry Loose,D: Pack-only,1,Final FG,Sorting + Packing,RM,RM,FG,FG,
Ez Dried Apricot Loose,D: Pack-only,1,Final FG,Sorting + Packing,RM,RM,FG,FG,
Ez Green Pista Loose (1459047),D: Pack-only,1,Final FG,Sorting + Packing,RM,RM,FG,FG,
Ez Honey Amla Loose (1459048),D: Pack-only,1,Final FG,Sorting + Packing,RM,RM,FG,FG,
Ez Khurmani Wet Apricot Loose (1459052),D: Pack-only,1,Final FG,Sorting + Packing,RM,RM,FG,FG,
Ez Kishmish Afghani Loose,D: Pack-only,1,Final FG,Sorting + Packing,RM,RM,FG,FG,
Ez Mix Dry Fruit Regular Loose (1459062),D: Pack-only,1,Final FG,Sorting + Packing,RM,RM,FG,FG,
Ez Munakka Loose,D: Pack-only,1,Final FG,Sorting + Packing,RM,RM,FG,FG,
Ez Pista Roasted Salted Akbari Loose,D: Pack-only,1,Final FG,Sorting + Packing,RM,RM,FG,FG,
Ez Pista Roasted Salted Irani Loose,D: Pack-only,1,Final FG,Sorting + Packing,RM,RM,FG,FG,
Ez Walnut Broken Loose,D: Pack-only,1,Final FG,Sorting + Packing,RM,RM,FG,FG,
Ez Walnut Whole Loose,D: Pack-only,1,Final FG,Sorting + Packing,RM,RM,FG,FG,
FABSTA ALMOND 100G,D: Pack-only,1,Final FG,Sorting + Packing,RM,RM,FG,FG,
FABSTA ALMOND 200G,D: Pack-only,1,Final FG,Sorting + Packing,RM,RM,FG,FG,
FABSTA ALMOND 500G,D: Pack-only,1,Final FG,Sorting + Packing,RM,RM,FG,FG,
FABSTA ALMOND REGULAR 100G,D: Pack-only,1,Final FG,Sorting + Packing,RM,RM,FG,FG,
FABSTA ALMOND REGULAR 200G,D: Pack-only,1,Final FG,Sorting + Packing,RM,RM,FG,FG,
FABSTA ALMOND REGULAR 500G,D: Pack-only,1,Final FG,Sorting + Packing,RM,RM,FG,FG,
FABSTA Apricots Dry 100gm,D: Pack-only,1,Final FG,Sorting + Packing,RM,RM,FG,FG,
FABSTA BLACK RAISINS 100G (1455547),D: Pack-only,1,Final FG,Sorting + Packing,RM,RM,FG,FG,
FABSTA BLACK RAISINS 200G,D: Pack-only,1,Final FG,Sorting + Packing,RM,RM,FG,FG,
FABSTA BLACK RAISINS 500G,D: Pack-only,1,Final FG,Sorting + Packing,RM,RM,FG,FG,
FABSTA CASHEWNUT 240 COUNT 200g,D: Pack-only,1,Final FG,Sorting + Packing,RM,RM,FG,FG,
FABSTA CASHEWNUT BROKEN 200G,B: Transform->Pack (in-line),1,Create WIP,Create WIP: Blanch & Slice,RM,RM,SFG0163,SFG,Blanch & Slice
FABSTA CASHEWNUT BROKEN 200G,B: Transform->Pack (in-line),2,Final FG,Packing,SFG0163,SFG,FG,FG,
FABSTA INDIAN RAISINS 200G,D: Pack-only,1,Final FG,Sorting + Packing,RM,RM,FG,FG,
FABSTA INDIAN RAISINS 500G,D: Pack-only,1,Final FG,Sorting + Packing,RM,RM,FG,FG,
FABSTA PISTA CALIFORNIA 200G,D: Pack-only,1,Final FG,Sorting + Packing,RM,RM,FG,FG,
FABSTA Raisins Indian 100 Gm,D: Pack-only,1,Final FG,Sorting + Packing,RM,RM,FG,FG,
FABSTA WALNUT SPLIT 250G,D: Pack-only,1,Final FG,Sorting + Packing,RM,RM,FG,FG,
FABSTA Walnut Split 100gm,D: Pack-only,1,Final FG,Sorting + Packing,RM,RM,FG,FG,
FESTIVE GREETING 560gm,D: Pack-only,1,Final FG,Sorting + Packing,RM,RM,FG,FG,
FIESTA DryFruit Box 800gm,D: Pack-only,1,Final FG,Sorting + Packing,RM,RM,FG,FG,
FNP Almonds 26-29 - Salted & Roasted 50 gm,C: Pack of existing SFG,1,Final FG,Packing,SFG0261,SFG,FG,FG,
FNP Choco Almonds 50gm,B: Transform->Pack (in-line),1,Create WIP,Create WIP: Roasting + Enrobe / Choco-Coat,RM,RM,SFG0164,SFG,Roasting + Enrobe / Choco-Coat
FNP Choco Almonds 50gm,B: Transform->Pack (in-line),2,Final FG,Packing,SFG0164,SFG,FG,FG,
FNP Choco Berry Bites 50gm,B: Transform->Pack (in-line),1,Create WIP,Create WIP: Blend & Form,RM,RM,SFG0165,SFG,Blend & Form
FNP Choco Berry Bites 50gm,B: Transform->Pack (in-line),2,Final FG,Packing,SFG0165,SFG,FG,FG,
FNP Fiery Almonds Sizzlin Peri Peri 50gm,D: Pack-only,1,Final FG,Sorting + Packing,RM,RM,FG,FG,
FNP Indian Raisins 70 gm,D: Pack-only,1,Final FG,Sorting + Packing,RM,RM,FG,FG,
FNP Pistachios Salted & Roasted 50 gm,B: Transform->Pack (in-line),1,Create WIP,Create WIP: Roast & Flavour/Salt,RM,RM,SFG0166,SFG,Roast & Flavour/Salt
FNP Pistachios Salted & Roasted 50 gm,B: Transform->Pack (in-line),2,Final FG,Packing,SFG0166,SFG,FG,FG,
FNP Salt & Pepper Cashew 50gm,C: Pack of existing SFG,1,Final FG,Packing,SFG0278,SFG,FG,FG,
FNP Smokin Sweet N Smoky BBQ Almond 50gm,D: Pack-only,1,Final FG,Sorting + Packing,RM,RM,FG,FG,
FNP Smokin Sweet N Smoky BBQ Cashew 50g,C: Pack of existing SFG,1,Final FG,Packing,SFG0285,SFG,FG,FG,
Fabsta Anjeer 200gm,D: Pack-only,1,Final FG,Sorting + Packing,RM,RM,FG,FG,
Fabsta Figs Regular 500gm,D: Pack-only,1,Final FG,Sorting + Packing,RM,RM,FG,FG,
Fabsta Rstd Flax Seeds 100g,D: Pack-only,1,Final FG,Sorting + Packing,RM,RM,FG,FG,
Fabsta Rstd Melon Seeds 100g,D: Pack-only,1,Final FG,Sorting + Packing,RM,RM,FG,FG,
Fabsta Rstd Pumpkin Seeds 100g,D: Pack-only,1,Final FG,Sorting + Packing,RM,RM,FG,FG,
Fabsta Rstd Sunflower Seeds 100g,D: Pack-only,1,Final FG,Sorting + Packing,RM,RM,FG,FG,
Fabsta Walnut Split 500g,D: Pack-only,1,Final FG,Sorting + Packing,RM,RM,FG,FG,
Fan Bag 300g,D: Pack-only,1,Final FG,Sorting + Packing,RM,RM,FG,FG,
Fardh Dates,D: Pack-only,1,Final FG,Sorting + Packing,RM,RM,FG,FG,
Festive Box - Magic Moments 600g,D: Pack-only,1,Final FG,Sorting + Packing,RM,RM,FG,FG,
Festive Box - Supreme 1000g,D: Pack-only,1,Final FG,Sorting + Packing,RM,RM,FG,FG,
Festive Hamper 01,D: Pack-only,1,Final FG,Sorting + Packing,RM,RM,FG,FG,
Festive Hamper 02,D: Pack-only,1,Final FG,Sorting + Packing,RM,RM,FG,FG,
Festive Hamper 03,D: Pack-only,1,Final FG,Sorting + Packing,RM,RM,FG,FG,
Flaxseeds 200G (B07GR346G4),D: Pack-only,1,Final FG,Sorting + Packing,RM,RM,FG,FG,
Flaxseeds 500G (B07GQZ7ZVT),D: Pack-only,1,Final FG,Sorting + Packing,RM,RM,FG,FG,
Floppy Bag Gift Hamper,D: Pack-only,1,Final FG,Sorting + Packing,RM,RM,FG,FG,
Foodsquare Truffle Laquered Nuts (Bulk),D: Pack-only,1,Final FG,Sorting + Packing,RM,RM,FG,FG,
Foodsquare Truffle Laquered Nuts 200gm,D: Pack-only,1,Final FG,Sorting + Packing,RM,RM,FG,FG,
Forsi Coctail Mix,D: Pack-only,1,Final FG,Sorting + Packing,RM,RM,FG,FG,
Forsi Panchmewa,D: Pack-only,1,Final FG,Sorting + Packing,RM,RM,FG,FG,
GOOD LIFE ARABIAN DATES 500 g,D: Pack-only,1,Final FG,Sorting + Packing,RM,RM,FG,FG,
GOOD LIFE CHIA SEED 100G,D: Pack-only,1,Final FG,Sorting + Packing,RM,RM,FG,FG,
GOOD LIFE FARD DATES 500 g,D: Pack-only,1,Final FG,Sorting + Packing,RM,RM,FG,FG,
GOOD LIFE FLAX SEED 100G,D: Pack-only,1,Final FG,Sorting + Packing,RM,RM,FG,FG,
GOOD LIFE PUMPKIN SEED 100G,D: Pack-only,1,Final FG,Sorting + Packing,RM,RM,FG,FG,
GOOD LIFE SUNFLOWER SEED 100G,D: Pack-only,1,Final FG,Sorting + Packing,RM,RM,FG,FG,
Gondh Dryfruit Laddu Bar 35gm,B: Transform->Pack (in-line),1,Create WIP,Create WIP: Blend & Form,RM,RM,SFG0167,SFG,Blend & Form
Gondh Dryfruit Laddu Bar 35gm,B: Transform->Pack (in-line),2,Final FG,Packing,SFG0167,SFG,FG,FG,
Gondh Dryfruit LadduBar Pack of 6,B: Transform->Pack (in-line),1,Create WIP,Create WIP: Blend & Form,RM,RM,SFG0168,SFG,Blend & Form
Gondh Dryfruit LadduBar Pack of 6,B: Transform->Pack (in-line),2,Final FG,Packing,SFG0168,SFG,FG,FG,
Good Health Dry Fruit Box 750 g,D: Pack-only,1,Final FG,Sorting + Packing,RM,RM,FG,FG,
Green Chilli Cashew Bulk,A: WIP producer (bulk),1,Create WIP,Create WIP: Roast & Flavour/Salt,RM,RM,SFG0169,SFG,Roast & Flavour/Salt
Green Chilli Cashew Bulk,A: WIP producer (bulk),2,Final FG,Packing,SFG0169,SFG,FG,FG,
Green Chilly Cashew,D: Pack-only,1,Final FG,Sorting + Packing,RM,RM,FG,FG,
Green Leafy Trunk Gift Hamper,D: Pack-only,1,Final FG,Sorting + Packing,RM,RM,FG,FG,
Greendot Coated Peanuts,B: Transform->Pack (in-line),1,Create WIP,Create WIP: Roast & Flavour/Salt,RM,RM,SFG0170,SFG,Roast & Flavour/Salt
Greendot Coated Peanuts,B: Transform->Pack (in-line),2,Final FG,Packing,SFG0170,SFG,FG,FG,
Grey Carry All Basket Hamper,D: Pack-only,1,Final FG,Sorting + Packing,RM,RM,FG,FG,
H Finest Turkey Appricot 300g(1340538),D: Pack-only,1,Final FG,Sorting + Packing,RM,RM,FG,FG,
HA AJWA DATES 300GM (1357012),D: Pack-only,1,Final FG,Sorting + Packing,RM,RM,FG,FG,
HA ALMOND MAMRA 100g (1340535),D: Pack-only,1,Final FG,Sorting + Packing,RM,RM,FG,FG,
HA APRICOT - JARDALOO 200g (1340540),D: Pack-only,1,Final FG,Sorting + Packing,RM,RM,FG,FG,
HA BLACK CURRENT 250g (1340541),D: Pack-only,1,Final FG,Sorting + Packing,RM,RM,FG,FG,
HA MABOROOM DATES 300GM (1357011),D: Pack-only,1,Final FG,Sorting + Packing,RM,RM,FG,FG,
HA SEGAI DATES 300GM (1357010),D: Pack-only,1,Final FG,Sorting + Packing,RM,RM,FG,FG,
HA SINDUKANI RAISIN 250GM,D: Pack-only,1,Final FG,Sorting + Packing,RM,RM,FG,FG,
HA SUKHRY DATES 300GM (1357013),D: Pack-only,1,Final FG,Sorting + Packing,RM,RM,FG,FG,
HARDIK SHUBHKAMANYEN 280gm,D: Pack-only,1,Final FG,Sorting + Packing,RM,RM,FG,FG,
HOH Panch Mewa Mix Loose,B: Transform->Pack (in-line),1,Create WIP,Create WIP: Roasting,RM,RM,SFG0174,SFG,Roasting
HOH Panch Mewa Mix Loose,B: Transform->Pack (in-line),2,Final FG,Packing,SFG0174,SFG,FG,FG,
HOH Raksha Bandhan Box 190 Gm,D: Pack-only,1,Final FG,Sorting + Packing,RM,RM,FG,FG,
HOH Raksha Bandhan Box 268g,D: Pack-only,1,Final FG,Sorting + Packing,RM,RM,FG,FG,
Ha Akbari Pista 200g (1357005),D: Pack-only,1,Final FG,Sorting + Packing,RM,RM,FG,FG,
Ha Almond Mamro 250g (1340532),D: Pack-only,1,Final FG,Sorting + Packing,RM,RM,FG,FG,
Ha Almond Mamro 500g (1350928),D: Pack-only,1,Final FG,Sorting + Packing,RM,RM,FG,FG,
Ha Brazil Nut 200g (1340533),D: Pack-only,1,Final FG,Sorting + Packing,RM,RM,FG,FG,
Ha Hazulnut 250g (1340531),D: Pack-only,1,Final FG,Sorting + Packing,RM,RM,FG,FG,
Ha Maryam Dates 300g(1340537),D: Pack-only,1,Final FG,Sorting + Packing,RM,RM,FG,FG,
Ha Pinenut 100g (1340543),D: Pack-only,1,Final FG,Sorting + Packing,RM,RM,FG,FG,
Ha Premium Dates Medjool 300g(1340530),D: Pack-only,1,Final FG,Sorting + Packing,RM,RM,FG,FG,
Ha Premium Pecans 150g (1340534),D: Pack-only,1,Final FG,Sorting + Packing,RM,RM,FG,FG,
Ha Premium Saudi Dates 300g(1340536),D: Pack-only,1,Final FG,Sorting + Packing,RM,RM,FG,FG,
Ha Premium Saudi Dates 500g(1356005),D: Pack-only,1,Final FG,Sorting + Packing,RM,RM,FG,FG,
Ha Prunes 275g(1340539),D: Pack-only,1,Final FG,Sorting + Packing,RM,RM,FG,FG,
Ha Walnut Kernal 250g(1340542),D: Pack-only,1,Final FG,Sorting + Packing,RM,RM,FG,FG,
Ha Walnut Kernal 500g(1350930),D: Pack-only,1,Final FG,Sorting + Packing,RM,RM,FG,FG,
Ha Walnut Whole 500g(1350935),D: Pack-only,1,Final FG,Sorting + Packing,RM,RM,FG,FG,
Habit Coconut Cream Powder 1 Kg (Instant),B: Transform->Pack (in-line),1,Create WIP,Create WIP: Roast & Flavour/Salt,RM,RM,SFG0171,SFG,Roast & Flavour/Salt
Habit Coconut Cream Powder 1 Kg (Instant),B: Transform->Pack (in-line),2,Final FG,Packing,SFG0171,SFG,FG,FG,
Habit Extra Cheese Seasoning (15kg),B: Transform->Pack (in-line),1,Create WIP,Create WIP: Roast & Flavour/Salt,RM,RM,SFG0172,SFG,Roast & Flavour/Salt
Habit Extra Cheese Seasoning (15kg),B: Transform->Pack (in-line),2,Final FG,Packing,SFG0172,SFG,FG,FG,
Healing Hand Oats and Dates Bar,B: Transform->Pack (in-line),1,Create WIP,Create WIP: Blend & Form,RM,RM,SFG0173,SFG,Blend & Form
Healing Hand Oats and Dates Bar,B: Transform->Pack (in-line),2,Final FG,Packing,SFG0173,SFG,FG,FG,
Healthy Choice Chia Seeds 100 g,D: Pack-only,1,Final FG,Sorting + Packing,RM,RM,FG,FG,
Healthy Choice Chia Seeds 200 g,D: Pack-only,1,Final FG,Sorting + Packing,RM,RM,FG,FG,
Healthy Choice Roasted Pumpkin Seeds 100 g,D: Pack-only,1,Final FG,Sorting + Packing,RM,RM,FG,FG,
Healthy Choice Roasted Pumpkin Seeds 200 g,D: Pack-only,1,Final FG,Sorting + Packing,RM,RM,FG,FG,
Healthy Choice Roasted Sunflower Seeds 100 g,D: Pack-only,1,Final FG,Sorting + Packing,RM,RM,FG,FG,
Healthy Choice Roasted Sunflower Seeds 200 g,D: Pack-only,1,Final FG,Sorting + Packing,RM,RM,FG,FG,
Healthy Choice Roasted Watermelon Seeds 100 g,D: Pack-only,1,Final FG,Sorting + Packing,RM,RM,FG,FG,
Healthy Choice Roasted Watermelon Seeds 200 g,D: Pack-only,1,Final FG,Sorting + Packing,RM,RM,FG,FG,
Independence Almonds,D: Pack-only,1,Final FG,Sorting + Packing,RM,RM,FG,FG,
Indian Green Raisins,D: Pack-only,1,Final FG,Sorting + Packing,RM,RM,FG,FG,
Indian Green Raisins 230g,D: Pack-only,1,Final FG,Sorting + Packing,RM,RM,FG,FG,
Indian Green Raisins 90gm,D: Pack-only,1,Final FG,Sorting + Packing,RM,RM,FG,FG,
Indian Long Green Raisins,D: Pack-only,1,Final FG,Sorting + Packing,RM,RM,FG,FG,
Jute Drawstring  300g,D: Pack-only,1,Final FG,Sorting + Packing,RM,RM,FG,FG,
Jute Floppy Bag Hamper,D: Pack-only,1,Final FG,Sorting + Packing,RM,RM,FG,FG,
King Solomon Dates Medjool Medium 200g,D: Pack-only,1,Final FG,Sorting + Packing,RM,RM,FG,FG,
King Solomon Dates Medjoul Medium [Y1562] 200gm,D: Pack-only,1,Final FG,Sorting + Packing,RM,RM,FG,FG,
King Solomon Medjoul Dates 250 Gms,D: Pack-only,1,Final FG,Sorting + Packing,RM,RM,FG,FG,
King Solomon Medjoul Dates 500 Gms,D: Pack-only,1,Final FG,Sorting + Packing,RM,RM,FG,FG,
King Solomon Medjoul Dates Jumbo 1kg,D: Pack-only,1,Final FG,Sorting + Packing,RM,RM,FG,FG,
King Solomon Medjoul Dates Junior 1kg,D: Pack-only,1,Final FG,Sorting + Packing,RM,RM,FG,FG,
King Solomon Medjoul Dates Large 1kg,D: Pack-only,1,Final FG,Sorting + Packing,RM,RM,FG,FG,
King Solomon Medjoul Dates Medium 1kg,D: Pack-only,1,Final FG,Sorting + Packing,RM,RM,FG,FG,
King Solomon Medjoul Dates Medium 500 Gm,D: Pack-only,1,Final FG,Sorting + Packing,RM,RM,FG,FG,
King Solomon Medjoul Dates Mini 500 Gm,D: Pack-only,1,Final FG,Sorting + Packing,RM,RM,FG,FG,
King Solomon Medjoul Jumbo Dates 500gm,D: Pack-only,1,Final FG,Sorting + Packing,RM,RM,FG,FG,
King Solomon Medjoul Junior 500g,D: Pack-only,1,Final FG,Sorting + Packing,RM,RM,FG,FG,
King Solomon Medjoul Super Jumbo 1kg,D: Pack-only,1,Final FG,Sorting + Packing,RM,RM,FG,FG,
King Solomon Medjoul Super Jumbo 500gm,D: Pack-only,1,Final FG,Sorting + Packing,RM,RM,FG,FG,
King Solomon Oriental Dates 250g,D: Pack-only,1,Final FG,Sorting + Packing,RM,RM,FG,FG,
King Solomon Oriental Dates 500gm,D: Pack-only,1,Final FG,Sorting + Packing,RM,RM,FG,FG,
Krack Nut Coated Peanuts Magic Masala 110g,B: Transform->Pack (in-line),1,Create WIP,Create WIP: Roast & Flavour/Salt,RM,RM,SFG0175,SFG,Roast & Flavour/Salt
Krack Nut Coated Peanuts Magic Masala 110g,B: Transform->Pack (in-line),2,Final FG,Packing,SFG0175,SFG,FG,FG,
Krack Nut Coated Peanuts Pudina Patakha 100g,C: Pack of existing SFG,1,Final FG,Packing,SFG0334,SFG,FG,FG,
Krack Nut Coated Peanuts Pudina Patakha 25g Not Use,B: Transform->Pack (in-line),1,Create WIP,Create WIP: Roast & Flavour/Salt,RM,RM,SFG0176,SFG,Roast & Flavour/Salt
Krack Nut Coated Peanuts Pudina Patakha 25g Not Use,B: Transform->Pack (in-line),2,Final FG,Packing,SFG0176,SFG,FG,FG,
Krack Nut Coated Peanuts Pudina Patakha 25gm,C: Pack of existing SFG,1,Final FG,Packing,SFG0334,SFG,FG,FG,
Krack Nut Coated Peanuts Tandoori Toofan 1 Kg,C: Pack of existing SFG,1,Final FG,Packing,SFG0335,SFG,FG,FG,
Krack Nut Coated Peanuts Thai Firangi 1 Kg,C: Pack of existing SFG,1,Final FG,Packing,SFG0336,SFG,FG,FG,
Krack Nut Coated Peanuts Thai Firangi 100g,C: Pack of existing SFG,1,Final FG,Packing,SFG0336,SFG,FG,FG,
Kracknut Coated Peanuts - Tandoori Toofan 110g,C: Pack of existing SFG,1,Final FG,Packing,SFG0335,SFG,FG,FG,
Kracknut Coated Peanuts - Tandoori Toofan 160gm,C: Pack of existing SFG,1,Final FG,Packing,SFG0335,SFG,FG,FG,
Kracknut Coated Peanuts - Tandoori Toofan 25g,C: Pack of existing SFG,1,Final FG,Packing,SFG0335,SFG,FG,FG,
Kracknut Coated Peanuts - Thai Firangi 25g,C: Pack of existing SFG,1,Final FG,Packing,SFG0336,SFG,FG,FG,
Kracknut Coated Peanuts-Pudhina Patakha 110g,C: Pack of existing SFG,1,Final FG,Packing,SFG0334,SFG,FG,FG,
Kracknut Coated Peanuts-Pudhina Patakha 1kg,C: Pack of existing SFG,1,Final FG,Packing,SFG0334,SFG,FG,FG,
Kracknut Coated Peanuts-Thai Firangi 110g,C: Pack of existing SFG,1,Final FG,Packing,SFG0336,SFG,FG,FG,
Lemon Pepper Cashew Bulk,A: WIP producer (bulk),1,Create WIP,Create WIP: Roast & Flavour/Salt,RM,RM,SFG0177,SFG,Roast & Flavour/Salt
Lemon Pepper Cashew Bulk,A: WIP producer (bulk),2,Final FG,Packing,SFG0177,SFG,FG,FG,
MDF Premium Medjoul Dates Box 18 Pcs,D: Pack-only,1,Final FG,Sorting + Packing,RM,RM,FG,FG,
Mac Snack Dry Roasted Macadamias Munchies 100gm-style 4,B: Transform->Pack (in-line),1,Create WIP,Create WIP: Roasting,RM,RM,SFG0179,SFG,Roasting
Mac Snack Dry Roasted Macadamias Munchies 100gm-style 4,B: Transform->Pack (in-line),2,Final FG,Packing,SFG0179,SFG,FG,FG,
Mac Snack Dry Roasted Macadamias Munchies 200gm,B: Transform->Pack (in-line),1,Create WIP,Create WIP: Roasting,RM,RM,SFG0178,SFG,Roasting
Mac Snack Dry Roasted Macadamias Munchies 200gm,B: Transform->Pack (in-line),2,Final FG,Packing,SFG0178,SFG,FG,FG,
Mac Snack Macadamia Stlye 0 Premium-200gm,D: Pack-only,1,Final FG,Sorting + Packing,RM,RM,FG,FG,
Mac Snack Macadamia Style 1 Roasted & Salted Premium 200g,D: Pack-only,1,Final FG,Sorting + Packing,RM,RM,FG,FG,
Mac Snack Roasted & Salted Macadamias Munchies 200gm-style 4,B: Transform->Pack (in-line),1,Create WIP,Create WIP: Roast & Flavour/Salt,RM,RM,SFG0180,SFG,Roast & Flavour/Salt
Mac Snack Roasted & Salted Macadamias Munchies 200gm-style 4,B: Transform->Pack (in-line),2,Final FG,Packing,SFG0180,SFG,FG,FG,
Mac Snack Roasted Macadamias Munchies 100gm-style 4,B: Transform->Pack (in-line),1,Create WIP,Create WIP: Roast & Flavour/Salt,RM,RM,SFG0181,SFG,Roast & Flavour/Salt
Mac Snack Roasted Macadamias Munchies 100gm-style 4,B: Transform->Pack (in-line),2,Final FG,Packing,SFG0181,SFG,FG,FG,
Macadamia Inshell 150g,D: Pack-only,1,Final FG,Sorting + Packing,RM,RM,FG,FG,
Macadamia Kernal 150gm,D: Pack-only,1,Final FG,Sorting + Packing,RM,RM,FG,FG,
Macadamia Roasted & Salted style 4,B: Transform->Pack (in-line),1,Create WIP,Create WIP: Roast & Flavour/Salt,RM,RM,SFG0182,SFG,Roast & Flavour/Salt
Macadamia Roasted & Salted style 4,B: Transform->Pack (in-line),2,Final FG,Packing,SFG0182,SFG,FG,FG,
Macadamia Roasted - Size 1,D: Pack-only,1,Final FG,Sorting + Packing,RM,RM,FG,FG,
Macadamia Roasted - Size 2,D: Pack-only,1,Final FG,Sorting + Packing,RM,RM,FG,FG,
Macadamia Roasted - Size 4,D: Pack-only,1,Final FG,Sorting + Packing,RM,RM,FG,FG,
Macadamia Roasted NIS Sawn,D: Pack-only,1,Final FG,Sorting + Packing,RM,RM,FG,FG,
Macadamia Roasted Salted - Size 0,D: Pack-only,1,Final FG,Sorting + Packing,RM,RM,FG,FG,
Macadamia Roasted Salted - Size 1,D: Pack-only,1,Final FG,Sorting + Packing,RM,RM,FG,FG,
Makhana Black Pepper,B: Transform->Pack (in-line),1,Create WIP,Create WIP: Roast & Flavour/Salt,RM,RM,SFG0183,SFG,Roast & Flavour/Salt
Makhana Black Pepper,B: Transform->Pack (in-line),2,Final FG,Packing,SFG0183,SFG,FG,FG,
Makhana Black Salt 75gm,B: Transform->Pack (in-line),1,Create WIP,Create WIP: Roast & Flavour/Salt,RM,RM,SFG0184,SFG,Roast & Flavour/Salt
Makhana Black Salt 75gm,B: Transform->Pack (in-line),2,Final FG,Packing,SFG0184,SFG,FG,FG,
Makhana Chilli Lime 75gm,B: Transform->Pack (in-line),1,Create WIP,Create WIP: Roast & Flavour/Salt,RM,RM,SFG0185,SFG,Roast & Flavour/Salt
Makhana Chilli Lime 75gm,B: Transform->Pack (in-line),2,Final FG,Packing,SFG0185,SFG,FG,FG,
Makhana Himalayan Pink Salt,B: Transform->Pack (in-line),1,Create WIP,Create WIP: Roast & Flavour/Salt,RM,RM,SFG0186,SFG,Roast & Flavour/Salt
Makhana Himalayan Pink Salt,B: Transform->Pack (in-line),2,Final FG,Packing,SFG0186,SFG,FG,FG,
Makhana Himalayan Pink Salt 75gm,D: Pack-only,1,Final FG,Sorting + Packing,RM,RM,FG,FG,
Makhana Masala,B: Transform->Pack (in-line),1,Create WIP,Create WIP: Roast & Flavour/Salt,RM,RM,SFG0187,SFG,Roast & Flavour/Salt
Makhana Masala,B: Transform->Pack (in-line),2,Final FG,Packing,SFG0187,SFG,FG,FG,
Makhana Peri Peri,B: Transform->Pack (in-line),1,Create WIP,Create WIP: Roast & Flavour/Salt,RM,RM,SFG0188,SFG,Roast & Flavour/Salt
Makhana Peri Peri,B: Transform->Pack (in-line),2,Final FG,Packing,SFG0188,SFG,FG,FG,
Makhana Tangy Tomato 75gm,D: Pack-only,1,Final FG,Sorting + Packing,RM,RM,FG,FG,
Masala Cashew,B: Transform->Pack (in-line),1,Create WIP,Create WIP: Roast & Flavour/Salt,RM,RM,SFG0189,SFG,Roast & Flavour/Salt
Masala Cashew,B: Transform->Pack (in-line),2,Final FG,Packing,SFG0189,SFG,FG,FG,
Masala Raisin,D: Pack-only,1,Final FG,Sorting + Packing,RM,RM,FG,FG,
Methi Dryfruit Laddu bar 35gm,B: Transform->Pack (in-line),1,Create WIP,Create WIP: Blend & Form,RM,RM,SFG0190,SFG,Blend & Form
Methi Dryfruit Laddu bar 35gm,B: Transform->Pack (in-line),2,Final FG,Packing,SFG0190,SFG,FG,FG,
Milk Almond Draggies,B: Transform->Pack (in-line),1,Create WIP,Create WIP: Roasting + Enrobe / Choco-Coat,RM,RM,SFG0191,SFG,Roasting + Enrobe / Choco-Coat
Milk Almond Draggies,B: Transform->Pack (in-line),2,Final FG,Packing,SFG0191,SFG,FG,FG,
Milk Chocolate Coated Date Bites,B: Transform->Pack (in-line),1,Create WIP,Create WIP: Blend & Form,RM,RM,SFG0192,SFG,Blend & Form
Milk Chocolate Coated Date Bites,B: Transform->Pack (in-line),2,Final FG,Packing,SFG0192,SFG,FG,FG,
Millennium Nut Mix,D: Pack-only,1,Final FG,Sorting + Packing,RM,RM,FG,FG,
Mocha Mojo Trail Mix,B: Transform->Pack (in-line),1,Create WIP,Create WIP: Roast & Flavour/Salt,RM,RM,SFG0193,SFG,Roast & Flavour/Salt
Mocha Mojo Trail Mix,B: Transform->Pack (in-line),2,Final FG,Packing,SFG0193,SFG,FG,FG,
Moon Freeze Banana Date Fruit Bar - 10 GM,B: Transform->Pack (in-line),1,Create WIP,Create WIP: Blend & Form,RM,RM,SFG0194,SFG,Blend & Form
Moon Freeze Banana Date Fruit Bar - 10 GM,B: Transform->Pack (in-line),2,Final FG,Packing,SFG0194,SFG,FG,FG,
Moon Freeze Banana Date Fruit Bar - 45 Gm,B: Transform->Pack (in-line),1,Create WIP,Create WIP: Blend & Form,RM,RM,SFG0194,SFG,Blend & Form
Moon Freeze Banana Date Fruit Bar - 45 Gm,B: Transform->Pack (in-line),2,Final FG,Packing,SFG0194,SFG,FG,FG,
Moon Freeze Mango Date Fruit Bar - 10 GM,B: Transform->Pack (in-line),1,Create WIP,Create WIP: Blend & Form,RM,RM,SFG0195,SFG,Blend & Form
Moon Freeze Mango Date Fruit Bar - 10 GM,B: Transform->Pack (in-line),2,Final FG,Packing,SFG0195,SFG,FG,FG,
Moon Freeze Mango Date Fruit Bar - 45 Gm,B: Transform->Pack (in-line),1,Create WIP,Create WIP: Blend & Form,RM,RM,SFG0195,SFG,Blend & Form
Moon Freeze Mango Date Fruit Bar - 45 Gm,B: Transform->Pack (in-line),2,Final FG,Packing,SFG0195,SFG,FG,FG,
Moon Freeze Pineapple Date Fruit Bar - 45 Gm,B: Transform->Pack (in-line),1,Create WIP,Create WIP: Blend & Form,RM,RM,SFG0196,SFG,Blend & Form
Moon Freeze Pineapple Date Fruit Bar - 45 Gm,B: Transform->Pack (in-line),2,Final FG,Packing,SFG0196,SFG,FG,FG,
Moon Freeze Pineapple Date Fruit Bar -10 GM,B: Transform->Pack (in-line),1,Create WIP,Create WIP: Blend & Form,RM,RM,SFG0196,SFG,Blend & Form
Moon Freeze Pineapple Date Fruit Bar -10 GM,B: Transform->Pack (in-line),2,Final FG,Packing,SFG0196,SFG,FG,FG,
Moon Freeze Strawberry Date Fruit Bar - 45 Gm,B: Transform->Pack (in-line),1,Create WIP,Create WIP: Blend & Form,RM,RM,SFG0197,SFG,Blend & Form
Moon Freeze Strawberry Date Fruit Bar - 45 Gm,B: Transform->Pack (in-line),2,Final FG,Packing,SFG0197,SFG,FG,FG,
Moon Freeze Strawberry Date Fruit Bar -10 GM,B: Transform->Pack (in-line),1,Create WIP,Create WIP: Blend & Form,RM,RM,SFG0197,SFG,Blend & Form
Moon Freeze Strawberry Date Fruit Bar -10 GM,B: Transform->Pack (in-line),2,Final FG,Packing,SFG0197,SFG,FG,FG,
NATAPURE Almond 200g,D: Pack-only,1,Final FG,Sorting + Packing,RM,RM,FG,FG,
NATAPURE Roasted Almonds 175gms,D: Pack-only,1,Final FG,Sorting + Packing,RM,RM,FG,FG,
NATURES FIGS 250GM (1357008),D: Pack-only,1,Final FG,Sorting + Packing,RM,RM,FG,FG,
NATURES FIGS 500G (1357009),D: Pack-only,1,Final FG,Sorting + Packing,RM,RM,FG,FG,
NATURES MACADAMIA ROASTED&SALTED 100g (1443558),B: Transform->Pack (in-line),1,Create WIP,Create WIP: Roast & Flavour/Salt,RM,RM,SFG0199,SFG,Roast & Flavour/Salt
NATURES MACADAMIA ROASTED&SALTED 100g (1443558),B: Transform->Pack (in-line),2,Final FG,Packing,SFG0199,SFG,FG,FG,
NB AMERICAN ALMOND LOOSE,D: Pack-only,1,Final FG,Sorting + Packing,RM,RM,FG,FG,
NB AMERICAN ALMOND SELECTED LOOSE,D: Pack-only,1,Final FG,Sorting + Packing,RM,RM,FG,FG,
NB ANJEER LARGE (SLW) LOOSE,D: Pack-only,1,Final FG,Sorting + Packing,RM,RM,FG,FG,
NB ANJEER SELECT (WHITE) LOOSE,D: Pack-only,1,Final FG,Sorting + Packing,RM,RM,FG,FG,
NB ANJEER SMALL (1X1W) LOOSE,D: Pack-only,1,Final FG,Sorting + Packing,RM,RM,FG,FG,
NB APRICOT SEEDLESS (TURKEY) DRIED LOOSE,D: Pack-only,1,Final FG,Sorting + Packing,RM,RM,FG,FG,
NB APRICOT WHOLE DRIED LOOSE,D: Pack-only,1,Final FG,Sorting + Packing,RM,RM,FG,FG,
NB BARBEQUE ALMOND LOOSE,B: Transform->Pack (in-line),1,Create WIP,Create WIP: Roast & Flavour/Salt,RM,RM,SFG0200,SFG,Roast & Flavour/Salt
NB BARBEQUE ALMOND LOOSE,B: Transform->Pack (in-line),2,Final FG,Packing,SFG0200,SFG,FG,FG,
NB BARBEQUE CASHEW LOOSE,B: Transform->Pack (in-line),1,Create WIP,Create WIP: Roast & Flavour/Salt,RM,RM,SFG0201,SFG,Roast & Flavour/Salt
NB BARBEQUE CASHEW LOOSE,B: Transform->Pack (in-line),2,Final FG,Packing,SFG0201,SFG,FG,FG,
NB BLACK PEPPER CASHEW LOOSE,B: Transform->Pack (in-line),1,Create WIP,Create WIP: Roast & Flavour/Salt,RM,RM,SFG0202,SFG,Roast & Flavour/Salt
NB BLACK PEPPER CASHEW LOOSE,B: Transform->Pack (in-line),2,Final FG,Packing,SFG0202,SFG,FG,FG,
NB BLACK RAISIN SEEDLESS LOOSE,D: Pack-only,1,Final FG,Sorting + Packing,RM,RM,FG,FG,
NB BLACKBERRY DRIED LOOSE,D: Pack-only,1,Final FG,Sorting + Packing,RM,RM,FG,FG,
NB BLACKCURRANT DRIED LOOSE,D: Pack-only,1,Final FG,Sorting + Packing,RM,RM,FG,FG,
NB BLUEBERRY DRIED LOOSE,D: Pack-only,1,Final FG,Sorting + Packing,RM,RM,FG,FG,
NB BRAZIL NUT LOOSE,D: Pack-only,1,Final FG,Sorting + Packing,RM,RM,FG,FG,
NB CASHEW W150 LOOSE,D: Pack-only,1,Final FG,Sorting + Packing,RM,RM,FG,FG,
NB CASHEW W180 LOOSE,D: Pack-only,1,Final FG,Sorting + Packing,RM,RM,FG,FG,
NB CASHEW W240 LOOSE,D: Pack-only,1,Final FG,Sorting + Packing,RM,RM,FG,FG,
NB CHARCOAL CASHEW LOOSE,B: Transform->Pack (in-line),1,Create WIP,Create WIP: Roast & Flavour/Salt,RM,RM,SFG0203,SFG,Roast & Flavour/Salt
NB CHARCOAL CASHEW LOOSE,B: Transform->Pack (in-line),2,Final FG,Packing,SFG0203,SFG,FG,FG,
NB CHEESE CASHEW LOOSE,B: Transform->Pack (in-line),1,Create WIP,Create WIP: Roast & Flavour/Salt,RM,RM,SFG0204,SFG,Roast & Flavour/Salt
NB CHEESE CASHEW LOOSE,B: Transform->Pack (in-line),2,Final FG,Packing,SFG0204,SFG,FG,FG,
NB CHIA SEED LOOSE,D: Pack-only,1,Final FG,Sorting + Packing,RM,RM,FG,FG,
NB CRANBERRY DRIED LOOSE,D: Pack-only,1,Final FG,Sorting + Packing,RM,RM,FG,FG,
NB DEHYDRATED BABY ORANGE LOOSE,D: Pack-only,1,Final FG,Sorting + Packing,RM,RM,FG,FG,
NB DEHYDRATED CHERRY LOOSE,D: Pack-only,1,Final FG,Sorting + Packing,RM,RM,FG,FG,
NB DEHYDRATED GINGER LOOSE,D: Pack-only,1,Final FG,Sorting + Packing,RM,RM,FG,FG,
NB DEHYDRATED GUAVA LOOSE,D: Pack-only,1,Final FG,Sorting + Packing,RM,RM,FG,FG,
NB DEHYDRATED KIWI LOOSE,D: Pack-only,1,Final FG,Sorting + Packing,RM,RM,FG,FG,
NB DEHYDRATED MANGO SLICED LOOSE,D: Pack-only,1,Final FG,Sorting + Packing,RM,RM,FG,FG,
NB DEHYDRATED PEACH GREEN LOOSE,D: Pack-only,1,Final FG,Sorting + Packing,RM,RM,FG,FG,
NB DEHYDRATED PEACH RED LOOSE,D: Pack-only,1,Final FG,Sorting + Packing,RM,RM,FG,FG,
NB DEHYDRATED PEACH YELLOW LOOSE,D: Pack-only,1,Final FG,Sorting + Packing,RM,RM,FG,FG,
NB DEHYDRATED PINEAPPLE COIN LOOSE,D: Pack-only,1,Final FG,Sorting + Packing,RM,RM,FG,FG,
NB DEHYDRATED PINEAPPLE RING LOOSE,D: Pack-only,1,Final FG,Sorting + Packing,RM,RM,FG,FG,
NB DEHYDRATED STRAWBERRY LOOSE,D: Pack-only,1,Final FG,Sorting + Packing,RM,RM,FG,FG,
NB FLAX SEED LOOSE,D: Pack-only,1,Final FG,Sorting + Packing,RM,RM,FG,FG,
NB GOJI BERRY DRIED LOOSE,D: Pack-only,1,Final FG,Sorting + Packing,RM,RM,FG,FG,
NB GREEN CHILLY CASHEW LOOSE,B: Transform->Pack (in-line),1,Create WIP,Create WIP: Roast & Flavour/Salt,RM,RM,SFG0205,SFG,Roast & Flavour/Salt
NB GREEN CHILLY CASHEW LOOSE,B: Transform->Pack (in-line),2,Final FG,Packing,SFG0205,SFG,FG,FG,
NB HAZELNUT LOOSE,D: Pack-only,1,Final FG,Sorting + Packing,RM,RM,FG,FG,
NB HONEY ROAST ALMOND LOOSE,D: Pack-only,1,Final FG,Sorting + Packing,RM,RM,FG,FG,
NB MACADAMIA INSHELL VANILLA LOOSE,D: Pack-only,1,Final FG,Sorting + Packing,RM,RM,FG,FG,
NB MACADAMIA LOOSE,D: Pack-only,1,Final FG,Sorting + Packing,RM,RM,FG,FG,
NB MAMRA ALMOND CLASSIC LOOSE,D: Pack-only,1,Final FG,Sorting + Packing,RM,RM,FG,FG,
NB MAMRA ALMOND ROYAL LOOSE,D: Pack-only,1,Final FG,Sorting + Packing,RM,RM,FG,FG,
NB MAMRA ALMOND ROYAL LOOSE_x000D_,D: Pack-only,1,Final FG,Sorting + Packing,RM,RM,FG,FG,
NB MASALA CASHEW LOOSE,B: Transform->Pack (in-line),1,Create WIP,Create WIP: Roast & Flavour/Salt,RM,RM,SFG0206,SFG,Roast & Flavour/Salt
NB MASALA CASHEW LOOSE,B: Transform->Pack (in-line),2,Final FG,Packing,SFG0206,SFG,FG,FG,
NB MASALA RAISIN LOOSE,B: Transform->Pack (in-line),1,Create WIP,Create WIP: Roast & Flavour/Salt,RM,RM,SFG0207,SFG,Roast & Flavour/Salt
NB MASALA RAISIN LOOSE,B: Transform->Pack (in-line),2,Final FG,Packing,SFG0207,SFG,FG,FG,
NB MILLENNIUM NUT MIX LOOSE,D: Pack-only,1,Final FG,Sorting + Packing,RM,RM,FG,FG,
NB MUNAKKA LOOSE,D: Pack-only,1,Final FG,Sorting + Packing,RM,RM,FG,FG,
NB PAAN RAISIN LOOSE,B: Transform->Pack (in-line),1,Create WIP,Create WIP: Roast & Flavour/Salt,RM,RM,SFG0208,SFG,Roast & Flavour/Salt
NB PAAN RAISIN LOOSE,B: Transform->Pack (in-line),2,Final FG,Packing,SFG0208,SFG,FG,FG,
NB PECAN NUT LOOSE,D: Pack-only,1,Final FG,Sorting + Packing,RM,RM,FG,FG,
NB PERI-PERI CASHEW LOOSE,B: Transform->Pack (in-line),1,Create WIP,Create WIP: Roast & Flavour/Salt,RM,RM,SFG0209,SFG,Roast & Flavour/Salt
NB PERI-PERI CASHEW LOOSE,B: Transform->Pack (in-line),2,Final FG,Packing,SFG0209,SFG,FG,FG,
NB PINENUT LOOSE,D: Pack-only,1,Final FG,Sorting + Packing,RM,RM,FG,FG,
NB PISTACHIO AKBARI LOOSE,D: Pack-only,1,Final FG,Sorting + Packing,RM,RM,FG,FG,
NB PISTACHIO IRANI LOOSE,D: Pack-only,1,Final FG,Sorting + Packing,RM,RM,FG,FG,
NB PISTACHIO KERNEL 5 STAR LOOSE,D: Pack-only,1,Final FG,Sorting + Packing,RM,RM,FG,FG,
NB PISTACHIO KERNEL PREMIUM LOOSE,D: Pack-only,1,Final FG,Sorting + Packing,RM,RM,FG,FG,
NB PRUNES DRIED LOOSE,D: Pack-only,1,Final FG,Sorting + Packing,RM,RM,FG,FG,
NB PUMPKIN SEED LOOSE,D: Pack-only,1,Final FG,Sorting + Packing,RM,RM,FG,FG,
NB RAISIN AFGHAN,D: Pack-only,1,Final FG,Sorting + Packing,RM,RM,FG,FG,
NB RAISIN INDIAN PREMIUM LOOSE,D: Pack-only,1,Final FG,Sorting + Packing,RM,RM,FG,FG,
NB RAISIN SANDUKANI LOOSE,D: Pack-only,1,Final FG,Sorting + Packing,RM,RM,FG,FG,
NB ROASTED & SALTED ALMOND LOOSE,B: Transform->Pack (in-line),1,Create WIP,Create WIP: Roast & Flavour/Salt,RM,RM,SFG0210,SFG,Roast & Flavour/Salt
NB ROASTED & SALTED ALMOND LOOSE,B: Transform->Pack (in-line),2,Final FG,Packing,SFG0210,SFG,FG,FG,
NB ROASTED & SALTED CASHEW LOOSE,B: Transform->Pack (in-line),1,Create WIP,Create WIP: Roast & Flavour/Salt,RM,RM,SFG0211,SFG,Roast & Flavour/Salt
NB ROASTED & SALTED CASHEW LOOSE,B: Transform->Pack (in-line),2,Final FG,Packing,SFG0211,SFG,FG,FG,
NB ROASTED MACADAMIA INSHELL LOOSE,B: Transform->Pack (in-line),1,Create WIP,Create WIP: Roasting,RM,RM,SFG0212,SFG,Roasting
NB ROASTED MACADAMIA INSHELL LOOSE,B: Transform->Pack (in-line),2,Final FG,Packing,SFG0212,SFG,FG,FG,
NB SMOKED ALMOND LOOSE,B: Transform->Pack (in-line),1,Create WIP,Create WIP: Roast & Flavour/Salt,RM,RM,SFG0213,SFG,Roast & Flavour/Salt
NB SMOKED ALMOND LOOSE,B: Transform->Pack (in-line),2,Final FG,Packing,SFG0213,SFG,FG,FG,
NB SRIRACHA CASHEW LOOSE,D: Pack-only,1,Final FG,Sorting + Packing,RM,RM,FG,FG,
NB SUNFLLOWER SEED LOOSE,D: Pack-only,1,Final FG,Sorting + Packing,RM,RM,FG,FG,
NB TRAIL MIX - POWER SEED LOOSE,D: Pack-only,1,Final FG,Sorting + Packing,RM,RM,FG,FG,
NB TRAIL MIX - PREMIUM NUT LOOSE,D: Pack-only,1,Final FG,Sorting + Packing,RM,RM,FG,FG,
NB TRAIL MIX SALTED COCKTAIL LOOSE,D: Pack-only,1,Final FG,Sorting + Packing,RM,RM,FG,FG,
NB TRAIL MIX- EVERY HEALTH LOOSE,D: Pack-only,1,Final FG,Sorting + Packing,RM,RM,FG,FG,
NB WALNUTS CHILEAN LOOSE,D: Pack-only,1,Final FG,Sorting + Packing,RM,RM,FG,FG,
NB WATERMELON SEED LOOSE,D: Pack-only,1,Final FG,Sorting + Packing,RM,RM,FG,FG,
NOICE Choco Health Laddoo (18g*5),D: Pack-only,1,Final FG,Sorting + Packing,RM,RM,FG,FG,
NOICE Date Bites (18g*5),B: Transform->Pack (in-line),1,Create WIP,Create WIP: Blend & Form,RM,RM,SFG0214,SFG,Blend & Form
NOICE Date Bites (18g*5),B: Transform->Pack (in-line),2,Final FG,Packing,SFG0214,SFG,FG,FG,
Nature Dried Kiwi 200 Gm ( 1411658 ),D: Pack-only,1,Final FG,Sorting + Packing,RM,RM,FG,FG,
Natures Almonds Reg 200 Gm (1411651),D: Pack-only,1,Final FG,Sorting + Packing,RM,RM,FG,FG,
Natures Almons Reg 500 Gm ( 1411652 ),D: Pack-only,1,Final FG,Sorting + Packing,RM,RM,FG,FG,
Natures American Almond 100g (1340528),D: Pack-only,1,Final FG,Sorting + Packing,RM,RM,FG,FG,
Natures American Almond 250g (1340524),D: Pack-only,1,Final FG,Sorting + Packing,RM,RM,FG,FG,
Natures American Almonds 1 KG (1416275),D: Pack-only,1,Final FG,Sorting + Packing,RM,RM,FG,FG,
Natures American Alomnd 500g (1350926),D: Pack-only,1,Final FG,Sorting + Packing,RM,RM,FG,FG,
Natures Black Rasin 200g (1340522),D: Pack-only,1,Final FG,Sorting + Packing,RM,RM,FG,FG,
Natures California Pista Reg 200 Gm (1411656),D: Pack-only,1,Final FG,Sorting + Packing,RM,RM,FG,FG,
Natures Cashew Reg 200 Gm ( 1411653 ),D: Pack-only,1,Final FG,Sorting + Packing,RM,RM,FG,FG,
Natures Cashew Split 200g (1356008),B: Transform->Pack (in-line),1,Create WIP,Create WIP: Blanch & Slice,RM,RM,SFG0198,SFG,Blanch & Slice
Natures Cashew Split 200g (1356008),B: Transform->Pack (in-line),2,Final FG,Packing,SFG0198,SFG,FG,FG,
Natures Cashew W 210 500g (1356007),D: Pack-only,1,Final FG,Sorting + Packing,RM,RM,FG,FG,
Natures Cashew W210 100g (1340520),D: Pack-only,1,Final FG,Sorting + Packing,RM,RM,FG,FG,
Natures Cashew W210 250g (1340525),D: Pack-only,1,Final FG,Sorting + Packing,RM,RM,FG,FG,
Natures Dried Amla 200 Gm ( 1411660 ),D: Pack-only,1,Final FG,Sorting + Packing,RM,RM,FG,FG,
Natures Dried Cherry 200 Gm ( 1411661 ),D: Pack-only,1,Final FG,Sorting + Packing,RM,RM,FG,FG,
Natures Dried Pineapple 200 Gm ( 1411659 ),D: Pack-only,1,Final FG,Sorting + Packing,RM,RM,FG,FG,
Natures Dried Strawberry 200 Gm (1411657),D: Pack-only,1,Final FG,Sorting + Packing,RM,RM,FG,FG,
Natures Indian Raisin Reg 200 Gm (1411654),D: Pack-only,1,Final FG,Sorting + Packing,RM,RM,FG,FG,
Natures Indian Raisin Reg 500 Gm (1411655),D: Pack-only,1,Final FG,Sorting + Packing,RM,RM,FG,FG,
Natures Pista Iranian 100g (1340521),D: Pack-only,1,Final FG,Sorting + Packing,RM,RM,FG,FG,
Natures Pista Iranian 250g (1340529),D: Pack-only,1,Final FG,Sorting + Packing,RM,RM,FG,FG,
Natures Pistachia Iranian 500g (1340527),D: Pack-only,1,Final FG,Sorting + Packing,RM,RM,FG,FG,
Natures Pisto Unshelled 200g (1340526),D: Pack-only,1,Final FG,Sorting + Packing,RM,RM,FG,FG,
Natures Premium Mixed Dry Fruits 250g(1356314),D: Pack-only,1,Final FG,Sorting + Packing,RM,RM,FG,FG,
Natures Raisin 100g (1340523),D: Pack-only,1,Final FG,Sorting + Packing,RM,RM,FG,FG,
Natures Raisin 250g (1340519),D: Pack-only,1,Final FG,Sorting + Packing,RM,RM,FG,FG,
Natures Raisin 500g (1356006),D: Pack-only,1,Final FG,Sorting + Packing,RM,RM,FG,FG,
Nut Flex - Italian Herbs 33gm,B: Transform->Pack (in-line),1,Create WIP,Create WIP: Roast & Flavour/Salt,RM,RM,SFG0215,SFG,Roast & Flavour/Salt
Nut Flex - Italian Herbs 33gm,B: Transform->Pack (in-line),2,Final FG,Packing,SFG0215,SFG,FG,FG,
Nut Flex - Italian Herbs 35gm,B: Transform->Pack (in-line),1,Create WIP,Create WIP: Roast & Flavour/Salt,RM,RM,SFG0215,SFG,Roast & Flavour/Salt
Nut Flex - Italian Herbs 35gm,B: Transform->Pack (in-line),2,Final FG,Packing,SFG0215,SFG,FG,FG,
Nuts & Seed Mix,D: Pack-only,1,Final FG,Sorting + Packing,RM,RM,FG,FG,
Nuts and Cardamom Date Balls 48 gms,B: Transform->Pack (in-line),1,Create WIP,Create WIP: Blend & Form,RM,RM,SFG0216,SFG,Blend & Form
Nuts and Cardamom Date Balls 48 gms,B: Transform->Pack (in-line),2,Final FG,Packing,SFG0216,SFG,FG,FG,
OATS,D: Pack-only,1,Final FG,Sorting + Packing,RM,RM,FG,FG,
ON THE RUN Assorted Energy Bars (Pack of 6x30g),B: Transform->Pack (in-line),1,Create WIP,Create WIP: Blend & Form,RM,RM,SFG0218,SFG,Blend & Form
ON THE RUN Assorted Energy Bars (Pack of 6x30g),B: Transform->Pack (in-line),2,Final FG,Packing,SFG0218,SFG,FG,FG,
ON THE RUN Choco Crunch Energy Bars (Pack of 6x30g),D: Pack-only,1,Final FG,Sorting + Packing,RM,RM,FG,FG,
ON THE RUN Choco Crunch Energy Bars 30g,B: Transform->Pack (in-line),1,Create WIP,Create WIP: Blend & Form,RM,RM,SFG0219,SFG,Blend & Form
ON THE RUN Choco Crunch Energy Bars 30g,B: Transform->Pack (in-line),2,Final FG,Packing,SFG0219,SFG,FG,FG,
ON THE RUN Fig and Date Energy Bar (Pack of 6x30 g),B: Transform->Pack (in-line),1,Create WIP,Create WIP: Blend & Form,RM,RM,SFG0221,SFG,Blend & Form
ON THE RUN Fig and Date Energy Bar (Pack of 6x30 g),B: Transform->Pack (in-line),2,Final FG,Packing,SFG0221,SFG,FG,FG,
ON THE RUN Fig and Date Energy Bar 30g,B: Transform->Pack (in-line),1,Create WIP,Create WIP: Blend & Form,RM,RM,SFG0221,SFG,Blend & Form
ON THE RUN Fig and Date Energy Bar 30g,B: Transform->Pack (in-line),2,Final FG,Packing,SFG0221,SFG,FG,FG,
ON THE RUN Hazelnut Magic Energy Bar 30g,B: Transform->Pack (in-line),1,Create WIP,Create WIP: Blend & Form,RM,RM,SFG0222,SFG,Blend & Form
ON THE RUN Hazelnut Magic Energy Bar 30g,B: Transform->Pack (in-line),2,Final FG,Packing,SFG0222,SFG,FG,FG,
"ON THE RUN Oats, Apricot & Cranberry Energy Bar 30g",B: Transform->Pack (in-line),1,Create WIP,Create WIP: Blend & Form,RM,RM,SFG0223,SFG,Blend & Form
"ON THE RUN Oats, Apricot & Cranberry Energy Bar 30g",B: Transform->Pack (in-line),2,Final FG,Packing,SFG0223,SFG,FG,FG,
Oman Dates 250g (1356292),D: Pack-only,1,Final FG,Sorting + Packing,RM,RM,FG,FG,
Omega Mix- Lemon Pepper 35gm,B: Transform->Pack (in-line),1,Create WIP,Create WIP: Roast & Flavour/Salt,RM,RM,SFG0217,SFG,Roast & Flavour/Salt
Omega Mix- Lemon Pepper 35gm,B: Transform->Pack (in-line),2,Final FG,Packing,SFG0217,SFG,FG,FG,
On the Run Coffee Bite 10g,B: Transform->Pack (in-line),1,Create WIP,Create WIP: Blend & Form,RM,RM,SFG0220,SFG,Blend & Form
On the Run Coffee Bite 10g,B: Transform->Pack (in-line),2,Final FG,Packing,SFG0220,SFG,FG,FG,
Ontherun Coffee Bite (Pack of 15x10g),B: Transform->Pack (in-line),1,Create WIP,Create WIP: Blend & Form,RM,RM,SFG0224,SFG,Blend & Form
Ontherun Coffee Bite (Pack of 15x10g),B: Transform->Pack (in-line),2,Final FG,Packing,SFG0224,SFG,FG,FG,
Ontherun Coffee Bite (Pack of 6*10g),B: Transform->Pack (in-line),1,Create WIP,Create WIP: Blend & Form,RM,RM,SFG0224,SFG,Blend & Form
Ontherun Coffee Bite (Pack of 6*10g),B: Transform->Pack (in-line),2,Final FG,Packing,SFG0224,SFG,FG,FG,
Oriental Dates,D: Pack-only,1,Final FG,Sorting + Packing,RM,RM,FG,FG,
PEANUT BUTTER,B: Transform->Pack (in-line),1,Create WIP,Create WIP: Roast & Flavour/Salt,RM,RM,SFG0227,SFG,Roast & Flavour/Salt
PEANUT BUTTER,B: Transform->Pack (in-line),2,Final FG,Packing,SFG0227,SFG,FG,FG,
PEPPER SNACK MIX,B: Transform->Pack (in-line),1,Create WIP,Create WIP: Roast & Flavour/Salt,RM,RM,SFG0234,SFG,Roast & Flavour/Salt
PEPPER SNACK MIX,B: Transform->Pack (in-line),2,Final FG,Packing,SFG0234,SFG,FG,FG,
PISTA PERI PERI,B: Transform->Pack (in-line),1,Create WIP,Create WIP: Roast & Flavour/Salt,RM,RM,SFG0241,SFG,Roast & Flavour/Salt
PISTA PERI PERI,B: Transform->Pack (in-line),2,Final FG,Packing,SFG0241,SFG,FG,FG,
PL CALIFORNIA PRUNES 200G,D: Pack-only,1,Final FG,Sorting + Packing,RM,RM,FG,FG,
PL CLASSIC DATES 500G,D: Pack-only,1,Final FG,Sorting + Packing,RM,RM,FG,FG,
PL DRIED BLUEBERRIES 100G,D: Pack-only,1,Final FG,Sorting + Packing,RM,RM,FG,FG,
PL SLICED CRANBERRIES 100G,D: Pack-only,1,Final FG,Sorting + Packing,RM,RM,FG,FG,
PL TURKEY APRICOTS 200G,D: Pack-only,1,Final FG,Sorting + Packing,RM,RM,FG,FG,
PL ZAHIDI DATES 500G,D: Pack-only,1,Final FG,Sorting + Packing,RM,RM,FG,FG,
PREMIA ALMONDS SMOKD-100G,C: Pack of existing SFG,1,Final FG,Packing,SFG0284,SFG,FG,FG,
Pan Cranberry,B: Transform->Pack (in-line),1,Create WIP,Create WIP: Roast & Flavour/Salt,RM,RM,SFG0225,SFG,Roast & Flavour/Salt
Pan Cranberry,B: Transform->Pack (in-line),2,Final FG,Packing,SFG0225,SFG,FG,FG,
Pan Raisin,B: Transform->Pack (in-line),1,Create WIP,Create WIP: Roast & Flavour/Salt,RM,RM,SFG0226,SFG,Roast & Flavour/Salt
Pan Raisin,B: Transform->Pack (in-line),2,Final FG,Packing,SFG0226,SFG,FG,FG,
Peanut Coated Spanish Tomato,B: Transform->Pack (in-line),1,Create WIP,Create WIP: Roast & Flavour/Salt,RM,RM,SFG0228,SFG,Roast & Flavour/Salt
Peanut Coated Spanish Tomato,B: Transform->Pack (in-line),2,Final FG,Packing,SFG0228,SFG,FG,FG,
Pecan Nuts,D: Pack-only,1,Final FG,Sorting + Packing,RM,RM,FG,FG,
Pecans Roasted and Salted,B: Transform->Pack (in-line),1,Create WIP,Create WIP: Roast & Flavour/Salt,RM,RM,SFG0229,SFG,Roast & Flavour/Salt
Pecans Roasted and Salted,B: Transform->Pack (in-line),2,Final FG,Packing,SFG0229,SFG,FG,FG,
Peper Garlic Cashew,B: Transform->Pack (in-line),1,Create WIP,Create WIP: Roast & Flavour/Salt,RM,RM,SFG0230,SFG,Roast & Flavour/Salt
Peper Garlic Cashew,B: Transform->Pack (in-line),2,Final FG,Packing,SFG0230,SFG,FG,FG,
Pepper Cashew,B: Transform->Pack (in-line),1,Create WIP,Create WIP: Roast & Flavour/Salt,RM,RM,SFG0231,SFG,Roast & Flavour/Salt
Pepper Cashew,B: Transform->Pack (in-line),2,Final FG,Packing,SFG0231,SFG,FG,FG,
Pepper Pista 100g Pet,B: Transform->Pack (in-line),1,Create WIP,Create WIP: Roast & Flavour/Salt,RM,RM,SFG0232,SFG,Roast & Flavour/Salt
Pepper Pista 100g Pet,B: Transform->Pack (in-line),2,Final FG,Packing,SFG0232,SFG,FG,FG,
Pepper Pista Inshell,B: Transform->Pack (in-line),1,Create WIP,Create WIP: Roast & Flavour/Salt,RM,RM,SFG0233,SFG,Roast & Flavour/Salt
Pepper Pista Inshell,B: Transform->Pack (in-line),2,Final FG,Packing,SFG0233,SFG,FG,FG,
Peri Peri Cashew,C: Pack of existing SFG,1,Final FG,Packing,SFG0235,SFG,FG,FG,
Peri Peri Cashew Bulk,A: WIP producer (bulk),1,Create WIP,Create WIP: Roast & Flavour/Salt,RM,RM,SFG0235,SFG,Roast & Flavour/Salt
Peri Peri Cashew Bulk,A: WIP producer (bulk),2,Final FG,Packing,SFG0235,SFG,FG,FG,
Peri Peri Pecannut,B: Transform->Pack (in-line),1,Create WIP,Create WIP: Roast & Flavour/Salt,RM,RM,SFG0236,SFG,Roast & Flavour/Salt
Peri Peri Pecannut,B: Transform->Pack (in-line),2,Final FG,Packing,SFG0236,SFG,FG,FG,
Pine Nut Kernel,D: Pack-only,1,Final FG,Sorting + Packing,RM,RM,FG,FG,
Pink Salt Almonds Bulk,A: WIP producer (bulk),1,Create WIP,Create WIP: Roast & Flavour/Salt,RM,RM,SFG0237,SFG,Roast & Flavour/Salt
Pink Salt Almonds Bulk,A: WIP producer (bulk),2,Final FG,Packing,SFG0237,SFG,FG,FG,
Pink Salt Pistachios 90gm,D: Pack-only,1,Final FG,Sorting + Packing,RM,RM,FG,FG,
Pista Akbari Roasted and Salted,B: Transform->Pack (in-line),1,Create WIP,Create WIP: Roast & Flavour/Salt,RM,RM,SFG0238,SFG,Roast & Flavour/Salt
Pista Akbari Roasted and Salted,B: Transform->Pack (in-line),2,Final FG,Packing,SFG0238,SFG,FG,FG,
Pista Irani 101 Inshell Roasted and salted,B: Transform->Pack (in-line),1,Create WIP,Create WIP: Roast & Flavour/Salt,RM,RM,SFG0239,SFG,Roast & Flavour/Salt
Pista Irani 101 Inshell Roasted and salted,B: Transform->Pack (in-line),2,Final FG,Packing,SFG0239,SFG,FG,FG,
Pista Irani Inshell Roasted and Salted,B: Transform->Pack (in-line),1,Create WIP,Create WIP: Roast & Flavour/Salt,RM,RM,SFG0240,SFG,Roast & Flavour/Salt
Pista Irani Inshell Roasted and Salted,B: Transform->Pack (in-line),2,Final FG,Packing,SFG0240,SFG,FG,FG,
Pista Kernal Roasted and Salted,D: Pack-only,1,Final FG,Sorting + Packing,RM,RM,FG,FG,
Pista Kernel,D: Pack-only,1,Final FG,Sorting + Packing,RM,RM,FG,FG,
Plain Coated Peanuts,B: Transform->Pack (in-line),1,Create WIP,Create WIP: Roast & Flavour/Salt,RM,RM,SFG0242,SFG,Roast & Flavour/Salt
Plain Coated Peanuts,B: Transform->Pack (in-line),2,Final FG,Packing,SFG0242,SFG,FG,FG,
Planck Foods Multi Millet 5 GC puffs 210g,B: Transform->Pack (in-line),1,Create WIP,Create WIP: Roasting,RM,RM,SFG0243,SFG,Roasting
Planck Foods Multi Millet 5 GC puffs 210g,B: Transform->Pack (in-line),2,Final FG,Packing,SFG0243,SFG,FG,FG,
"Popular Raisins, 500 g (B07GR3S1RR)",D: Pack-only,1,Final FG,Sorting + Packing,RM,RM,FG,FG,
Premia Almond Salted 100 Gm,C: Pack of existing SFG,1,Final FG,Packing,SFG0261,SFG,FG,FG,
Premia Breakfast Mix 100g (100005226),C: Pack of existing SFG,1,Final FG,Packing,SFG0337,SFG,FG,FG,
Premia Cashew Black Pepper 100 Gm,C: Pack of existing SFG,1,Final FG,Packing,SFG0024,SFG,FG,FG,
Premia Cashew Salted 100 Gm,D: Pack-only,1,Final FG,Sorting + Packing,RM,RM,FG,FG,
Premia Chatpata Cranberry 100gm,D: Pack-only,1,Final FG,Sorting + Packing,RM,RM,FG,FG,
Premia Indian Raisin 100gm,D: Pack-only,1,Final FG,Sorting + Packing,RM,RM,FG,FG,
Premia Nuts & Seeds Mix 100g (100005422),C: Pack of existing SFG,1,Final FG,Packing,SFG0338,SFG,FG,FG,
Premia Prunes 100gm,D: Pack-only,1,Final FG,Sorting + Packing,RM,RM,FG,FG,
Premia Trail Mix 100g (100005227),C: Pack of existing SFG,1,Final FG,Packing,SFG0339,SFG,FG,FG,
Premium Trail Mix 100gm,B: Transform->Pack (in-line),1,Create WIP,Create WIP: Roast & Flavour/Salt,RM,RM,SFG0244,SFG,Roast & Flavour/Salt
Premium Trail Mix 100gm,B: Transform->Pack (in-line),2,Final FG,Packing,SFG0244,SFG,FG,FG,
Prunes 1KG (B07GR24VN1),D: Pack-only,1,Final FG,Sorting + Packing,RM,RM,FG,FG,
Prunes 200G (B07GQWRZKN),D: Pack-only,1,Final FG,Sorting + Packing,RM,RM,FG,FG,
Prunes 500G (B07GQZSS53),D: Pack-only,1,Final FG,Sorting + Packing,RM,RM,FG,FG,
Pudina Cashew,B: Transform->Pack (in-line),1,Create WIP,Create WIP: Roast & Flavour/Salt,RM,RM,SFG0245,SFG,Roast & Flavour/Salt
Pudina Cashew,B: Transform->Pack (in-line),2,Final FG,Packing,SFG0245,SFG,FG,FG,
Pudina Makhana,B: Transform->Pack (in-line),1,Create WIP,Create WIP: Roast & Flavour/Salt,RM,RM,SFG0246,SFG,Roast & Flavour/Salt
Pudina Makhana,B: Transform->Pack (in-line),2,Final FG,Packing,SFG0246,SFG,FG,FG,
Pumpkin Seeds 500G (B07GQWST7Y) FBA,D: Pack-only,1,Final FG,Sorting + Packing,RM,RM,FG,FG,
Pumpkin Seeds Roasted,B: Transform->Pack (in-line),1,Create WIP,Create WIP: Roasting,RM,RM,SFG0247,SFG,Roasting
Pumpkin Seeds Roasted,B: Transform->Pack (in-line),2,Final FG,Packing,SFG0247,SFG,FG,FG,
Pumpkin Seeds Roasted and Salted,B: Transform->Pack (in-line),1,Create WIP,Create WIP: Roast & Flavour/Salt,RM,RM,SFG0248,SFG,Roast & Flavour/Salt
Pumpkin Seeds Roasted and Salted,B: Transform->Pack (in-line),2,Final FG,Packing,SFG0248,SFG,FG,FG,
ROYAL TRADITIONS SHUBHKAMNA-300G (14179),D: Pack-only,1,Final FG,Sorting + Packing,RM,RM,FG,FG,
ROYAL TRADITON SNACK MASALA MIX 100G,B: Transform->Pack (in-line),1,Create WIP,Create WIP: Roast & Flavour/Salt,RM,RM,SFG0276,SFG,Roast & Flavour/Salt
ROYAL TRADITON SNACK MASALA MIX 100G,B: Transform->Pack (in-line),2,Final FG,Packing,SFG0276,SFG,FG,FG,
ROYAL TRADITON SNACK MIX CHATPATA-100G,B: Transform->Pack (in-line),1,Create WIP,Create WIP: Roast & Flavour/Salt,RM,RM,SFG0277,SFG,Roast & Flavour/Salt
ROYAL TRADITON SNACK MIX CHATPATA-100G,B: Transform->Pack (in-line),2,Final FG,Packing,SFG0277,SFG,FG,FG,
Raisins 200G (B07GRBFFMR) FBA,D: Pack-only,1,Final FG,Sorting + Packing,RM,RM,FG,FG,
Red Dates Seedless 500 Gm,B: Transform->Pack (in-line),1,Create WIP,Create WIP: De-Seeding,RM,RM,SFG0249,SFG,De-Seeding
Red Dates Seedless 500 Gm,B: Transform->Pack (in-line),2,Final FG,Packing,SFG0249,SFG,FG,FG,
Rhine Valley Almond & Coffee Date Bar 50gm,B: Transform->Pack (in-line),1,Create WIP,Create WIP: Blend & Form,RM,RM,SFG0250,SFG,Blend & Form
Rhine Valley Almond & Coffee Date Bar 50gm,B: Transform->Pack (in-line),2,Final FG,Packing,SFG0250,SFG,FG,FG,
Rhine Valley Almond & Cranberry Date Bar 50gm,B: Transform->Pack (in-line),1,Create WIP,Create WIP: Blend & Form,RM,RM,SFG0251,SFG,Blend & Form
Rhine Valley Almond & Cranberry Date Bar 50gm,B: Transform->Pack (in-line),2,Final FG,Packing,SFG0251,SFG,FG,FG,
Rhine Valley Almond & Orange Dark Chocolate Date Bar 50gm,B: Transform->Pack (in-line),1,Create WIP,Create WIP: Blend & Form,RM,RM,SFG0252,SFG,Blend & Form
Rhine Valley Almond & Orange Dark Chocolate Date Bar 50gm,B: Transform->Pack (in-line),2,Final FG,Packing,SFG0252,SFG,FG,FG,
Rhine Valley Barbeque Trail Mix 100gm,B: Transform->Pack (in-line),1,Create WIP,Create WIP: Roast & Flavour/Salt,RM,RM,SFG0253,SFG,Roast & Flavour/Salt
Rhine Valley Barbeque Trail Mix 100gm,B: Transform->Pack (in-line),2,Final FG,Packing,SFG0253,SFG,FG,FG,
Rhine Valley Black Pepper Trail Mix 100gm,B: Transform->Pack (in-line),1,Create WIP,Create WIP: Roast & Flavour/Salt,RM,RM,SFG0254,SFG,Roast & Flavour/Salt
Rhine Valley Black Pepper Trail Mix 100gm,B: Transform->Pack (in-line),2,Final FG,Packing,SFG0254,SFG,FG,FG,
Rhine Valley Fruit & Nut Date Bar 50gm,B: Transform->Pack (in-line),1,Create WIP,Create WIP: Blend & Form,RM,RM,SFG0255,SFG,Blend & Form
Rhine Valley Fruit & Nut Date Bar 50gm,B: Transform->Pack (in-line),2,Final FG,Packing,SFG0255,SFG,FG,FG,
Rhine Valley Himalayan Pink Salt Trail Mix 100gm,B: Transform->Pack (in-line),1,Create WIP,Create WIP: Roast & Flavour/Salt,RM,RM,SFG0256,SFG,Roast & Flavour/Salt
Rhine Valley Himalayan Pink Salt Trail Mix 100gm,B: Transform->Pack (in-line),2,Final FG,Packing,SFG0256,SFG,FG,FG,
Rhine Valley Masala Trail mix 100g,B: Transform->Pack (in-line),1,Create WIP,Create WIP: Roast & Flavour/Salt,RM,RM,SFG0257,SFG,Roast & Flavour/Salt
Rhine Valley Masala Trail mix 100g,B: Transform->Pack (in-line),2,Final FG,Packing,SFG0257,SFG,FG,FG,
Rhine Valley Peri Peri Trail Mix 100gm,B: Transform->Pack (in-line),1,Create WIP,Create WIP: Roast & Flavour/Salt,RM,RM,SFG0258,SFG,Roast & Flavour/Salt
Rhine Valley Peri Peri Trail Mix 100gm,B: Transform->Pack (in-line),2,Final FG,Packing,SFG0258,SFG,FG,FG,
"Rhine Valley Raspberry, Almond & Dark Chocolate Date Bar 50gm",B: Transform->Pack (in-line),1,Create WIP,Create WIP: Blend & Form,RM,RM,SFG0259,SFG,Blend & Form
"Rhine Valley Raspberry, Almond & Dark Chocolate Date Bar 50gm",B: Transform->Pack (in-line),2,Final FG,Packing,SFG0259,SFG,FG,FG,
Rhine Valley Rose & Pistachio Date Bar 50gm,B: Transform->Pack (in-line),1,Create WIP,Create WIP: Blend & Form,RM,RM,SFG0260,SFG,Blend & Form
Rhine Valley Rose & Pistachio Date Bar 50gm,B: Transform->Pack (in-line),2,Final FG,Packing,SFG0260,SFG,FG,FG,
Roasted & Salted Almonds,C: Pack of existing SFG,1,Final FG,Packing,SFG0261,SFG,FG,FG,
Roasted & Salted Almonds 140g,C: Pack of existing SFG,1,Final FG,Packing,SFG0261,SFG,FG,FG,
Roasted & Salted Almonds 75g,C: Pack of existing SFG,1,Final FG,Packing,SFG0261,SFG,FG,FG,
Roasted & Salted Almonds 90g,C: Pack of existing SFG,1,Final FG,Packing,SFG0261,SFG,FG,FG,
Roasted & Salted Almonds Bulk,D: Pack-only,1,Final FG,Sorting + Packing,RM,RM,FG,FG,
Roasted & Salted Cashew,C: Pack of existing SFG,1,Final FG,Packing,SFG0262,SFG,FG,FG,
Roasted & Salted Cashew  140g,C: Pack of existing SFG,1,Final FG,Packing,SFG0262,SFG,FG,FG,
Roasted & Salted Cashew 75gm,C: Pack of existing SFG,1,Final FG,Packing,SFG0262,SFG,FG,FG,
Roasted & Salted Cashew 90gm,C: Pack of existing SFG,1,Final FG,Packing,SFG0262,SFG,FG,FG,
Roasted & Salted Cashew Bulk,A: WIP producer (bulk),1,Create WIP,Create WIP: Roast & Flavour/Salt,RM,RM,SFG0262,SFG,Roast & Flavour/Salt
Roasted & Salted Cashew Bulk,A: WIP producer (bulk),2,Final FG,Packing,SFG0262,SFG,FG,FG,
Roasted & Salted Pecan Nuts 75gm,B: Transform->Pack (in-line),1,Create WIP,Create WIP: Roast & Flavour/Salt,RM,RM,SFG0263,SFG,Roast & Flavour/Salt
Roasted & Salted Pecan Nuts 75gm,B: Transform->Pack (in-line),2,Final FG,Packing,SFG0263,SFG,FG,FG,
Roasted & Salted Pista 230g,B: Transform->Pack (in-line),1,Create WIP,Create WIP: Roast & Flavour/Salt,RM,RM,SFG0264,SFG,Roast & Flavour/Salt
Roasted & Salted Pista 230g,B: Transform->Pack (in-line),2,Final FG,Packing,SFG0264,SFG,FG,FG,
Roasted Black Sesame (Kale Til) Seeds,B: Transform->Pack (in-line),1,Create WIP,Create WIP: Roasting,RM,RM,SFG0265,SFG,Roasting
Roasted Black Sesame (Kale Til) Seeds,B: Transform->Pack (in-line),2,Final FG,Packing,SFG0265,SFG,FG,FG,
Roasted Cashew Bulk,D: Pack-only,1,Final FG,Sorting + Packing,RM,RM,FG,FG,
Roasted Flax Seeds,B: Transform->Pack (in-line),1,Create WIP,Create WIP: Roasting,RM,RM,SFG0266,SFG,Roasting
Roasted Flax Seeds,B: Transform->Pack (in-line),2,Final FG,Packing,SFG0266,SFG,FG,FG,
Roasted Independence Almonds Bulk,D: Pack-only,1,Final FG,Sorting + Packing,RM,RM,FG,FG,
Roasted Makhana,B: Transform->Pack (in-line),1,Create WIP,Create WIP: Roasting,RM,RM,SFG0267,SFG,Roasting
Roasted Makhana,B: Transform->Pack (in-line),2,Final FG,Packing,SFG0267,SFG,FG,FG,
Roasted Peanuts,B: Transform->Pack (in-line),1,Create WIP,Create WIP: Roasting,RM,RM,SFG0268,SFG,Roasting
Roasted Peanuts,B: Transform->Pack (in-line),2,Final FG,Packing,SFG0268,SFG,FG,FG,
Roasted Peanuts Split,B: Transform->Pack (in-line),1,Create WIP,Create WIP: Roasting,RM,RM,SFG0269,SFG,Roasting
Roasted Peanuts Split,B: Transform->Pack (in-line),2,Final FG,Packing,SFG0269,SFG,FG,FG,
Roasted Poppy Seed,B: Transform->Pack (in-line),1,Create WIP,Create WIP: Roasting,RM,RM,SFG0270,SFG,Roasting
Roasted Poppy Seed,B: Transform->Pack (in-line),2,Final FG,Packing,SFG0270,SFG,FG,FG,
Roasted Salted Flax Seeds,B: Transform->Pack (in-line),1,Create WIP,Create WIP: Roasting,RM,RM,SFG0271,SFG,Roasting
Roasted Salted Flax Seeds,B: Transform->Pack (in-line),2,Final FG,Packing,SFG0271,SFG,FG,FG,
Roasted White Sesame (Safed Til) Seeds,B: Transform->Pack (in-line),1,Create WIP,Create WIP: Roasting,RM,RM,SFG0272,SFG,Roasting
Roasted White Sesame (Safed Til) Seeds,B: Transform->Pack (in-line),2,Final FG,Packing,SFG0272,SFG,FG,FG,
Royal Delight Ajwa Dates 250 Gms,D: Pack-only,1,Final FG,Sorting + Packing,RM,RM,FG,FG,
Royal Delight Arabian Dates 200gm,D: Pack-only,1,Final FG,Sorting + Packing,RM,RM,FG,FG,
Royal Delight Arabian Dates 250g,D: Pack-only,1,Final FG,Sorting + Packing,RM,RM,FG,FG,
Royal Delight Arabian Dates 500gm,D: Pack-only,1,Final FG,Sorting + Packing,RM,RM,FG,FG,
Royal Delight Assorted Dates 500gm,D: Pack-only,1,Final FG,Sorting + Packing,RM,RM,FG,FG,
Royal Delight Dates Ajwa 800g,D: Pack-only,1,Final FG,Sorting + Packing,RM,RM,FG,FG,
Royal Delight Dates Medjool Medium 250g,D: Pack-only,1,Final FG,Sorting + Packing,RM,RM,FG,FG,
Royal Delight Kimia Dates 1kg,D: Pack-only,1,Final FG,Sorting + Packing,RM,RM,FG,FG,
Royal Delight Kimia Dates 350gm,D: Pack-only,1,Final FG,Sorting + Packing,RM,RM,FG,FG,
Royal Delight Mabroom Dates 250 Gms,D: Pack-only,1,Final FG,Sorting + Packing,RM,RM,FG,FG,
Royal Delight Medjool Dates 800g,D: Pack-only,1,Final FG,Sorting + Packing,RM,RM,FG,FG,
Royal Delight Medjoul Dates 250 Gms,D: Pack-only,1,Final FG,Sorting + Packing,RM,RM,FG,FG,
Royal Delight Oman Dates 1 Kgs,D: Pack-only,1,Final FG,Sorting + Packing,RM,RM,FG,FG,
Royal Delight Oman Dates 400 Gms,D: Pack-only,1,Final FG,Sorting + Packing,RM,RM,FG,FG,
Royal Delight Safavi Dates 250 Gms,D: Pack-only,1,Final FG,Sorting + Packing,RM,RM,FG,FG,
Royal Delight Safavi Dates 5kg,D: Pack-only,1,Final FG,Sorting + Packing,RM,RM,FG,FG,
Royal Delight Stuff Medjoul Dates 21 Pcs,B: Transform->Pack (in-line),1,Create WIP,Create WIP: De-Seeding + Stuffing,RM,RM,SFG0273,SFG,De-Seeding + Stuffing
Royal Delight Stuff Medjoul Dates 21 Pcs,B: Transform->Pack (in-line),2,Final FG,Packing,SFG0273,SFG,FG,FG,
Royal Delight Stuffed Medjoul Dates 12 Pcs,B: Transform->Pack (in-line),1,Create WIP,Create WIP: De-Seeding + Stuffing,RM,RM,SFG0274,SFG,De-Seeding + Stuffing
Royal Delight Stuffed Medjoul Dates 12 Pcs,B: Transform->Pack (in-line),2,Final FG,Packing,SFG0274,SFG,FG,FG,
Royal Delight Stuffed Medjul Large Dates 12 Pieces,B: Transform->Pack (in-line),1,Create WIP,Create WIP: De-Seeding + Stuffing,RM,RM,SFG0275,SFG,De-Seeding + Stuffing
Royal Delight Stuffed Medjul Large Dates 12 Pieces,B: Transform->Pack (in-line),2,Final FG,Packing,SFG0275,SFG,FG,FG,
Royal Traditions Almond 100g,D: Pack-only,1,Final FG,Sorting + Packing,RM,RM,FG,FG,
Royal Traditions Almonds Salted 100g,C: Pack of existing SFG,1,Final FG,Packing,SFG0261,SFG,FG,FG,
Royal Traditions Cashew 100g,D: Pack-only,1,Final FG,Sorting + Packing,RM,RM,FG,FG,
Royal Traditions Cashew Black Pepper 100g,C: Pack of existing SFG,1,Final FG,Packing,SFG0024,SFG,FG,FG,
Royal Traditions Cashew Salted 100g,C: Pack of existing SFG,1,Final FG,Packing,SFG0262,SFG,FG,FG,
Royal Traditions Cranberries Chatpata 100g,D: Pack-only,1,Final FG,Sorting + Packing,RM,RM,FG,FG,
Royal Traditions Mahotsav Dry Fruits 500gm,D: Pack-only,1,Final FG,Sorting + Packing,RM,RM,FG,FG,
Royal Traditions Plain Raisins 100g,D: Pack-only,1,Final FG,Sorting + Packing,RM,RM,FG,FG,
Royal Traditions Tyohar 400gm,D: Pack-only,1,Final FG,Sorting + Packing,RM,RM,FG,FG,
Royal Traditions Utsav 300g,D: Pack-only,1,Final FG,Sorting + Packing,RM,RM,FG,FG,
Royal delight Medjoul Dates 400gm,D: Pack-only,1,Final FG,Sorting + Packing,RM,RM,FG,FG,
SHAHI UPHAR 300gm,D: Pack-only,1,Final FG,Sorting + Packing,RM,RM,FG,FG,
SHUBHKAMANYEN 180gm,D: Pack-only,1,Final FG,Sorting + Packing,RM,RM,FG,FG,
SIGNATURE COLLECTIONS 600gm,D: Pack-only,1,Final FG,Sorting + Packing,RM,RM,FG,FG,
SPAR BANDHAN FESTIVE DRY FRUIT BOX 800G,D: Pack-only,1,Final FG,Sorting + Packing,RM,RM,FG,FG,
SPAR SELECT ALMONDS 500G,D: Pack-only,1,Final FG,Sorting + Packing,RM,RM,FG,FG,
SUPREME 800gm,D: Pack-only,1,Final FG,Sorting + Packing,RM,RM,FG,FG,
Salt and Pepper Cashew Bulk,A: WIP producer (bulk),1,Create WIP,Create WIP: Roast & Flavour/Salt,RM,RM,SFG0278,SFG,Roast & Flavour/Salt
Salt and Pepper Cashew Bulk,A: WIP producer (bulk),2,Final FG,Packing,SFG0278,SFG,FG,FG,
Salted Premium Nut Mix,B: Transform->Pack (in-line),1,Create WIP,Create WIP: Roast & Flavour/Salt,RM,RM,SFG0279,SFG,Roast & Flavour/Salt
Salted Premium Nut Mix,B: Transform->Pack (in-line),2,Final FG,Packing,SFG0279,SFG,FG,FG,
Sea Salt Dry - Roasted Macadamia Nuts- Size 1,D: Pack-only,1,Final FG,Sorting + Packing,RM,RM,FG,FG,
Seed Mix,B: Transform->Pack (in-line),1,Create WIP,Create WIP: Roasting,RM,RM,SFG0280,SFG,Roasting
Seed Mix,B: Transform->Pack (in-line),2,Final FG,Packing,SFG0280,SFG,FG,FG,
Seed Trail Mix,B: Transform->Pack (in-line),1,Create WIP,Create WIP: Roasting,RM,RM,SFG0281,SFG,Roasting
Seed Trail Mix,B: Transform->Pack (in-line),2,Final FG,Packing,SFG0281,SFG,FG,FG,
Seedy Sheid- Lime Chilly 33gm,B: Transform->Pack (in-line),1,Create WIP,Create WIP: Roast & Flavour/Salt,RM,RM,SFG0282,SFG,Roast & Flavour/Salt
Seedy Sheid- Lime Chilly 33gm,B: Transform->Pack (in-line),2,Final FG,Packing,SFG0282,SFG,FG,FG,
Seedy Sheid- Lime Chilly 35gm,B: Transform->Pack (in-line),1,Create WIP,Create WIP: Roast & Flavour/Salt,RM,RM,SFG0282,SFG,Roast & Flavour/Salt
Seedy Sheid- Lime Chilly 35gm,B: Transform->Pack (in-line),2,Final FG,Packing,SFG0282,SFG,FG,FG,
Single Safavi Stuffed Dates,B: Transform->Pack (in-line),1,Create WIP,Create WIP: De-Seeding + Stuffing,RM,RM,SFG0283,SFG,De-Seeding + Stuffing
Single Safavi Stuffed Dates,B: Transform->Pack (in-line),2,Final FG,Packing,SFG0283,SFG,FG,FG,
Smoked Almonds,C: Pack of existing SFG,1,Final FG,Packing,SFG0284,SFG,FG,FG,
Smoked Almonds Bulk,A: WIP producer (bulk),1,Create WIP,Create WIP: Roast & Flavour/Salt,RM,RM,SFG0284,SFG,Roast & Flavour/Salt
Smoked Almonds Bulk,A: WIP producer (bulk),2,Final FG,Packing,SFG0284,SFG,FG,FG,
Smokey BBQ Cashew Bulk,A: WIP producer (bulk),1,Create WIP,Create WIP: Roast & Flavour/Salt,RM,RM,SFG0285,SFG,Roast & Flavour/Salt
Smokey BBQ Cashew Bulk,A: WIP producer (bulk),2,Final FG,Packing,SFG0285,SFG,FG,FG,
Smokey BBQ Coated Peanuts 200g,B: Transform->Pack (in-line),1,Create WIP,Create WIP: Roast & Flavour/Salt,RM,RM,SFG0286,SFG,Roast & Flavour/Salt
Smokey BBQ Coated Peanuts 200g,B: Transform->Pack (in-line),2,Final FG,Packing,SFG0286,SFG,FG,FG,
Smokey BBQ Coated Peanuts 70gm,B: Transform->Pack (in-line),1,Create WIP,Create WIP: Roast & Flavour/Salt,RM,RM,SFG0286,SFG,Roast & Flavour/Salt
Smokey BBQ Coated Peanuts 70gm,B: Transform->Pack (in-line),2,Final FG,Packing,SFG0286,SFG,FG,FG,
Snack Amor Diwali Gift Box 400gm,D: Pack-only,1,Final FG,Sorting + Packing,RM,RM,FG,FG,
Snack Amor Popcorn Makhana 55 Gm,B: Transform->Pack (in-line),1,Create WIP,Create WIP: Roast & Flavour/Salt,RM,RM,SFG0287,SFG,Roast & Flavour/Salt
Snack Amor Popcorn Makhana 55 Gm,B: Transform->Pack (in-line),2,Final FG,Packing,SFG0287,SFG,FG,FG,
Snack Amor Roasted Cashew 170 Gm,C: Pack of existing SFG,1,Final FG,Packing,SFG0340,SFG,FG,FG,
Snackania Afghan Black Raisins 230g,D: Pack-only,1,Final FG,Sorting + Packing,RM,RM,FG,FG,
Snackania Afghan Green Raisins 230g,D: Pack-only,1,Final FG,Sorting + Packing,RM,RM,FG,FG,
Snackania Ajwa Dates 480g,D: Pack-only,1,Final FG,Sorting + Packing,RM,RM,FG,FG,
Snackania American Almonds 480g,D: Pack-only,1,Final FG,Sorting + Packing,RM,RM,FG,FG,
Snackania Blueberry 230g,D: Pack-only,1,Final FG,Sorting + Packing,RM,RM,FG,FG,
Snackania California Pistachio Roasted & Salted 230g,B: Transform->Pack (in-line),1,Create WIP,Create WIP: Roast & Flavour/Salt,RM,RM,SFG0288,SFG,Roast & Flavour/Salt
Snackania California Pistachio Roasted & Salted 230g,B: Transform->Pack (in-line),2,Final FG,Packing,SFG0288,SFG,FG,FG,
Snackania Cashew 480g,D: Pack-only,1,Final FG,Sorting + Packing,RM,RM,FG,FG,
Snackania Chile Walnut Kernel 230g,D: Pack-only,1,Final FG,Sorting + Packing,RM,RM,FG,FG,
Snackania Cocktail Mix 480g,B: Transform->Pack (in-line),1,Create WIP,Create WIP: Roast & Flavour/Salt,RM,RM,SFG0289,SFG,Roast & Flavour/Salt
Snackania Cocktail Mix 480g,B: Transform->Pack (in-line),2,Final FG,Packing,SFG0289,SFG,FG,FG,
Snackania Cranberry 230g,D: Pack-only,1,Final FG,Sorting + Packing,RM,RM,FG,FG,
Snackania Fard Dates Premium 480g,D: Pack-only,1,Final FG,Sorting + Packing,RM,RM,FG,FG,
Snackania Green Chilli Cashew 230g,D: Pack-only,1,Final FG,Sorting + Packing,RM,RM,FG,FG,
Snackania Irani Pistachio Roasted & Salted 230g,B: Transform->Pack (in-line),1,Create WIP,Create WIP: Roast & Flavour/Salt,RM,RM,SFG0290,SFG,Roast & Flavour/Salt
Snackania Irani Pistachio Roasted & Salted 230g,B: Transform->Pack (in-line),2,Final FG,Packing,SFG0290,SFG,FG,FG,
Snackania Khalas Dates 480g,D: Pack-only,1,Final FG,Sorting + Packing,RM,RM,FG,FG,
Snackania Safavi Dates 480g,D: Pack-only,1,Final FG,Sorting + Packing,RM,RM,FG,FG,
Snacktive Green Chilli Cashew 250 gm,B: Transform->Pack (in-line),1,Create WIP,Create WIP: Roast & Flavour/Salt,RM,RM,SFG0291,SFG,Roast & Flavour/Salt
Snacktive Green Chilli Cashew 250 gm,B: Transform->Pack (in-line),2,Final FG,Packing,SFG0291,SFG,FG,FG,
Solimo Cashew 250g (B01LPY9PHI)-FBA,D: Pack-only,1,Final FG,Sorting + Packing,RM,RM,FG,FG,
Solimo Cashew 500g (B01LPY9UG4) FBA,D: Pack-only,1,Final FG,Sorting + Packing,RM,RM,FG,FG,
Solimo Dates 500g (B085NTZMVR),D: Pack-only,1,Final FG,Sorting + Packing,RM,RM,FG,FG,
Solimo Fard Dates 500gm (B0CZ9MC4B3),D: Pack-only,1,Final FG,Sorting + Packing,RM,RM,FG,FG,
Solimo Figs 500g (B084429DVD) FBA,D: Pack-only,1,Final FG,Sorting + Packing,RM,RM,FG,FG,
Solimo Preimum Almonds 1kg (B01LPY9P2I) - FBA,D: Pack-only,1,Final FG,Sorting + Packing,RM,RM,FG,FG,
Solimo Premium Almonds 250g ( B01LPY9XY8 ),D: Pack-only,1,Final FG,Sorting + Packing,RM,RM,FG,FG,
Solimo Premium Dried Apricots 500g 9B07PZWP8Z1,D: Pack-only,1,Final FG,Sorting + Packing,RM,RM,FG,FG,
Solimo Premium Hazelnuts 250g (B07MLDJKTP) FBA,D: Pack-only,1,Final FG,Sorting + Packing,RM,RM,FG,FG,
Solimo Premium Macadamia Nuts 250g (B07MLD6WFQ),B: Transform->Pack (in-line),1,Create WIP,Create WIP: Roasting,RM,RM,SFG0292,SFG,Roasting
Solimo Premium Macadamia Nuts 250g (B07MLD6WFQ),B: Transform->Pack (in-line),2,Final FG,Packing,SFG0292,SFG,FG,FG,
"Solimo Premium Pecan Nuts, 250g (B07MF7K9HD)",D: Pack-only,1,Final FG,Sorting + Packing,RM,RM,FG,FG,
"Solimo Premium Pine Nuts, 250g (B07MF7FRRG)",D: Pack-only,1,Final FG,Sorting + Packing,RM,RM,FG,FG,
Solimo Premium Pista Kernels - Plain 250g (B07Q1Z293G),D: Pack-only,1,Final FG,Sorting + Packing,RM,RM,FG,FG,
Solimo Premium Raisin 250g (B01LPYAB9O),D: Pack-only,1,Final FG,Sorting + Packing,RM,RM,FG,FG,
"Solimo Premium Raisins, 500 g (B07RJXW87Z)",D: Pack-only,1,Final FG,Sorting + Packing,RM,RM,FG,FG,
Solimo Premium Walnut Kernal 250g (B0754LKDJ4),D: Pack-only,1,Final FG,Sorting + Packing,RM,RM,FG,FG,
Solimo Premium Walnut Kernels - Broken 500g B07LF8HCLL,C: Pack of existing SFG,1,Final FG,Packing,SFG0333,SFG,FG,FG,
Solimo Premium Walnut Kernels 500g (B07LFH2JNR),D: Pack-only,1,Final FG,Sorting + Packing,RM,RM,FG,FG,
Solimo Premium Walnut Kernels 500g (Pack of 2) B07LF8HGDB,D: Pack-only,1,Final FG,Sorting + Packing,RM,RM,FG,FG,
Solimo Walnut Kernels – Broken 500g (Pack of 2) B07LFJZR4G,C: Pack of existing SFG,1,Final FG,Packing,SFG0333,SFG,FG,FG,
Sour & Cream Cashew Bulk,A: WIP producer (bulk),1,Create WIP,Create WIP: Roast & Flavour/Salt,RM,RM,SFG0293,SFG,Roast & Flavour/Salt
Sour & Cream Cashew Bulk,A: WIP producer (bulk),2,Final FG,Packing,SFG0293,SFG,FG,FG,
Stuffed Dates 1kg,B: Transform->Pack (in-line),1,Create WIP,Create WIP: De-Seeding + Stuffing,RM,RM,SFG0294,SFG,De-Seeding + Stuffing
Stuffed Dates 1kg,B: Transform->Pack (in-line),2,Final FG,Packing,SFG0294,SFG,FG,FG,
Stuffed Medjoul Large Pc,B: Transform->Pack (in-line),1,Create WIP,Create WIP: De-Seeding + Stuffing,RM,RM,SFG0295,SFG,De-Seeding + Stuffing
Stuffed Medjoul Large Pc,B: Transform->Pack (in-line),2,Final FG,Packing,SFG0295,SFG,FG,FG,
Stuffed Medjoul Large Pc with Almond,B: Transform->Pack (in-line),1,Create WIP,Create WIP: De-Seeding + Stuffing,RM,RM,SFG0296,SFG,De-Seeding + Stuffing
Stuffed Medjoul Large Pc with Almond,B: Transform->Pack (in-line),2,Final FG,Packing,SFG0296,SFG,FG,FG,
Stuffed Medjoul Large Pc with Dried Pomelo,B: Transform->Pack (in-line),1,Create WIP,Create WIP: De-Seeding + Stuffing,RM,RM,SFG0297,SFG,De-Seeding + Stuffing
Stuffed Medjoul Large Pc with Dried Pomelo,B: Transform->Pack (in-line),2,Final FG,Packing,SFG0297,SFG,FG,FG,
Stuffed Medjoul Large Pc with Hazel Nut,B: Transform->Pack (in-line),1,Create WIP,Create WIP: De-Seeding + Stuffing,RM,RM,SFG0298,SFG,De-Seeding + Stuffing
Stuffed Medjoul Large Pc with Hazel Nut,B: Transform->Pack (in-line),2,Final FG,Packing,SFG0298,SFG,FG,FG,
Stuffed Medjoul Large Pc with Macadamia,B: Transform->Pack (in-line),1,Create WIP,Create WIP: De-Seeding + Stuffing,RM,RM,SFG0299,SFG,De-Seeding + Stuffing
Stuffed Medjoul Large Pc with Macadamia,B: Transform->Pack (in-line),2,Final FG,Packing,SFG0299,SFG,FG,FG,
Stuffed Medjoul Large Pc with Orange Peel,B: Transform->Pack (in-line),1,Create WIP,Create WIP: De-Seeding + Stuffing,RM,RM,SFG0300,SFG,De-Seeding + Stuffing
Stuffed Medjoul Large Pc with Orange Peel,B: Transform->Pack (in-line),2,Final FG,Packing,SFG0300,SFG,FG,FG,
Stuffed Medjoul Large Pc with Pecan Nut,B: Transform->Pack (in-line),1,Create WIP,Create WIP: De-Seeding + Stuffing,RM,RM,SFG0301,SFG,De-Seeding + Stuffing
Stuffed Medjoul Large Pc with Pecan Nut,B: Transform->Pack (in-line),2,Final FG,Packing,SFG0301,SFG,FG,FG,
Stuffed Medjoul Large Pc with Pista,B: Transform->Pack (in-line),1,Create WIP,Create WIP: De-Seeding + Stuffing,RM,RM,SFG0302,SFG,De-Seeding + Stuffing
Stuffed Medjoul Large Pc with Pista,B: Transform->Pack (in-line),2,Final FG,Packing,SFG0302,SFG,FG,FG,
Sunflower Seed 100g (B07GR6G24J) FBA,B: Transform->Pack (in-line),1,Create WIP,Create WIP: Roasting,RM,RM,SFG0303,SFG,Roasting
Sunflower Seed 100g (B07GR6G24J) FBA,B: Transform->Pack (in-line),2,Final FG,Packing,SFG0303,SFG,FG,FG,
Sunflower Seeds 200g (B07GQNLN8S) FBA,D: Pack-only,1,Final FG,Sorting + Packing,RM,RM,FG,FG,
Sunflower Seeds Roasted,B: Transform->Pack (in-line),1,Create WIP,Create WIP: Roasting,RM,RM,SFG0304,SFG,Roasting
Sunflower Seeds Roasted,B: Transform->Pack (in-line),2,Final FG,Packing,SFG0304,SFG,FG,FG,
Sunflower Seeds Roasted and Salted,B: Transform->Pack (in-line),1,Create WIP,Create WIP: Roast & Flavour/Salt,RM,RM,SFG0305,SFG,Roast & Flavour/Salt
Sunflower Seeds Roasted and Salted,B: Transform->Pack (in-line),2,Final FG,Packing,SFG0305,SFG,FG,FG,
Tasties Brazil Nut - Gems Of South Africa 50 g,D: Pack-only,1,Final FG,Sorting + Packing,RM,RM,FG,FG,
Tasties Chilli Almonds - Flavourful & Crunchy 75 g,C: Pack of existing SFG,1,Final FG,Packing,SFG0341,SFG,FG,FG,
Tasties Chilli Garlic Cashew - Flavourful & Crunchy 75 g,C: Pack of existing SFG,1,Final FG,Packing,SFG0342,SFG,FG,FG,
"Tasties Coated Peanuts - Pudina Patakha, Flavourful & Crispy 25 g",C: Pack of existing SFG,1,Final FG,Packing,SFG0334,SFG,FG,FG,
"Tasties Coated Peanuts - Tandoori Masala, Flavourful & Crispy 25 g",B: Transform->Pack (in-line),1,Create WIP,Create WIP: Roast & Flavour/Salt,RM,RM,SFG0306,SFG,Roast & Flavour/Salt
"Tasties Coated Peanuts - Tandoori Masala, Flavourful & Crispy 25 g",B: Transform->Pack (in-line),2,Final FG,Packing,SFG0306,SFG,FG,FG,
"Tasties Coated Peanuts - Thai Spice, Flavourful & Crispy 25 g",B: Transform->Pack (in-line),1,Create WIP,Create WIP: Roast & Flavour/Salt,RM,RM,SFG0307,SFG,Roast & Flavour/Salt
"Tasties Coated Peanuts - Thai Spice, Flavourful & Crispy 25 g",B: Transform->Pack (in-line),2,Final FG,Packing,SFG0307,SFG,FG,FG,
Tasties Hazelnut - A Turkish Indulgence 50 g,D: Pack-only,1,Final FG,Sorting + Packing,RM,RM,FG,FG,
Tasties Lemon Pepper Cashew - Flavourful & Crunchy 75 g,C: Pack of existing SFG,1,Final FG,Packing,SFG0177,SFG,FG,FG,
Tasties Macadamia Nuts - From South Africa 50 g,D: Pack-only,1,Final FG,Sorting + Packing,RM,RM,FG,FG,
Tasties Pecan Nuts - Iconic American Nut 50 g,D: Pack-only,1,Final FG,Sorting + Packing,RM,RM,FG,FG,
Tasties Peri Peri Cashew - Flavourful & Crunchy 75 g,C: Pack of existing SFG,1,Final FG,Packing,SFG0235,SFG,FG,FG,
Tasties Pink Salted Pistachio - Flavourful & Crunchy 75 g,D: Pack-only,1,Final FG,Sorting + Packing,RM,RM,FG,FG,
Tasties Roasted Almonds With Pink Salt - Flavourful & Crunchy 75 g,C: Pack of existing SFG,1,Final FG,Packing,SFG0237,SFG,FG,FG,
Tasties Smoked Almonds - Flavourful & Crunchy 75 g,C: Pack of existing SFG,1,Final FG,Packing,SFG0284,SFG,FG,FG,
Tasties Trail Mix - Mixed Berries 75 g,D: Pack-only,1,Final FG,Sorting + Packing,RM,RM,FG,FG,
Tasties Trail Mix - Mixed Dry Fruits 75 g,D: Pack-only,1,Final FG,Sorting + Packing,RM,RM,FG,FG,
Tasties Trail Mix - Wholesome Nut Mix 75 g,D: Pack-only,1,Final FG,Sorting + Packing,RM,RM,FG,FG,
Trail Mix,B: Transform->Pack (in-line),1,Create WIP,Create WIP: Roast & Flavour/Salt,RM,RM,SFG0308,SFG,Roast & Flavour/Salt
Trail Mix,B: Transform->Pack (in-line),2,Final FG,Packing,SFG0308,SFG,FG,FG,
Trail Mix - Every Health,B: Transform->Pack (in-line),1,Create WIP,Create WIP: Roast & Flavour/Salt,RM,RM,SFG0309,SFG,Roast & Flavour/Salt
Trail Mix - Every Health,B: Transform->Pack (in-line),2,Final FG,Packing,SFG0309,SFG,FG,FG,
Trail Mix Bulk,B: Transform->Pack (in-line),1,Create WIP,Create WIP: Roast & Flavour/Salt,RM,RM,SFG0308,SFG,Roast & Flavour/Salt
Trail Mix Bulk,B: Transform->Pack (in-line),2,Final FG,Packing,SFG0308,SFG,FG,FG,
Turkey Apricot No 1,D: Pack-only,1,Final FG,Sorting + Packing,RM,RM,FG,FG,
Urban Platter Almond Blueberry Bar 45g,B: Transform->Pack (in-line),1,Create WIP,Create WIP: Blend & Form,RM,RM,SFG0310,SFG,Blend & Form
Urban Platter Almond Blueberry Bar 45g,B: Transform->Pack (in-line),2,Final FG,Packing,SFG0310,SFG,FG,FG,
Urban Platter Chocolate Vanilla Bar 45g,B: Transform->Pack (in-line),1,Create WIP,Create WIP: Blend & Form,RM,RM,SFG0311,SFG,Blend & Form
Urban Platter Chocolate Vanilla Bar 45g,B: Transform->Pack (in-line),2,Final FG,Packing,SFG0311,SFG,FG,FG,
Urban Platter Cranberry Orange Bar 45g,B: Transform->Pack (in-line),1,Create WIP,Create WIP: Blend & Form,RM,RM,SFG0312,SFG,Blend & Form
Urban Platter Cranberry Orange Bar 45g,B: Transform->Pack (in-line),2,Final FG,Packing,SFG0312,SFG,FG,FG,
Urban Platter Mocha Bar 45g,B: Transform->Pack (in-line),1,Create WIP,Create WIP: Blend & Form,RM,RM,SFG0313,SFG,Blend & Form
Urban Platter Mocha Bar 45g,B: Transform->Pack (in-line),2,Final FG,Packing,SFG0313,SFG,FG,FG,
Urban Platter Panchmewa,D: Pack-only,1,Final FG,Sorting + Packing,RM,RM,FG,FG,
Vedaka Almonds 100g (B07GQZ7ZTZ) FBA,C: Pack of existing SFG,1,Final FG,Packing,SFG0343,SFG,FG,FG,
Vedaka Almonds 1kg (B07GQNM6N2),C: Pack of existing SFG,1,Final FG,Packing,SFG0343,SFG,FG,FG,
Vedaka Almonds 500g (B07GQNQNJG),C: Pack of existing SFG,1,Final FG,Packing,SFG0343,SFG,FG,FG,
"Vedaka Almonds, Raisins, Cashews, and Pista (4 X 200 gm)B0BVVV1SMF",D: Pack-only,1,Final FG,Sorting + Packing,RM,RM,FG,FG,
Vedaka Black Raisins - 500g (B0D9P37XTT),D: Pack-only,1,Final FG,Sorting + Packing,RM,RM,FG,FG,
Vedaka Black pepper Cashew 200g (B0BTHWW69R),C: Pack of existing SFG,1,Final FG,Packing,SFG0024,SFG,FG,FG,
Vedaka Broken Cashew 1kg (B0D9NZYHDC),B: Transform->Pack (in-line),1,Create WIP,Create WIP: Blanch & Slice,RM,RM,SFG0314,SFG,Blanch & Slice
Vedaka Broken Cashew 1kg (B0D9NZYHDC),B: Transform->Pack (in-line),2,Final FG,Packing,SFG0314,SFG,FG,FG,
Vedaka Cashew 200g (B07GQZSS48),D: Pack-only,1,Final FG,Sorting + Packing,RM,RM,FG,FG,
Vedaka Cashews - Broken 500g (B0D9NYHTG1),B: Transform->Pack (in-line),1,Create WIP,Create WIP: Blanch & Slice,RM,RM,SFG0315,SFG,Blanch & Slice
Vedaka Cashews - Broken 500g (B0D9NYHTG1),B: Transform->Pack (in-line),2,Final FG,Packing,SFG0315,SFG,FG,FG,
Vedaka Dried Figs - 250g (B0D9NZ5GFV),D: Pack-only,1,Final FG,Sorting + Packing,RM,RM,FG,FG,
Vedaka Dry Dates powder 250gm (B0DRDCLY1Q),D: Pack-only,1,Final FG,Sorting + Packing,RM,RM,FG,FG,
Vedaka Dry Dates powder 500g (B0DRD9F8G2),D: Pack-only,1,Final FG,Sorting + Packing,RM,RM,FG,FG,
Vedaka Dry Fruit Combo - Almonds and Cashews (2 X 200 gm) (B0BVVRS2N7),D: Pack-only,1,Final FG,Sorting + Packing,RM,RM,FG,FG,
Vedaka Dry Fruit Combo - Almonds and Raisins (2 X 200 gm) (B0BTHYWT53),D: Pack-only,1,Final FG,Sorting + Packing,RM,RM,FG,FG,
Vedaka Dry Fruit Combo - Raisins and Cashews (2 X 200 gm) (B0BVVVGN99),D: Pack-only,1,Final FG,Sorting + Packing,RM,RM,FG,FG,
Vedaka Fard Dates (Omani) - (500gm x 2) (B0D9NZY7RK),D: Pack-only,1,Final FG,Sorting + Packing,RM,RM,FG,FG,
Vedaka Fresh Dates 500g (102219254),D: Pack-only,1,Final FG,Sorting + Packing,RM,RM,FG,FG,
Vedaka Fresh Dates 500gm (Pack of 2) [B0D9P11T76],D: Pack-only,1,Final FG,Sorting + Packing,RM,RM,FG,FG,
Vedaka Healthy Seed Mix 200gm(B0B69L57PV),B: Transform->Pack (in-line),1,Create WIP,Create WIP: Roast & Flavour/Salt,RM,RM,SFG0316,SFG,Roast & Flavour/Salt
Vedaka Healthy Seed Mix 200gm(B0B69L57PV),B: Transform->Pack (in-line),2,Final FG,Packing,SFG0316,SFG,FG,FG,
Vedaka Peri Peri Cashew 200g (B0BVVRRYVC),C: Pack of existing SFG,1,Final FG,Packing,SFG0235,SFG,FG,FG,
Vedaka Popular Cashew Broken 100g FBA(B07GR3S1RL),B: Transform->Pack (in-line),1,Create WIP,Create WIP: Blanch & Slice,RM,RM,SFG0317,SFG,Blanch & Slice
Vedaka Popular Cashew Broken 100g FBA(B07GR3S1RL),B: Transform->Pack (in-line),2,Final FG,Packing,SFG0317,SFG,FG,FG,
Vedaka Popular Cashew Broken 200g FBA(B07GQWS1BS),B: Transform->Pack (in-line),1,Create WIP,Create WIP: Blanch & Slice,RM,RM,SFG0317,SFG,Blanch & Slice
Vedaka Popular Cashew Broken 200g FBA(B07GQWS1BS),B: Transform->Pack (in-line),2,Final FG,Packing,SFG0317,SFG,FG,FG,
"Vedaka Popular Raisins, 1 kg (B07GR82XJR)",D: Pack-only,1,Final FG,Sorting + Packing,RM,RM,FG,FG,
"Vedaka Popular Raisins, 100 g (B07GRBFFMS)",D: Pack-only,1,Final FG,Sorting + Packing,RM,RM,FG,FG,
Vedaka Premium Black Raisins 100g B07GQVNVV8,D: Pack-only,1,Final FG,Sorting + Packing,RM,RM,FG,FG,
Vedaka Premium Black Raisins 200g (B07GR346FX),D: Pack-only,1,Final FG,Sorting + Packing,RM,RM,FG,FG,
Vedaka Premium Blueberries 1kg (B07GR82XK8),D: Pack-only,1,Final FG,Sorting + Packing,RM,RM,FG,FG,
Vedaka Premium Blueberries 200g (B07GQWST7K),D: Pack-only,1,Final FG,Sorting + Packing,RM,RM,FG,FG,
Vedaka Premium Dry Fruits Combo 1000 gm Gift Box ( B0BBDP8GR2 ),D: Pack-only,1,Final FG,Sorting + Packing,RM,RM,FG,FG,
Vedaka Premium Flavored Dry Fruits 500 gm Gift Box (B0CGVC7DF2),B: Transform->Pack (in-line),1,Create WIP,Create WIP: Roast & Flavour/Salt,RM,RM,SFG0318,SFG,Roast & Flavour/Salt
Vedaka Premium Flavored Dry Fruits 500 gm Gift Box (B0CGVC7DF2),B: Transform->Pack (in-line),2,Final FG,Packing,SFG0318,SFG,FG,FG,
Vedaka Premium Inshell Walnuts 500g (Pack of 2)B07MSXKDNQ,D: Pack-only,1,Final FG,Sorting + Packing,RM,RM,FG,FG,
Vedaka Premium Inshell Walnuts 500g(B07LFJZR46),D: Pack-only,1,Final FG,Sorting + Packing,RM,RM,FG,FG,
Vedaka Premium Roasted and Salted Almonds 200g B07GR346FM,D: Pack-only,1,Final FG,Sorting + Packing,RM,RM,FG,FG,
Vedaka Premium Roasted and Salted Almonds100g B07GQQJP1N,D: Pack-only,1,Final FG,Sorting + Packing,RM,RM,FG,FG,
Vedaka Premium Sunflower Seeds 500g (B07GR2G67L),B: Transform->Pack (in-line),1,Create WIP,Create WIP: Roasting,RM,RM,SFG0319,SFG,Roasting
Vedaka Premium Sunflower Seeds 500g (B07GR2G67L),B: Transform->Pack (in-line),2,Final FG,Packing,SFG0319,SFG,FG,FG,
Vedaka Premium Whole Cranberries 100g B07GR24VMV,D: Pack-only,1,Final FG,Sorting + Packing,RM,RM,FG,FG,
Vedaka Premium Whole Cranberries 1kg (B07GR8351K),D: Pack-only,1,Final FG,Sorting + Packing,RM,RM,FG,FG,
Vedaka Premium Whole Cranberries 200g (B07GR2G678),D: Pack-only,1,Final FG,Sorting + Packing,RM,RM,FG,FG,
Vedaka Premium Whole Cranberries 500g (B07GQS1669),D: Pack-only,1,Final FG,Sorting + Packing,RM,RM,FG,FG,
Vedaka Raw Flaxseed 1kg (B0D9NZS3JT),D: Pack-only,1,Final FG,Sorting + Packing,RM,RM,FG,FG,
Vedaka Roasted and Salted California Pistachios 500g (B0D9NY8F36),D: Pack-only,1,Final FG,Sorting + Packing,RM,RM,FG,FG,
Vedaka Salted Peanuts - 200g (B0CZ9GZ9F2),B: Transform->Pack (in-line),1,Create WIP,Create WIP: Roast & Flavour/Salt,RM,RM,SFG0320,SFG,Roast & Flavour/Salt
Vedaka Salted Peanuts - 200g (B0CZ9GZ9F2),B: Transform->Pack (in-line),2,Final FG,Packing,SFG0320,SFG,FG,FG,
Vedaka Salted Peanuts 200 gm (102219262),B: Transform->Pack (in-line),1,Create WIP,Create WIP: Roast & Flavour/Salt,RM,RM,SFG0320,SFG,Roast & Flavour/Salt
Vedaka Salted Peanuts 200 gm (102219262),B: Transform->Pack (in-line),2,Final FG,Packing,SFG0320,SFG,FG,FG,
Vedaka Turkish Dried Apricots (500gm x 2) (B0D9P1DS9Q),D: Pack-only,1,Final FG,Sorting + Packing,RM,RM,FG,FG,
Vedaka Whole California Pista Kernels 500gm [B0D9NY1V9X],D: Pack-only,1,Final FG,Sorting + Packing,RM,RM,FG,FG,
Vedaka Whole Cashews (Grade W320) 1kg (B0D9NY9M32),D: Pack-only,1,Final FG,Sorting + Packing,RM,RM,FG,FG,
Walnut Flavoured Salt & Pepper (Quarters) Loose,B: Transform->Pack (in-line),1,Create WIP,Create WIP: Roast & Flavour/Salt,RM,RM,SFG0321,SFG,Roast & Flavour/Salt
Walnut Flavoured Salt & Pepper (Quarters) Loose,B: Transform->Pack (in-line),2,Final FG,Packing,SFG0321,SFG,FG,FG,
Walnut Tukda,D: Pack-only,1,Final FG,Sorting + Packing,RM,RM,FG,FG,
Wasabi Makhana,D: Pack-only,1,Final FG,Sorting + Packing,RM,RM,FG,FG,
Watermelon Seeds Roasted,B: Transform->Pack (in-line),1,Create WIP,Create WIP: Roasting,RM,RM,SFG0322,SFG,Roasting
Watermelon Seeds Roasted,B: Transform->Pack (in-line),2,Final FG,Packing,SFG0322,SFG,FG,FG,
Wheat Starch - TPL,D: Pack-only,1,Final FG,Sorting + Packing,RM,RM,FG,FG,
White Almond Draggies,B: Transform->Pack (in-line),1,Create WIP,Create WIP: Roasting + Enrobe / Choco-Coat,RM,RM,SFG0323,SFG,Roasting + Enrobe / Choco-Coat
White Almond Draggies,B: Transform->Pack (in-line),2,Final FG,Packing,SFG0323,SFG,FG,FG,
Wholesome Millet LadduBar Pack of 6,D: Pack-only,1,Final FG,Sorting + Packing,RM,RM,FG,FG,
Wholesome millet laddu bar 35gm,B: Transform->Pack (in-line),1,Create WIP,Create WIP: Blend & Form,RM,RM,SFG0324,SFG,Blend & Form
Wholesome millet laddu bar 35gm,B: Transform->Pack (in-line),2,Final FG,Packing,SFG0324,SFG,FG,FG,
YUMASANA CASHEWS- BARBEQUE 150g,C: Pack of existing SFG,1,Final FG,Packing,SFG0019,SFG,FG,FG,
YUMASANA CASHEWS- PEPPER 150g,C: Pack of existing SFG,1,Final FG,Packing,SFG0024,SFG,FG,FG,
YUMASANA CASHEWS- SALTED 150g,C: Pack of existing SFG,1,Final FG,Packing,SFG0262,SFG,FG,FG,
YUMASANA CASHEWS- SOUR CREAM 150g,C: Pack of existing SFG,1,Final FG,Packing,SFG0293,SFG,FG,FG,
YUMASANA COATED PEANUTS - BARB EQUE 150g,B: Transform->Pack (in-line),1,Create WIP,Create WIP: Roast & Flavour/Salt,RM,RM,SFG0325,SFG,Roast & Flavour/Salt
YUMASANA COATED PEANUTS - BARB EQUE 150g,B: Transform->Pack (in-line),2,Final FG,Packing,SFG0325,SFG,FG,FG,
YUMASANA COATED PEANUTS - CHILLI GARLIC 150g,B: Transform->Pack (in-line),1,Create WIP,Create WIP: Roast & Flavour/Salt,RM,RM,SFG0326,SFG,Roast & Flavour/Salt
YUMASANA COATED PEANUTS - CHILLI GARLIC 150g,B: Transform->Pack (in-line),2,Final FG,Packing,SFG0326,SFG,FG,FG,
YUMASANA COATED PEANUTS - PERI PERI 150g,B: Transform->Pack (in-line),1,Create WIP,Create WIP: Roast & Flavour/Salt,RM,RM,SFG0327,SFG,Roast & Flavour/Salt
YUMASANA COATED PEANUTS - PERI PERI 150g,B: Transform->Pack (in-line),2,Final FG,Packing,SFG0327,SFG,FG,FG,
YUMASANA COATED PEANUTS - THAI CHILLI 150g,B: Transform->Pack (in-line),1,Create WIP,Create WIP: Roast & Flavour/Salt,RM,RM,SFG0328,SFG,Roast & Flavour/Salt
YUMASANA COATED PEANUTS - THAI CHILLI 150g,B: Transform->Pack (in-line),2,Final FG,Packing,SFG0328,SFG,FG,FG,
YUMSANA CHOCO HAZELNUT SPREAD 340GM,D: Pack-only,1,Final FG,Sorting + Packing,RM,RM,FG,FG,
Zorro Maple Glazed Pecans 100g,B: Transform->Pack (in-line),1,Create WIP,Create WIP: Roast & Flavour/Salt,RM,RM,SFG0329,SFG,Roast & Flavour/Salt
Zorro Maple Glazed Pecans 100g,B: Transform->Pack (in-line),2,Final FG,Packing,SFG0329,SFG,FG,FG,
Zorro Pecan 100g,D: Pack-only,1,Final FG,Sorting + Packing,RM,RM,FG,FG,
Zorro Pecan Grain Free Granola 100g,B: Transform->Pack (in-line),1,Create WIP,Create WIP: Roast & Flavour/Salt,RM,RM,SFG0330,SFG,Roast & Flavour/Salt
Zorro Pecan Grain Free Granola 100g,B: Transform->Pack (in-line),2,Final FG,Packing,SFG0330,SFG,FG,FG,
Zorro Roasted & Lightly Salted Pecans 100g,B: Transform->Pack (in-line),1,Create WIP,Create WIP: Roast & Flavour/Salt,RM,RM,SFG0331,SFG,Roast & Flavour/Salt
Zorro Roasted & Lightly Salted Pecans 100g,B: Transform->Pack (in-line),2,Final FG,Packing,SFG0331,SFG,FG,FG,
Zorro Sweet & Spicy Pecan 100g,B: Transform->Pack (in-line),1,Create WIP,Create WIP: Roast & Flavour/Salt,RM,RM,SFG0332,SFG,Roast & Flavour/Salt
Zorro Sweet & Spicy Pecan 100g,B: Transform->Pack (in-line),2,Final FG,Packing,SFG0332,SFG,FG,FG,
snack amor Coated Peanuts Pudina Patakha 100g,C: Pack of existing SFG,1,Final FG,Packing,SFG0334,SFG,FG,FG,
