parent_article,cycle_archetype,line_no,component,item_type,sfg_code,bom_qty,fg_qty,godown,consumed_at_stage
3 Jar Jute Bag Gift Hamper,D: Pack-only,1,Carnival Cranberry Whole 250G,fg,,1,1,Factory,Final FG (Sorting+Packing)
3 Jar Jute Bag Gift Hamper,D: Pack-only,2,Carnival Roasted & Salted Pistachio 200g,fg,,1,1,Factory,Final FG (Sorting+Packing)
3 Jar Jute Bag Gift Hamper,D: Pack-only,3,Carnival Roasted & Salted Cashew 230g,fg,,1,1,Factory,Final FG (Sorting+Packing)
3 Jar Jute Bag Gift Hamper,D: Pack-only,4,PM24-Hamper-3 Jar Jute Bag,pm,,1,1,PM Store,Final FG (packing)
3pcs date balls with blister,B: Transform->Pack (in-line),1,AL BARAKAH FARD DATES STANDARD,rm,,0.03,1,Factory,Create WIP
3pcs date balls with blister,B: Transform->Pack (in-line),2,Cashew Tukda,rm,,0.01,1,Factory,Create WIP
3pcs date balls with blister,B: Transform->Pack (in-line),3,American Almond Double Tonch,rm,,0.01,1,Factory,Create WIP
3pcs date balls with blister,B: Transform->Pack (in-line),4,PM24-DM03 Bottom Golden Blister,pm,,1,1,Factory,Final FG (packing)
3pcs date balls with blister,B: Transform->Pack (in-line),5,PM24-DM 03 Top Transparent (for blister) 210 gm,pm,,1,1,Factory,Final FG (packing)
4 PET WOODEN BOX WITH LID HAMPER,D: Pack-only,1,Carnival Festive Flavoured Cashew (320) 100gm,fg,,1,1,Factory,Final FG (Sorting+Packing)
4 PET WOODEN BOX WITH LID HAMPER,D: Pack-only,2,Carnival Festive Chatpata Cranberry 100gm,fg,,1,1,Factory,Final FG (Sorting+Packing)
4 PET WOODEN BOX WITH LID HAMPER,D: Pack-only,3,Carnival Festive Salted Almonds (27-28 count) 100gm,fg,,1,1,Factory,Final FG (Sorting+Packing)
4 PET WOODEN BOX WITH LID HAMPER,D: Pack-only,4,Carnival Simply Thandai 100g,fg,,1,1,Factory,Final FG (Sorting+Packing)
4 PET WOODEN BOX WITH LID HAMPER,D: Pack-only,5,PM24-Hamper-Diya with Pearl,pm,,1,1,Factory,Final FG (packing)
4 PET WOODEN BOX WITH LID HAMPER,D: Pack-only,6,PM24-Hamper-Mdf 5 Pet With Lid,pm,,1,1,Factory,Final FG (packing)
4 PET WOODEN BOX WITH LID HAMPER,D: Pack-only,7,PM24-5 Ply Carton CF24 10kg (390X290X220) (D Mart)-Unprinted,pm,,0.33,1,Factory,Final FG (packing)
4 PET WOODEN BOX WITH LID HAMPER,D: Pack-only,8,Carnival Festive Flavoured Cashew (320) 100gm,fg,,1,1,Factory,Final FG (Sorting+Packing)
4 PET WOODEN BOX WITH LID HAMPER,D: Pack-only,9,Carnival Festive Chatpata Cranberry 100gm,fg,,1,1,Factory,Final FG (Sorting+Packing)
4 PET WOODEN BOX WITH LID HAMPER,D: Pack-only,10,Carnival Festive Cashew (320) 100gm,fg,,1,1,Factory,Final FG (Sorting+Packing)
4 PET WOODEN BOX WITH LID HAMPER,D: Pack-only,11,Carnival Festive Salted Almonds (27-28 count) 100gm,fg,,1,1,Factory,Final FG (Sorting+Packing)
4 PET WOODEN BOX WITH LID HAMPER,D: Pack-only,12,PM24-Hamper-Diya with Pearl,pm,,2,1,Factory,Final FG (packing)
4 PET WOODEN BOX WITH LID HAMPER,D: Pack-only,13,PM24-Hamper-Mdf 5 Pet With Lid,pm,,1,1,Factory,Final FG (packing)
4 PET WOODEN BOX WITH LID HAMPER,D: Pack-only,14,PM24-5 Ply Carton CF24 10kg (390X290X220) (D Mart)-Unprinted,pm,,0.33,1,Factory,Final FG (packing)
5 Grain Cereal 35gm,B: Transform->Pack (in-line),1,Jawar Puff,rm,,0.04,10,Factory,Create WIP
5 Grain Cereal 35gm,B: Transform->Pack (in-line),2,Rice Lahi,rm,,0.03,10,Factory,Create WIP
5 Grain Cereal 35gm,B: Transform->Pack (in-line),3,Ragi Puff,rm,,0.05,10,Factory,Create WIP
5 Grain Cereal 35gm,B: Transform->Pack (in-line),4,Pumpkin Seed 12%,rm,,0.01,10,Factory,Create WIP
5 Grain Cereal 35gm,B: Transform->Pack (in-line),5,Sunflower Seeds,rm,,0.02,10,Factory,Create WIP
5 Grain Cereal 35gm,B: Transform->Pack (in-line),6,Water Melon Seed,rm,,0.03,10,Factory,Create WIP
5 Grain Cereal 35gm,B: Transform->Pack (in-line),7,Glucose Syrup / Liquid Glucose,rm,,0.19,10,Factory,Create WIP
5 Grain Cereal 35gm,B: Transform->Pack (in-line),8,PM24 - On The Run 5 Grain Cerial Original 35 gm,pm,,2,10,Factory,Final FG (packing)
5 Grain Cereal 50 GM,B: Transform->Pack (in-line),1,Jawar Puff,rm,,0.05,10,Factory,Create WIP
5 Grain Cereal 50 GM,B: Transform->Pack (in-line),2,Rice Lahi,rm,,0.04,10,Factory,Create WIP
5 Grain Cereal 50 GM,B: Transform->Pack (in-line),3,Wheat Puff,rm,,0.05,10,Factory,Create WIP
5 Grain Cereal 50 GM,B: Transform->Pack (in-line),4,Ragi Puff,rm,,0.05,10,Factory,Create WIP
5 Grain Cereal 50 GM,B: Transform->Pack (in-line),5,Amarath Puff,rm,,0.07,10,Factory,Create WIP
5 Grain Cereal 50 GM,B: Transform->Pack (in-line),6,Pumpkin Seed 12%,rm,,0.01,10,Factory,Create WIP
5 Grain Cereal 50 GM,B: Transform->Pack (in-line),7,Sunflower Seeds,rm,,0.02,10,Factory,Create WIP
5 Grain Cereal 50 GM,B: Transform->Pack (in-line),8,Water Melon Seed,rm,,0.03,10,Factory,Create WIP
5 Grain Cereal 50 GM,B: Transform->Pack (in-line),9,Glucose Syrup / Liquid Glucose,rm,,0.25,10,Factory,Create WIP
Abjosh (Munakka) 100gm,D: Pack-only,1,Afghan Munakka / Abjosh 1X2,rm,,0.1,1,Factory,Final FG (Sorting+Packing)
Abjosh (Munakka) 100gm,D: Pack-only,2,PM24-Abjosh Manuka Pouch 100 gm,pm,,1,1,Factory,Final FG (packing)
Abjosh (Munakka) 100gm,D: Pack-only,3,PM24-5 Ply Carton Seeds Pouch 5 Kg,pm,,0.02,1,Factory,Final FG (packing)
Afghan Black Raisins Seedless 1*1,D: Pack-only,1,Afghan Black Raisins Seedless 1*1,rm,,1,1,Factory,Final FG (Sorting+Packing)
Afghan Raisins 1*1 Green round,D: Pack-only,1,Afghan Raisins 1*1 Green round,rm,,1,1,Factory,Final FG (Sorting+Packing)
Al Barakah Ajwa Dates 400gm,D: Pack-only,1,Ajwa Dates,rm,,0.4,1,Factory,Final FG (Sorting+Packing)
Al Barakah Ajwa Dates 400gm,D: Pack-only,2,PM24-Al Barakah Ajwa Dates 400 gm,pm,,1,1,Factory,Final FG (packing)
Al Barakah Ajwa Dates 400gm,D: Pack-only,3,PM24-3 Ply Carton CF24 10 Kg (390x290x220mm) 10000 gm -Unprinted,pm,,0.04,1,Factory,Final FG (packing)
Al Barakah Arabian Dates 600g,,1,AL BARAKAH BARHI DATES 10KG,rm,,0.6,1,Factory,Final FG (Sorting+Packing)
Al Barakah Arabian Dates 600g,,2,PM24-Al Barakah Oman Date Pouch 500 gm,pm,,1,1,PM Store,Final FG (packing)
Al Barakah Arabian Dates 600g,,3,PM24-3 Ply Carton CF24 10 Kg (390x290x220mm) 10000 gm -Unprinted,pm,,0.05,1,PM Store,Final FG (packing)
Al Barakah Dates Ajwa 35gm,,1,Ajwa Dates,rm,,0.035,1,Factory,Final FG (Sorting+Packing)
Al Barakah Dates Ajwa 35gm,,2,PM24-Al Barakah Ajwa Dates Pouch-190mm x 115 mm-Sample Pouch 50 gm,pm,,1,1,PM Store,Final FG (packing)
Al Barakah Dates Arabian 400g,D: Pack-only,1,AL BARAKAH KHALAS DATES,rm,,0.4,1,Factory,Final FG (Sorting+Packing)
Al Barakah Dates Arabian 400g,D: Pack-only,2,PM24-Al Barakha Arabian Dates Pouch 400gm,pm,,1,1,Factory,Final FG (packing)
Al Barakah Dates Arabian 500g,D: Pack-only,1,10KG AL BARKAH SUFRI DATES,rm,,0.5,1,Factory,Final FG (Sorting+Packing)
Al Barakah Dates Arabian 500g,D: Pack-only,2,PM24-Al Barakha Arabian Dates Pouch 400gm,pm,,1,1,Factory,Final FG (packing)
Al Barakah Dates Arabian 500g,D: Pack-only,3,PM24-3 Ply Carton Al Barakah Dates for 500 gm Green (420x310x110mm) 10 Kg,pm,,0.05,1,Factory,Final FG (packing)
Al Barakah Dates Golden 300g,,1,AL BARAKAH KHALAS DATES,rm,,0.3,1,Factory,Final FG (Sorting+Packing)
Al Barakah Dates Golden 300g,,2,PM24-Al Barakah Golden Date Pouch 500 gm,pm,,1,1,PM Store,Final FG (packing)
Al Barakah Dates Golden 300g,,3,PM24-3 Ply Carton CF24 10 Kg (390x290x220mm) 10000 gm -Unprinted,pm,,0.036,1,PM Store,Final FG (packing)
Al Barakah Dates Golden 500g,D: Pack-only,1,AL BARAKAH BARHI DATES 10KG,rm,,0.5,1,Factory,Final FG (Sorting+Packing)
Al Barakah Dates Golden 500g,D: Pack-only,2,PM24-Al Barakah Golden Date Pouch 500 gm,pm,,1,1,Factory,Final FG (packing)
Al Barakah Dates Golden 500g,D: Pack-only,3,PM24-3 Ply Carton CF24 10 Kg (390x290x220mm) 10000 gm -Unprinted,pm,,0.05,1,Factory,Final FG (packing)
Al Barakah Dates Gulf 300g,,1,AL BARAKAH KHALAS DATES,rm,,0.3,1,Factory,Final FG (Sorting+Packing)
Al Barakah Dates Gulf 300g,,2,PM24-Al Barakah Golden Date Pouch 500 gm,pm,,1,1,PM Store,Final FG (packing)
Al Barakah Dates Gulf 300g,,3,PM24-3 Ply Carton CF24 10 Kg (390x290x220mm) 10000 gm -Unprinted,pm,,0.036,1,PM Store,Final FG (packing)
Al Barakah Dates Khalas 35gm,,1,AL BARAKAH KHALAS DATES,rm,,0.035,1,Factory,Final FG (Sorting+Packing)
Al Barakah Dates Khalas 35gm,,2,PM24-Al Barakah Khalas Dates Pouch-Sample Pouch 30 gm,pm,,1,1,PM Store,Final FG (packing)
Al Barakah Dates Khaneizi 35gm,,1,Khaneizi Dates,rm,,0.035,1,Factory,Final FG (Sorting+Packing)
Al Barakah Dates Khaneizi 35gm,,2,PM24-Al Barakah Khneize Dates Pouch-3 Dates-190mm x 115 mm-Sample Pouch 50 gm,pm,,1,1,PM Store,Final FG (packing)
Al Barakah Dates Oman Seedless 1kg,B: Transform->Pack (in-line),1,AL BARAKAH FARD DATES STANDARD,rm,,1,1,Factory,Create WIP
Al Barakah Dates Oman Seedless 1kg,B: Transform->Pack (in-line),2,PM24-Pet 800 gm Regular (cred),pm,,1,1,Factory,Final FG (packing)
Al Barakah Dates Oman Seedless 1kg,B: Transform->Pack (in-line),3,PM24-3 Ply Carton CF24 10 Kg (390x290x220mm) 10000 gm -Unprinted,pm,,0.1,1,Factory,Final FG (packing)
Al Barakah Dates Safavi 35gm,,1,Wet Dates Safavi,rm,,0.035,1,Factory,Final FG (Sorting+Packing)
Al Barakah Dates Safavi 35gm,,2,PM24-Al Barakah Safawi Dates-Sample Pouch 30 gm,pm,,1,1,PM Store,Final FG (packing)
Al Barakah Dates Safavi 400g,D: Pack-only,1,Wet Dates Safavi,rm,,0.4,1,Factory,Final FG (Sorting+Packing)
Al Barakah Dates Safavi Seedless 400g,B: Transform->Pack (in-line),1,Wet Dates Safavi,rm,,0.4,1,Factory,Create WIP
Al Barakah Dates Safavi Seedless 400g,B: Transform->Pack (in-line),2,PM24-Al Barakah Seedless Safawi Dates 400 gm,pm,,1,1,Factory,Final FG (packing)
Al Barakah Dates Safavi Seedless 400g,B: Transform->Pack (in-line),3,PM24-3 Ply Carton CF24 10 Kg (390x290x220mm) 10000 gm -Unprinted,pm,,0.04,1,Factory,Final FG (packing)
AL BARAKAH DATES SYRUP (400G Packing),D: Pack-only,1,AL BARAKAH DATES SYRUP (400G Packing),rm,,1,1,Factory,Final FG (Sorting+Packing)
Al Barakah Dehydrated Date Powder 250g,D: Pack-only,1,AL BARAKAH DEHYDRATED DATE POWDER - BULK PACK 10KG,rm,,0.25,1,Factory,Final FG (Sorting+Packing)
Al Barakah Dehydrated Date Powder 250g,D: Pack-only,2,PM24-Al Barakah Date Powder Pouch 250gm,pm,,1,1,PM Store,Final FG (packing)
Al Barakah Dehydrated Date Powder 250g,D: Pack-only,3,PM24-5 Ply Carton Al Barakah Date Powder,pm,,0.083,1,PM Store,Final FG (packing)
Al Barakah Emirate Dates 500gm,D: Pack-only,1,AL BARAKAH PREMIUM EMIRATES DATES 500G.,fg,,1,1,Factory,Final FG (Sorting+Packing)
Al Barakah Fard Dates 400g,D: Pack-only,1,AL BARAKAH FARD DATES STANDARD,rm,,0.41,1,Factory,Final FG (Sorting+Packing)
Al Barakah Fard Dates 400g,D: Pack-only,2,PM24-Al Barakah Fard Dates Pouch (185 x 235 mm) 500 gm,pm,,1,1,Factory,Final FG (packing)
Al Barakah Fard Dates 400g,D: Pack-only,3,PM24-5 Ply Carton CF24 10kg (390X290X220) (D Mart)-Unprinted,pm,,0.05,1,Factory,Final FG (packing)
AL BARAKAH FARD DATES PREMIUM - 500g,D: Pack-only,1,AL BARAKAH FARD DATES PREMIUM - 10KG,rm,,0.5,1,Factory,Final FG (Sorting+Packing)
AL BARAKAH FARD DATES PREMIUM - 500g,D: Pack-only,2,PM24-Al Barakah Fard Delight Dates 500 gm Pouch Digital,pm,,1,1,Factory,Final FG (packing)
AL BARAKAH FARD DATES PREMIUM - 500g,D: Pack-only,3,PM24-3 Ply Carton Al Barakah Dates for 500 gm Green (420x310x110mm) 10 Kg,pm,,0.05,1,PM Store,Final FG (packing)
Al Barakah Gulf Dates 250gm,,1,AL BARAKAH BARHI DATES 10KG,rm,,0.25,1,Factory,Final FG (Sorting+Packing)
Al Barakah Gulf Dates 250gm,,2,PM24-Gulf Dates 200 gm Pouch Digital,pm,,1,1,PM Store,Final FG (packing)
Al Barakah Gulf Dates 250gm,,3,PM24-3 Ply Carton CF24 10 Kg (390x290x220mm) 10000 gm -Unprinted,pm,,0.036,1,PM Store,Final FG (packing)
AL BARAKAH KHALAS DATES 1KG,D: Pack-only,1,AL BARAKAH KHALAS DATES,rm,,1,1,Factory,Final FG (Sorting+Packing)
Al Barakah Khalas Dates 400g,D: Pack-only,1,AL BARAKAH KHALAS DATES,rm,,0.4,1,Factory,Final FG (Sorting+Packing)
AL BARAKAH KHALAS DATES 500 Gm,D: Pack-only,1,AL BARAKAH KHALAS DATES,rm,,0.5,1,Factory,Final FG (Sorting+Packing)
AL BARAKAH KHALAS DATES 500 Gm,D: Pack-only,2,PM24-Al Barakah Khalas Dates 500 gm Pouch Digital,pm,,1,1,Factory,Final FG (packing)
AL BARAKAH KHALAS DATES 500 Gm,D: Pack-only,3,PM24-3 Ply Carton Al Barakah Dates for 500 gm Green (420x310x110mm) 10 Kg,pm,,0.05,1,PM Store,Final FG (packing)
AL BARAKAH KHALAS DATES SEEDLESS 350GM,B: Transform->Pack (in-line),1,Wet Dates Seedless Khalas,rm,,0.35,1,Factory,Create WIP
AL BARAKAH KHALAS DATES SEEDLESS 350GM,B: Transform->Pack (in-line),2,PM24-AL Barakah Premium Seedless Dates Pouch 500 gm,pm,,1,1,Factory,Final FG (packing)
AL BARAKAH KHALAS DATES SEEDLESS 350GM,B: Transform->Pack (in-line),3,PM24-3 Ply Carton CF24 10 Kg (390x290x220mm) 10000 gm -Unprinted,pm,,0.35,1,Factory,Final FG (packing)
Al Barakah Khanezi Dates 500 GM,D: Pack-only,1,Khaneizi Dates,rm,,0.51,1,Factory,Final FG (Sorting+Packing)
Al Barakah Khanezi Dates 500 GM,D: Pack-only,2,PM24-3 Ply Carton Al Barakah Dates for 500 gm Green (420x310x110mm) 10 Kg,pm,,0.05,1,Factory,Final FG (packing)
Al Barakah Khanezi Dates 500 GM,D: Pack-only,3,PM24-Al Barakah Khneize Dates Pouch-(185 x 235 mm) 500 gm,pm,,1,1,Factory,Final FG (packing)
Al Barakah Khenaizi Dates 400g,D: Pack-only,1,Khaneizi Dates,rm,,0.41,1,Factory,Final FG (Sorting+Packing)
Al Barakah Khenaizi Dates 400g,D: Pack-only,2,PM24-Al Barakah Khneize Dates Pouch-(185 x 235 mm) 500 gm,pm,,1,1,Factory,Final FG (packing)
Al Barakah Khenaizi Dates 400g,D: Pack-only,3,PM24-3 Ply Carton CF24 10 Kg (390x290x220mm) 10000 gm -Unprinted,pm,,0.04,1,Factory,Final FG (packing)
Al Barakah Kimia Dates 500 Gm,D: Pack-only,1,Mazafati Dates,rm,,0.5,1,Factory,Final FG (Sorting+Packing)
Al Barakah Kimia Dates 500 Gm,D: Pack-only,2,PM24-Al Barakah Kimia Dates Tub 700Ml-Square Container 500 gm,pm,,1,1,PM Store,Final FG (packing)
Al Barakah Kimia Dates 500 Gm,D: Pack-only,3,PM24-3 Ply Carton CF24 10 Kg (390x290x220mm) 10000 gm -Unprinted,pm,,0.05,1,PM Store,Final FG (packing)
Al Barakah Medjoul Dates 500Gm,D: Pack-only,1,Medjoul Dates Large,rm,,0.5,1,Factory,Final FG (Sorting+Packing)
Al Barakah Medjoul Dates 500Gm,D: Pack-only,2,PM24-Al barakah Medjoul Dates Top 500 gm,pm,,1,1,PM Store,Final FG (packing)
Al Barakah Medjoul Dates 500Gm,D: Pack-only,3,PM24-Al Barakah Dates Bottom Printed 500 gm,pm,,1,1,PM Store,Final FG (packing)
Al Barakah Medjoul Dates 500Gm,D: Pack-only,4,PM24-3 Ply Carton Al Barakah Dates for 500 gm Green (420x310x110mm) 10 Kg,pm,,0.042,1,PM Store,Final FG (packing)
Al Barakah Oman 600g,,1,Khaneizi Dates,rm,,0.6,1,Factory,Final FG (Sorting+Packing)
Al Barakah Oman Dates 400g,D: Pack-only,1,Oman Dates,rm,,0.4,1,Factory,Final FG (Sorting+Packing)
Al Barakah Oman Dates 400g,D: Pack-only,2,PM24-Al Barakah Oman Date Pouch 500 gm,pm,,1,1,Factory,Final FG (packing)
Al Barakah Oman Dates 500gm Tub,D: Pack-only,1,Oman Dates,rm,,0.5,1,Factory,Final FG (Sorting+Packing)
Al Barakah Premium Emirate Date Seedless (500gmx16),,1,Wet Dates Seedless Khalas,rm,,8,1,Factory,Final FG (Sorting+Packing)
Al Barakah Premium Emirate Date Seedless (500gmx16),,2,PM24-3 Ply Carton Al Barakah Dates for 500 gm Green (420x310x110mm) 10 Kg,pm,,1,1,PM Store,Final FG (packing)
Al Barakah Premium Emirates Dates (500gm x 16 Nos),,1,10KG AL BARKAH SUFRI DATES,rm,,8,1,Factory,Final FG (Sorting+Packing)
Al Barakah Premium Emirates Dates (500gm x 16 Nos),,2,PM24-3 Ply Carton Al Barakah Dates for 500 gm Green (420x310x110mm) 10 Kg,pm,,1,1,PM Store,Final FG (packing)
Al Barakah Premium Medjool 800gm,D: Pack-only,1,AL BARAKAH MEDJOOL WET DATES PREMIUM,rm,,0.8,1,Factory,Final FG (Sorting+Packing)
Al Barakah Premium Medjool 800gm,D: Pack-only,2,PM24-Pet 800 gm Regular (cred),pm,,1,1,Factory,Final FG (packing)
Al Barakah Premium Medjool 800gm,D: Pack-only,3,PM24-3 Ply Carton CF24 10 Kg (390x290x220mm) 10000 gm -Unprinted,pm,,0.08,1,Factory,Final FG (packing)
AL BARAKAH PREMIUM SEEDLESS DATES 500G,B: Transform->Pack (in-line),1,Wet Dates Seedless Khalas,rm,,0.575,1,Factory,Create WIP
AL BARAKAH PREMIUM SEEDLESS DATES 500G,B: Transform->Pack (in-line),2,PM24-AL Barakah Premium Seedless Dates Pouch 500 gm,pm,,1,1,Factory,Final FG (packing)
AL BARAKAH PREMIUM SEEDLESS DATES 500G,B: Transform->Pack (in-line),3,PM24-3 Ply Carton CF24 10 Kg (390x290x220mm) 10000 gm -Unprinted,pm,,0.05,1,Factory,Final FG (packing)
AL BARAKAH SAFAVI DATES 500gm,D: Pack-only,1,Wet Dates Safavi,rm,,0.5,1,Factory,Final FG (Sorting+Packing)
AL BARAKAH SAFAVI DATES 500gm,D: Pack-only,2,PM24-Al Barakah Safawi Dates Pouch 500 gm,pm,,1,1,Factory,Final FG (packing)
AL BARAKAH SAFAVI DATES 500gm,D: Pack-only,3,PM24-3 Ply Carton Al Barakah Dates for 500 gm Green (420x310x110mm) 10 Kg,pm,,0.05,1,PM Store,Final FG (packing)
Almond Apricot and Seeds Date Balls 48 gms,B: Transform->Pack (in-line),1,Wet Dates Seedless Khalas,rm,,0.0144,1,Factory,Create WIP
Almond Apricot and Seeds Date Balls 48 gms,B: Transform->Pack (in-line),2,AL Barakah Date Paste,rm,,0.0096,1,Factory,Create WIP
Almond Apricot and Seeds Date Balls 48 gms,B: Transform->Pack (in-line),3,American Almonds Tukda,rm,,0.0115,1,Factory,Create WIP
Almond Apricot and Seeds Date Balls 48 gms,B: Transform->Pack (in-line),4,Turkey Apricot No. 0,rm,,0.0048,1,Factory,Create WIP
Almond Apricot and Seeds Date Balls 48 gms,B: Transform->Pack (in-line),5,Pumpkin Seed 12%,rm,,0.0048,1,Factory,Create WIP
Almond Apricot and Seeds Date Balls 48 gms,B: Transform->Pack (in-line),6,Flax Seeds (Alsi),rm,,0.0029,1,Factory,Create WIP
Almond Blanched Sliced,C: Pack of existing SFG,1,"Almond Blanched, whole",sfg,SFG0008,1,1,Factory,Final FG (opening RM)
Almond Blanched Sliced,C: Pack of existing SFG,2,PM24-3 Ply Carton CF24 10 Kg (390x290x220mm) 10000 gm -Unprinted,pm,,0.1,1,PM Store,Final FG (packing)
"Almond Blanched, whole",A: WIP producer (bulk),1,American Almonds Tonch,rm,,1,1,Factory,Create WIP
"Almond Blanched, whole",A: WIP producer (bulk),2,PM24-Vacuum Pouch-510 x 560mm-65 G-125 Micron-10 Kg 10000 gm,pm,,0.1,1,PM Store,Final FG (packing)
"Almond Blanched, whole",A: WIP producer (bulk),3,PM24-Oxygen Absorber For Vacuum 10 Kg /500 Cc 500 cc,pm,,1,1,PM Store,Final FG (packing)
"Almond Blanched, whole",A: WIP producer (bulk),4,PM24-3 Ply Carton CF24 10 Kg (390x290x220mm) 10000 gm -Unprinted,pm,,0.1,1,PM Store,Final FG (packing)
Almond Cranberry Black currant and seeds Date Balls 48 gms,B: Transform->Pack (in-line),1,Wet Dates Seedless Khalas,rm,,0.0144,1,Factory,Create WIP
Almond Cranberry Black currant and seeds Date Balls 48 gms,B: Transform->Pack (in-line),2,AL Barakah Date Paste,rm,,0.0096,1,Factory,Create WIP
Almond Cranberry Black currant and seeds Date Balls 48 gms,B: Transform->Pack (in-line),3,Almond Powder,rm,,0.0105,1,Factory,Create WIP
Almond Cranberry Black currant and seeds Date Balls 48 gms,B: Transform->Pack (in-line),4,Dried Cranberry Sliced,rm,,0.0034,1,Factory,Create WIP
Almond Cranberry Black currant and seeds Date Balls 48 gms,B: Transform->Pack (in-line),5,Dried Black Currant,rm,,0.0034,1,Factory,Create WIP
Almond Cranberry Black currant and seeds Date Balls 48 gms,B: Transform->Pack (in-line),6,Pumpkin Seeds Roasted,fg,,0.0043,1,Factory,Create WIP
Almond Cranberry Black currant and seeds Date Balls 48 gms,B: Transform->Pack (in-line),7,Flax Seeds (Alsi),rm,,0.0024,1,Factory,Create WIP
Almond Flavoured Cajun Loose,,1,American Almonds Running 25-27 count,rm,,1,1,Factory,Final FG (Sorting+Packing)
Almond Flavoured Smoked Paprika Loose,,1,American Almonds Running 25-27 count,rm,,0.94,1,Factory,Final FG (Sorting+Packing)
Almond Flavoured Smoked Paprika Loose,,2,SWEET PAPRIKA POWDER,rm,,0.08,1,Factory,Final FG (Sorting+Packing)
Almond Kernal 150gm,D: Pack-only,1,American Almonds Running 25-27 count,rm,,0.15,1,Factory,Final FG (Sorting+Packing)
Almond Kernal 450gm,D: Pack-only,1,American Almonds Kernel 20-22 count,rm,,0.45,1,Factory,Final FG (Sorting+Packing)
Almond Masala,B: Transform->Pack (in-line),1,American Almonds Running 25-27 count,rm,,0.93,1,Factory,Create WIP
Almond Masala,B: Transform->Pack (in-line),2,Masala Seasoning,rm,,0.08,1,Factory,Create WIP
Almond Peri Peri,B: Transform->Pack (in-line),1,American Almonds Running 25-27 count,rm,,0.94,1,Factory,Create WIP
Almond Peri Peri,B: Transform->Pack (in-line),2,Peri Peri Marination Seasoning,rm,,0.07,1,Factory,Create WIP
Almond Peri Peri,B: Transform->Pack (in-line),3,PM24-3 Ply Carton CF24 10 Kg (390x290x220mm) 10000 gm -Unprinted,pm,,0.1,1,Factory,Final FG (packing)
Almond Plain 75gm,,1,American Almonds Running 25-27 count,rm,,0.075,1,Factory,Final FG (Sorting+Packing)
Almond Plain 75gm,,2,PM24-Pet 100 gm,pm,,1,1,PM Store,Final FG (packing)
Almond Roasted,D: Pack-only,1,American Almonds Running 25-27 count,rm,,1.01,1,Factory,Final FG (Sorting+Packing)
Almond Roasted,D: Pack-only,2,PM24-3 Ply Carton CF24 10 Kg (390x290x220mm) 10000 gm -Unprinted,pm,,0.1,1,Factory,Final FG (packing)
Almond Selected 230g,D: Pack-only,1,American Almonds ( 18-20 Count),rm,,0.23,1,Factory,Final FG (Sorting+Packing)
Almond Selected 230g,D: Pack-only,2,PM24-Pet Jar 250 gm,pm,,1,1,PM Store,Final FG (packing)
Almond Sliced,A: WIP producer (bulk),1,American Almonds Tonch,rm,,1.15,1,Factory,Create WIP
Almonds Halves Loose,,1,American Almonds Running 25-27 count,rm,,1,1,Factory,Final FG (Sorting+Packing)
Almonds Halves Loose,,2,PM24-Vacuum 240x260mm (Common)- 110 Micron 500 gm,pm,,1,1,PM Store,Final FG (packing)
Almonds Kernel Cube Cut,B: Transform->Pack (in-line),1,American Almonds Pin Tonch,rm,,1,1,Factory,Create WIP
Alpino Peanut Crackers Chipotle Honey 60g,,1,Peanut Crackers Chipotle Honey Bulk,fg,,0.06,1,Factory,Final FG (Sorting+Packing)
Alpino Peanut Crackers Smokey BBQ 60g,,1,Peanut Crackers Smokey BBQ Bulk,fg,,0.06,1,Factory,Final FG (Sorting+Packing)
Amary Dates 250g (1356293),D: Pack-only,1,Amary Dates,rm,,0.25,1,Factory,Final FG (Sorting+Packing)
Amary Dates 250g (1356293),D: Pack-only,2,PM24-Natures Dryfruit 200G Pouch[130mm x 210mm] 200 gm,pm,,1,1,Factory,Final FG (packing)
Amary Dates 250g (1356293),D: Pack-only,3,PM24-3 Ply Carton CF24 10 Kg (390x290x220mm) 10000 gm -Unprinted,pm,,0.025,1,Factory,Final FG (packing)
Amazon Brand - Vedaka California Almonds 200gm,,1,American Almonds Running 25-27 count,rm,,0.2,1,Factory,Final FG (Sorting+Packing)
Amazon Brand - Vedaka California Almonds 200gm,,2,PM24-Vedaka Purple Pouch 200GM,pm,,1,1,PM Store,Final FG (packing)
Amazon Brand - Vedaka Premium Dry Fruits Combo 400 gm Gift Box ( B0BBDJMLYR ),D: Pack-only,1,PM24-Vedaka Purple Pouch 100GM,pm,,4,1,Factory,Final FG (packing)
Amazon Brand - Vedaka Premium Dry Fruits Combo 400 gm Gift Box ( B0BBDJMLYR ),D: Pack-only,2,American Almonds Running 25-27 count,rm,,0.1,1,Factory,Final FG (Sorting+Packing)
Amazon Brand - Vedaka Premium Dry Fruits Combo 400 gm Gift Box ( B0BBDJMLYR ),D: Pack-only,3,Indian Green Raisins,rm,,0.1,1,Factory,Final FG (Sorting+Packing)
Amazon Brand - Vedaka Premium Dry Fruits Combo 400 gm Gift Box ( B0BBDJMLYR ),D: Pack-only,4,Cashew 320,rm,,0.1,1,Factory,Final FG (Sorting+Packing)
Amazon Brand - Vedaka Premium Dry Fruits Combo 400 gm Gift Box ( B0BBDJMLYR ),D: Pack-only,5,California Pista Inshell Roasted and Salted,fg,,0.1,1,Factory,Final FG (Sorting+Packing)
Amazon Brand - Vedaka Premium Dry Fruits Combo 400 gm Gift Box ( B0BBDJMLYR ),D: Pack-only,6,PM24-Hamper-Vedaka Sleeve + Tray (Big 4P) 400 gm,pm,,1,1,Factory,Final FG (packing)
Amazon Brand - Vedaka Raw Sunflower Seeds 1 Kg B0D9P1N25J,B: Transform->Pack (in-line),1,Sunflower Seeds,rm,,1,1,Factory,Create WIP
Amazon Brand - Vedaka Raw Sunflower Seeds 1 Kg B0D9P1N25J,B: Transform->Pack (in-line),2,PM24-Vedaka Purple Zipper Pouch 1 Kg,pm,,1,1,PM Store,Final FG (packing)
Amazon Brand - Vedaka Raw Sunflower Seeds 1 Kg B0D9P1N25J,B: Transform->Pack (in-line),3,PM24-3 Ply Carton CF24 10 Kg (390x290x220mm) 10000 gm -Unprinted,pm,,0.1,1,PM Store,Final FG (packing)
Amazon Brand Nuts Berries and Seed Mix 200g (B0B69J57QV),B: Transform->Pack (in-line),1,PM24-Pet Jar 250 gm,pm,,1,1,PM Store,Final FG (packing)
Amazon Brand Nuts Berries and Seed Mix 200g (B0B69J57QV),B: Transform->Pack (in-line),2,PM24-3 Ply Carton CF24 10 Kg (390x290x220mm) 10000 gm -Unprinted,pm,,0.02,1,PM Store,Final FG (packing)
Amazon Brand Nuts Berries and Seed Mix 200g (B0B69J57QV),B: Transform->Pack (in-line),3,Pumpkin Seed ( 5% ),rm,,0.03,1,Factory,Create WIP
Amazon Brand Nuts Berries and Seed Mix 200g (B0B69J57QV),B: Transform->Pack (in-line),4,Dried Cranberry Sliced,rm,,0.05,1,Factory,Create WIP
Amazon Brand Nuts Berries and Seed Mix 200g (B0B69J57QV),B: Transform->Pack (in-line),5,CASHEW 450,rm,,0.03,1,Factory,Create WIP
Amazon Brand Nuts Berries and Seed Mix 200g (B0B69J57QV),B: Transform->Pack (in-line),6,American Almonds Running [28-30 Count],rm,,0.03,1,Factory,Create WIP
Amazon Brand Nuts Berries and Seed Mix 200g (B0B69J57QV),B: Transform->Pack (in-line),7,Sweet Amala Candy 5%,rm,,0.06,1,Factory,Create WIP
Amazon Brand Vedaka Dryfruits and Berries Mix 200g (B0B69KXW9J),B: Transform->Pack (in-line),1,Dried Cranberry Sliced,rm,,0.06,1,Factory,Create WIP
Amazon Brand Vedaka Dryfruits and Berries Mix 200g (B0B69KXW9J),B: Transform->Pack (in-line),2,Dried Strawberry,rm,,0.05,1,Factory,Create WIP
Amazon Brand Vedaka Dryfruits and Berries Mix 200g (B0B69KXW9J),B: Transform->Pack (in-line),3,GREEK DARK SEEDLESS RAISINS (Black Currant),rm,,0.06,1,Factory,Create WIP
Amazon Brand Vedaka Dryfruits and Berries Mix 200g (B0B69KXW9J),B: Transform->Pack (in-line),4,Dried Blueberry,rm,,0.03,1,Factory,Create WIP
Amazon Brand Vedaka Dryfruits and Berries Mix 200g (B0B69KXW9J),B: Transform->Pack (in-line),5,PM24-Pet Jar 250 gm,pm,,1,1,PM Store,Final FG (packing)
Amazon Brand Vedaka Dryfruits and Berries Mix 200g (B0B69KXW9J),B: Transform->Pack (in-line),6,PM24-5 Ply Carton CF24 10kg (390X290X220) (D Mart)-Unprinted,pm,,0.02,1,PM Store,Final FG (packing)
Amazon Brand Vedaka Dryfruits and Nut Mix 200g (B0B69KB4GB),B: Transform->Pack (in-line),1,Independence Almonds,rm,,0.04,1,Factory,Create WIP
Amazon Brand Vedaka Dryfruits and Nut Mix 200g (B0B69KB4GB),B: Transform->Pack (in-line),2,Dried Cranberry Sliced,rm,,0.03,1,Factory,Create WIP
Amazon Brand Vedaka Dryfruits and Nut Mix 200g (B0B69KB4GB),B: Transform->Pack (in-line),3,Afghan Black Raisins Seedless 1*2,rm,,0.03,1,Factory,Create WIP
Amazon Brand Vedaka Dryfruits and Nut Mix 200g (B0B69KB4GB),B: Transform->Pack (in-line),4,Indian Green Raisins,rm,,0.04,1,Factory,Create WIP
Amazon Brand Vedaka Dryfruits and Nut Mix 200g (B0B69KB4GB),B: Transform->Pack (in-line),5,PM24-Dry Fruits Nutes Mix 250 gm Pouch Digital,pm,,1,1,Factory,Final FG (packing)
Amazon Brand Vedaka Dryfruits and Nut Mix 200g (B0B69KB4GB),B: Transform->Pack (in-line),6,PM24-3 Ply Carton CF24 10 Kg (390x290x220mm) 10000 gm -Unprinted,pm,,0.02,1,Factory,Final FG (packing)
Amazon Brand Vedaka Dryfruits and Nut Mix 200g (B0B69KB4GB),B: Transform->Pack (in-line),7,Pista Kernel,rm,,0.02,1,Factory,Create WIP
Amazon Brand Vedaka Dryfruits and Nut Mix 200g (B0B69KB4GB),B: Transform->Pack (in-line),8,Cashew 320,rm,,0.02,1,Factory,Create WIP
Amazon Brand Vedaka Dryfruits and Nut Mix 200g (B0B69KB4GB),B: Transform->Pack (in-line),9,Chilean Walnut Kernel Quarter,sfg,SFG0333,0.02,1,Factory,Final FG (opening RM)
Amazon Brand- Vedaka Dry Dates powder 200g,D: Pack-only,1,AL BARAKAH DEHYDRATED DATE POWDER - BULK PACK 10KG,rm,,0.2,1,Factory,Final FG (Sorting+Packing)
Amazon Brand- Vedaka Dry Dates powder 200g,D: Pack-only,2,PM24-Vedaka Purple Pouch 200GM,pm,,1,1,Factory,Final FG (packing)
Amazon Brand- Vedaka Dry Dates powder 200g,D: Pack-only,3,PM24-3 Ply Carton CF24 10 Kg (390x290x220mm) 10000 gm -Unprinted,pm,,0.02,1,Factory,Final FG (packing)
American Almonds (23-25 Count),D: Pack-only,1,American Almonds (23-25 Count),rm,,1,1,Factory,Final FG (Sorting+Packing)
American Almonds (24-25 Count),D: Pack-only,1,American Almonds (24-25 Count),rm,,1.01,1,Factory,Final FG (Sorting+Packing)
American Almonds Running 25-27 count,D: Pack-only,1,American Almonds Running 25-27 count,rm,,1,1,Factory,Final FG (Sorting+Packing)
American Almonds Running 25-27 count,D: Pack-only,2,American Almonds Running 25-27 count,rm,,1,1,Factory,Final FG (Sorting+Packing)
American Almonds Running 25-27 count,D: Pack-only,3,PM24-Vacuum Pouch-510 x 560mm-65 G-125 Micron-10 Kg 10000 gm,pm,,0.1,1,Factory,Final FG (packing)
American Almonds Tukda,D: Pack-only,1,American Almonds Tukda,rm,,1,1,Factory,Final FG (Sorting+Packing)
American Pecan 50gm,,1,Pecan Nuts,rm,,0.05,1,Factory,Final FG (Sorting+Packing)
American Pecan 50gm,,2,PM24-Vacuum Pouch-155 x115mm 50 gm,pm,,1,1,PM Store,Final FG (packing)
American Pecan 50gm,,3,PM24-3 Ply Carton CF24 10 Kg (390x290x220mm) 10000 gm -Unprinted,pm,,0.01,1,PM Store,Final FG (packing)
Anjeer (Figs),D: Pack-only,1,Anjeer (Figs),rm,,1,1,Factory,Final FG (Sorting+Packing)
Anjeer 1*2 75gm,D: Pack-only,1,Anjeer 1*2,rm,,0.075,1,Factory,Final FG (Sorting+Packing)
Anjeer 1*2 75gm,D: Pack-only,2,PM24-Vacuum Pouch-130 x190mm 100 gm,pm,,1,1,PM Store,Final FG (packing)
Antioxidant Mix 33gm,B: Transform->Pack (in-line),1,Pecan Nuts Kernel Split,rm,,0.0043,1,Factory,Create WIP
Antioxidant Mix 33gm,B: Transform->Pack (in-line),2,American Almonds Running 25-27 count,rm,,0.0066,1,Factory,Create WIP
Antioxidant Mix 33gm,B: Transform->Pack (in-line),3,Dried Goji Berry,rm,,0.005,1,Factory,Create WIP
Antioxidant Mix 33gm,B: Transform->Pack (in-line),4,Dried Cranberry Sliced,rm,,0.0066,1,Factory,Create WIP
Antioxidant Mix 33gm,B: Transform->Pack (in-line),5,Dried Black Currant,rm,,0.004,1,Factory,Create WIP
Antioxidant Mix 33gm,B: Transform->Pack (in-line),6,Choco Chips,rm,,0.004,1,Factory,Create WIP
Antioxidant Mix 33gm,B: Transform->Pack (in-line),7,Orange Peel,rm,,0.0026,1,Factory,Create WIP
Antioxidant Mix 35gm,B: Transform->Pack (in-line),1,Pecan Nuts,rm,,0.0046,1,Factory,Create WIP
Antioxidant Mix 35gm,B: Transform->Pack (in-line),2,Almond Roasted,fg,,0.007,1,Factory,Create WIP
Antioxidant Mix 35gm,B: Transform->Pack (in-line),3,Dried Goji Berry,rm,,0.0053,1,Factory,Create WIP
Antioxidant Mix 35gm,B: Transform->Pack (in-line),4,Cranberry Slice Apple Infused,rm,,0.007,1,Factory,Create WIP
Antioxidant Mix 35gm,B: Transform->Pack (in-line),5,Dried Black Currant,rm,,0.0042,1,Factory,Create WIP
Antioxidant Mix 35gm,B: Transform->Pack (in-line),6,Choco Chips,rm,,0.0042,1,Factory,Create WIP
Antioxidant Mix 35gm,B: Transform->Pack (in-line),7,Orange Slice / Pieces,rm,,0.0028,1,Factory,Create WIP
Apollo Life Arabian Dates 500g,,1,AL BARAKAH BARHI DATES 10KG,rm,,0.5,1,Factory,Final FG (Sorting+Packing)
Apollo Life Arabian Dates 500g,,2,PM24-Apollo Standy Dates Pouch 500 gm,pm,,1,1,PM Store,Final FG (packing)
Apollo Life Arabian Dates 500g,,3,"PM24 – Apollo Arabian Dates _3-Ply Printed Carton,",pm,,0.083,1,PM Store,Final FG (packing)
Apricot Kernel,D: Pack-only,1,Apricot Kernel,rm,,1,1,Factory,Final FG (Sorting+Packing)
Ar Barakah Fard Dates 1kg,D: Pack-only,1,AL BARAKAH FARD DATES STANDARD,rm,,1,1,Factory,Final FG (Sorting+Packing)
AUSTRALIA MACADAMIA HONEY ROAST 100G PCH,,1,Honey Roasted Macadamia Nut,fg,,0.1,1,Factory,Final FG (Sorting+Packing)
AUSTRALIA MACADAMIA HONEY ROAST 100G PCH,,2,PM24-Australia Macadamia Honey Roast Pouch,pm,,1,1,PM Store,Final FG (packing)
AUSTRALIA MACADAMIA HONEY ROAST 100G PCH,,3,PM24-3 Ply Carton CF24 10 Kg (390x290x220mm) 10000 gm -Unprinted,pm,,0.021,1,PM Store,Final FG (packing)
AUSTRALIA MACADAMIA SWEETCHILLI 100G PCH,,1,Sweet Chilli Macadamia Nut,fg,,0.1,1,Factory,Final FG (Sorting+Packing)
AUSTRALIA MACADAMIA SWEETCHILLI 100G PCH,,2,PM24-Australia Macadamia Sweet Chilli  Pouch,pm,,1,1,PM Store,Final FG (packing)
AUSTRALIA MACADAMIA SWEETCHILLI 100G PCH,,3,PM24-3 Ply Carton CF21 Walnut Carton (445X310X305MM)-Unprinted,pm,,0.021,1,PM Store,Final FG (packing)
AUSTRALIA MCADAMIA DARKCHOCOLTE 100G PCH,,1,Macadamia Dark Chocolate Clusters,fg,,0.1,1,Factory,Final FG (Sorting+Packing)
AUSTRALIA MCADAMIA DARKCHOCOLTE 100G PCH,,2,PM24-Australia Macadamia Dark Chocolate Clusters  Pouch,pm,,0.1,1,PM Store,Final FG (packing)
AUSTRALIA MCADAMIA DARKCHOCOLTE 100G PCH,,3,PM24-3 Ply Carton CF24 10 Kg (390x290x220mm) 10000 gm -Unprinted,pm,,0.021,1,PM Store,Final FG (packing)
AUSTRALIA MCDAMIA MILKCHOCOLATE 100G PCH,,1,Macadamia Milk Chocolate Clusters,fg,,0.1,1,Factory,Final FG (Sorting+Packing)
AUSTRALIA MCDAMIA MILKCHOCOLATE 100G PCH,,2,PM24-Australia Macadamia Milk Chocolate Clusters  Pouch,pm,,1,1,PM Store,Final FG (packing)
AUSTRALIA MCDAMIA MILKCHOCOLATE 100G PCH,,3,PM24-3 Ply Carton CF24 10 Kg (390x290x220mm) 10000 gm -Unprinted,pm,,0.021,1,PM Store,Final FG (packing)
Azmah Dates 500 Gms (110002703),D: Pack-only,1,Wet Dates Safavi,rm,,0.5,1,Factory,Final FG (Sorting+Packing)
Banarasi Box Hamper 03,D: Pack-only,1,Carnival Festive Salted Almonds (27-28 count) 100gm,fg,,1,1,Factory,Final FG (Sorting+Packing)
Banarasi Box Hamper 03,D: Pack-only,2,Carnival Festive Cashew (320) 100gm,fg,,1,1,Factory,Final FG (Sorting+Packing)
Banarasi Box Hamper 03,D: Pack-only,3,Carnival Festive Indian Raisin 100gm,fg,,1,1,Factory,Final FG (Sorting+Packing)
Banarasi Box Hamper 03,D: Pack-only,4,PM24-Hamper-Square Banarasi Box-Small,pm,,1,1,PM Store,Final FG (packing)
Barbeque Almonds,D: Pack-only,1,American Almonds Running 25-27 count,rm,,0.2,1,Factory,Final FG (Sorting+Packing)
Barbeque Cashew,C: Pack of existing SFG,1,Cashew 320,rm,,0.99,1,Factory,Final FG (Sorting+Packing)
Barbeque Cashew,C: Pack of existing SFG,2,Barbeque seasoning,rm,,0.04,1,Factory,Final FG (Sorting+Packing)
Barbeque Cashew Bulk,A: WIP producer (bulk),1,Cashew 320,rm,,1,1,Factory,Create WIP
Barbeque Cashew Bulk,A: WIP producer (bulk),2,Barbeque seasoning,rm,,0.04,1,Factory,Create WIP
Barbeque Coated Peanuts 60gm,,1,Barbeque Coated Peanuts Bulk,rm,,0.06,1,Factory,Final FG (Sorting+Packing)
Barbeque Coated Peanuts Bulk,,1,Coated Peanut Base,fg,,0.9,1,Factory,Final FG (Sorting+Packing)
Barbeque Coated Peanuts Bulk,,2,Sunflower Oil in KG,rm,,0.04,1,Factory,Final FG (Sorting+Packing)
Barbeque Coated Peanuts Bulk,,3,Barbeque seasoning,rm,,0.06,1,Factory,Final FG (Sorting+Packing)
Barbeque Macadamia,B: Transform->Pack (in-line),1,Macadamia Roasted - Size 4,rm,,0.94,1,Factory,Create WIP
Barbeque Macadamia,B: Transform->Pack (in-line),2,Barbeque seasoning,rm,,0.07,1,Factory,Create WIP
Barbeque Macadamia,B: Transform->Pack (in-line),3,PM24-3 Ply Carton CF24 10 Kg (390x290x220mm) 10000 gm -Unprinted,pm,,0.1,1,Factory,Final FG (packing)
Barbeque Makhana,B: Transform->Pack (in-line),1,Makhana,rm,,1,1,Factory,Create WIP
BB Royal Ajwa Dates 500g,D: Pack-only,1,Ajwa Dates,rm,,0.5163,1,Factory,Final FG (Sorting+Packing)
BB Royal Ajwa Dates 500g,D: Pack-only,2,PM24-3 Ply Carton CF24 10 Kg (390x290x220mm) 10000 gm-Printed,pm,,0.05,1,Factory,Final FG (packing)
BB Royal Ajwa Dates 500g,D: Pack-only,3,PM24-BB Royal Ajwa Dates Tub 500 gm,pm,,1,1,Factory,Final FG (packing)
BB Royal Black Current 250g,D: Pack-only,1,GREEK DARK SEEDLESS RAISINS (Black Currant),rm,,0.25,1,Factory,Final FG (Sorting+Packing)
BB Royal Black Current 250g,D: Pack-only,2,PM24-3 Ply Carton CF24 10 Kg (390x290x220mm) 10000 gm-Printed,pm,,0.025,1,PM Store,Final FG (packing)
BB Royal Black Current 250g,D: Pack-only,3,PM24-BB Royal Black Currant Label 250 gm F800 /B930 /R770,pm,,1,1,PM Store,Final FG (packing)
BB Royal Dates - Ajwa 250g,D: Pack-only,1,Ajwa Dates,rm,,0.2581,1,Factory,Final FG (Sorting+Packing)
BB Royal Dates - Ajwa 250g,D: Pack-only,2,PM24-3 Ply Carton CF24 10 Kg (390x290x220mm) 10000 gm-Printed,pm,,0.03,1,Factory,Final FG (packing)
BB Royal Dates - Ajwa 250g,D: Pack-only,3,PM24-BB Royal Ajwa Dates 250 gm Tub,pm,,1,1,Factory,Final FG (packing)
BB Royal Dates - Deri 500 g,D: Pack-only,1,Deri Dates,rm,,0.5,1,Factory,Final FG (Sorting+Packing)
BB Royal Dates - Deri 500 g,D: Pack-only,2,PM24-3 Ply Carton CF24 10 Kg (390x290x220mm) 10000 gm-Printed,pm,,0.05,1,Factory,Final FG (packing)
BB Royal Dates - Deri 500 g,D: Pack-only,3,PM24-Big Basket-Red Dates Pouch 500 gm,pm,,1,1,Factory,Final FG (packing)
BB Royal Dates - Golden 500 g,D: Pack-only,1,AL BARAKAH KHALAS DATES,rm,,0.5163,1,Factory,Final FG (Sorting+Packing)
BB Royal Dates - Golden 500 g,D: Pack-only,2,PM24-3 Ply Carton CF24 10 Kg (390x290x220mm) 10000 gm-Printed,pm,,0.05,1,Factory,Final FG (packing)
BB Royal Dates - Golden 500 g,D: Pack-only,3,PM24-Big Basket-Red Dates Pouch 500 gm,pm,,1,1,Factory,Final FG (packing)
BB Royal Dates - Mazafati 250g,D: Pack-only,1,Mazafati Dates,rm,,0.2625,1,Factory,Final FG (Sorting+Packing)
BB Royal Dates - Mazafati 250g,D: Pack-only,2,PM24-3 Ply Carton CF24 10 Kg (390x290x220mm) 10000 gm-Printed,pm,,0.025,1,Factory,Final FG (packing)
BB Royal Dates - Mazafati 250g,D: Pack-only,3,PM24-Bb Royal Mazafati Dates Tub 250 gm,pm,,1,1,Factory,Final FG (packing)
BB Royal Dates - Medjool 250g,D: Pack-only,1,Medjoul Dates Mini,rm,,0.2581,1,Factory,Final FG (Sorting+Packing)
BB Royal Dates - Medjool 250g,D: Pack-only,2,PM24-3 Ply Carton CF24 10 Kg (390x290x220mm) 10000 gm-Printed,pm,,0.025,1,Factory,Final FG (packing)
BB Royal Dates - Medjool 250g,D: Pack-only,3,PM24-Bb Royal Medjool Dates Tub 250 gm,pm,,1,1,Factory,Final FG (packing)
BB Royal Dates - Medjool 250g,D: Pack-only,4,PM24-Kimia Dates Pouch 6.5/11.5x8.25 Plain-LD Natural 500 gm,pm,,1,1,Factory,Final FG (packing)
BB Royal Dates - Omani 250g,D: Pack-only,1,Oman Dates,rm,,0.2581,1,Factory,Final FG (Sorting+Packing)
BB Royal Dates - Omani 250g,D: Pack-only,2,PM24-3 Ply Carton CF24 10 Kg (390x290x220mm) 10000 gm-Printed,pm,,0.025,1,Factory,Final FG (packing)
BB Royal Dates - Omani 250g,D: Pack-only,3,PM24-BB Royal Omani Dates Tub 250 gm,pm,,1,1,Factory,Final FG (packing)
"BB Royal Dates - Red, Seedless 250 g",B: Transform->Pack (in-line),1,Wet Dates Seedless Khalas,rm,,0.2581,1,Factory,Create WIP
"BB Royal Dates - Red, Seedless 250 g",B: Transform->Pack (in-line),2,PM24-3 Ply Carton CF24 10 Kg (390x290x220mm) 10000 gm-Printed,pm,,0.025,1,PM Store,Final FG (packing)
"BB Royal Dates - Red, Seedless 250 g",B: Transform->Pack (in-line),3,PM24-Big Basket-Red Dates Pouch 250 gm,pm,,1,1,PM Store,Final FG (packing)
BB Royal Dates - Safawi 250g,D: Pack-only,1,Wet Dates Safavi,rm,,0.2581,1,Factory,Final FG (Sorting+Packing)
BB Royal Dates - Safawi 250g,D: Pack-only,2,PM24-3 Ply Carton CF24 10 Kg (390x290x220mm) 10000 gm-Printed,pm,,0.03,1,Factory,Final FG (packing)
BB Royal Dates - Safawi 250g,D: Pack-only,3,PM24-BB Royal Safavi Dates Tub 250 gm,pm,,1,1,Factory,Final FG (packing)
BB Royal Dates - Zahidi 500 g,D: Pack-only,1,Zahidi Dates,rm,,0.5163,1,Factory,Final FG (Sorting+Packing)
BB Royal Dates - Zahidi 500 g,D: Pack-only,2,PM24-3 Ply Carton CF24 10 Kg (390x290x220mm) 10000 gm-Printed,pm,,0.05,1,Factory,Final FG (packing)
BB Royal Dates - Zahidi 500 g,D: Pack-only,3,PM24-Big Basket-Red Dates Pouch 500 gm,pm,,1,1,Factory,Final FG (packing)
BB Royal Dried Blue Berries 100g,D: Pack-only,1,Dried Blueberry,rm,,0.1015,1,Factory,Final FG (Sorting+Packing)
BB Royal Dried Blue Berries 100g,D: Pack-only,2,PM24-3 Ply Carton CF24 10 Kg (390x290x220mm) 10000 gm-Printed,pm,,0.01,1,Factory,Final FG (packing)
BB Royal Dried Blue Berries 100g,D: Pack-only,3,PM24-BB Royal Blueberris Label 100 gm,pm,,1,1,Factory,Final FG (packing)
BB Royal Dried Blue Berries 100g,D: Pack-only,4,PM24-Pet 100 gm,pm,,1,1,Factory,Final FG (packing)
BB Royal Dried Blue Berries 250g,D: Pack-only,1,Dried Blueberry,rm,,0.25,1,Factory,Final FG (Sorting+Packing)
BB Royal Dried Blue Berries 250g,D: Pack-only,2,PM24-3 Ply Carton CF24 10 Kg (390x290x220mm) 10000 gm-Printed,pm,,0.025,1,Factory,Final FG (packing)
BB Royal Dried Blue Berries 250g,D: Pack-only,3,PM24-BB Royal Blueberry Set Label 250 gm F4000 /B2300 /R3100,pm,,1,1,PM Store,Final FG (packing)
BB Royal Dried Blue Berries 250g,D: Pack-only,4,PM24-600Ml Tub With Container Lid And Handle 250 gm,pm,,1,1,PM Store,Final FG (packing)
BB Royal Dried Cran Berries 100g,D: Pack-only,1,Dried Cranberry Whole,rm,,0.1015,1,Factory,Final FG (Sorting+Packing)
BB Royal Dried Cran Berries 100g,D: Pack-only,2,PM24-3 Ply Carton CF24 10 Kg (390x290x220mm) 10000 gm-Printed,pm,,0.01,1,Factory,Final FG (packing)
BB Royal Dried Cran Berries 100g,D: Pack-only,3,PM24-Cranberry Label 100 gm,pm,,1,1,Factory,Final FG (packing)
BB Royal Dried Cran Berries 100g,D: Pack-only,4,PM24-Pet 100 gm,pm,,1,1,Factory,Final FG (packing)
BB Royal Dried Cran Berry 250g,D: Pack-only,1,Dried Cranberry Whole,rm,,0.25,1,Factory,Final FG (Sorting+Packing)
BB Royal Dried Cran Berry 250g,D: Pack-only,2,PM24-3 Ply Carton CF24 10 Kg (390x290x220mm) 10000 gm-Printed,pm,,0.03,1,Factory,Final FG (packing)
BB Royal Dried Cran Berry 250g,D: Pack-only,3,PM24-Black Clip 250 gm,pm,,1,1,Factory,Final FG (packing)
BB Royal Dried Cran Berry 250g,D: Pack-only,4,PM24-600Ml Tub With Container Lid And Handle 250 gm,pm,,1,1,Factory,Final FG (packing)
BB Royal Dried Cran Berry 250g,D: Pack-only,5,PM24-Cranberry Set Label 250 gm,pm,,1,1,Factory,Final FG (packing)
BB Royal Mazafati Dates 500g,D: Pack-only,1,Mazafati Dates,rm,,0.525,1,Factory,Final FG (Sorting+Packing)
BB Royal Mazafati Dates 500g,D: Pack-only,2,PM24-3 Ply Carton CF24 10 Kg (390x290x220mm) 10000 gm-Printed,pm,,0.05,1,Factory,Final FG (packing)
BB Royal Mazafati Dates 500g,D: Pack-only,3,PM24-BB Royal Mazafati Dates Tub 500 gm,pm,,1,1,Factory,Final FG (packing)
BB Royal Mazafati Dates 500g,D: Pack-only,4,PM24-Kimia Dates Pouch 6.5/11.5x8.25 Plain-LD Natural 500 gm,pm,,1,1,Factory,Final FG (packing)
BB Royal Medjool Dates 500g,D: Pack-only,1,Medjoul Dates Mini,rm,,0.5163,1,Factory,Final FG (Sorting+Packing)
BB Royal Medjool Dates 500g,D: Pack-only,2,PM24-3 Ply Carton CF24 10 Kg (390x290x220mm) 10000 gm-Printed,pm,,0.05,1,Factory,Final FG (packing)
BB Royal Medjool Dates 500g,D: Pack-only,3,PM24-BB Royal Medjool Dates Tub 500 gm,pm,,1,1,Factory,Final FG (packing)
BB Royal Medjool Dates 500g,D: Pack-only,4,PM24-Kimia Dates Pouch 6.5/11.5x8.25 Plain-LD Natural 500 gm,pm,,1,1,Factory,Final FG (packing)
Bb Royal Omani Dates 500gm,D: Pack-only,1,Oman Dates,rm,,0.5163,1,Factory,Final FG (Sorting+Packing)
Bb Royal Omani Dates 500gm,D: Pack-only,2,PM24-3 Ply Carton CF24 10 Kg (390x290x220mm) 10000 gm-Printed,pm,,0.05,1,Factory,Final FG (packing)
Bb Royal Omani Dates 500gm,D: Pack-only,3,PM24-BB Royal Omani Dates Tub 500 gm,pm,,1,1,Factory,Final FG (packing)
Bb Royal Omani Dates 500gm,D: Pack-only,4,PM24-Kimia Dates Pouch 6.5/11.5x8.25 Plain-LD Natural 500 gm,pm,,1,1,Factory,Final FG (packing)
BB Royal Red Dates - With Seeds 500gm,D: Pack-only,1,AL BARAKAH KHALAS DATES,rm,,0.5,1,Factory,Final FG (Sorting+Packing)
BB Royal Safavi Dates 500g,D: Pack-only,1,Wet Dates Safavi,rm,,0.5163,1,Factory,Final FG (Sorting+Packing)
BB Royal Safavi Dates 500g,D: Pack-only,2,PM24-3 Ply Carton CF24 10 Kg (390x290x220mm) 10000 gm-Printed,pm,,0.05,1,Factory,Final FG (packing)
BB Royal Safavi Dates 500g,D: Pack-only,3,PM24-BB Royal Safavi Dates Tub 500 gm,pm,,1,1,Factory,Final FG (packing)
BB Royal Safavi Dates 500g,D: Pack-only,4,PM24-Kimia Dates Pouch 6.5/11.5x8.25 Plain-LD Natural 500 gm,pm,,1,1,Factory,Final FG (packing)
BBroyal Black Current 100g,D: Pack-only,1,GREEK DARK SEEDLESS RAISINS (Black Currant),rm,,0.1015,1,Factory,Final FG (Sorting+Packing)
BBroyal Black Current 100g,D: Pack-only,2,PM24-BB Royal Black Currant Label 100 gm,pm,,1,1,Factory,Final FG (packing)
BBroyal Black Current 100g,D: Pack-only,3,PM24-3 Ply Carton CF24 10 Kg (390x290x220mm) 10000 gm-Printed,pm,,0.01,1,Factory,Final FG (packing)
BBroyal Black Current 100g,D: Pack-only,4,PM24-Pet 100 gm,pm,,1,1,Factory,Final FG (packing)
Berry Mix,D: Pack-only,1,Dried Cranberry Sliced,rm,,0.19,1,Factory,Final FG (Sorting+Packing)
Berry Mix,D: Pack-only,2,Dried Blueberry,rm,,0.12,1,Factory,Final FG (Sorting+Packing)
Berry Mix,D: Pack-only,3,Dried Black Currant,rm,,0.2,1,Factory,Final FG (Sorting+Packing)
Berry Mix,D: Pack-only,4,Dried Raspberry,rm,,0.04,1,Factory,Final FG (Sorting+Packing)
Berry Mix,D: Pack-only,5,Indian Black Raisins,rm,,0.25,1,Factory,Final FG (Sorting+Packing)
Berry Mix,D: Pack-only,6,Dried Strawberry,rm,,0.2,1,Factory,Final FG (Sorting+Packing)
Black Pepper Almonds,B: Transform->Pack (in-line),1,American Almonds Running 25-27 count,rm,,0.94,1,Factory,Create WIP
Black Pepper Almonds,B: Transform->Pack (in-line),2,Black Pepper Seasoning,rm,,0.07,1,Factory,Create WIP
Black Pepper Almonds,B: Transform->Pack (in-line),3,PM24-3 Ply Carton CF24 10 Kg (390x290x220mm) 10000 gm -Unprinted,pm,,0.1,1,Factory,Final FG (packing)
BLACK PEPPER CASHEW,C: Pack of existing SFG,1,Cashew 320,rm,,0.94,1,Factory,Final FG (Sorting+Packing)
BLACK PEPPER CASHEW,C: Pack of existing SFG,2,Black Pepper Seasoning,rm,,0.07,1,Factory,Final FG (Sorting+Packing)
BLACK PEPPER CASHEW,C: Pack of existing SFG,3,PM24-3 Ply Carton CF24 10 Kg (390x290x220mm) 10000 gm -Unprinted,pm,,0.1,1,Factory,Final FG (packing)
Black Pepper Cashew Bulk,A: WIP producer (bulk),1,Cashew 320,rm,,1,1,Factory,Create WIP
Black Pepper Cashew Bulk,A: WIP producer (bulk),2,Black Pepper Seasoning,rm,,0.04,1,Factory,Create WIP
Black Pepper Macadamia Trail Mix,B: Transform->Pack (in-line),1,Pista Kernel,rm,,0.2387,1,Factory,Create WIP
Black Pepper Macadamia Trail Mix,B: Transform->Pack (in-line),2,Macadamia Roasted - Size 4L,rm,,0.1432,1,Factory,Create WIP
Black Pepper Macadamia Trail Mix,B: Transform->Pack (in-line),3,Pecan Nuts,rm,,0.1432,1,Factory,Create WIP
Black Pepper Macadamia Trail Mix,B: Transform->Pack (in-line),4,Cashew 240,rm,,0.1909,1,Factory,Create WIP
Black Pepper Macadamia Trail Mix,B: Transform->Pack (in-line),5,American Almonds Running 25-27 count,rm,,0.2387,1,Factory,Create WIP
Black Pepper Macadamia Trail Mix,B: Transform->Pack (in-line),6,Acacia Gum - Dink/ Gundar,rm,,0.0072,1,Factory,Create WIP
Black Pepper Macadamia Trail Mix,B: Transform->Pack (in-line),7,Black Pepper Seasoning,rm,,0.0382,1,Factory,Create WIP
Black Pepper Nutty Seed Mix 250gm,B: Transform->Pack (in-line),1,Almond Roasted,fg,,0.047,1,Factory,Create WIP
Black Pepper Nutty Seed Mix 250gm,B: Transform->Pack (in-line),2,Cashew Roasted,fg,,0.0243,1,Factory,Create WIP
Black Pepper Nutty Seed Mix 250gm,B: Transform->Pack (in-line),3,Pista Kernel,rm,,0.0236,1,Factory,Create WIP
Black Pepper Nutty Seed Mix 250gm,B: Transform->Pack (in-line),4,Pumpkin Seeds Roasted,fg,,0.047,1,Factory,Create WIP
Black Pepper Nutty Seed Mix 250gm,B: Transform->Pack (in-line),5,Sunflower Seeds Roasted,fg,,0.0465,1,Factory,Create WIP
Black Pepper Nutty Seed Mix 250gm,B: Transform->Pack (in-line),6,Dried Cranberry Sliced,rm,,0.0353,1,Factory,Create WIP
Black Pepper Nutty Seed Mix 250gm,B: Transform->Pack (in-line),7,Dried Blueberry,rm,,0.0071,1,Factory,Create WIP
Black Pepper Nutty Seed Mix 250gm,B: Transform->Pack (in-line),8,SUNFLOWER OIL,rm,,0.006,1,Factory,Create WIP
Black Pepper Nutty Seed Mix 250gm,B: Transform->Pack (in-line),9,Salt & Pepper Seasoning,rm,,0.0112,1,Factory,Create WIP
Black Pepper Nutty Seed Mix 250gm,B: Transform->Pack (in-line),10,Black Pepper Powder,rm,,0.0018,1,Factory,Create WIP
Black Pepper Nutty Seed Mix 250gm,B: Transform->Pack (in-line),11,PM24-Pet Jar 250 gm,pm,,1,1,PM Store,Final FG (packing)
Black Pepper Pecannut,B: Transform->Pack (in-line),1,Pecan Nuts,rm,,1,1,Factory,Create WIP
Black Pepper Pecannut,B: Transform->Pack (in-line),2,Black Pepper Seasoning,rm,,0.01,1,Factory,Create WIP
Black Pepper Pecannut,B: Transform->Pack (in-line),3,PM24-3 Ply Carton CF24 10 Kg (390x290x220mm) 10000 gm -Unprinted,pm,,0.1,1,PM Store,Final FG (packing)
Blackcurrant Date Balls 48 gms,B: Transform->Pack (in-line),1,Wet Dates Seedless Khalas,rm,,0.0144,1,Factory,Create WIP
Blackcurrant Date Balls 48 gms,B: Transform->Pack (in-line),2,AL Barakah Date Paste,rm,,0.0098,1,Factory,Create WIP
Blackcurrant Date Balls 48 gms,B: Transform->Pack (in-line),3,American Almonds Tukda,rm,,0.0024,1,Factory,Create WIP
Blackcurrant Date Balls 48 gms,B: Transform->Pack (in-line),4,Cashew Tukda,rm,,0.0115,1,Factory,Create WIP
Blackcurrant Date Balls 48 gms,B: Transform->Pack (in-line),5,Dried Black Currant,rm,,0.0096,1,Factory,Create WIP
Blackcurrant Date Balls 48 gms,B: Transform->Pack (in-line),6,VANILLA LIQUID EXTRACT,rm,,0.0002,1,Factory,Create WIP
BLISSFUL CELEBRATION 360gm,D: Pack-only,1,Carnival Festive Cashew (320) 80gm,fg,,1,1,Factory,Final FG (Sorting+Packing)
BLISSFUL CELEBRATION 360gm,D: Pack-only,2,Carnival Festive Indian Raisin 100gm,fg,,1,1,Factory,Final FG (Sorting+Packing)
BLISSFUL CELEBRATION 360gm,D: Pack-only,3,Carnival Festive Almonds (27-28 count) 100gm,fg,,1,1,Factory,Final FG (Sorting+Packing)
BLISSFUL CELEBRATION 360gm,D: Pack-only,4,Carnival Festive California Pista (21-26) 80gm,fg,,1,1,Factory,Final FG (Sorting+Packing)
BLISSFUL CELEBRATION 360gm,D: Pack-only,5,PM24-Hamper-Blissful Celebration 360 Gm Purple Printed,pm,,1,1,Factory,Final FG (packing)
BLISSFUL CELEBRATION 360gm,D: Pack-only,6,PM24-5 Ply Diwali Carton (4P),pm,,0.063,1,Factory,Final FG (packing)
Blueberries 230g,D: Pack-only,1,Dried Blueberry,rm,,0.23,1,Factory,Final FG (Sorting+Packing)
Blueberries 230g,D: Pack-only,2,PM24-Pet Jar 250 gm,pm,,1,1,PM Store,Final FG (packing)
Blueberries 75gm,D: Pack-only,1,Dried Blueberry,rm,,0.075,1,Factory,Final FG (Sorting+Packing)
Booster Berries 33gm,D: Pack-only,1,Cranberry Slice Apple Infused,rm,,0.0106,1,Factory,Final FG (Sorting+Packing)
Booster Berries 33gm,D: Pack-only,2,Dried Goji Berry,rm,,0.0053,1,Factory,Final FG (Sorting+Packing)
Booster Berries 33gm,D: Pack-only,3,Turkey Apricot No 3,rm,,0.005,1,Factory,Final FG (Sorting+Packing)
Booster Berries 33gm,D: Pack-only,4,GREEK DARK SEEDLESS RAISINS (Black Currant),rm,,0.0053,1,Factory,Final FG (Sorting+Packing)
Booster Berries 33gm,D: Pack-only,5,Dried Blueberry Apple Infused,rm,,0.0069,1,Factory,Final FG (Sorting+Packing)
Booster Berries 35gm,D: Pack-only,1,Cranberry Slice Apple Infused,rm,,0.0112,1,Factory,Final FG (Sorting+Packing)
Booster Berries 35gm,D: Pack-only,2,Dried Goji Berry,rm,,0.0056,1,Factory,Final FG (Sorting+Packing)
Booster Berries 35gm,D: Pack-only,3,Turkey Apricot No 3,rm,,0.0053,1,Factory,Final FG (Sorting+Packing)
Booster Berries 35gm,D: Pack-only,4,Dried Black Currant,rm,,0.0056,1,Factory,Final FG (Sorting+Packing)
Booster Berries 35gm,D: Pack-only,5,Dried Blueberry Apple Infused,rm,,0.0074,1,Factory,Final FG (Sorting+Packing)
Brazil Nuts,D: Pack-only,1,Brazil Nuts,rm,,1,1,Factory,Final FG (Sorting+Packing)
Breakfast Mix Bulk,B: Transform->Pack (in-line),1,Pista Kernel,rm,,0.125,1,Factory,Create WIP
Breakfast Mix Bulk,B: Transform->Pack (in-line),2,American Almonds Running 25-27 count,rm,,0.25,1,Factory,Create WIP
Breakfast Mix Bulk,B: Transform->Pack (in-line),3,Black Chia Seeds,rm,,0.25,1,Factory,Create WIP
Breakfast Mix Bulk,B: Transform->Pack (in-line),4,Pumpkin Seed 12%,rm,,0.188,1,Factory,Create WIP
Breakfast Mix Bulk,B: Transform->Pack (in-line),5,Flax Seeds (Alsi),rm,,0.188,1,Factory,Create WIP
CA GOA PRE CASHEW 230GM/P,D: Pack-only,1,Cashew 320,rm,,0.23,1,Factory,Final FG (Sorting+Packing)
CA GOA PRE CASHEW 230GM/P,D: Pack-only,2,PM24-Plain Laminate 285 mm 250 gm,pm,,0.005,1,PM Store,Final FG (packing)
CA INDIAN PREMIUM QUALITY RAISINS 150/P,D: Pack-only,1,Indian Long Green Raisins,rm,,0.15,1,Factory,Final FG (Sorting+Packing)
CA INDIAN PREMIUM QUALITY RAISINS 150/P,D: Pack-only,2,PM24-Zipper Laminated Plain Standy Zipper Pouch (6x9 in) 150 gm,pm,,1,1,PM Store,Final FG (packing)
CA PREMIUM ALMOND CALIFORNIA 218GM/P,D: Pack-only,1,American Almonds Running 25-27 count,rm,,0.218,1,Factory,Final FG (Sorting+Packing)
CA PREMIUM ALMOND CALIFORNIA 218GM/P,D: Pack-only,2,PM24-Plain Laminate 285 mm 250 gm,pm,,0.005,1,PM Store,Final FG (packing)
CA PREMIUM ALMOND CALIFORNIA 218GM/P,D: Pack-only,3,PM24-3 Ply Carton CF24 10 Kg (390x290x220mm) 10000 gm -Unprinted,pm,,0.003,1,PM Store,Final FG (packing)
CA PREMIUM DRY CANBERRY 230GM/P,D: Pack-only,1,Dried Cranberry Whole,rm,,0.23,1,Factory,Final FG (Sorting+Packing)
CA PREMIUM DRY CANBERRY 230GM/P,D: Pack-only,2,PM24-Plain Laminate 285 mm 250 gm,pm,,0.005,1,PM Store,Final FG (packing)
CA PREMIUM PINSHROSTSALTIRANIPISTA15 /P,D: Pack-only,1,Pista Irani 101 Inshell,rm,,0.15,1,Factory,Final FG (Sorting+Packing)
CA PREMIUM PINSHROSTSALTIRANIPISTA15 /P,D: Pack-only,2,PM24-Zipper-Silver Standy Pouch 5 x 9 150 gm,pm,,1,1,PM Store,Final FG (packing)
CA WALNUT CHILE (VACUUM PACKING)250GM /P,D: Pack-only,1,Chilean Walnut Kernel 2 pcs,rm,,0.25,1,Factory,Final FG (Sorting+Packing)
CA WALNUT CHILE (VACUUM PACKING)250GM /P,D: Pack-only,2,PM24-Plain Laminate 285 mm 250 gm,pm,,0.005,1,PM Store,Final FG (packing)
CA WALNUT CHILE (VACUUM PACKING)250GM /P,D: Pack-only,3,PM24-3 Ply Carton CF24 10 Kg (390x290x220mm) 10000 gm -Unprinted,pm,,0.003,1,PM Store,Final FG (packing)
Cafe Galleria Walnut Kernel 250g,D: Pack-only,1,Chilean Walnut Kernel 2 pcs,rm,,0.25,1,Factory,Final FG (Sorting+Packing)
Cafe Galleria Walnut Kernel 250g,D: Pack-only,2,PM24-Cafe Galleria Dry Fruit Pouch 250 gm,pm,,1,1,PM Store,Final FG (packing)
Cafe Galleries American Almond 25-27count - 250gm,D: Pack-only,1,American Almonds Running 25-27 count,rm,,0.25,1,Factory,Final FG (Sorting+Packing)
Cafe Galleries American Almond 25-27count - 250gm,D: Pack-only,2,PM24-Cafe Galleria Dry Fruit Pouch 250 gm,pm,,1,1,PM Store,Final FG (packing)
Cafe Galleries American Pista Inshell Regular 250gm,D: Pack-only,1,California Pista Inshell,rm,,0.25,1,Factory,Final FG (Sorting+Packing)
Cafe Galleries American Pista Inshell Regular 250gm,D: Pack-only,2,PM24-Cafe Galleria Dry Fruit Pouch 250 gm,pm,,1,1,PM Store,Final FG (packing)
Cafe Galleries American Pista Inshell Regular 250gm,D: Pack-only,3,PM24-3 Ply Carton CF24 10 Kg (390x290x220mm) 10000 gm -Unprinted,pm,,0.03,1,PM Store,Final FG (packing)
Cafe Galleries American Pista Inshell Selected 250g,D: Pack-only,1,California Pista Inshell,rm,,0.25,1,Factory,Final FG (Sorting+Packing)
Cafe Galleries American Pista Inshell Selected 250g,D: Pack-only,2,PM24-Cafe Galleria Dry Fruit Pouch 250 gm,pm,,1,1,PM Store,Final FG (packing)
Cafe Galleries American Pista Inshell Selected 250g,D: Pack-only,3,PM24-3 Ply Carton CF24 10 Kg (390x290x220mm) 10000 gm -Unprinted,pm,,0.03,1,PM Store,Final FG (packing)
Cafe Galleries Blueberry 250g,D: Pack-only,1,Dried Blueberry,rm,,0.25,1,Factory,Final FG (Sorting+Packing)
Cafe Galleries Blueberry 250g,D: Pack-only,2,PM24-3 Ply Carton CF24 10 Kg (390x290x220mm) 10000 gm-Printed,pm,,0.03,1,Factory,Final FG (packing)
Cafe Galleries Blueberry 250g,D: Pack-only,3,PM24-Cafe Galleria Dry Fruit Pouch 250 gm,pm,,1,1,Factory,Final FG (packing)
Cafe Galleries Brazil Nuts 250g,D: Pack-only,1,Brazil Nuts,rm,,0.25,1,Factory,Final FG (Sorting+Packing)
Cafe Galleries Brazil Nuts 250g,D: Pack-only,2,PM24-3 Ply Carton CF24 10 Kg (390x290x220mm) 10000 gm-Printed,pm,,0.03,1,Factory,Final FG (packing)
Cafe Galleries Brazil Nuts 250g,D: Pack-only,3,PM24-Cafe Galleria Dry Fruit Pouch 250 gm,pm,,1,1,Factory,Final FG (packing)
Cafe Galleries Cashew 180 - 250gm,D: Pack-only,1,Cashew 180,rm,,0.2575,1,Factory,Final FG (Sorting+Packing)
Cafe Galleries Cashew 180 - 250gm,D: Pack-only,2,PM24-3 Ply Carton CF24 10 Kg (390x290x220mm) 10000 gm-Printed,pm,,0.03,1,Factory,Final FG (packing)
Cafe Galleries Cashew 180 - 250gm,D: Pack-only,3,PM24-Zipper-Standy Pouch 7 x 10 300 gm,pm,,1,1,Factory,Final FG (packing)
Cafe Galleries Cashew 180 - 500gm,D: Pack-only,1,Cashew 180,rm,,0.5,1,Factory,Final FG (Sorting+Packing)
Cafe Galleries Cashew 180 - 500gm,D: Pack-only,2,PM24-3 Ply Carton CF24 10 Kg (390x290x220mm) 10000 gm-Printed,pm,,0.05,1,Factory,Final FG (packing)
Cafe Galleries Cashew 180 - 500gm,D: Pack-only,3,PM24-Cafe Galleria Dry Fruit Pouch 500 gm Digital,pm,,1,1,Factory,Final FG (packing)
Cafe Galleries Cashew 210 - 250gm,D: Pack-only,1,Cashew 210,rm,,0.25,1,Factory,Final FG (Sorting+Packing)
Cafe Galleries Cashew 210 - 250gm,D: Pack-only,2,PM24-Cafe Galleria Dry Fruit Pouch 250 gm,pm,,1,1,Factory,Final FG (packing)
Cafe Galleries Cashew 210 - 250gm,D: Pack-only,3,PM24-3 Ply Carton CF24 10 Kg (390x290x220mm) 10000 gm-Printed,pm,,0.03,1,Factory,Final FG (packing)
Cafe Galleries Cashew 210 - 500g,D: Pack-only,1,Cashew 210,rm,,0.5,1,Factory,Final FG (Sorting+Packing)
Cafe Galleries Cashew 210 - 500g,D: Pack-only,2,PM24-3 Ply Carton CF24 10 Kg (390x290x220mm) 10000 gm-Printed,pm,,0.05,1,Factory,Final FG (packing)
Cafe Galleries Cashew 210 - 500g,D: Pack-only,3,PM24-Cafe Galleria Dry Fruit Pouch 500 gm Digital,pm,,1,1,Factory,Final FG (packing)
Cafe Galleries Cashew 240 - 250g,D: Pack-only,1,Cashew 240,rm,,0.25,1,Factory,Final FG (Sorting+Packing)
Cafe Galleries Cashew 240 - 250g,D: Pack-only,2,PM24-3 Ply Carton CF24 10 Kg (390x290x220mm) 10000 gm-Printed,pm,,0.03,1,Factory,Final FG (packing)
Cafe Galleries Cashew 240 - 250g,D: Pack-only,3,PM24-Cafe Galleria Dry Fruit Pouch 500 gm Digital,pm,,1,1,Factory,Final FG (packing)
Cafe Galleries Cashew 240 - 500gm,D: Pack-only,1,Cashew 240,rm,,0.5,1,Factory,Final FG (Sorting+Packing)
Cafe Galleries Cashew 240 - 500gm,D: Pack-only,2,PM24-Cafe Galleria Dry Fruit Pouch 500 gm Digital,pm,,1,1,PM Store,Final FG (packing)
Cafe Galleries Cashew 320 - 250gm,D: Pack-only,1,Cashew 320,rm,,0.25,1,Factory,Final FG (Sorting+Packing)
Cafe Galleries Cashew 320 - 250gm,D: Pack-only,2,PM24-Cafe Galleria Dry Fruit Pouch 250 gm,pm,,1,1,PM Store,Final FG (packing)
Cafe Galleries Cashew Black Pepper 250 Gm,C: Pack of existing SFG,1,Black Pepper Cashew Bulk,sfg,SFG0024,0.25,1,Factory,Final FG (opening RM)
Cafe Galleries Cashew Black Pepper 250 Gm,C: Pack of existing SFG,2,PM24-Cafe Galleria Dry Fruit Pouch 250 gm,pm,,1,1,PM Store,Final FG (packing)
Cafe Galleries Cashew Black Pepper 250 Gm,C: Pack of existing SFG,3,PM24-3 Ply Carton CF24 10 Kg (390x290x220mm) 10000 gm -Unprinted,pm,,0.001,1,PM Store,Final FG (packing)
Cafe Galleries Cashew Salted 180 250g,D: Pack-only,1,Cashew 180,rm,,0.25,1,Factory,Final FG (Sorting+Packing)
Cafe Galleries Cashew Salted 180 250g,D: Pack-only,2,PM24-3 Ply Carton CF24 10 Kg (390x290x220mm) 10000 gm-Printed,pm,,0.03,1,Factory,Final FG (packing)
Cafe Galleries Cashew Salted 180 250g,D: Pack-only,3,Salt,rm,,0.01,1,Factory,Final FG (Sorting+Packing)
Cafe Galleries Cashew Salted 180 250g,D: Pack-only,4,PM24-Cafe Galleria Dry Fruit Pouch 250 gm,pm,,1,1,Factory,Final FG (packing)
Cafe Galleries Chia seeds 250g,D: Pack-only,1,Black Chia Seeds,rm,,0.2525,1,Factory,Final FG (Sorting+Packing)
Cafe Galleries Chia seeds 250g,D: Pack-only,2,PM24-3 Ply Carton CF24 10 Kg (390x290x220mm) 10000 gm-Printed,pm,,0.03,1,Factory,Final FG (packing)
Cafe Galleries Chia seeds 250g,D: Pack-only,3,PM24-Zipper-Standy Pouch 7 x 10 300 gm,pm,,1,1,Factory,Final FG (packing)
"Cafe Galleries Cocktail Mix 250g(Almond,Cashew,Pista,Black Raisins)",D: Pack-only,1,Pista Kernel,rm,,0.03,1,Factory,Final FG (Sorting+Packing)
"Cafe Galleries Cocktail Mix 250g(Almond,Cashew,Pista,Black Raisins)",D: Pack-only,2,PM24-3 Ply Carton CF24 10 Kg (390x290x220mm) 10000 gm-Printed,pm,,0.03,1,Factory,Final FG (packing)
"Cafe Galleries Cocktail Mix 250g(Almond,Cashew,Pista,Black Raisins)",D: Pack-only,3,Afghan Black Raisins Seedless 1*1,rm,,0.1,1,Factory,Final FG (Sorting+Packing)
"Cafe Galleries Cocktail Mix 250g(Almond,Cashew,Pista,Black Raisins)",D: Pack-only,4,American Almonds Running 25-27 count,rm,,0.07,1,Factory,Final FG (Sorting+Packing)
"Cafe Galleries Cocktail Mix 250g(Almond,Cashew,Pista,Black Raisins)",D: Pack-only,5,Cashew 320,rm,,0.06,1,Factory,Final FG (Sorting+Packing)
"Cafe Galleries Cocktail Mix 250g(Almond,Cashew,Pista,Black Raisins)",D: Pack-only,6,Salt,rm,,0.01,1,Factory,Final FG (Sorting+Packing)
"Cafe Galleries Cocktail Mix 250g(Almond,Cashew,Pista,Black Raisins)",D: Pack-only,7,PM - Café Galleria 162 x 255 h + gusset 45 mm + 45 mm,pm,,1,1,Factory,Final FG (packing)
Cafe Galleries Cranberry Whole 250g,D: Pack-only,1,Dried Cranberry Whole,rm,,0.26,1,Factory,Final FG (Sorting+Packing)
Cafe Galleries Cranberry Whole 250g,D: Pack-only,2,PM24-3 Ply Carton CF24 10 Kg (390x290x220mm) 10000 gm-Printed,pm,,0.03,1,Factory,Final FG (packing)
Cafe Galleries Cranberry Whole 250g,D: Pack-only,3,PM24-Cafe Galleria Dry Fruit Pouch 250 gm,pm,,1,1,Factory,Final FG (packing)
Cafe Galleries Flax seeds 250g,D: Pack-only,1,Roasted Flax Seeds,fg,,0.25,1,Factory,Final FG (Sorting+Packing)
Cafe Galleries Flax seeds 250g,D: Pack-only,2,"PM24-Laminated Zipper Standy Pouch (4x6),-Black Matt Finish 200 gm",pm,,1,1,PM Store,Final FG (packing)
Cafe Galleries Flax seeds 250g,D: Pack-only,3,PM24-3 Ply Carton CF24 10 Kg (390x290x220mm) 10000 gm -Unprinted,pm,,0.025,1,PM Store,Final FG (packing)
Cafe Galleries Hazelnuts 250g,D: Pack-only,1,Hazelnut Kernal,rm,,0.25,1,Factory,Final FG (Sorting+Packing)
Cafe Galleries Hazelnuts 250g,D: Pack-only,2,PM24-3 Ply Carton CF24 10 Kg (390x290x220mm) 10000 gm-Printed,pm,,0.03,1,Factory,Final FG (packing)
Cafe Galleries Hazelnuts 250g,D: Pack-only,3,PM24-Cafe Galleria Dry Fruit Pouch 250 gm,pm,,1,1,Factory,Final FG (packing)
Cafe Galleries Healthy Mewa Mix 250g,B: Transform->Pack (in-line),1,American Almonds Running 25-27 count,rm,,0.05,1,Factory,Create WIP
Cafe Galleries Healthy Mewa Mix 250g,B: Transform->Pack (in-line),2,Cashew 320,rm,,0.025,1,Factory,Create WIP
Cafe Galleries Healthy Mewa Mix 250g,B: Transform->Pack (in-line),3,Afghan Raisins 1*2 Green round,rm,,0.025,1,Factory,Create WIP
Cafe Galleries Healthy Mewa Mix 250g,B: Transform->Pack (in-line),4,Dried Cranberry Whole,rm,,0.025,1,Factory,Create WIP
Cafe Galleries Healthy Mewa Mix 250g,B: Transform->Pack (in-line),5,Pista Inshell Iranian 26-28,rm,,0.025,1,Factory,Create WIP
Cafe Galleries Healthy Mewa Mix 250g,B: Transform->Pack (in-line),6,Chilean Walnut Kernel 2 pcs,rm,,0.05,1,Factory,Create WIP
Cafe Galleries Healthy Mewa Mix 250g,B: Transform->Pack (in-line),7,Anjeer Chutta,rm,,0.025,1,Factory,Create WIP
Cafe Galleries Healthy Mewa Mix 250g,B: Transform->Pack (in-line),8,Kharik Tukda,rm,,0.025,1,Factory,Create WIP
Cafe Galleries Healthy Mewa Mix 250g,B: Transform->Pack (in-line),9,PM24-Zipper-Standy Pouch 7 x 10 300 gm,pm,,1,1,Factory,Final FG (packing)
Cafe Galleries Healthy Mewa Mix 250g,B: Transform->Pack (in-line),10,PM24-3 Ply Carton CF24 10 Kg (390x290x220mm) 10000 gm -Unprinted,pm,,0.025,1,Factory,Final FG (packing)
Cafe Galleries Macadamia Nut Salted 250g,B: Transform->Pack (in-line),1,Macadamia Roasted - Size 0,rm,,0.25,1,Factory,Create WIP
Cafe Galleries Macadamia Nut Salted 250g,B: Transform->Pack (in-line),2,PM24-3 Ply Carton CF24 10 Kg (390x290x220mm) 10000 gm-Printed,pm,,0.03,1,PM Store,Final FG (packing)
Cafe Galleries Macadamia Nut Salted 250g,B: Transform->Pack (in-line),3,PM24-Zipper-Standy Pouch 7 x 10 300 gm,pm,,1,1,PM Store,Final FG (packing)
Cafe Galleries  Pepper Pista Inshell 250gm,D: Pack-only,1,Pepper Pista Inshell,fg,,0.25,1,Factory,Final FG (Sorting+Packing)
Cafe Galleries  Pepper Pista Inshell 250gm,D: Pack-only,2,"PM24-Laminated Zipper Standy Pouch (4x6),-Black Matt Finish 200 gm",pm,,1,1,PM Store,Final FG (packing)
Cafe Galleries  Pepper Pista Inshell 250gm,D: Pack-only,3,PM24-3 Ply Carton CF24 10 Kg (390x290x220mm) 10000 gm -Unprinted,pm,,0.025,1,PM Store,Final FG (packing)
Cafe Galleries Premium Cocktail Mix 250g,B: Transform->Pack (in-line),1,Brazil Nuts,rm,,0.05,1,Factory,Create WIP
Cafe Galleries Premium Cocktail Mix 250g,B: Transform->Pack (in-line),2,Pecan Nuts,rm,,0.05,1,Factory,Create WIP
Cafe Galleries Premium Cocktail Mix 250g,B: Transform->Pack (in-line),3,Cashew 240,rm,,0.05,1,Factory,Create WIP
Cafe Galleries Premium Cocktail Mix 250g,B: Transform->Pack (in-line),4,American Almonds Running 25-27 count,rm,,0.05,1,Factory,Create WIP
Cafe Galleries Premium Cocktail Mix 250g,B: Transform->Pack (in-line),5,PM24-Zipper-Standy Pouch 7 x 10 300 gm,pm,,1,1,Factory,Final FG (packing)
Cafe Galleries Premium Cocktail Mix 250g,B: Transform->Pack (in-line),6,PM24-3 Ply Carton CF24 10 Kg (390x290x220mm) 10000 gm -Unprinted,pm,,0.025,1,Factory,Final FG (packing)
Cafe Galleries Premium Cocktail Mix 250g,B: Transform->Pack (in-line),7,Macadamia Roasted - Size 0,rm,,0.05,1,Factory,Create WIP
Cafe Galleries Premium Cocktail Mix 250g,B: Transform->Pack (in-line),8,Refined Fine Powder Iodized Salt Prime,rm,,0.005,1,Factory,Create WIP
Cafe Galleries Pumpkin Seeds 250g,B: Transform->Pack (in-line),1,Pumpkin Seed 12%,rm,,0.25,1,Factory,Create WIP
Cafe Galleries Pumpkin Seeds 250g,B: Transform->Pack (in-line),2,PM24-3 Ply Carton CF24 10 Kg (390x290x220mm) 10000 gm-Printed,pm,,0.03,1,PM Store,Final FG (packing)
Cafe Galleries Pumpkin Seeds 250g,B: Transform->Pack (in-line),3,PM24-Zipper-Standy Pouch 7 x 10 300 gm,pm,,1,1,PM Store,Final FG (packing)
Cafe Galleries Salted Cashew 210- 250gm,C: Pack of existing SFG,1,Roasted & Salted Cashew Bulk,sfg,SFG0262,0.25,1,Factory,Final FG (opening RM)
Cafe Galleries Salted Cashew 210- 250gm,C: Pack of existing SFG,2,PM24-3 Ply Carton CF24 10 Kg (390x290x220mm) 10000 gm-Printed,pm,,0.03,1,PM Store,Final FG (packing)
Cafe Galleries Salted Cashew 210- 250gm,C: Pack of existing SFG,3,PM24-Cafe Galleria Dry Fruit Pouch 250 gm,pm,,1,1,PM Store,Final FG (packing)
Cafe Galleries Salted Pumpkin Seeds 250g,B: Transform->Pack (in-line),1,Pumpkin Seed 12%,rm,,0.25,1,Factory,Create WIP
Cafe Galleries Salted Pumpkin Seeds 250g,B: Transform->Pack (in-line),2,PM24-3 Ply Carton CF24 10 Kg (390x290x220mm) 10000 gm-Printed,pm,,0.03,1,Factory,Final FG (packing)
"Cafe Galleries Seeds Mix, 250g",B: Transform->Pack (in-line),1,Sunflower Seeds,rm,,0.05,1,Factory,Create WIP
"Cafe Galleries Seeds Mix, 250g",B: Transform->Pack (in-line),2,Pumpkin Seed 12%,rm,,0.05,1,Factory,Create WIP
"Cafe Galleries Seeds Mix, 250g",B: Transform->Pack (in-line),3,Black Chia Seeds,rm,,0.05,1,Factory,Create WIP
"Cafe Galleries Seeds Mix, 250g",B: Transform->Pack (in-line),4,Water Melon Seed,rm,,0.05,1,Factory,Create WIP
"Cafe Galleries Seeds Mix, 250g",B: Transform->Pack (in-line),5,Flax Seeds (Alsi),rm,,0.05,1,Factory,Create WIP
"Cafe Galleries Seeds Mix, 250g",B: Transform->Pack (in-line),6,PM24-3 Ply Carton CF24 10 Kg (390x290x220mm) 10000 gm -Unprinted,pm,,0.025,1,Factory,Final FG (packing)
"Cafe Galleries Seeds Mix, 250g",B: Transform->Pack (in-line),7,PM24-Laminated Zipper Standy Pouch (7x10)-Black Matt 200 gm,pm,,1,1,Factory,Final FG (packing)
Cafe Galleries Selected American Almond 18 count - 250gm,D: Pack-only,1,American Almonds ( 18-20 Count),rm,,0.25,1,Factory,Final FG (Sorting+Packing)
Cafe Galleries Selected American Almond 18 count - 250gm,D: Pack-only,2,PM24-Cafe Galleria Dry Fruit Pouch 250 gm,pm,,1,1,PM Store,Final FG (packing)
Cafe Galleries Selected American Almond 20-22 count - 250gm,D: Pack-only,1,American Almonds Kernel 20-22 count,rm,,0.25,1,Factory,Final FG (Sorting+Packing)
Cafe Galleries Selected American Almond 20-22 count - 250gm,D: Pack-only,2,PM24-Cafe Galleria Dry Fruit Pouch 250 gm,pm,,1,1,PM Store,Final FG (packing)
Cafe Galleries Slice Cranberry 250g,D: Pack-only,1,Dried Cranberry Sliced,rm,,0.25,1,Factory,Final FG (Sorting+Packing)
Cafe Galleries Slice Cranberry 250g,D: Pack-only,2,PM24-Cafe Galleria Dry Fruit Pouch 250 gm,pm,,1,1,PM Store,Final FG (packing)
Cafe Galleries Slice Cranberry 250g,D: Pack-only,3,PM24-3 Ply Carton CF24 10 Kg (390x290x220mm) 10000 gm-Printed,pm,,0.03,1,PM Store,Final FG (packing)
Cafe Galleries Sunflower Seeds - 250gm,B: Transform->Pack (in-line),1,Sunflower Seeds,rm,,0.25,1,Factory,Create WIP
Cafe Galleries Sunflower Seeds - 250gm,B: Transform->Pack (in-line),2,PM24-Cafe Galleria Dry Fruit Pouch 250 gm,pm,,1,1,PM Store,Final FG (packing)
Cajun Spice Pecan Nuts Loose,,1,Pecan Nuts,rm,,0.9259,1,Factory,Final FG (Sorting+Packing)
Cajun Spice Pecan Nuts Loose,,2,"PM24-Vacuum Pouch For 1 Kg-210 x 305mm, 16G-110 Micron (Solimo) 1000 gm",pm,,1,1,PM Store,Final FG (packing)
California Pista Inshell Black Pepper,B: Transform->Pack (in-line),1,California Pista Inshell,rm,,1,1,Factory,Create WIP
California Pista Inshell Black Pepper,B: Transform->Pack (in-line),2,Salt & Pepper Seasoning,rm,,0.02,1,Factory,Create WIP
California Pista Inshell Black Pepper,B: Transform->Pack (in-line),3,PM24-10Kg Candor Print LD Pouch (18.5x26) 10 Kg,pm,,0.1,1,PM Store,Final FG (packing)
California Pista Inshell Black Pepper,B: Transform->Pack (in-line),4,PM24-3 Ply Carton CF24 10 Kg (390x290x220mm) 10000 gm -Unprinted,pm,,0.1,1,PM Store,Final FG (packing)
California Pista Inshell Pink Salted,B: Transform->Pack (in-line),1,California Pista Inshell,rm,,1,1,Factory,Create WIP
California Pista Inshell Pink Salted,B: Transform->Pack (in-line),2,Pink Salt.,rm,,0.02,1,Factory,Create WIP
California Pista Inshell Roasted and Salted,B: Transform->Pack (in-line),1,California Pista Inshell,rm,,1.01,1,Factory,Create WIP
California Pista Inshell Roasted and Salted,B: Transform->Pack (in-line),2,PM24-3 Ply Carton CF24 10 Kg (390x290x220mm) 10000 gm -Unprinted,pm,,0.1,1,Factory,Final FG (packing)
California Pista Inshell Roasted and Salted 75gm,,1,California Pista Inshell Roasted and Salted,fg,,0.075,1,Factory,Final FG (Sorting+Packing)
California Pista Inshell Roasted and Salted 75gm,,2,PM24-Pet 100 gm,pm,,1,1,PM Store,Final FG (packing)
Caramel Pecannut,B: Transform->Pack (in-line),1,Pecan Nuts,rm,,0.94,1,Factory,Create WIP
Caramel Pecannut,B: Transform->Pack (in-line),2,Caramel Sweet Popcorn Flavour,rm,,0.07,1,Factory,Create WIP
Caramel Pecannut,B: Transform->Pack (in-line),3,PM24-3 Ply Carton CF24 10 Kg (390x290x220mm) 10000 gm -Unprinted,pm,,0.1,1,Factory,Final FG (packing)
Carnial Almond Dragees 100gm,B: Transform->Pack (in-line),1,American Almonds Running [28-30 Count],rm,,0.03,1,Factory,Create WIP
Carnial Almond Dragees 100gm,B: Transform->Pack (in-line),2,Dark Compound Chocolate,rm,,0.07,1,Factory,Create WIP
Carnival Afghan Apricot 250gm,D: Pack-only,1,Afghan Apricot 1*2,rm,,0.25,1,Factory,Final FG (Sorting+Packing)
Carnival Almond Choco Bite (Dark Chocolate) 100g,B: Transform->Pack (in-line),1,American Almonds Running 25-27 count,rm,,0.0322,1,Factory,Create WIP
Carnival Almond Choco Bite (Dark Chocolate) 100g,B: Transform->Pack (in-line),2,Dark Compound Chocolate,rm,,0.0678,1,Factory,Create WIP
Carnival Almond Choco Bite (Dark Chocolate) 100g,B: Transform->Pack (in-line),3,CAPOL 254N,rm,,0.003,1,Factory,Create WIP
Carnival Almond Choco Bite (Dark Chocolate) 100g,B: Transform->Pack (in-line),4,CAPOL 425M,rm,,0.003,1,Factory,Create WIP
Carnival Almond Choco Bite (Dark Chocolate) 100g,B: Transform->Pack (in-line),5,PM24-Carnival Almond Choco Bite 100g (Dark Chocolate),pm,,1,1,PM Store,Final FG (packing)
Carnival Almond Choco Bite (Milk Chocolate) 100g,B: Transform->Pack (in-line),1,Milk Compound Chocolate,rm,,0.0678,1,Factory,Create WIP
Carnival Almond Choco Bite (Milk Chocolate) 100g,B: Transform->Pack (in-line),2,American Almonds Running 25-27 count,rm,,0.0322,1,Factory,Create WIP
Carnival Almond Choco Bite (Milk Chocolate) 100g,B: Transform->Pack (in-line),3,CAPOL 254N,rm,,0.003,1,Factory,Create WIP
Carnival Almond Choco Bite (Milk Chocolate) 100g,B: Transform->Pack (in-line),4,CAPOL 425M,rm,,0.003,1,Factory,Create WIP
Carnival Almond Choco Bite (Milk Chocolate) 100g,B: Transform->Pack (in-line),5,PM24-Carnival Almond Choco Bite 100g (Milk Chocolate),pm,,1,1,PM Store,Final FG (packing)
Carnival Almond Choco Bite (White Chocolate) 100g,B: Transform->Pack (in-line),1,White Compound Chocolate,rm,,0.0678,1,Factory,Create WIP
Carnival Almond Choco Bite (White Chocolate) 100g,B: Transform->Pack (in-line),2,American Almonds Running 25-27 count,rm,,0.0322,1,Factory,Create WIP
Carnival Almond Choco Bite (White Chocolate) 100g,B: Transform->Pack (in-line),3,CAPOL 254N,rm,,0.003,1,Factory,Create WIP
Carnival Almond Choco Bite (White Chocolate) 100g,B: Transform->Pack (in-line),4,CAPOL 425M,rm,,0.003,1,Factory,Create WIP
Carnival Almond Choco Bite (White Chocolate) 100g,B: Transform->Pack (in-line),5,PM24-Carnival Almond Choco Bite 100g (White Chocolate),pm,,1,1,PM Store,Final FG (packing)
Carnival Almond Smoked Paprika 100g,D: Pack-only,1,American Almonds (23-25 Count),rm,,0.1,1,Factory,Final FG (Sorting+Packing)
Carnival Almond Smoked Paprika 100g,D: Pack-only,2,"PM24-Labels,Stickers, Cards",pm,,1,1,Factory,Final FG (packing)
Carnival Almond Smoked Paprika 100g,D: Pack-only,3,PM24-Pet 100 gm,pm,,1,1,Factory,Final FG (packing)
Carnival Almond Smoked Paprika 100g,D: Pack-only,4,PM24-3 Ply Carton CF24 10 Kg (390x290x220mm) 10000 gm-Printed,pm,,0.03,1,Factory,Final FG (packing)
Carnival Almond Smoked Paprika 200g,B: Transform->Pack (in-line),1,American Almonds Running 25-27 count,rm,,0.2,1,Factory,Create WIP
Carnival Almond Smoked Paprika 200g,B: Transform->Pack (in-line),2,Smoke Seasoning,rm,,0.004,1,Factory,Create WIP
Carnival Almond Smoked Paprika 200g,B: Transform->Pack (in-line),3,PM24-Carnival Almond Roasted Salted Pouch 250 gm,pm,,1,1,Factory,Final FG (packing)
Carnival Almonds - Indepance 200g Mono Carton,D: Pack-only,1,Independence Almonds,rm,,0.2,1,Factory,Final FG (Sorting+Packing)
Carnival Almonds - Independence 200g,D: Pack-only,1,Independence Almonds,rm,,0.2,1,Factory,Final FG (Sorting+Packing)
Carnival Almonds - Independence 200g,D: Pack-only,2,PM24-Carnival Almonds Independence Monocarton (Cred) 200 gm,pm,,1,1,PM Store,Final FG (packing)
Carnival Almonds - Independence 200g,D: Pack-only,3,PM24-3 Ply Carton CF21 Walnut Carton (445X310X305MM)-Unprinted,pm,,0.02,1,PM Store,Final FG (packing)
Carnival Almonds 250 Gm,D: Pack-only,1,American Almonds Running 25-27 count,rm,,0.25,1,Factory,Final FG (Sorting+Packing)
Carnival Almonds Independence 1Kg,D: Pack-only,1,Independence Almonds,rm,,1.01,1,Factory,Final FG (Sorting+Packing)
Carnival Almonds Independence 1Kg,D: Pack-only,2,PM24-Carnival Almonds (Cred) Monocarton 1000 gm,pm,,1,1,Factory,Final FG (packing)
Carnival Almonds Independence 1Kg,D: Pack-only,3,PM24-3 Ply Carton CF24 10 Kg (390x290x220mm) 10000 gm -Unprinted,pm,,0.1,1,Factory,Final FG (packing)
Carnival Apricot Turkey 1x2 300gm,D: Pack-only,1,Turkey Apricot No 2,rm,,0.3,1,Factory,Final FG (Sorting+Packing)
Carnival Apricot Turkey 1x2 300gm,D: Pack-only,2,PM24-Carnival Apricot Monocarton 250 gm,pm,,1,1,Factory,Final FG (packing)
Carnival Apricot Turkey 1x2 300gm,D: Pack-only,3,PM24-3 Ply Carton CF24 10 Kg (390x290x220mm) 10000 gm -Unprinted,pm,,0.03,1,Factory,Final FG (packing)
Carnival Arabian 350gm,D: Pack-only,1,AL BARAKAH BARHI DATES 10KG,rm,,0.35,1,Factory,Final FG (Sorting+Packing)
Carnival Arabian 350gm,D: Pack-only,2,PM24-3 Ply Carton CF24 10 Kg (390x290x220mm) 10000 gm-Printed,pm,,0.03,1,Factory,Final FG (packing)
Carnival Arabian 350gm,D: Pack-only,3,PM24-Carnival Arabian Dates Pouch (160 x 240 mm) 350 gm,pm,,1,1,Factory,Final FG (packing)
Carnival Barbeque Cashew 100gm,C: Pack of existing SFG,1,Barbeque Cashew Bulk,sfg,SFG0019,0.1,1,Factory,Final FG (opening RM)
Carnival Barbeque Cashew 100gm,C: Pack of existing SFG,2,PM24-Pet 100 gm,pm,,1,1,PM Store,Final FG (packing)
Carnival Barbeque Cashew 100gm,C: Pack of existing SFG,3,PM24-3 Ply Carton CF24 10 Kg (390x290x220mm) 10000 gm -Unprinted,pm,,0.01,1,PM Store,Final FG (packing)
Carnival Barbeque Cashew 200gm,C: Pack of existing SFG,1,Barbeque Cashew Bulk,sfg,SFG0019,0.2,1,Factory,Final FG (opening RM)
Carnival Barbeque Cashew 200gm,C: Pack of existing SFG,2,PM24-Carnival Barbeque Cashew Pouch 250 gm Digital,pm,,1,1,PM Store,Final FG (packing)
Carnival Barbeque Cashew 200gm,C: Pack of existing SFG,3,PM24-3 Ply Carton CF24 10 Kg (390x290x220mm) 10000 gm -Unprinted,pm,,0.02,1,PM Store,Final FG (packing)
Carnival Barbeque Makhana 125 Gm,B: Transform->Pack (in-line),1,Makhana,rm,,0.12,1,Factory,Create WIP
Carnival Barbeque Makhana 125 Gm,B: Transform->Pack (in-line),2,Barbeque seasoning,rm,,0.01,1,Factory,Create WIP
Carnival Barbeque Makhana 125 Gm,B: Transform->Pack (in-line),3,"PM24-Labels,Stickers, Cards",pm,,1,1,Factory,Final FG (packing)
Carnival Barbeque Makhana 125 Gm,B: Transform->Pack (in-line),4,PM24 - Makhana Pet with Handle 125 gm,pm,,1,1,Factory,Final FG (packing)
Carnival Barbeque Makhana 125 Gm,B: Transform->Pack (in-line),5,PM24-3 Ply Carton CF24 10 Kg (390x290x220mm) 10000 gm-Printed,pm,,0.04,1,Factory,Final FG (packing)
Carnival Barbeque Makhana 55g,B: Transform->Pack (in-line),1,Makhana,rm,,0.06,1,Factory,Create WIP
Carnival Barbeque Makhana 55g,B: Transform->Pack (in-line),2,"PM24-Labels,Stickers, Cards",pm,,1,1,Factory,Final FG (packing)
Carnival Barbeque Makhana 55g,B: Transform->Pack (in-line),3,PM24 - Makhana Pet 55 gm,pm,,1,1,Factory,Final FG (packing)
Carnival Barbeque Makhana 55g,B: Transform->Pack (in-line),4,PM24-3 Ply Carton CF24 10 Kg (390x290x220mm) 10000 gm-Printed,pm,,0.04,1,Factory,Final FG (packing)
Carnival Berry Barbeque Trail Mix 200g,B: Transform->Pack (in-line),1,Cranberry Slice,rm,,0.05,1,Factory,Create WIP
Carnival Berry Barbeque Trail Mix 200g,B: Transform->Pack (in-line),2,Dried Black Currant,rm,,0.04,1,Factory,Create WIP
Carnival Berry Barbeque Trail Mix 200g,B: Transform->Pack (in-line),3,Pumpkin Seed 12%,rm,,0.03,1,Factory,Create WIP
Carnival Berry Barbeque Trail Mix 200g,B: Transform->Pack (in-line),4,Sunflower Seeds,rm,,0.03,1,Factory,Create WIP
Carnival Berry Barbeque Trail Mix 200g,B: Transform->Pack (in-line),5,Cashew Split,rm,,0.05,1,Factory,Create WIP
Carnival Black Currant 250 Gm,,1,Dried Black Currant,rm,,0.25,1,Factory,Final FG (Sorting+Packing)
Carnival Black Currant 250 Gm,,2,PM24-Carnival Blackcurrant Monocarton 250 gm,pm,,1,1,PM Store,Final FG (packing)
Carnival Black Currant 250 Gm,,3,PM24-3 Ply Carton CF24 10 Kg (390x290x220mm) 10000 gm -Unprinted,pm,,0.042,1,PM Store,Final FG (packing)
Carnival Black Pepper Makhana 125 Gm,B: Transform->Pack (in-line),1,Makhana,rm,,0.12,1,Factory,Create WIP
Carnival Black Pepper Makhana 125 Gm,B: Transform->Pack (in-line),2,Black Pepper Seasoning,rm,,0.01,1,Factory,Create WIP
Carnival Black Pepper Makhana 125 Gm,B: Transform->Pack (in-line),3,PM24-3 Ply Carton CF24 10 Kg (390x290x220mm) 10000 gm-Printed,pm,,0.04,1,Factory,Final FG (packing)
Carnival Black Pepper Makhana 125 Gm,B: Transform->Pack (in-line),4,PM24 - Makhana Pet with Handle 125 gm,pm,,1,1,Factory,Final FG (packing)
Carnival Black Pepper Makhana 125 Gm,B: Transform->Pack (in-line),5,PM24-3 Ply Carton CF24 10 Kg (390x290x220mm) 10000 gm-Printed,pm,,0.04,1,Factory,Final FG (packing)
Carnival Black Pepper Makhana 55g,B: Transform->Pack (in-line),1,Makhana,rm,,0.06,1,Factory,Create WIP
Carnival Black Pepper Makhana 55g,B: Transform->Pack (in-line),2,"PM24-Labels,Stickers, Cards",pm,,1,1,Factory,Final FG (packing)
Carnival Black Pepper Makhana 55g,B: Transform->Pack (in-line),3,PM24 - Makhana Pet 55 gm,pm,,1,1,Factory,Final FG (packing)
Carnival Black Pepper Makhana 55g,B: Transform->Pack (in-line),4,PM24-3 Ply Carton CF24 10 Kg (390x290x220mm) 10000 gm-Printed,pm,,0.04,1,Factory,Final FG (packing)
Carnival Black Pepper Pistachio 80g,D: Pack-only,1,California Pista Inshell Black Pepper,fg,,0.08,1,Factory,Final FG (Sorting+Packing)
Carnival Black Pepper Pistachio 80g,D: Pack-only,2,"PM24-Labels,Stickers, Cards",pm,,1,1,PM Store,Final FG (packing)
Carnival Black Pepper Pistachio 80g,D: Pack-only,3,PM24-Pet 100 gm,pm,,1,1,PM Store,Final FG (packing)
Carnival Black Pepper Pistachio 80g,D: Pack-only,4,PM24-3 Ply Carton CF24 10 Kg (390x290x220mm) 10000 gm-Printed,pm,,0.03,1,PM Store,Final FG (packing)
Carnival Blueberries Dried - 250G,D: Pack-only,1,Dried Blueberry,rm,,0.25,1,Factory,Final FG (Sorting+Packing)
Carnival Blueberry 100g,D: Pack-only,1,Dried Blueberry,rm,,0.1,1,Factory,Final FG (Sorting+Packing)
Carnival Blueberry 100g,D: Pack-only,2,PM24-3 Ply Carton CF24 10 Kg (390x290x220mm) 10000 gm-Printed,pm,,0.03,1,Factory,Final FG (packing)
Carnival Blueberry 100g,D: Pack-only,3,PM24-Carnival Dried Blueberry 100G Standup Pouch 100 gm,pm,,1,1,Factory,Final FG (packing)
Carnival California Almonds Independence 1kg,D: Pack-only,1,Independence Almonds,rm,,1,1,Factory,Final FG (Sorting+Packing)
Carnival California Almonds Independence 1kg,D: Pack-only,2,PM24-Carnival California Almonds Independence (Cred) Pouch 1 kg,pm,,1,1,Factory,Final FG (packing)
Carnival California Pista Roasted and Salted 800g,B: Transform->Pack (in-line),1,California Pista Inshell,rm,,0.8,1,Factory,Create WIP
Carnival California Pista Roasted and Salted 800g,B: Transform->Pack (in-line),2,Salt,rm,,0.01,1,Factory,Create WIP
Carnival California Pista Roasted and Salted 800g,B: Transform->Pack (in-line),3,PM24-Pet 800 gm Regular (cred),pm,,1,1,Factory,Final FG (packing)
Carnival California Pista Roasted and Salted 800g,B: Transform->Pack (in-line),4,"PM24-Labels,Stickers, Cards",pm,,1,1,Factory,Final FG (packing)
Carnival California Pista Roasted and Salted 800g,B: Transform->Pack (in-line),5,PM24-3 Ply Carton CF24 10 Kg (390x290x220mm) 10000 gm-Printed,pm,,0.03,1,Factory,Final FG (packing)
Carnival California Pistachio 200g,D: Pack-only,1,California Pista Inshell,rm,,0.2,1,Factory,Final FG (Sorting+Packing)
Carnival California Pistachio 200g,D: Pack-only,2,PM24-Pet Jar 250 gm,pm,,1,1,Factory,Final FG (packing)
Carnival California Pistachio 200g,D: Pack-only,3,PM24-Carnival Pet Label (230x60mm) 230/250 gm,pm,,1,1,Factory,Final FG (packing)
Carnival California Pistachio 200g,D: Pack-only,4,PM24-3 Ply Carton CF24 10 Kg (390x290x220mm) 10000 gm-Printed,pm,,0.03,1,Factory,Final FG (packing)
Carnival California Pitted Prunes 300 Gms,D: Pack-only,1,Dried Prunes (Pitted),rm,,0.3,1,Factory,Final FG (Sorting+Packing)
Carnival California Pitted Prunes 300 Gms,D: Pack-only,2,PM24-3 Ply Carton CF24 10 Kg (390x290x220mm) 10000 gm-Printed,pm,,0.03,1,Factory,Final FG (packing)
Carnival California Pitted Prunes 300 Gms,D: Pack-only,3,PM24-600Ml Tub With Container Lid And Handle 250 gm,pm,,1,1,Factory,Final FG (packing)
Carnival California Pitted Prunes 300 Gms,D: Pack-only,4,"PM24-Labels,Stickers, Cards",pm,,1,1,Factory,Final FG (packing)
Carnival Caramel Sesame Walnut 150g,B: Transform->Pack (in-line),1,California Walnut Kernels 2pc,rm,,0.124,1,Factory,Create WIP
Carnival Caramel Sesame Walnut 150g,B: Transform->Pack (in-line),2,Caramel Sweet Popcorn Flavour,rm,,0.0186,1,Factory,Create WIP
Carnival Caramel Sesame Walnut 150g,B: Transform->Pack (in-line),3,Salt & Pepper Seasoning,rm,,0.0012,1,Factory,Create WIP
Carnival Caramel Sesame Walnut 150g,B: Transform->Pack (in-line),4,Black Sesame seeds - Kali Til,rm,,0.0062,1,Factory,Create WIP
Carnival Caramel Sesame Walnut 150g,B: Transform->Pack (in-line),5,PM24-Pet Jar 250 gm,pm,,1,1,Factory,Final FG (packing)
Carnival Caramel Sesame Walnut 70g,B: Transform->Pack (in-line),1,Chilean Walnut Kernel Quarter,sfg,SFG0333,0.0578,1,Factory,Final FG (opening RM)
Carnival Caramel Sesame Walnut 70g,B: Transform->Pack (in-line),2,Caramel Sweet Popcorn Flavour,rm,,0.0087,1,Factory,Create WIP
Carnival Caramel Sesame Walnut 70g,B: Transform->Pack (in-line),3,Acacia Gum - Dink/ Gundar,rm,,0.0006,1,Factory,Create WIP
Carnival Caramel Sesame Walnut 70g,B: Transform->Pack (in-line),4,Sesame Seeds (White Til),rm,,0.0029,1,Factory,Create WIP
Carnival Caramel Sesame Walnut 70g,B: Transform->Pack (in-line),5,PM24-100 Ml Yenki Jar Bottle 100 gm,pm,,1,1,PM Store,Final FG (packing)
Carnival Cashew (400 - 450) 200g Mono Carton,D: Pack-only,1,Cashew 400,rm,,0.2,1,Factory,Final FG (Sorting+Packing)
Carnival Cashew Roasted And Salted 250g,C: Pack of existing SFG,1,Roasted & Salted Cashew Bulk,sfg,SFG0262,0.25,1,Factory,Final FG (opening RM)
Carnival Cashew Roasted And Salted 250g,C: Pack of existing SFG,2,PM24-Carnival Cashew Roasted Salted Pouch 250 gm,pm,,1,1,PM Store,Final FG (packing)
Carnival Cashew Roasted And Salted 250g,C: Pack of existing SFG,3,PM24-3 Ply Carton CF24 10 Kg (390x290x220mm) 10000 gm -Unprinted,pm,,0.03,1,PM Store,Final FG (packing)
Carnival Chatpata Black Raisins 100g,B: Transform->Pack (in-line),1,Indian Black Raisins,rm,,0.1,1,Factory,Create WIP
Carnival Chatpata Black Raisins 100g,B: Transform->Pack (in-line),2,"PM24-Labels,Stickers, Cards",pm,,1,1,Factory,Final FG (packing)
Carnival Chatpata Black Raisins 100g,B: Transform->Pack (in-line),3,PM24-Pet 100 gm,pm,,1,1,Factory,Final FG (packing)
Carnival Chatpata Black Raisins 100g,B: Transform->Pack (in-line),4,PM24-3 Ply Carton CF24 10 Kg (390x290x220mm) 10000 gm-Printed,pm,,0.03,1,Factory,Final FG (packing)
Carnival Chatpata Cranberry 100G,D: Pack-only,1,Dried Cranberry Sliced,rm,,0.1,1,Factory,Final FG (Sorting+Packing)
Carnival Chatpata Cranberry 100G,D: Pack-only,2,"PM24-Labels,Stickers, Cards",pm,,1,1,Factory,Final FG (packing)
Carnival Chatpata Cranberry 100G,D: Pack-only,3,PM24-Pet 100 gm,pm,,1,1,Factory,Final FG (packing)
Carnival Chatpata Cranberry 100G,D: Pack-only,4,PM24-3 Ply Carton CF24 10 Kg (390x290x220mm) 10000 gm-Printed,pm,,0.03,1,Factory,Final FG (packing)
Carnival Chatpata Cranberry 250gm,D: Pack-only,1,Dried Cranberry Sliced,rm,,0.218,1,Factory,Final FG (Sorting+Packing)
Carnival Chatpata Cranberry 250gm,D: Pack-only,2,Chatpata Seasoning,rm,,0.0313,1,Factory,Final FG (Sorting+Packing)
Carnival Chatpata Cranberry 250gm,D: Pack-only,3,PM24-Pet Jar 250 gm,pm,,1,1,Factory,Final FG (packing)
Carnival Chatpata Cranberry 250gm,D: Pack-only,4,PM24-3 Ply Carton CF24 10 Kg (390x290x220mm) 10000 gm -Unprinted,pm,,0.03,1,Factory,Final FG (packing)
Carnival Chatpata Prunes 100gm,D: Pack-only,1,Dried Prunes (Pitted),rm,,0.1,1,Factory,Final FG (Sorting+Packing)
Carnival Chatpata Prunes 100gm,D: Pack-only,2,Chatpata Seasoning,rm,,0.002,1,Factory,Final FG (Sorting+Packing)
Carnival Chatpata Prunes 100gm,D: Pack-only,3,PM24-Pet 100 gm,pm,,1,1,Factory,Final FG (packing)
Carnival Chatpata Prunes 100gm,D: Pack-only,4,"PM24-Labels,Stickers, Cards",pm,,1,1,Factory,Final FG (packing)
Carnival Cheese Cashew 100g,B: Transform->Pack (in-line),1,Cashew 320,rm,,0.1,1,Factory,Create WIP
Carnival Cheese Cashew 100g,B: Transform->Pack (in-line),2,CHEESE SEASONING,rm,,0.01,1,Factory,Create WIP
Carnival Cheese Cashew 100g,B: Transform->Pack (in-line),3,"PM24-Labels,Stickers, Cards",pm,,1,1,Factory,Final FG (packing)
Carnival Cheese Cashew 100g,B: Transform->Pack (in-line),4,PM24-Pet 100 gm,pm,,1,1,Factory,Final FG (packing)
Carnival Cheese Cashew 100g,B: Transform->Pack (in-line),5,PM24-3 Ply Carton CF24 10 Kg (390x290x220mm) 10000 gm-Printed,pm,,0.03,1,Factory,Final FG (packing)
Carnival Cheese Cashew 230g,B: Transform->Pack (in-line),1,Cashew 320,rm,,0.22,1,Factory,Create WIP
Carnival Cheese Cashew 230g,B: Transform->Pack (in-line),2,CHEESE SEASONING,rm,,0.02,1,Factory,Create WIP
Carnival Cheese Makhana 125g,B: Transform->Pack (in-line),1,Makhana,rm,,0.11,1,Factory,Create WIP
Carnival Cheese Makhana 125g,B: Transform->Pack (in-line),2,CHEESE SEASONING,rm,,0.03,1,Factory,Create WIP
Carnival Cheese Makhana 125g,B: Transform->Pack (in-line),3,"PM24-Labels,Stickers, Cards",pm,,1,1,Factory,Final FG (packing)
Carnival Cheese Makhana 125g,B: Transform->Pack (in-line),4,PM24 - Makhana Pet with Handle 125 gm,pm,,1,1,Factory,Final FG (packing)
Carnival Cheese Makhana 125g,B: Transform->Pack (in-line),5,PM24-3 Ply Carton CF24 10 Kg (390x290x220mm) 10000 gm-Printed,pm,,0.04,1,Factory,Final FG (packing)
Carnival Cheese Makhana 55g,B: Transform->Pack (in-line),1,Makhana,rm,,0.05,1,Factory,Create WIP
Carnival Cheese Makhana 55g,B: Transform->Pack (in-line),2,CHEESE SEASONING,rm,,0.01,1,Factory,Create WIP
Carnival Cheese Makhana 55g,B: Transform->Pack (in-line),3,"PM24-Labels,Stickers, Cards",pm,,1,1,Factory,Final FG (packing)
Carnival Cheese Makhana 55g,B: Transform->Pack (in-line),4,PM24 - Makhana Pet 55 gm,pm,,1,1,Factory,Final FG (packing)
Carnival Cheese Makhana 55g,B: Transform->Pack (in-line),5,PM24-3 Ply Carton CF24 10 Kg (390x290x220mm) 10000 gm-Printed,pm,,0.04,1,Factory,Final FG (packing)
Carnival Choco Orange Walnut 150gm,B: Transform->Pack (in-line),1,Chilean Walnut Kernel Quarter,sfg,SFG0333,0.0938,1,Factory,Final FG (opening RM)
Carnival Choco Orange Walnut 150gm,B: Transform->Pack (in-line),2,Morde Dark Chocolate - CHD55,rm,,0.0488,1,Factory,Create WIP
Carnival Choco Orange Walnut 150gm,B: Transform->Pack (in-line),3,Orange Flavour 220509,rm,,0.0075,1,Factory,Create WIP
Carnival Choco Orange Walnut 150gm,B: Transform->Pack (in-line),4,PM24-Composite Tin With Tin Lid 200 gm,pm,,1,1,Factory,Final FG (packing)
Carnival Classic Almonds 100g,D: Pack-only,1,American Almonds Running 25-27 count,rm,,0.1,1,Factory,Final FG (Sorting+Packing)
Carnival Classic Almonds 100g,D: Pack-only,2,PM24-Pet 100 gm,pm,,1,1,Factory,Final FG (packing)
Carnival Classic Almonds 100g,D: Pack-only,3,"PM24-Labels,Stickers, Cards",pm,,1,1,Factory,Final FG (packing)
Carnival Classic Almonds 100g,D: Pack-only,4,American Almonds Running 25-27 count,rm,,0.1,1,Factory,Final FG (Sorting+Packing)
Carnival Classic Almonds 100g,D: Pack-only,5,PM24-Carnival Silver Classic Pouch  100 gm,pm,,1,1,Factory,Final FG (packing)
Carnival Classic Almonds 250g,D: Pack-only,1,American Almonds Running 25-27 count,rm,,0.25,1,Factory,Final FG (Sorting+Packing)
Carnival Classic Almonds 250g,D: Pack-only,2,PM24-Carnival Printed Laminated Premium Gold Pouch 80 x 200 250 gm,pm,,1,1,Factory,Final FG (packing)
Carnival Classic Anjeer 250g,D: Pack-only,1,Anjeer (Figs),rm,,0.26,1,Factory,Final FG (Sorting+Packing)
Carnival Classic Anjeer 250g,D: Pack-only,2,PM24-Carnival Anjeer Blister 500 gm,pm,,1,1,Factory,Final FG (packing)
Carnival Classic Anjeer 250g,D: Pack-only,3,PM24-3 Ply Carton CF24 10 Kg (390x290x220mm) 10000 gm -Unprinted,pm,,0.025,1,Factory,Final FG (packing)
Carnival Classic Cashew 250 Gms,D: Pack-only,1,Cashew 320,rm,,0.26,1,Factory,Final FG (Sorting+Packing)
Carnival Classic Cashew 250 Gms,D: Pack-only,2,PM24-Carnival Printed Laminated Premium Gold Pouch 80 x 200 250 gm,pm,,1,1,Factory,Final FG (packing)
Carnival Classic Cashew 250 Gms,D: Pack-only,3,PM24-3 Ply Carton CF24 10 Kg (390x290x220mm) 10000 gm -Unprinted,pm,,0.025,1,Factory,Final FG (packing)
Carnival Classic Cashew 250 Gms,D: Pack-only,4,Cashew 320,rm,,0.25,1,Factory,Final FG (Sorting+Packing)
Carnival Classic Cashew 250 Gms,D: Pack-only,5,PM24-Pet Jar 250 gm,pm,,1,1,PM Store,Final FG (packing)
Carnival Classic Cashew 250 Gms,D: Pack-only,6,PM24-3 Ply Carton CF24 10 Kg (390x290x220mm) 10000 gm -Unprinted,pm,,0.025,1,PM Store,Final FG (packing)
Carnival Classic Chia Seeds 1 Kg,,1,Black Chia Seeds,rm,,1,1,Factory,Final FG (Sorting+Packing)
Carnival Classic Chia Seeds 1 Kg,,2,PM24-3 Ply Carton CF24 10 Kg (390x290x220mm) 10000 gm -Unprinted,pm,,0.1,1,Factory,Final FG (packing)
Carnival Classic Chia Seeds 100gm,D: Pack-only,1,Black Chia Seeds,rm,,0.101,1,Factory,Final FG (Sorting+Packing)
Carnival Classic Chia Seeds 100gm,D: Pack-only,2,PM24-Carnival Chia Seeds 100 gm,pm,,1,1,Factory,Final FG (packing)
Carnival Classic Chia Seeds 100gm,D: Pack-only,3,PM24-3 Ply Carton CF24 10 Kg (390x290x220mm) 10000 gm -Unprinted,pm,,0.01,1,Factory,Final FG (packing)
Carnival Classic Date Bites 357gm,B: Transform->Pack (in-line),1,AL Barakah Date Paste,rm,,0.1508,1,Factory,Create WIP
Carnival Classic Date Bites 357gm,B: Transform->Pack (in-line),2,AL BARAKAH KHALAS DATES,rm,,0.0646,1,Factory,Create WIP
Carnival Classic Date Bites 357gm,B: Transform->Pack (in-line),3,Desi Ghee,rm,,0.0151,1,Factory,Create WIP
Carnival Classic Date Bites 357gm,B: Transform->Pack (in-line),4,Pumpkin Seed 12%,rm,,0.0246,1,Factory,Create WIP
Carnival Classic Date Bites 357gm,B: Transform->Pack (in-line),5,American Almonds Tukda,rm,,0.051,1,Factory,Create WIP
Carnival Classic Date Bites 357gm,B: Transform->Pack (in-line),6,Cashew Tukda,rm,,0.051,1,Factory,Create WIP
Carnival Classic Date Bites 357gm,B: Transform->Pack (in-line),7,Rice Crispy - 18%,rm,,0.0038,1,Factory,Create WIP
Carnival Classic Date Bites 357gm,B: Transform->Pack (in-line),8,Indian Green Raisins,rm,,0.0151,1,Factory,Create WIP
Carnival Classic Date Bites 357gm,B: Transform->Pack (in-line),9,Cardamom Powder,pm,,0.0019,1,Factory,Final FG (packing)
Carnival Classic Date Bites 357gm,B: Transform->Pack (in-line),10,PM24-Pet 800 gm Regular (cred),pm,,1,1,PM Store,Final FG (packing)
Carnival Classic Date Bites 357gm,B: Transform->Pack (in-line),11,PM24-Plain Laminate 125 mm 30 gm,pm,,0.04,1,PM Store,Final FG (packing)
Carnival Classic Hazelnut 250 GMS,D: Pack-only,1,Hazelnut Kernal,rm,,0.26,1,Factory,Final FG (Sorting+Packing)
Carnival Classic Hazelnut 250 GMS,D: Pack-only,2,PM24-Carnival Hazelnut Monocarton 200 gm,pm,,1,1,Factory,Final FG (packing)
Carnival Classic Hazelnut 250 GMS,D: Pack-only,3,PM24-5 Ply Carton CF24 10kg (390X290X220) (D Mart)-Unprinted,pm,,0.025,1,Factory,Final FG (packing)
Carnival Classic Indian Kishmish 500 Gms,D: Pack-only,1,Indian Green Raisins,rm,,0.51,1,Factory,Final FG (Sorting+Packing)
Carnival Classic Indian Kishmish 500 Gms,D: Pack-only,2,PM24-Chef Pick 500 gm Roll,pm,,0.012,1,Factory,Final FG (packing)
Carnival Classic Indian Kishmish 500 Gms,D: Pack-only,3,PM24-3 Ply Carton CF24 10 Kg (390x290x220mm) 10000 gm -Unprinted,pm,,0.05,1,Factory,Final FG (packing)
Carnival Classic Indian Kishmish 500 Gms,D: Pack-only,4,PM24-Carnival Classic Printed Laminated Silver Pouch (115mm x 230mm) 500 gm,pm,,1,1,Factory,Final FG (packing)
Carnival Classic Indian Raisins 250g,D: Pack-only,1,Indian Green Raisins,rm,,0.25,1,Factory,Final FG (Sorting+Packing)
Carnival Classic Indian Raisins 250g,D: Pack-only,2,PM24-Carnival Indian Green Raisins (Cred) 250 gm Monocarton,pm,,1,1,Factory,Final FG (packing)
Carnival Classic Indian Raisins 250g,D: Pack-only,3,PM24-5 Ply Carton CF24 10kg (390X290X220) (D Mart)-Unprinted,pm,,0.025,1,Factory,Final FG (packing)
Carnival Classic Irani Pistachio Salted 80g,D: Pack-only,1,Pista Irani Inshell Roasted and Salted,fg,,0.08,1,Factory,Final FG (Sorting+Packing)
Carnival Classic Irani Pistachio Salted 80g,D: Pack-only,2,PM24-Carnival Classic 100 gm Roll,pm,,1,1,PM Store,Final FG (packing)
Carnival Classic Irani Pistachio Salted 80g,D: Pack-only,3,PM24-3 Ply Carton CF24 10 Kg (390x290x220mm) 10000 gm -Unprinted,pm,,0.016,1,PM Store,Final FG (packing)
Carnival Classic Pumpkin Seeds 100g,B: Transform->Pack (in-line),1,Pumpkin Seed 12%,rm,,0.1,1,Factory,Create WIP
Carnival Classic Sunflower Seeds 100G,B: Transform->Pack (in-line),1,Sunflower Seeds,rm,,0.1,1,Factory,Create WIP
Carnival Classic Sunflower Seeds 100G,B: Transform->Pack (in-line),2,PM24-Carnival Sunflower Seed 100 gm,pm,,1,1,Factory,Final FG (packing)
Carnival Classic Sunflower Seeds 100G,B: Transform->Pack (in-line),3,PM24-3 Ply Carton CF24 10 Kg (390x290x220mm) 10000 gm -Unprinted,pm,,0.1,1,Factory,Final FG (packing)
Carnival Cocktail Mix 100g,B: Transform->Pack (in-line),1,Pista Kernel,rm,,0.01,1,Factory,Create WIP
Carnival Cocktail Mix 100g,B: Transform->Pack (in-line),2,Indian Black Raisins,rm,,0.04,1,Factory,Create WIP
Carnival Cocktail Mix 100g,B: Transform->Pack (in-line),3,American Almonds Running 25-27 count,rm,,0.027,1,Factory,Create WIP
Carnival Cocktail Mix 100g,B: Transform->Pack (in-line),4,Cashew 320,rm,,0.023,1,Factory,Create WIP
Carnival Cocktail Mix 100g,B: Transform->Pack (in-line),5,Salt,rm,,0.005,1,Factory,Create WIP
Carnival Cocktail Mix 100g,B: Transform->Pack (in-line),6,PM24-100gm Pet-53mm neck with Cap & IW,pm,,1,1,Factory,Final FG (packing)
Carnival Cocktail Mix 100g,B: Transform->Pack (in-line),7,Pista Kernel,rm,,0.01,1,Factory,Create WIP
Carnival Cocktail Mix 100g,B: Transform->Pack (in-line),8,Indian Black Raisins,rm,,0.04,1,Factory,Create WIP
Carnival Cocktail Mix 100g,B: Transform->Pack (in-line),9,American Almonds Running 25-27 count,rm,,0.027,1,Factory,Create WIP
Carnival Cocktail Mix 100g,B: Transform->Pack (in-line),10,Cashew 320,rm,,0.023,1,Factory,Create WIP
Carnival Cocktail Mix 100g,B: Transform->Pack (in-line),11,Salt,rm,,0.005,1,Factory,Create WIP
Carnival Cocktail Mix 100g,B: Transform->Pack (in-line),12,PM24-Pet 100 gm,pm,,1,1,PM Store,Final FG (packing)
Carnival Cocktail Mix 100g,B: Transform->Pack (in-line),13,PM24-3 Ply Carton CF24 10 Kg (390x290x220mm) 10000 gm -Unprinted,pm,,0.016,1,PM Store,Final FG (packing)
Carnival Cocktail Mix 200g,B: Transform->Pack (in-line),1,Pista Kernel,rm,,0.02,1,Factory,Create WIP
Carnival Cocktail Mix 200g,B: Transform->Pack (in-line),2,Indian Black Raisins,rm,,0.08,1,Factory,Create WIP
Carnival Cocktail Mix 200g,B: Transform->Pack (in-line),3,American Almonds Running 25-27 count,rm,,0.054,1,Factory,Create WIP
Carnival Cocktail Mix 200g,B: Transform->Pack (in-line),4,Cashew 320,rm,,0.046,1,Factory,Create WIP
Carnival Cocktail Mix 200g,B: Transform->Pack (in-line),5,Salt,rm,,0.01,1,Factory,Create WIP
Carnival Cocktail Mix 250g,B: Transform->Pack (in-line),1,Pista Kernel,rm,,0.025,1,Factory,Create WIP
Carnival Cocktail Mix 250g,B: Transform->Pack (in-line),2,Afghan Black Raisins Seedless 1*2,rm,,0.1,1,Factory,Create WIP
Carnival Cocktail Mix 250g,B: Transform->Pack (in-line),3,American Almonds Running 25-27 count,rm,,0.0675,1,Factory,Create WIP
Carnival Cocktail Mix 250g,B: Transform->Pack (in-line),4,Cashew 320,rm,,0.0575,1,Factory,Create WIP
Carnival Cocktail Mix 250g,B: Transform->Pack (in-line),5,Refined Fine Powder Iodized Salt Prime,rm,,0.005,1,Factory,Create WIP
Carnival Cocktail Mix 250g,B: Transform->Pack (in-line),6,PM24-Carnival Cocktail Mix 250 gm,pm,,1,1,Factory,Final FG (packing)
Carnival Cocktail Mix 250g,B: Transform->Pack (in-line),7,PM24-3 Ply Carton CF24 10 Kg (390x290x220mm) 10000 gm -Unprinted,pm,,0.03,1,Factory,Final FG (packing)
Carnival Cocktail Mix 250g,B: Transform->Pack (in-line),8,Pista Kernel,rm,,0.025,1,Factory,Create WIP
Carnival Cocktail Mix 250g,B: Transform->Pack (in-line),9,Afghan Black Raisins Seedless 1*2,rm,,0.1,1,Factory,Create WIP
Carnival Cocktail Mix 250g,B: Transform->Pack (in-line),10,American Almonds Running 25-27 count,rm,,0.0675,1,Factory,Create WIP
Carnival Cocktail Mix 250g,B: Transform->Pack (in-line),11,Cashew 320,rm,,0.0575,1,Factory,Create WIP
Carnival Cocktail Mix 250g,B: Transform->Pack (in-line),12,Refined Fine Powder Iodized Salt Prime,rm,,0.005,1,Factory,Create WIP
Carnival Cocktail Mix 250g,B: Transform->Pack (in-line),13,PM24-Pet Jar 250 gm,pm,,1,1,Factory,Final FG (packing)
Carnival Cocktail Mix 250g,B: Transform->Pack (in-line),14,PM24-3 Ply Carton CF24 10 Kg (390x290x220mm) 10000 gm -Unprinted,pm,,0.03,1,Factory,Final FG (packing)
Carnival Cocktail Mix Plain Pouch 100g,B: Transform->Pack (in-line),1,Pista Kernel,rm,,0.01,1,Factory,Create WIP
Carnival Cocktail Mix Plain Pouch 100g,B: Transform->Pack (in-line),2,Indian Black Raisins,rm,,0.04,1,Factory,Create WIP
Carnival Cocktail Mix Plain Pouch 100g,B: Transform->Pack (in-line),3,American Almonds Running 25-27 count,rm,,0.03,1,Factory,Create WIP
Carnival Cocktail Mix Plain Pouch 100g,B: Transform->Pack (in-line),4,Cashew 320,rm,,0.02,1,Factory,Create WIP
Carnival Cocktail Mix Plain Pouch 100g,B: Transform->Pack (in-line),5,Salt,rm,,0.01,1,Factory,Create WIP
Carnival Cranberry Flavoured Chatpata 200g,D: Pack-only,1,Dried Cranberry Sliced,rm,,0.175,1,Factory,Final FG (Sorting+Packing)
Carnival Cranberry Flavoured Chatpata 200g,D: Pack-only,2,Chatpata Seasoning,rm,,0.025,1,Factory,Final FG (Sorting+Packing)
Carnival Cranberry Flavoured Chatpata 200g,D: Pack-only,3,PM24-Carnival Chatpata Cranberry Composite Tin With Tin Lid (74mmx130mm) 200 gm,pm,,1,1,PM Store,Final FG (packing)
Carnival Cranberry Flavoured Chatpata 200g,D: Pack-only,4,PM24-3 Ply Carton CF24 10 Kg (390x290x220mm) 10000 gm -Unprinted,pm,,0.03,1,PM Store,Final FG (packing)
Carnival Cranberry Flavoured Chatpata 200g,D: Pack-only,5,Dried Cranberry Sliced,rm,,0.185,1,Factory,Final FG (Sorting+Packing)
Carnival Cranberry Flavoured Chatpata 200g,D: Pack-only,6,Chatpata Seasoning,rm,,0.025,1,Factory,Final FG (Sorting+Packing)
Carnival Cranberry Flavoured Chatpata 200g,D: Pack-only,7,PM24-Pet Jar 250 gm,pm,,1,1,PM Store,Final FG (packing)
Carnival Cranberry Sliced 250 Gms,D: Pack-only,1,Dried Cranberry Sliced,rm,,0.25,1,Factory,Final FG (Sorting+Packing)
Carnival Cranberry Sliced 250 Gms,D: Pack-only,2,PM24-Carnival Cranberry slice 250 gm,pm,,1,1,APMC,Final FG (packing)
Carnival Cranberry Sliced 250 Gms,D: Pack-only,3,PM24-3 Ply Carton CF24 10 Kg (390x290x220mm) 10000 gm -Unprinted,pm,,0.025,1,APMC,Final FG (packing)
Carnival Cranberry Whole - 100gm,D: Pack-only,1,Dried Cranberry Whole,rm,,0.1,1,Factory,Final FG (Sorting+Packing)
Carnival Cranberry Whole - 100gm,D: Pack-only,2,PM24-Carnival Cranberry Standy Pouch (115x160mm+60) 100 gm,pm,,1,1,Factory,Final FG (packing)
Carnival Cranberry Whole - 100gm,D: Pack-only,3,PM24-3 Ply Carton CF24 10 Kg (390x290x220mm) 10000 gm -Unprinted,pm,,0.01,1,Factory,Final FG (packing)
Carnival Cranberry Whole - 100gm,D: Pack-only,4,Dried Cranberry Whole,rm,,0.1,1,Factory,Final FG (Sorting+Packing)
Carnival Cranberry Whole - 100gm,D: Pack-only,5,PM24-Pet 100 gm,pm,,1,1,PM Store,Final FG (packing)
Carnival Cranberry Whole - 100gm,D: Pack-only,6,PM24-3 Ply Carton CF24 10 Kg (390x290x220mm) 10000 gm -Unprinted,pm,,0.016,1,PM Store,Final FG (packing)
Carnival Cranberry Whole 250G,D: Pack-only,1,Dried Cranberry Whole,rm,,0.25,1,Factory,Final FG (Sorting+Packing)
Carnival Cranberry Whole 250G,D: Pack-only,2,PM24-Carnival Cranberry Whole 250 gm,pm,,1,1,Factory,Final FG (packing)
Carnival Cranberry Whole 250G,D: Pack-only,3,PM24-3 Ply Carton CF24 10 Kg (390x290x220mm) 10000 gm -Unprinted,pm,,0.025,1,Factory,Final FG (packing)
Carnival Crunchy Caramel Trail Mix 100g,B: Transform->Pack (in-line),1,Orange Peel,rm,,0.01,1,Factory,Create WIP
Carnival Crunchy Caramel Trail Mix 100g,B: Transform->Pack (in-line),2,Dried Cranberry Sliced,rm,,0.025,1,Factory,Create WIP
Carnival Crunchy Caramel Trail Mix 100g,B: Transform->Pack (in-line),3,Dark Compound Chips,rm,,0.02,1,Factory,Create WIP
Carnival Crunchy Caramel Trail Mix 100g,B: Transform->Pack (in-line),4,Diced Almond,rm,,0.025,1,Factory,Create WIP
Carnival Crunchy Caramel Trail Mix 100g,B: Transform->Pack (in-line),5,Pecan Nuts Kernel Split,rm,,0.01,1,Factory,Create WIP
Carnival Crunchy Caramel Trail Mix 100g,B: Transform->Pack (in-line),6,Hazelnut Kernal,rm,,0.01,1,Factory,Create WIP
Carnival Crunchy Caramel Trail Mix 100g,B: Transform->Pack (in-line),7,Caramel Sweet Popcorn Flavour,rm,,0.01,1,Factory,Create WIP
Carnival Crunchy Caramel Trail Mix 100g,B: Transform->Pack (in-line),8,PM24-Carnival Crunchy Caramel Trail Mix Pre Printed Pouch 200G ( 150mm x 225mm ) 200 gm,pm,,1,1,Factory,Final FG (packing)
Carnival Crunchy Caramel Trail Mix 100g,B: Transform->Pack (in-line),9,Orange Peel,rm,,0.01,1,Factory,Create WIP
Carnival Crunchy Caramel Trail Mix 100g,B: Transform->Pack (in-line),10,Dried Cranberry Sliced,rm,,0.025,1,Factory,Create WIP
Carnival Crunchy Caramel Trail Mix 100g,B: Transform->Pack (in-line),11,Dark Compound Chips,rm,,0.02,1,Factory,Create WIP
Carnival Crunchy Caramel Trail Mix 100g,B: Transform->Pack (in-line),12,Diced Almond,rm,,0.025,1,Factory,Create WIP
Carnival Crunchy Caramel Trail Mix 100g,B: Transform->Pack (in-line),13,Pecan Nuts Kernel Split,rm,,0.01,1,Factory,Create WIP
Carnival Crunchy Caramel Trail Mix 100g,B: Transform->Pack (in-line),14,Hazelnut Kernal,rm,,0.01,1,Factory,Create WIP
Carnival Crunchy Caramel Trail Mix 100g,B: Transform->Pack (in-line),15,Caramel Sweet Popcorn Flavour,rm,,0.01,1,Factory,Create WIP
Carnival Crunchy Caramel Trail Mix 100g,B: Transform->Pack (in-line),16,PM24-Pet 100 gm,pm,,1,1,PM Store,Final FG (packing)
Carnival Crunchy Caramel Trail Mix 100g,B: Transform->Pack (in-line),17,PM24-3 Ply Carton CF24 10 Kg (390x290x220mm) 10000 gm -Unprinted,pm,,0.016,1,PM Store,Final FG (packing)
Carnival Crunchy Caramel Trail Mix 200g,B: Transform->Pack (in-line),1,Orange Slice / Pieces,rm,,0.02,1,Factory,Create WIP
Carnival Crunchy Caramel Trail Mix 200g,B: Transform->Pack (in-line),2,Dried Cranberry Sliced,rm,,0.05,1,Factory,Create WIP
Carnival Crunchy Caramel Trail Mix 200g,B: Transform->Pack (in-line),3,Dark Compound Chips,rm,,0.04,1,Factory,Create WIP
Carnival Crunchy Caramel Trail Mix 200g,B: Transform->Pack (in-line),4,Diced Almond,rm,,0.05,1,Factory,Create WIP
Carnival Crunchy Caramel Trail Mix 200g,B: Transform->Pack (in-line),5,Pecan Nuts,rm,,0.02,1,Factory,Create WIP
Carnival Crunchy Caramel Trail Mix 200g,B: Transform->Pack (in-line),6,Hazelnut Kernal,rm,,0.02,1,Factory,Create WIP
Carnival Crunchy Caramel Trail Mix 200g,B: Transform->Pack (in-line),7,Caramel Sweet Popcorn Flavour,rm,,0.016,1,Factory,Create WIP
Carnival Crunchy Caramel Trail Mix 200g,B: Transform->Pack (in-line),8,PM24-Carnival Crunchy Caramel Trail Mix Pre Printed Pouch 200G ( 150mm x 225mm ) 200 gm,pm,,1,1,PM Store,Final FG (packing)
Carnival Crunchy Caramel Trail Mix 200g,B: Transform->Pack (in-line),9,PM24-3 Ply Carton CF24 10 Kg (390x290x220mm) 10000 gm -Unprinted,pm,,0.03,1,PM Store,Final FG (packing)
Carnival Crunchy Caramel Trail Mix 250g,B: Transform->Pack (in-line),1,Orange Slice / Pieces,rm,,0.025,1,Factory,Create WIP
Carnival Crunchy Caramel Trail Mix 250g,B: Transform->Pack (in-line),2,Dried Cranberry Sliced,rm,,0.0625,1,Factory,Create WIP
Carnival Crunchy Caramel Trail Mix 250g,B: Transform->Pack (in-line),3,Dark Compound Chips,rm,,0.05,1,Factory,Create WIP
Carnival Crunchy Caramel Trail Mix 250g,B: Transform->Pack (in-line),4,Diced Almond,rm,,0.0625,1,Factory,Create WIP
Carnival Crunchy Caramel Trail Mix 250g,B: Transform->Pack (in-line),5,Pecan Nuts Kernel Split,rm,,0.025,1,Factory,Create WIP
Carnival Crunchy Caramel Trail Mix 250g,B: Transform->Pack (in-line),6,Hazelnut Kernal,rm,,0.025,1,Factory,Create WIP
Carnival Crunchy Caramel Trail Mix 250g,B: Transform->Pack (in-line),7,Caramel Sweet Popcorn Flavour,rm,,0.02,1,Factory,Create WIP
Carnival Crunchy Caramel Trail Mix 250g,B: Transform->Pack (in-line),8,PM24-Carnival Crunchy Caramel Trail Mix Pre Printed Pouch 200G ( 150mm x 225mm ) 200 gm,pm,,1,1,Factory,Final FG (packing)
Carnival Crunchy Caramel Trail Mix 250g,B: Transform->Pack (in-line),9,PM24-3 Ply Carton CF24 10 Kg (390x290x220mm) 10000 gm -Unprinted,pm,,0.03,1,Factory,Final FG (packing)
Carnival Crunchy Caramel Trail Mix 250g,B: Transform->Pack (in-line),10,Orange Slice / Pieces,rm,,0.025,1,Factory,Create WIP
Carnival Crunchy Caramel Trail Mix 250g,B: Transform->Pack (in-line),11,Dried Cranberry Sliced,rm,,0.0625,1,Factory,Create WIP
Carnival Crunchy Caramel Trail Mix 250g,B: Transform->Pack (in-line),12,Dark Compound Chips,rm,,0.05,1,Factory,Create WIP
Carnival Crunchy Caramel Trail Mix 250g,B: Transform->Pack (in-line),13,Diced Almond,rm,,0.0625,1,Factory,Create WIP
Carnival Crunchy Caramel Trail Mix 250g,B: Transform->Pack (in-line),14,Pecan Nuts,rm,,0.025,1,Factory,Create WIP
Carnival Crunchy Caramel Trail Mix 250g,B: Transform->Pack (in-line),15,Hazelnut Kernal,rm,,0.025,1,Factory,Create WIP
Carnival Crunchy Caramel Trail Mix 250g,B: Transform->Pack (in-line),16,Caramel Sweet Popcorn Flavour,rm,,0.02,1,Factory,Create WIP
Carnival Crunchy Caramel Trail Mix 250g,B: Transform->Pack (in-line),17,PM24-Pet Jar 250 gm,pm,,1,1,Factory,Final FG (packing)
Carnival Crunchy Caramel Trail Mix 250g,B: Transform->Pack (in-line),18,PM24-3 Ply Carton CF24 10 Kg (390x290x220mm) 10000 gm -Unprinted,pm,,0.03,1,Factory,Final FG (packing)
Carnival Date Spread 330gm,,1,Al Barakah Date Spread 330gx12,fg,,1,1,Factory,Final FG (Sorting+Packing)
Carnival Deluxe Seeded Black Raisin 250gm,D: Pack-only,1,Afghan Black Raisins Seeded 1*2,rm,,0.25,1,Factory,Final FG (Sorting+Packing)
Carnival Deluxe Seeded Black Raisin 250gm,D: Pack-only,2,PM24-Carnival Rose Gold Standee Zipper Pouch-135 x 185 mm 150 gm,pm,,1,1,PM Store,Final FG (packing)
Carnival Deluxe Seeded Black Raisin 250gm,D: Pack-only,3,PM24-3 Ply Carton CF24 10 Kg (390x290x220mm) 10000 gm -Unprinted,pm,,0.025,1,PM Store,Final FG (packing)
Carnival Dried Blueberry 250g,D: Pack-only,1,Dried Blueberry,rm,,0.26,1,Factory,Final FG (Sorting+Packing)
Carnival Dried Blueberry 250g,D: Pack-only,2,PM24-Carnival Blueberry Set 250 gm,pm,,1,1,Factory,Final FG (packing)
Carnival Dried Blueberry 250g,D: Pack-only,3,PM24-3 Ply Carton CF24 10 Kg (390x290x220mm) 10000 gm -Unprinted,pm,,0.025,1,Factory,Final FG (packing)
Carnival Dried Blueberry 250g - Tub,D: Pack-only,1,Dried Blueberry,rm,,0.26,1,Factory,Final FG (Sorting+Packing)
Carnival Dried Blueberry 250g - Tub,D: Pack-only,2,PM24-3 Ply Carton CF21 Walnut Carton (445X310X305MM)-Unprinted,pm,,0.067,1,PM Store,Final FG (packing)
Carnival Dried Blueberry 250g - Tub,D: Pack-only,3,PM24-600Ml Tub With Container Lid And Handle 250 gm,pm,,1,1,PM Store,Final FG (packing)
Carnival Dried Cranberry Whole 100g (PP),D: Pack-only,1,Dried Cranberry Whole,rm,,0.1,1,Factory,Final FG (Sorting+Packing)
Carnival Dried Cranberry Whole 250g - Tub,D: Pack-only,1,Dried Cranberry Whole,rm,,0.25,1,Factory,Final FG (Sorting+Packing)
Carnival Dried Cranberry Whole 250g - Tub,D: Pack-only,2,PM24-3 Ply Carton CF21 Walnut Carton (445X310X305MM)-Unprinted,pm,,0.067,1,PM Store,Final FG (packing)
Carnival Dried Cranberry Whole 250g - Tub,D: Pack-only,3,PM24-600Ml Tub With Container Lid And Handle 250 gm,pm,,1,1,PM Store,Final FG (packing)
Carnival Festive Almonds (27-28 count) 100gm,D: Pack-only,1,American Almonds Running [28-30 Count],rm,,0.1,1,Factory,Final FG (Sorting+Packing)
Carnival Festive Almonds (27-28 count) 100gm,D: Pack-only,2,PM24-Carnival Silver Classic Pouch  100 gm,pm,,1,1,Factory,Final FG (packing)
Carnival Festive Almonds (27-28 count) 100gm,D: Pack-only,3,American Almonds Running 25-27 count,rm,,0.1,1,Factory,Final FG (Sorting+Packing)
Carnival Festive Almonds (27-28 count) 100gm,D: Pack-only,4,PM24-Pet 100 gm,pm,,1,1,PM Store,Final FG (packing)
Carnival Festive Almonds (27-28 count) 125gm,D: Pack-only,1,American Almonds Running 25-27 count,rm,,0.125,1,Factory,Final FG (Sorting+Packing)
Carnival Festive Almonds (27-28 count) 125gm,D: Pack-only,2,PM24-Carnival Orange Pouch Standee Zipper Pouch-135 x 185 mm 150 gm,pm,,1,1,PM Store,Final FG (packing)
Carnival Festive Almonds (27-28 count) 125gm,D: Pack-only,3,American Almonds Running 25-27 count,rm,,0.125,1,Factory,Final FG (Sorting+Packing)
Carnival Festive Almonds (27-28 count) 125gm,D: Pack-only,4,PM24-Pet 100 gm,pm,,1,1,PM Store,Final FG (packing)
Carnival Festive Almonds (27-28 count) 150gm,D: Pack-only,1,American Almonds Running [28-30 Count],rm,,0.15,1,Factory,Final FG (Sorting+Packing)
Carnival Festive Almonds (27-28 count) 150gm,D: Pack-only,2,PM24-Carnival Delux Blue Pouch 250 gm,pm,,1,1,Factory,Final FG (packing)
Carnival Festive Almonds (27-28 count) 200gm,D: Pack-only,1,American Almonds Running [28-30 Count],rm,,0.2,1,Factory,Final FG (Sorting+Packing)
Carnival Festive Almonds (27-28 count) 200gm,D: Pack-only,2,American Almonds Running 25-27 count,rm,,0.2,1,Factory,Final FG (Sorting+Packing)
Carnival Festive Almonds (27-28 count) 200gm,D: Pack-only,3,PM24-Pet Jar 250 gm,pm,,1,1,PM Store,Final FG (packing)
Carnival Festive Black Raisin Seedless 150gm,B: Transform->Pack (in-line),1,Afghan Black Raisins Seedless 1*2,rm,,0.15,1,Factory,Create WIP
Carnival Festive Black Raisin Seedless 150gm,B: Transform->Pack (in-line),2,PM24-Carnival Orange Pouch Standee Zipper Pouch-135 x 185 mm 150 gm,pm,,1,1,PM Store,Final FG (packing)
Carnival Festive California Pista (21-26) 100gm,B: Transform->Pack (in-line),1,California Pista Inshell,rm,,0.1,1,Factory,Create WIP
Carnival Festive California Pista (21-26) 100gm,B: Transform->Pack (in-line),2,PM24-Carnival Silver Classic Pouch  100 gm,pm,,1,1,Factory,Final FG (packing)
Carnival Festive California Pista (21-26) 100gm,B: Transform->Pack (in-line),3,California Pista Inshell,rm,,0.1,1,Factory,Create WIP
Carnival Festive California Pista (21-26) 100gm,B: Transform->Pack (in-line),4,PM24-Pet 100 gm,pm,,1,1,PM Store,Final FG (packing)
Carnival Festive California Pista (21-26) 125gm,D: Pack-only,1,California Pista Inshell Roasted and Salted,fg,,0.13,1,Factory,Final FG (Sorting+Packing)
Carnival Festive California Pista (21-26) 125gm,D: Pack-only,2,PM24-Carnival Classic  Printed Laminated  Silver Pouch-80 x 200mm 250 gm,pm,,1,1,Factory,Final FG (packing)
Carnival Festive California Pista (21-26) 125gm,D: Pack-only,3,California Pista Inshell Roasted and Salted,fg,,0.125,1,Factory,Final FG (Sorting+Packing)
Carnival Festive California Pista (21-26) 125gm,D: Pack-only,4,PM24-Carnival Orange Pouch Standee Zipper Pouch-135 x 185 mm 150 gm,pm,,1,1,Factory,Final FG (packing)
Carnival Festive California Pista (21-26) 150gm,D: Pack-only,1,California Pista Inshell Roasted and Salted,fg,,0.15,1,Factory,Final FG (Sorting+Packing)
Carnival Festive California Pista (21-26) 150gm,D: Pack-only,2,California Pista Inshell Roasted and Salted,fg,,0.15,1,Factory,Final FG (Sorting+Packing)
Carnival Festive California Pista (21-26) 200gm,D: Pack-only,1,California Pista Inshell Roasted and Salted,fg,,0.2,1,Factory,Final FG (Sorting+Packing)
Carnival Festive California Pista (21-26) 200gm,D: Pack-only,2,California Pista Inshell Roasted and Salted,fg,,0.2,1,Factory,Final FG (Sorting+Packing)
Carnival Festive California Pista (21-26) 200gm,D: Pack-only,3,PM24-Pet Jar 250 gm,pm,,1,1,PM Store,Final FG (packing)
Carnival Festive California Pista (21-26) 80gm,B: Transform->Pack (in-line),1,California Pista Inshell,rm,,0.08,1,Factory,Create WIP
Carnival Festive California Pista (21-26) 80gm,B: Transform->Pack (in-line),2,PM24-Carnival Silver Classic Pouch  100 gm,pm,,1,1,Factory,Final FG (packing)
Carnival Festive California Pista (21-26) 80gm,B: Transform->Pack (in-line),3,California Pista Inshell,rm,,0.08,1,Factory,Create WIP
Carnival Festive California Pista (21-26) 80gm,B: Transform->Pack (in-line),4,PM24-Pet 100 gm,pm,,1,1,Factory,Final FG (packing)
Carnival Festive Cashew (320) 100gm,D: Pack-only,1,Cashew 320,rm,,0.1,1,Factory,Final FG (Sorting+Packing)
Carnival Festive Cashew (320) 100gm,D: Pack-only,2,PM24-Pet 100 gm,pm,,1,1,Factory,Final FG (packing)
Carnival Festive Cashew (320) 100gm,D: Pack-only,3,Cashew 320,rm,,0.1,1,Factory,Final FG (Sorting+Packing)
Carnival Festive Cashew (320) 100gm,D: Pack-only,4,PM24-Carnival Silver Classic Pouch  100 gm,pm,,1,1,Factory,Final FG (packing)
Carnival Festive Cashew (320) 100gm,D: Pack-only,5,Cashew 320,rm,,0.1,1,Factory,Final FG (Sorting+Packing)
Carnival Festive Cashew (320) 100gm,D: Pack-only,6,PM24-Carnival Green Pouch Standee Zipper Pouch-135 x 185 mm 150 gm,pm,,1,1,Factory,Final FG (packing)
Carnival Festive Cashew (320) 125gm,D: Pack-only,1,Cashew 320,rm,,0.125,1,Factory,Final FG (Sorting+Packing)
Carnival Festive Cashew (320) 125gm,D: Pack-only,2,PM24-Pet 100 gm,pm,,1,1,PM Store,Final FG (packing)
Carnival Festive Cashew (320) 125gm,D: Pack-only,3,Cashew 320,rm,,0.13,1,Factory,Final FG (Sorting+Packing)
Carnival Festive Cashew (320) 125gm,D: Pack-only,4,PM24-Carnival Classic  Printed Laminated  Silver Pouch-80 x 200mm 250 gm,pm,,1,1,Factory,Final FG (packing)
Carnival Festive Cashew (320) 125gm,D: Pack-only,5,Cashew 320,rm,,0.125,1,Factory,Final FG (Sorting+Packing)
Carnival Festive Cashew (320) 150gm,D: Pack-only,1,Cashew 320,rm,,0.15,1,Factory,Final FG (Sorting+Packing)
Carnival Festive Cashew (320) 150gm,D: Pack-only,2,PM24-Carnival Classic  Printed Laminated  Silver Pouch-80 x 200mm 250 gm,pm,,1,1,PM Store,Final FG (packing)
Carnival Festive Cashew (320) 200gm,D: Pack-only,1,Cashew 320,rm,,0.2,1,Factory,Final FG (Sorting+Packing)
Carnival Festive Cashew (320) 200gm,D: Pack-only,2,Cashew 320,rm,,0.2,1,Factory,Final FG (Sorting+Packing)
Carnival Festive Cashew (320) 200gm,D: Pack-only,3,PM24-Pet Jar 250 gm,pm,,1,1,PM Store,Final FG (packing)
Carnival Festive Cashew (320) 80gm,D: Pack-only,1,Cashew 320,rm,,0.08,1,Factory,Final FG (Sorting+Packing)
Carnival Festive Cashew (320) 80gm,D: Pack-only,2,PM24-Carnival Silver Classic Pouch  100 gm,pm,,1,1,Factory,Final FG (packing)
Carnival Festive Chatpata Cranberry 100gm,D: Pack-only,1,Dried Cranberry Sliced,rm,,0.1,1,Factory,Final FG (Sorting+Packing)
Carnival Festive Chatpata Cranberry 100gm,D: Pack-only,2,PM24-Carnival Silver Classic Pouch  100 gm,pm,,1,1,Factory,Final FG (packing)
Carnival Festive Chatpata Cranberry 100gm,D: Pack-only,3,Dried Cranberry Sliced,rm,,0.1,1,Factory,Final FG (Sorting+Packing)
Carnival Festive Chatpata Cranberry 100gm,D: Pack-only,4,PM24-Pet 100 gm,pm,,1,1,Factory,Final FG (packing)
Carnival Festive Chatpata Cranberry 120g,D: Pack-only,1,Dried Cranberry Sliced,rm,,0.128,1,Factory,Final FG (Sorting+Packing)
Carnival Festive Chatpata Cranberry 120g,D: Pack-only,2,Chatpata Seasoning,rm,,0.004,1,Factory,Final FG (Sorting+Packing)
Carnival Festive Chatpata Cranberry 120g,D: Pack-only,3,PM24-Carnival Silver Classic Pouch  100 gm,pm,,1,1,PM Store,Final FG (packing)
Carnival Festive Chatpata Cranberry 250gm,D: Pack-only,1,Dried Cranberry Sliced,rm,,0.25,1,Factory,Final FG (Sorting+Packing)
Carnival Festive Chatpata Cranberry 250gm,D: Pack-only,2,Chatpata Seasoning,rm,,0.015,1,Factory,Final FG (Sorting+Packing)
Carnival Festive Chatpata Cranberry 250gm,D: Pack-only,3,PM24-Pet Jar 250 gm,pm,,1,1,PM Store,Final FG (packing)
Carnival Festive Chatpata Cranberry 80gm,B: Transform->Pack (in-line),1,Cranberry Slice,rm,,0.08,1,Factory,Create WIP
Carnival Festive Chatpata Cranberry 80gm,B: Transform->Pack (in-line),2,PM24-Carnival Silver Classic Pouch  100 gm,pm,,1,1,PM Store,Final FG (packing)
Carnival Festive Crunchy Caramel Trail Mix 250g,B: Transform->Pack (in-line),1,Orange Slice / Pieces,rm,,0.025,1,Factory,Create WIP
Carnival Festive Crunchy Caramel Trail Mix 250g,B: Transform->Pack (in-line),2,Dried Cranberry Sliced,rm,,0.065,1,Factory,Create WIP
Carnival Festive Crunchy Caramel Trail Mix 250g,B: Transform->Pack (in-line),3,Dark Compound Chips,rm,,0.05,1,Factory,Create WIP
Carnival Festive Crunchy Caramel Trail Mix 250g,B: Transform->Pack (in-line),4,Diced Almond,rm,,0.0625,1,Factory,Create WIP
Carnival Festive Crunchy Caramel Trail Mix 250g,B: Transform->Pack (in-line),5,Pecan Nuts,rm,,0.025,1,Factory,Create WIP
Carnival Festive Crunchy Caramel Trail Mix 250g,B: Transform->Pack (in-line),6,Hazelnut Kernal,rm,,0.025,1,Factory,Create WIP
Carnival Festive Crunchy Caramel Trail Mix 250g,B: Transform->Pack (in-line),7,Caramel Sweet Popcorn Flavour,rm,,0.02,1,Factory,Create WIP
Carnival Festive Crunchy Caramel Trail Mix 250g,B: Transform->Pack (in-line),8,PM24-Pet Jar 250 gm,pm,,1,1,PM Store,Final FG (packing)
Carnival Festive Flavoured Cashew (320) 100gm,D: Pack-only,1,Cashew 320,rm,,0.1,1,Factory,Final FG (Sorting+Packing)
Carnival Festive Flavoured Cashew (320) 100gm,D: Pack-only,2,PM24-Carnival Silver Classic Pouch  100 gm,pm,,1,1,Factory,Final FG (packing)
Carnival Festive Flavoured Cashew (320) 80gm,D: Pack-only,1,Cashew 320,rm,,0.08,1,Factory,Final FG (Sorting+Packing)
Carnival Festive Flavoured Cashew (320) 80gm,D: Pack-only,2,PM24-Carnival Silver Classic Pouch  100 gm,pm,,1,1,Factory,Final FG (packing)
Carnival Festive Indian Raisin 100gm,D: Pack-only,1,Indian Green Raisins,rm,,0.1,1,Factory,Final FG (Sorting+Packing)
Carnival Festive Indian Raisin 100gm,D: Pack-only,2,PM24-Carnival Silver Classic Pouch  100 gm,pm,,1,1,Factory,Final FG (packing)
Carnival Festive Indian Raisin 100gm,D: Pack-only,3,Indian Green Raisins,rm,,0.1,1,Factory,Final FG (Sorting+Packing)
Carnival Festive Indian Raisin 100gm,D: Pack-only,4,PM24-Pet 100 gm,pm,,1,1,Factory,Final FG (packing)
Carnival Festive Indian Raisin 150gm,D: Pack-only,1,Indian Green Raisins,rm,,0.15,1,Factory,Final FG (Sorting+Packing)
Carnival Festive Indian Raisin 150gm,D: Pack-only,2,Indian Green Raisins,rm,,0.15,1,Factory,Final FG (Sorting+Packing)
Carnival Festive Indian Raisin 150gm,D: Pack-only,3,PM24-Carnival Orange Pouch Standee Zipper Pouch-135 x 185 mm 150 gm,pm,,1,1,Factory,Final FG (packing)
Carnival Festive Indian Raisin 175gm,D: Pack-only,1,Indian Green Raisins,rm,,0.175,1,Factory,Final FG (Sorting+Packing)
Carnival Festive Indian Raisin 200gm,D: Pack-only,1,Indian Green Raisins,rm,,0.2,1,Factory,Final FG (Sorting+Packing)
Carnival Festive Indian Raisin 200gm,D: Pack-only,2,Indian Green Raisins,rm,,0.2,1,Factory,Final FG (Sorting+Packing)
Carnival Festive Indian Raisin 200gm,D: Pack-only,3,PM24-Pet Jar 250 gm,pm,,1,1,PM Store,Final FG (packing)
Carnival Festive Indian Raisin 250gm,D: Pack-only,1,Indian Green Raisins,rm,,0.25,1,Factory,Final FG (Sorting+Packing)
Carnival Festive Indian Raisin 250gm,D: Pack-only,2,PM24-Pet Jar 250 gm,pm,,1,1,PM Store,Final FG (packing)
Carnival Festive Nuts & Seeds Mix 120g,B: Transform->Pack (in-line),1,American Almonds Running 25-27 count,rm,,0.0182,1,Factory,Create WIP
Carnival Festive Nuts & Seeds Mix 120g,B: Transform->Pack (in-line),2,Pista Kernel,rm,,0.0062,1,Factory,Create WIP
Carnival Festive Nuts & Seeds Mix 120g,B: Transform->Pack (in-line),3,Sunflower Seeds Roasted,fg,,0.03,1,Factory,Create WIP
Carnival Festive Nuts & Seeds Mix 120g,B: Transform->Pack (in-line),4,Pumpkin Seeds Roasted,fg,,0.03,1,Factory,Create WIP
Carnival Festive Nuts & Seeds Mix 120g,B: Transform->Pack (in-line),5,Dried Cranberry Sliced,rm,,0.0152,1,Factory,Create WIP
Carnival Festive Nuts & Seeds Mix 120g,B: Transform->Pack (in-line),6,Dried Blueberry,rm,,0.003,1,Factory,Create WIP
Carnival Festive Nuts & Seeds Mix 120g,B: Transform->Pack (in-line),7,Afghan Black Raisins Seedless 1*2,rm,,0.018,1,Factory,Create WIP
Carnival Festive Nuts & Seeds Mix 120g,B: Transform->Pack (in-line),8,PM24-Carnival Silver Classic Pouch  100 gm,pm,,1,1,PM Store,Final FG (packing)
Carnival Festive Paan Cranberry 125gm,B: Transform->Pack (in-line),1,Cranberry Slice,rm,,0.125,1,Factory,Create WIP
Carnival Festive Paan Cranberry 125gm,B: Transform->Pack (in-line),2,Paan Seasoning AB319,rm,,0.004,1,Factory,Create WIP
Carnival Festive Paan Cranberry 125gm,B: Transform->Pack (in-line),3,PM24-Pet 100 gm,pm,,1,1,PM Store,Final FG (packing)
Carnival Festive Paan Raisin 125gm,B: Transform->Pack (in-line),1,Indian Green Raisins,rm,,0.13,1,Factory,Create WIP
Carnival Festive Paan Raisin 125gm,B: Transform->Pack (in-line),2,Paan Seasoning AB319,rm,,0.009,1,Factory,Create WIP
Carnival Festive Paan Raisin 125gm,B: Transform->Pack (in-line),3,PM24-Pet 100 gm,pm,,1,1,PM Store,Final FG (packing)
Carnival Festive Salted Almonds (27-28 count) 100gm,B: Transform->Pack (in-line),1,American Almonds Running 25-27 count,rm,,0.1,1,Factory,Create WIP
Carnival Festive Salted Almonds (27-28 count) 100gm,B: Transform->Pack (in-line),2,PM24-Carnival Silver Classic Pouch  100 gm,pm,,1,1,Factory,Final FG (packing)
Carnival Festive Salted Almonds (27-28 count) 100gm,B: Transform->Pack (in-line),3,American Almonds Running 25-27 count,rm,,0.1,1,Factory,Create WIP
Carnival Festive Salted Almonds (27-28 count) 100gm,B: Transform->Pack (in-line),4,Salt,rm,,0.002,1,Factory,Create WIP
Carnival Festive Salted Almonds (27-28 count) 100gm,B: Transform->Pack (in-line),5,PM24-Pet 100 gm,pm,,1,1,Factory,Final FG (packing)
Carnival Festive Salted Almonds (27-28 count) 150gm,B: Transform->Pack (in-line),1,American Almonds Running 25-27 count,rm,,0.15,1,Factory,Create WIP
Carnival Festive Salted Almonds (27-28 count) 150gm,B: Transform->Pack (in-line),2,Refined Fine Powder Iodized Salt Prime,rm,,0.005,1,Factory,Create WIP
Carnival Festive Salted Almonds (27-28 count) 150gm,B: Transform->Pack (in-line),3,PM24-Carnival Orange Pouch Standee Zipper Pouch-135 x 185 mm 150 gm,pm,,1,1,PM Store,Final FG (packing)
Carnival Festive Salted Almonds (27-28 Count) 230gm,B: Transform->Pack (in-line),1,American Almonds Running 25-27 count,rm,,0.23,1,Factory,Create WIP
Carnival Festive Salted Almonds (27-28 Count) 230gm,B: Transform->Pack (in-line),2,Refined Fine Powder Iodized Salt Prime,rm,,0.015,1,Factory,Create WIP
Carnival Festive Salted Almonds (27-28 Count) 230gm,B: Transform->Pack (in-line),3,PM24-Pet Jar 250 gm,pm,,1,1,PM Store,Final FG (packing)
Carnival Festive Salted Almonds (27-28 count) 80gm,D: Pack-only,1,American Almonds Running 25-27 count,rm,,0.08,1,Factory,Final FG (Sorting+Packing)
Carnival Festive Salted Almonds (27-28 count) 80gm,D: Pack-only,2,PM24-Carnival Silver Classic Pouch  100 gm,pm,,1,1,PM Store,Final FG (packing)
Carnival Festive Salted Cashew (320) 150gm,D: Pack-only,1,Cashew 320,rm,,0.15,1,Factory,Final FG (Sorting+Packing)
Carnival Festive Salted Cashew (320) 150gm,D: Pack-only,2,Cashew 320,rm,,0.15,1,Factory,Final FG (Sorting+Packing)
Carnival Festive Salted Cashew (320) 230gm,B: Transform->Pack (in-line),1,Cashew 320,rm,,0.23,1,Factory,Create WIP
Carnival Festive Salted Cashew (320) 230gm,B: Transform->Pack (in-line),2,Refined Fine Powder Iodized Salt Prime,rm,,0.015,1,Factory,Create WIP
Carnival Festive Salted Cashew (320) 230gm,B: Transform->Pack (in-line),3,PM24-Pet Jar 250 gm,pm,,1,1,PM Store,Final FG (packing)
Carnival Festive Seedless Black Raisin 200gm,B: Transform->Pack (in-line),1,Afghan Black Raisins Seeded 1*2,rm,,0.2,1,Factory,Create WIP
Carnival FestiveSalted Cashew (320) 100gm,B: Transform->Pack (in-line),1,Cashew 320,rm,,0.1,1,Factory,Create WIP
Carnival FestiveSalted Cashew (320) 100gm,B: Transform->Pack (in-line),2,PM24-Carnival Silver Classic Pouch  100 gm,pm,,1,1,Factory,Final FG (packing)
Carnival FestiveSalted Cashew (320) 100gm,B: Transform->Pack (in-line),3,Cashew 320,rm,,0.1,1,Factory,Create WIP
Carnival FestiveSalted Cashew (320) 100gm,B: Transform->Pack (in-line),4,Salt,rm,,0.002,1,Factory,Create WIP
Carnival FestiveSalted Cashew (320) 100gm,B: Transform->Pack (in-line),5,PM24-Pet 100 gm,pm,,1,1,Factory,Final FG (packing)
Carnival Flax Seeds 100G,B: Transform->Pack (in-line),1,Flax Seeds (Alsi),rm,,0.1,1,Factory,Create WIP
Carnival Flax Seeds 100G,B: Transform->Pack (in-line),2,PM24-Carnival Flax Seeds Roasted 100 Gm 100 gm,pm,,1,1,Factory,Final FG (packing)
Carnival Flax Seeds 100G,B: Transform->Pack (in-line),3,PM24-3 Ply Carton CF24 10 Kg (390x290x220mm) 10000 gm -Unprinted,pm,,0.01,1,Factory,Final FG (packing)
Carnival Ganpati Date Mewa Box 242g,B: Transform->Pack (in-line),1,Date Bites Semi Finished,fg,,0.242,1,Factory,Create WIP
Carnival Ganpati Date Mewa Box 242g,B: Transform->Pack (in-line),2,PM24-Hamper Modak Printed Box,pm,,1,1,PM Store,Final FG (packing)
Carnival Ganpati Date Mewa Box 242g,B: Transform->Pack (in-line),3,PM24-Modak Blister,pm,,1,1,PM Store,Final FG (packing)
Carnival Green Chilli Cashew 100g,D: Pack-only,1,Cashew 320,rm,,0.1,1,Factory,Final FG (Sorting+Packing)
Carnival Green Chilli Cashew 230g,C: Pack of existing SFG,1,Green Chilli Cashew Bulk,sfg,SFG0169,0.23,1,Factory,Final FG (opening RM)
Carnival Green Chilli Cashew 230g,C: Pack of existing SFG,2,PM24-Carnival Green Chilli Cashew Pouch 30 gm Digital,pm,,1,1,PM Store,Final FG (packing)
Carnival Himalayan Salt & Pepper Pistachios 200gm,,1,California Pista Inshell,rm,,0.185,1,Factory,Final FG (Sorting+Packing)
Carnival Himalayan Salt & Pepper Pistachios 200gm,,2,Black Pepper Seasoning,rm,,0.02,1,Factory,Final FG (Sorting+Packing)
Carnival Himalayan Salt & Pepper Pistachios 200gm,,3,Pink Salt.,rm,,0.005,1,Factory,Final FG (Sorting+Packing)
Carnival Himalayan Salt & Pepper Pistachios 200gm,,4,PM24-Carnival Himalayan Salt & Pepper Pistachios Standy Zipper Pouch,pm,,1,1,PM Store,Final FG (packing)
Carnival Himalayan Salt & Pepper Pistachios 25g,B: Transform->Pack (in-line),1,California Pista Inshell,rm,,0.0232,1,Factory,Create WIP
Carnival Himalayan Salt & Pepper Pistachios 25g,B: Transform->Pack (in-line),2,Black Pepper Seasoning,rm,,0.0012,1,Factory,Create WIP
Carnival Himalayan Salt & Pepper Pistachios 25g,B: Transform->Pack (in-line),3,Refined Fine Powder Iodized Salt Prime,rm,,0.0005,1,Factory,Create WIP
Carnival Himalayan Salt & Pepper Pistachios 25g,B: Transform->Pack (in-line),4,PM24-Carnival Himalayan Salt & Pepper Pistachios Pouch Roll,pm,,0.003,1,PM Store,Final FG (packing)
Carnival Honey Roasted Almonds 100G,B: Transform->Pack (in-line),1,Honey Roast Almonds,rm,,0.1,1,Factory,Create WIP
Carnival Indian Green Raisins 200g,D: Pack-only,1,Indian Green Raisins,rm,,0.2,1,Factory,Final FG (Sorting+Packing)
Carnival Indian Green Raisins 200g,D: Pack-only,2,PM24-Carnival Green Raisin 250 Gm-Pouch 250 gm,pm,,1,1,Factory,Final FG (packing)
Carnival Indian Green Raisins 200g,D: Pack-only,3,PM24-3 Ply Carton CF24 10 Kg (390x290x220mm) 10000 gm -Unprinted,pm,,0.02,1,Factory,Final FG (packing)
Carnival Indian Kishmish 100g,D: Pack-only,1,Indian Green Raisins,rm,,0.1,1,Factory,Final FG (Sorting+Packing)
Carnival Indian Kishmish 100g,D: Pack-only,2,PM24-Pet 100 gm,pm,,1,1,PM Store,Final FG (packing)
Carnival Indian Kishmish 100g,D: Pack-only,3,PM24-3 Ply Carton CF24 10 Kg (390x290x220mm) 10000 gm -Unprinted,pm,,0.016,1,PM Store,Final FG (packing)
Carnival Iranian Pistachio 250 Gm,D: Pack-only,1,Pista Irani 999 Inshell,rm,,0.25,1,Factory,Final FG (Sorting+Packing)
Carnival Iranian Pistachio 250 Gm,D: Pack-only,2,PM24-Pet Jar 250 gm,pm,,1,1,PM Store,Final FG (packing)
Carnival Iranian Pistachio 250 Gm,D: Pack-only,3,Pista Irani 999 Inshell,rm,,0.25,1,Factory,Final FG (Sorting+Packing)
Carnival Jumbo Salted Cashew with Skin 200g,D: Pack-only,1,Cashew Jumbo with Skin Roasted and Salted,fg,,0.2,1,Factory,Final FG (Sorting+Packing)
Carnival Jumbo Salted Cashew with Skin 200g,D: Pack-only,2,PM24-Carnival Cashew (W320) (Cred) Monocarton 200 gm,pm,,1,1,PM Store,Final FG (packing)
Carnival Macadamia 200gm,D: Pack-only,1,Macadamia Commercial Grade Style 1,rm,,0.12,1,Factory,Final FG (Sorting+Packing)
Carnival Macadamia 200gm,D: Pack-only,2,Macadamia Roasted - Size 4,rm,,0.08,1,Factory,Final FG (Sorting+Packing)
Carnival Macadamia 200gm,D: Pack-only,3,PM24-Carnival Roasted Salted Macadamia Monocarton 250 gm,pm,,1,1,Factory,Final FG (packing)
Carnival Macadamia 200gm,D: Pack-only,4,PM24-3 Ply Carton CF24 10 Kg (390x290x220mm) 10000 gm -Unprinted,pm,,0.02,1,Factory,Final FG (packing)
Carnival Madhur Mahotsav DF Box 4P 400g,D: Pack-only,1,Carnival Festive Cashew (320) 100gm,fg,,1,1,Factory,Final FG (Sorting+Packing)
Carnival Madhur Mahotsav DF Box 4P 400g,D: Pack-only,2,Carnival Festive Indian Raisin 100gm,fg,,1,1,Factory,Final FG (Sorting+Packing)
Carnival Madhur Mahotsav DF Box 4P 400g,D: Pack-only,3,Carnival Festive Almonds (27-28 count) 100gm,fg,,1,1,Factory,Final FG (Sorting+Packing)
Carnival Madhur Mahotsav DF Box 4P 400g,D: Pack-only,4,Carnival Festive California Pista (21-26) 100gm,fg,,1,1,Factory,Final FG (Sorting+Packing)
Carnival Madhur Mahotsav DF Box 4P 400g,D: Pack-only,5,PM24-HOH Diwali Gift Box Madhur Mahotsav 400gm(4P)Sleeve,pm,,1,1,PM Store,Final FG (packing)
Carnival Madhur Mahotsav DF Box 4P 400g,D: Pack-only,6,PM24-HOH Diwali Gift Box Madhur Mahotsav 400gm(4P) Tray,pm,,1,1,PM Store,Final FG (packing)
Carnival Madhur Mahotsav DF Box 4P 400g,D: Pack-only,7,PM24-HOH Diwali Gift Box Monocarton Madhur Mahotsav 400gm(4P),pm,,4,1,PM Store,Final FG (packing)
Carnival Madhur Mahotsav DF Box 4P 400g,D: Pack-only,8,PM24-5 Ply Carton-All Purpose,pm,,0.0833,1,PM Store,Final FG (packing)
Carnival Magic Moments 4P 600gm,D: Pack-only,1,Roasted & Salted Cashew Bulk,sfg,SFG0262,0.15,1,Factory,Final FG (opening RM)
Carnival Magic Moments 4P 600gm,D: Pack-only,2,Indian Long Green Raisins,rm,,0.175,1,Factory,Final FG (Sorting+Packing)
Carnival Magic Moments 4P 600gm,D: Pack-only,3,Roasted & Salted Almonds Bulk,sfg,SFG0261,0.15,1,Factory,Final FG (opening RM)
Carnival Magic Moments 4P 600gm,D: Pack-only,4,California Pista Inshell,rm,,0.125,1,Factory,Final FG (Sorting+Packing)
Carnival Magic Moments 4P 600gm,D: Pack-only,5,PM24-5Ply Diwali Magic Movement HOH (4P),pm,,1,1,PM Store,Final FG (packing)
Carnival Mangalmay Utsav DF Box 6P 600g,D: Pack-only,1,Carnival Festive Cashew (320) 100gm,fg,,1,1,Factory,Final FG (Sorting+Packing)
Carnival Mangalmay Utsav DF Box 6P 600g,D: Pack-only,2,Carnival Festive Indian Raisin 100gm,fg,,1,1,Factory,Final FG (Sorting+Packing)
Carnival Mangalmay Utsav DF Box 6P 600g,D: Pack-only,3,Carnival Festive Almonds (27-28 count) 100gm,fg,,1,1,Factory,Final FG (Sorting+Packing)
Carnival Mangalmay Utsav DF Box 6P 600g,D: Pack-only,4,Carnival Festive California Pista (21-26) 100gm,fg,,1,1,Factory,Final FG (Sorting+Packing)
Carnival Mangalmay Utsav DF Box 6P 600g,D: Pack-only,5,Carnival Festive Chatpata Cranberry 100gm,fg,,1,1,Factory,Final FG (Sorting+Packing)
Carnival Mangalmay Utsav DF Box 6P 600g,D: Pack-only,6,Premia Nuts & Seeds Mix 100g (100005422),fg,,1,1,Factory,Final FG (Sorting+Packing)
CARNIVAL Mayur Ratna Big 520g,D: Pack-only,1,Carnival Festive Cashew (320) 80gm,fg,,1,1,Factory,Final FG (Sorting+Packing)
CARNIVAL Mayur Ratna Big 520g,D: Pack-only,2,Carnival Festive Indian Raisin 100gm,fg,,1,1,Factory,Final FG (Sorting+Packing)
CARNIVAL Mayur Ratna Big 520g,D: Pack-only,3,Carnival Festive Almonds (27-28 count) 100gm,fg,,1,1,Factory,Final FG (Sorting+Packing)
CARNIVAL Mayur Ratna Big 520g,D: Pack-only,4,Carnival Festive California Pista (21-26) 80gm,fg,,1,1,Factory,Final FG (Sorting+Packing)
CARNIVAL Mayur Ratna Big 520g,D: Pack-only,5,Carnival Festive Chatpata Cranberry 80gm,fg,,1,1,Factory,Final FG (Sorting+Packing)
CARNIVAL Mayur Ratna Big 520g,D: Pack-only,6,Carnival Festive Salted Almonds (27-28 count) 80gm,fg,,1,1,Factory,Final FG (Sorting+Packing)
CARNIVAL Mayur Ratna Big 520g,D: Pack-only,7,PM24-Hamper Gift Box Mayur Ratna Big 520g,pm,,1,1,PM Store,Final FG (packing)
CARNIVAL Mayur Ratna Big 520g,D: Pack-only,8,PM24-3 Ply Carton CF21 Walnut Carton (445X310X305MM)-Unprinted,pm,,0.125,1,PM Store,Final FG (packing)
CARNIVAL Mayur Ratna Big 520gm,D: Pack-only,1,Carnival Festive Cashew (320) 80gm,fg,,1,1,Factory,Final FG (Sorting+Packing)
CARNIVAL Mayur Ratna Big 520gm,D: Pack-only,2,Carnival Festive Indian Raisin 100gm,fg,,1,1,Factory,Final FG (Sorting+Packing)
CARNIVAL Mayur Ratna Big 520gm,D: Pack-only,3,Carnival Festive Almonds (27-28 count) 100gm,fg,,1,1,Factory,Final FG (Sorting+Packing)
CARNIVAL Mayur Ratna Big 520gm,D: Pack-only,4,Carnival Festive California Pista (21-26) 80gm,fg,,1,1,Factory,Final FG (Sorting+Packing)
CARNIVAL Mayur Ratna Big 520gm,D: Pack-only,5,Carnival Festive Chatpata Cranberry 80gm,fg,,1,1,Factory,Final FG (Sorting+Packing)
CARNIVAL Mayur Ratna Big 520gm,D: Pack-only,6,Carnival Festive Salted Almonds (27-28 count) 80gm,fg,,1,1,Factory,Final FG (Sorting+Packing)
CARNIVAL Mayur Ratna Big 520gm,D: Pack-only,7,PM24-Hamper Gift Box Mayur Ratna Big 520g,pm,,1,1,PM Store,Final FG (packing)
CARNIVAL Mayur Ratna Big 520gm,D: Pack-only,8,PM24-3 Ply Carton CF21 Walnut Carton (445X310X305MM)-Unprinted,pm,,0.125,1,PM Store,Final FG (packing)
CARNIVAL Mayur Ratna Small 360g,D: Pack-only,1,Carnival Festive Cashew (320) 80gm,fg,,1,1,Factory,Final FG (Sorting+Packing)
CARNIVAL Mayur Ratna Small 360g,D: Pack-only,2,Carnival Festive Indian Raisin 100gm,fg,,1,1,Factory,Final FG (Sorting+Packing)
CARNIVAL Mayur Ratna Small 360g,D: Pack-only,3,Carnival Festive Almonds (27-28 count) 100gm,fg,,1,1,Factory,Final FG (Sorting+Packing)
CARNIVAL Mayur Ratna Small 360g,D: Pack-only,4,Carnival Festive California Pista (21-26) 80gm,fg,,1,1,Factory,Final FG (Sorting+Packing)
CARNIVAL Mayur Ratna Small 360g,D: Pack-only,5,PM24-Hamper Gift Box Mayur Ratna Small 360g,pm,,1,1,PM Store,Final FG (packing)
CARNIVAL Mayur Ratna Small 360g,D: Pack-only,6,PM24-3 Ply Carton CF21 Walnut Carton (445X310X305MM)-Unprinted,pm,,0.083,1,PM Store,Final FG (packing)
CARNIVAL Mayur Ratna Small 360gm,D: Pack-only,1,Carnival Festive Cashew (320) 80gm,fg,,1,1,Factory,Final FG (Sorting+Packing)
CARNIVAL Mayur Ratna Small 360gm,D: Pack-only,2,Carnival Festive Indian Raisin 100gm,fg,,1,1,Factory,Final FG (Sorting+Packing)
CARNIVAL Mayur Ratna Small 360gm,D: Pack-only,3,Carnival Festive Almonds (27-28 count) 100gm,fg,,1,1,Factory,Final FG (Sorting+Packing)
CARNIVAL Mayur Ratna Small 360gm,D: Pack-only,4,Carnival Festive California Pista (21-26) 80gm,fg,,1,1,Factory,Final FG (Sorting+Packing)
CARNIVAL Mayur Ratna Small 360gm,D: Pack-only,5,PM24-Hamper Gift Box Mayur Ratna Small 360g,pm,,1,1,PM Store,Final FG (packing)
CARNIVAL Mayur Ratna Small 360gm,D: Pack-only,6,PM24-3 Ply Carton CF21 Walnut Carton (445X310X305MM)-Unprinted,pm,,0.083,1,PM Store,Final FG (packing)
Carnival Mocha Mojo Trail Mix 100g,B: Transform->Pack (in-line),1,Orange Peel,rm,,0.01,1,Factory,Create WIP
Carnival Mocha Mojo Trail Mix 100g,B: Transform->Pack (in-line),2,Dried Cranberry Sliced,rm,,0.02,1,Factory,Create WIP
Carnival Mocha Mojo Trail Mix 100g,B: Transform->Pack (in-line),3,Dark Compound Chips,rm,,0.02,1,Factory,Create WIP
Carnival Mocha Mojo Trail Mix 100g,B: Transform->Pack (in-line),4,Diced Almond,rm,,0.025,1,Factory,Create WIP
Carnival Mocha Mojo Trail Mix 100g,B: Transform->Pack (in-line),5,Pecan Nuts Kernel Split,rm,,0.015,1,Factory,Create WIP
Carnival Mocha Mojo Trail Mix 100g,B: Transform->Pack (in-line),6,Hazelnut Kernal,rm,,0.01,1,Factory,Create WIP
Carnival Mocha Mojo Trail Mix 200g,B: Transform->Pack (in-line),1,Orange Peel,rm,,0.02,1,Factory,Create WIP
Carnival Mocha Mojo Trail Mix 200g,B: Transform->Pack (in-line),2,Dried Cranberry Sliced,rm,,0.04,1,Factory,Create WIP
Carnival Mocha Mojo Trail Mix 200g,B: Transform->Pack (in-line),3,Dark Compound Chips,rm,,0.04,1,Factory,Create WIP
Carnival Mocha Mojo Trail Mix 200g,B: Transform->Pack (in-line),4,Diced Almond,rm,,0.05,1,Factory,Create WIP
Carnival Mocha Mojo Trail Mix 200g,B: Transform->Pack (in-line),5,Pecan Nuts Kernel Split,rm,,0.03,1,Factory,Create WIP
Carnival Mocha Mojo Trail Mix 200g,B: Transform->Pack (in-line),6,Hazelnut Kernal,rm,,0.02,1,Factory,Create WIP
Carnival Mocha Mojo Trail Mix 250g,B: Transform->Pack (in-line),1,Orange Slice / Pieces,rm,,0.025,1,Factory,Create WIP
Carnival Mocha Mojo Trail Mix 250g,B: Transform->Pack (in-line),2,Dried Cranberry Sliced,rm,,0.05,1,Factory,Create WIP
Carnival Mocha Mojo Trail Mix 250g,B: Transform->Pack (in-line),3,Dark Compound Chips,rm,,0.05,1,Factory,Create WIP
Carnival Mocha Mojo Trail Mix 250g,B: Transform->Pack (in-line),4,Diced Almond,rm,,0.0625,1,Factory,Create WIP
Carnival Mocha Mojo Trail Mix 250g,B: Transform->Pack (in-line),5,Pecan Nuts,rm,,0.0375,1,Factory,Create WIP
Carnival Mocha Mojo Trail Mix 250g,B: Transform->Pack (in-line),6,Hazelnut Kernal,rm,,0.025,1,Factory,Create WIP
Carnival Mocha Mojo Trail Mix 250g,B: Transform->Pack (in-line),7,PM24-Carnival Mocha Mojo Trail Mix Pre Printed Pouch 200G ( 150mm x 225mm ) 200 gm,pm,,1,1,Factory,Final FG (packing)
Carnival Mocha Mojo Trail Mix 250g,B: Transform->Pack (in-line),8,PM24-3 Ply Carton CF24 10 Kg (390x290x220mm) 10000 gm -Unprinted,pm,,0.025,1,Factory,Final FG (packing)
Carnival Nuts & Seed Mix 100gm,B: Transform->Pack (in-line),1,American Almonds Running 25-27 count,rm,,0.0152,1,Factory,Create WIP
Carnival Nuts & Seed Mix 100gm,B: Transform->Pack (in-line),2,Pista Kernel,rm,,0.0052,1,Factory,Create WIP
Carnival Nuts & Seed Mix 100gm,B: Transform->Pack (in-line),3,Sunflower Seeds Roasted,fg,,0.025,1,Factory,Create WIP
Carnival Nuts & Seed Mix 100gm,B: Transform->Pack (in-line),4,Pumpkin Seeds Roasted,fg,,0.025,1,Factory,Create WIP
Carnival Nuts & Seed Mix 100gm,B: Transform->Pack (in-line),5,Dried Cranberry Sliced,rm,,0.0127,1,Factory,Create WIP
Carnival Nuts & Seed Mix 100gm,B: Transform->Pack (in-line),6,Dried Blueberry,rm,,0.0025,1,Factory,Create WIP
Carnival Nuts & Seed Mix 100gm,B: Transform->Pack (in-line),7,Afghan Black Raisins Seedless 1*2,rm,,0.015,1,Factory,Create WIP
Carnival Nuts & Seed Mix 100gm,B: Transform->Pack (in-line),8,PM24-Pet 100 gm,pm,,1,1,PM Store,Final FG (packing)
Carnival Oman Dates 250g,D: Pack-only,1,Khaneizi Dates,rm,,0.25,1,Factory,Final FG (Sorting+Packing)
Carnival Oman Dates 250g,D: Pack-only,2,PM24-Carnival Omani Dates (Cred) 200 gm Monocarton,pm,,1,1,PM Store,Final FG (packing)
Carnival Pan Raisin 125g,B: Transform->Pack (in-line),1,Indian Green Raisins,rm,,0.13,1,Factory,Create WIP
Carnival Pan Raisin 125g,B: Transform->Pack (in-line),2,Paan Seasoning AB319,rm,,0.015,1,Factory,Create WIP
Carnival Pepper Cashew 100G,B: Transform->Pack (in-line),1,Cashew 320,rm,,0.0958,1,Factory,Create WIP
Carnival Pepper Cashew 100G,B: Transform->Pack (in-line),2,Salt & Pepper Seasoning,rm,,0.0067,1,Factory,Create WIP
Carnival Pepper Cashew 100G,B: Transform->Pack (in-line),3,PM24-Carnival Pepper Cashew Pouch 250 gm Digital,pm,,1,1,Factory,Final FG (packing)
Carnival Pepper Cashew 100G,B: Transform->Pack (in-line),4,PM24-3 Ply Carton CF24 10 Kg (390x290x220mm) 10000 gm -Unprinted,pm,,0.1,1,Factory,Final FG (packing)
Carnival Pepper Cashew 125gm,B: Transform->Pack (in-line),1,Cashew 320,rm,,0.125,1,Factory,Create WIP
Carnival Pepper Cashew 125gm,B: Transform->Pack (in-line),2,Black Pepper Seasoning,rm,,0.002,1,Factory,Create WIP
Carnival Pepper Cashew 125gm,B: Transform->Pack (in-line),3,PM24-Carnival Orange Pouch Standee Zipper Pouch-135 x 185 mm 150 gm,pm,,1,1,Factory,Final FG (packing)
Carnival Pepper Cashew 200G,B: Transform->Pack (in-line),1,Cashew 320,rm,,0.2,1,Factory,Create WIP
Carnival Pepper Cashew 200G,B: Transform->Pack (in-line),2,Black Pepper Seasoning,rm,,0.004,1,Factory,Create WIP
Carnival Pepper Pistachios 200G,B: Transform->Pack (in-line),1,Pista Irani Inshell,rm,,0.19,1,Factory,Create WIP
Carnival Pepper Pistachios 200G,B: Transform->Pack (in-line),2,Black Pepper Seasoning,rm,,0.02,1,Factory,Create WIP
Carnival Peri Peri Cashew 100 Gms,D: Pack-only,1,Cashew 320,rm,,0.1,1,Factory,Final FG (Sorting+Packing)
Carnival Peri Peri Cashew 150gm,C: Pack of existing SFG,1,Peri Peri Cashew Bulk,sfg,SFG0235,0.15,1,Factory,Final FG (opening RM)
Carnival Peri Peri Cashew 150gm,C: Pack of existing SFG,2,PM24-(21O Pet) Top With Black Cap 150 gm,pm,,1,1,PM Store,Final FG (packing)
Carnival Peri Peri Cashew 150gm,C: Pack of existing SFG,3,PM24-3 Ply Carton CF24 10 Kg (390x290x220mm) 10000 gm -Unprinted,pm,,0.015,1,PM Store,Final FG (packing)
Carnival Peri Peri Cashew 200gm,C: Pack of existing SFG,1,Peri Peri Cashew Bulk,sfg,SFG0235,0.2,1,Factory,Final FG (opening RM)
Carnival Peri Peri Cashew 200gm,C: Pack of existing SFG,2,PM24-Carnival Peri Peri Cashew Pouch 250 gm Digital,pm,,1,1,Factory,Final FG (packing)
Carnival Peri Peri Cashew 200gm,C: Pack of existing SFG,3,PM24-3 Ply Carton CF24 10 Kg (390x290x220mm) 10000 gm -Unprinted,pm,,0.025,1,PM Store,Final FG (packing)
Carnival Peri Peri Makhana 125g,B: Transform->Pack (in-line),1,Makhana,rm,,0.12,1,Factory,Create WIP
Carnival Peri Peri Makhana 125g,B: Transform->Pack (in-line),2,Peri Peri Marination Seasoning,rm,,0.01,1,Factory,Create WIP
Carnival Peri Peri Makhana 125g,B: Transform->Pack (in-line),3,"PM24-Labels,Stickers, Cards",pm,,1,1,Factory,Final FG (packing)
Carnival Peri Peri Makhana 125g,B: Transform->Pack (in-line),4,PM24 - Makhana Pet with Handle 125 gm,pm,,1,1,Factory,Final FG (packing)
Carnival Peri Peri Makhana 125g,B: Transform->Pack (in-line),5,PM24-3 Ply Carton CF24 10 Kg (390x290x220mm) 10000 gm-Printed,pm,,0.04,1,Factory,Final FG (packing)
Carnival Peri Peri Makhana 55g,B: Transform->Pack (in-line),1,Makhana,rm,,0.06,1,Factory,Create WIP
Carnival Peri Peri Makhana 55g,B: Transform->Pack (in-line),2,"PM24-Labels,Stickers, Cards",pm,,1,1,Factory,Final FG (packing)
Carnival Peri Peri Makhana 55g,B: Transform->Pack (in-line),3,PM24 - Makhana Pet 55 gm,pm,,1,1,Factory,Final FG (packing)
Carnival Peri Peri Makhana 55g,B: Transform->Pack (in-line),4,PM24-3 Ply Carton CF24 10 Kg (390x290x220mm) 10000 gm-Printed,pm,,0.04,1,Factory,Final FG (packing)
Carnival Peri Peri Walnut 150g,B: Transform->Pack (in-line),1,California Walnut Kernels 2pc,rm,,0.1376,1,Factory,Create WIP
Carnival Peri Peri Walnut 150g,B: Transform->Pack (in-line),2,Peri Peri Masala,rm,,0.011,1,Factory,Create WIP
Carnival Peri Peri Walnut 150g,B: Transform->Pack (in-line),3,URBAN PLATTER ARABIC GUM POWDER,rm,,0.0014,1,Factory,Create WIP
Carnival Peri Peri Walnut 150g,B: Transform->Pack (in-line),4,PM24-Pet Jar 250 gm,pm,,1,1,Factory,Final FG (packing)
Carnival Pine Nut 100 Gms,D: Pack-only,1,Pine Nut Kernel,rm,,0.1,1,Factory,Final FG (Sorting+Packing)
Carnival Pine Nut 100 Gms,D: Pack-only,2,PM24-Pet 100 gm,pm,,1,1,Factory,Final FG (packing)
Carnival Pine Nut 100 Gms,D: Pack-only,3,PM24-3 Ply Carton CF24 10 Kg (390x290x220mm) 10000 gm -Unprinted,pm,,0.01,1,APMC,Final FG (packing)
Carnival Pitted Prunes 250g,D: Pack-only,1,Dried Prunes (Pitted),rm,,0.25,1,Factory,Final FG (Sorting+Packing)
Carnival Pitted Prunes 250g,D: Pack-only,2,PM24-Carnival California Pitted Prunes 250 gm,pm,,1,1,Factory,Final FG (packing)
Carnival Pitted Prunes 250g,D: Pack-only,3,PM24-3 Ply Carton CF24 10 Kg (390x290x220mm) 10000 gm -Unprinted,pm,,0.025,1,Factory,Final FG (packing)
Carnival Popcorn Makhana 125g,B: Transform->Pack (in-line),1,Makhana,rm,,0.12,1,Factory,Create WIP
Carnival Popcorn Makhana 55gm,B: Transform->Pack (in-line),1,Makhana,rm,,0.06,1,Factory,Create WIP
Carnival Popcorn Makhana 55gm,B: Transform->Pack (in-line),2,"PM24-Labels,Stickers, Cards",pm,,1,1,Factory,Final FG (packing)
Carnival Popcorn Makhana 55gm,B: Transform->Pack (in-line),3,PM24 - Makhana Pet 55 gm,pm,,1,1,Factory,Final FG (packing)
Carnival Popcorn Makhana 55gm,B: Transform->Pack (in-line),4,PM24-3 Ply Carton CF24 10 Kg (390x290x220mm) 10000 gm-Printed,pm,,0.04,1,Factory,Final FG (packing)
Carnival Powder 250g- V2,,1,AL BARAKAH DEHYDRATED DATE POWDER - BULK PACK 10KG,rm,,0.25,1,Factory,Final FG (Sorting+Packing)
Carnival Powder 250g- V2,,2,PM24-Carnival Pet Label (230x60mm) 230/250 gm,pm,,1,1,PM Store,Final FG (packing)
Carnival Powder 250g- V2,,3,PM24-Pet Jar 250 gm,pm,,1,1,PM Store,Final FG (packing)
Carnival Powder 250g- V2 (Not Use),,1,AL BARAKAH DEHYDRATED DATE POWDER - BULK PACK 10KG,rm,,0.25,1,Factory,Final FG (Sorting+Packing)
Carnival Powder 250g- V2 (Not Use),,2,PM24-Carnival Pet Label (230x60mm) 230/250 gm,pm,,1,1,PM Store,Final FG (packing)
Carnival Powder 250g- V2 (Not Use),,3,PM24-Pet Jar 250 gm,pm,,1,1,PM Store,Final FG (packing)
"Carnival Premium Brazil Nuts, 250 Gms",D: Pack-only,1,Brazil Nuts,rm,,0.26,1,Factory,Final FG (Sorting+Packing)
"Carnival Premium Brazil Nuts, 250 Gms",D: Pack-only,2,PM24-Carnival Brazil Nuts Monocarton 250 gm,pm,,1,1,Factory,Final FG (packing)
"Carnival Premium Brazil Nuts, 250 Gms",D: Pack-only,3,PM24-3 Ply Carton CF24 10 Kg (390x290x220mm) 10000 gm -Unprinted,pm,,0.025,1,Factory,Final FG (packing)
Carnival Premium Cocktail Mix 100g,B: Transform->Pack (in-line),1,Pista Kernel,rm,,0.01,1,Factory,Create WIP
Carnival Premium Cocktail Mix 100g,B: Transform->Pack (in-line),2,Indian Black Raisins,rm,,0.04,1,Factory,Create WIP
Carnival Premium Cocktail Mix 100g,B: Transform->Pack (in-line),3,American Almonds Running 25-27 count,rm,,0.027,1,Factory,Create WIP
Carnival Premium Cocktail Mix 100g,B: Transform->Pack (in-line),4,Cashew 320,rm,,0.023,1,Factory,Create WIP
Carnival Premium Cocktail Mix 100g,B: Transform->Pack (in-line),5,Salt,rm,,0.01,1,Factory,Create WIP
Carnival Premium Cocktail Mix 250 Gms,B: Transform->Pack (in-line),1,Pista Kernel,rm,,0.025,1,Factory,Create WIP
Carnival Premium Cocktail Mix 250 Gms,B: Transform->Pack (in-line),2,Afghan Black Raisins Seedless 1*2,rm,,0.095,1,Factory,Create WIP
Carnival Premium Cocktail Mix 250 Gms,B: Transform->Pack (in-line),3,American Almonds Running 25-27 count,rm,,0.0675,1,Factory,Create WIP
Carnival Premium Cocktail Mix 250 Gms,B: Transform->Pack (in-line),4,Cashew 320,rm,,0.0575,1,Factory,Create WIP
Carnival Premium Cocktail Mix 250 Gms,B: Transform->Pack (in-line),5,Refined Fine Powder Iodized Salt Prime,rm,,0.005,1,Factory,Create WIP
Carnival Premium Cocktail Mix 250 Gms,B: Transform->Pack (in-line),6,PM24-Carnival Cocktail Mix 250 gm,pm,,1,1,Factory,Final FG (packing)
Carnival Premium Cocktail Mix 250 Gms,B: Transform->Pack (in-line),7,PM24-3 Ply Carton CF24 10 Kg (390x290x220mm) 10000 gm -Unprinted,pm,,0.025,1,Factory,Final FG (packing)
Carnival Premium Kesar 0.5 Gms,D: Pack-only,1,Saffron (Kesar) - Irani,rm,,5,10,Factory,Final FG (Sorting+Packing)
Carnival Premium Macadamia Nut 250 Gms,D: Pack-only,1,Macadamia Kernel ( Kg ),rm,,0.25,1,Factory,Final FG (Sorting+Packing)
Carnival Premium Macadamia Nut 250 Gms,D: Pack-only,2,PM24-Carnival Roasted Salted Macadamia Monocarton 250 gm,pm,,1,1,PM Store,Final FG (packing)
Carnival Premium Macadamia Nut 250 Gms,D: Pack-only,3,PM24-5 Ply Carton CF24 10kg (390X290X220) (D Mart)-Unprinted,pm,,0.025,1,PM Store,Final FG (packing)
Carnival Premium Pecan Nuts 200g Mono Carton,D: Pack-only,1,Pecan Nuts,rm,,0.2,1,Factory,Final FG (Sorting+Packing)
Carnival Premium Pecan Nuts 250 Gms,D: Pack-only,1,Pecan Nuts,rm,,0.26,1,Factory,Final FG (Sorting+Packing)
Carnival Premium Pecan Nuts 250 Gms,D: Pack-only,2,PM24-Carnival Pecanuts Monocarton (Cred) 250 gm,pm,,1,1,Factory,Final FG (packing)
Carnival Premium Pecan Nuts 250 Gms,D: Pack-only,3,PM24-3 Ply Carton CF24 10 Kg (390x290x220mm) 10000 gm -Unprinted,pm,,0.025,1,Factory,Final FG (packing)
Carnival Premium Walnut Kernels 250 Gms,D: Pack-only,1,Chilean Walnut Kernel 2 pcs,rm,,0.26,1,Factory,Final FG (Sorting+Packing)
Carnival Premium Walnut Kernels 250 Gms,D: Pack-only,2,PM24-Carnival Walnuts Preimum Monocarton 250 gm,pm,,1,1,Factory,Final FG (packing)
Carnival Premium Walnut Kernels 250 Gms,D: Pack-only,3,PM24-3 Ply Carton CF21 Walnut Carton (445X310X305MM)-Unprinted,pm,,0.025,1,Factory,Final FG (packing)
Carnival Premium Walnut Kernels 250 Gms,D: Pack-only,4,Chilean Walnut Kernel 2 pcs,rm,,0.25,1,Factory,Final FG (Sorting+Packing)
Carnival Premium Walnut Kernels 250 Gms,D: Pack-only,5,PM24-Pet Jar 250 gm,pm,,1,1,PM Store,Final FG (packing)
Carnival Pudina Almonds 125g,B: Transform->Pack (in-line),1,American Almonds Running 25-27 count,rm,,0.125,1,Factory,Create WIP
Carnival Pudina Almonds 125g,B: Transform->Pack (in-line),2,Pudina seasoning,rm,,0.002,1,Factory,Create WIP
Carnival Pudina Almonds 125g,B: Transform->Pack (in-line),3,PM24-Carnival Orange Pouch Standee Zipper Pouch-135 x 185 mm 150 gm,pm,,1,1,Factory,Final FG (packing)
Carnival Pudina Makhana 125 Gm,B: Transform->Pack (in-line),1,Makhana,rm,,0.12,1,Factory,Create WIP
Carnival Pudina Makhana 125 Gm,B: Transform->Pack (in-line),2,Pudina seasoning,rm,,0.01,1,Factory,Create WIP
Carnival Pudina Makhana 125 Gm,B: Transform->Pack (in-line),3,"PM24-Labels,Stickers, Cards",pm,,1,1,Factory,Final FG (packing)
Carnival Pudina Makhana 125 Gm,B: Transform->Pack (in-line),4,PM24 - Makhana Pet with Handle 125 gm,pm,,1,1,Factory,Final FG (packing)
Carnival Pudina Makhana 125 Gm,B: Transform->Pack (in-line),5,PM24-3 Ply Carton CF24 10 Kg (390x290x220mm) 10000 gm-Printed,pm,,0.04,1,Factory,Final FG (packing)
Carnival Raisin Black Seeded 250gm,D: Pack-only,1,Afghan Black Raisins Seeded 1*2,rm,,0.25,1,Factory,Final FG (Sorting+Packing)
Carnival Raisin Black Seeded 250gm,D: Pack-only,2,PM24-Carnival Black Raisin Seedless Indian Pouch (150mm x 230mm) 200 gm Digital,pm,,1,1,Factory,Final FG (packing)
Carnival Raisin Black Seeded 250gm,D: Pack-only,3,PM24-3 Ply Carton CF24 10 Kg (390x290x220mm) 10000 gm -Unprinted,pm,,0.025,1,Factory,Final FG (packing)
CARNIVAL RAISIN IDNIAN GREEN/GOLDEN ROUND 1KG,D: Pack-only,1,Afghan Raisins 1*2 Green round,rm,,1,1,Factory,Final FG (Sorting+Packing)
CARNIVAL RAISIN IDNIAN GREEN/GOLDEN ROUND 1KG,D: Pack-only,2,PM24-Carnival Green Raisins 1Kg,pm,,1,1,Factory,Final FG (packing)
CARNIVAL RAISIN IDNIAN GREEN/GOLDEN ROUND 1KG,D: Pack-only,3,PM24-3 Ply Carton CF24 10 Kg (390x290x220mm) 10000 gm -Unprinted,pm,,0.1,1,Factory,Final FG (packing)
Carnival Raisins Black Chatpata 200g,D: Pack-only,1,Afghan Black Raisins Seedless 1*1,rm,,0.185,1,Factory,Final FG (Sorting+Packing)
Carnival Raisins Black Chatpata 200g,D: Pack-only,2,Chatpata Seasoning,rm,,0.015,1,Factory,Final FG (Sorting+Packing)
Carnival Raisins Black Chatpata 200g,D: Pack-only,3,PM24-Carnival Black Raisin Seedless Indian Pouch (150mm x 230mm) 200 gm Digital,pm,,1,1,PM Store,Final FG (packing)
Carnival Raisins Black Chatpata 200g,D: Pack-only,4,PM24-3 Ply Carton CF24 10 Kg (390x290x220mm) 10000 gm -Unprinted,pm,,0.03,1,PM Store,Final FG (packing)
Carnival Raisins Black Chatpata 200g,D: Pack-only,5,Afghan Black Raisins Seedless 1*1,rm,,0.185,1,Factory,Final FG (Sorting+Packing)
Carnival Raisins Black Chatpata 200g,D: Pack-only,6,Chatpata Seasoning,rm,,0.025,1,Factory,Final FG (Sorting+Packing)
Carnival Raisins Black Chatpata 200g,D: Pack-only,7,PM24-Pet Jar 250 gm,pm,,1,1,PM Store,Final FG (packing)
Carnival Roasted & Salted Almonds 100g,B: Transform->Pack (in-line),1,American Almonds Running 25-27 count,rm,,0.101,1,Factory,Create WIP
Carnival Roasted & Salted Almonds 100g,B: Transform->Pack (in-line),2,Salt,rm,,0.002,1,Factory,Create WIP
Carnival Roasted & Salted Almonds 100g,B: Transform->Pack (in-line),3,PM24-Carnival Blue Pouch Standee Zipper Pouch-135 x 185 mm 150 gm,pm,,1,1,Factory,Final FG (packing)
Carnival Roasted & Salted Almonds 100g,B: Transform->Pack (in-line),4,American Almonds Running 25-27 count,rm,,0.1,1,Factory,Create WIP
Carnival Roasted & Salted Almonds 100g,B: Transform->Pack (in-line),5,Salt,rm,,0.002,1,Factory,Create WIP
Carnival Roasted & Salted Almonds 100g,B: Transform->Pack (in-line),6,PM24-Pet 100 gm,pm,,1,1,Factory,Final FG (packing)
Carnival Roasted & Salted Almonds 100g,B: Transform->Pack (in-line),7,"PM24-Labels,Stickers, Cards",pm,,1,1,Factory,Final FG (packing)
Carnival Roasted & Salted Almonds 230g,B: Transform->Pack (in-line),1,American Almonds Running 25-27 count,rm,,0.229,1,Factory,Create WIP
Carnival Roasted & Salted Almonds 230g,B: Transform->Pack (in-line),2,Salt,rm,,0.004,1,Factory,Create WIP
Carnival Roasted & Salted Almonds 230g,B: Transform->Pack (in-line),3,PM24-Pet Jar 250 gm,pm,,1,1,Factory,Final FG (packing)
Carnival Roasted & Salted Almonds 230g,B: Transform->Pack (in-line),4,"PM24-Labels,Stickers, Cards",pm,,1,1,Factory,Final FG (packing)
Carnival Roasted & Salted Almonds 230g,B: Transform->Pack (in-line),5,PM24-3 Ply Carton CF24 10 Kg (390x290x220mm) 10000 gm -Unprinted,pm,,0.023,1,Factory,Final FG (packing)
Carnival Roasted & Salted Almonds 250g,B: Transform->Pack (in-line),1,American Almonds Running 25-27 count,rm,,0.249,1,Factory,Create WIP
Carnival Roasted & Salted Almonds 250g,B: Transform->Pack (in-line),2,Salt,rm,,0.004,1,Factory,Create WIP
Carnival Roasted & Salted California Pista 80gm,,1,California Pista Inshell,rm,,0.8,1,Factory,Final FG (Sorting+Packing)
Carnival Roasted & Salted California Pista 80gm,,2,PM24-100gm Pet-53mm neck with Cap & IW,pm,,1,1,PM Store,Final FG (packing)
Carnival Roasted & Salted California Pista 80gm,,3,PM24-3 Ply Carton CF24 10 Kg (390x290x220mm) 10000 gm -Unprinted,pm,,0.013,1,PM Store,Final FG (packing)
Carnival Roasted & Salted Cashew 100g,B: Transform->Pack (in-line),1,Cashew 320,rm,,0.101,1,Factory,Create WIP
Carnival Roasted & Salted Cashew 100g,B: Transform->Pack (in-line),2,Salt,rm,,0.002,1,Factory,Create WIP
Carnival Roasted & Salted Cashew 100g,B: Transform->Pack (in-line),3,PM24-Pet 100 gm,pm,,1,1,Factory,Final FG (packing)
Carnival Roasted & Salted Cashew 100g,B: Transform->Pack (in-line),4,"PM24-Labels,Stickers, Cards",pm,,1,1,Factory,Final FG (packing)
Carnival Roasted & Salted Cashew 230g,B: Transform->Pack (in-line),1,Cashew 320,rm,,0.232,1,Factory,Create WIP
Carnival Roasted & Salted Cashew 230g,B: Transform->Pack (in-line),2,Salt,rm,,0.004,1,Factory,Create WIP
Carnival Roasted & Salted Cashew 230g,B: Transform->Pack (in-line),3,PM24-Carnival Cashew Roasted Salted Pouch 250 gm,pm,,1,1,Factory,Final FG (packing)
Carnival Roasted & Salted Cashew 230g,B: Transform->Pack (in-line),4,PM24-3 Ply Carton CF24 10 Kg (390x290x220mm) 10000 gm -Unprinted,pm,,0.023,1,Factory,Final FG (packing)
Carnival Roasted & Salted Pistachio 100g,D: Pack-only,1,California Pista Inshell Roasted and Salted,fg,,0.1,1,Factory,Final FG (Sorting+Packing)
Carnival Roasted & Salted Pistachio 100g,D: Pack-only,2,PM24-Carnival Roasted Salted Pistachio 100 gm Monocarton,pm,,1,1,PM Store,Final FG (packing)
Carnival Roasted & Salted Pistachio 100g,D: Pack-only,3,PM24-3 Ply Carton CF24 10 Kg (390x290x220mm) 10000 gm -Unprinted,pm,,0.016,1,PM Store,Final FG (packing)
Carnival Roasted & Salted Pistachio 100g,D: Pack-only,4,California Pista Inshell Roasted and Salted,fg,,0.1,1,Factory,Final FG (Sorting+Packing)
Carnival Roasted & Salted Pistachio 100g,D: Pack-only,5,PM24-Pet 100 gm,pm,,1,1,PM Store,Final FG (packing)
Carnival Roasted & Salted Pistachio 100g,D: Pack-only,6,PM24-3 Ply Carton CF24 10 Kg (390x290x220mm) 10000 gm -Unprinted,pm,,0.016,1,PM Store,Final FG (packing)
Carnival Roasted & Salted Pistachio 200g,B: Transform->Pack (in-line),1,Pista Irani Inshell,rm,,0.203,1,Factory,Create WIP
Carnival Roasted & Salted Pistachio 200g,B: Transform->Pack (in-line),2,Salt,rm,,0.003,1,Factory,Create WIP
Carnival Roasted & Salted Pistachio 200g,B: Transform->Pack (in-line),3,PM24-Carnival Roasted Salted Pistachio 250 gm Monocarton,pm,,1,1,Factory,Final FG (packing)
Carnival Roasted & Salted Pistachio 200g,B: Transform->Pack (in-line),4,California Pista Inshell,rm,,0.203,1,Factory,Create WIP
Carnival Roasted & Salted Pistachio 200g,B: Transform->Pack (in-line),5,Salt,rm,,0.003,1,Factory,Create WIP
Carnival Roasted & Salted Pistachio 200g,B: Transform->Pack (in-line),6,PM24-Pet Jar 250 gm,pm,,1,1,PM Store,Final FG (packing)
Carnival Roasted & Salted Pistachio 250g,D: Pack-only,1,California Pista Inshell Roasted and Salted,fg,,0.25,1,Factory,Final FG (Sorting+Packing)
Carnival Roasted & Salted Pistachio 250g,D: Pack-only,2,PM24-Carnival Roasted Salted Pista Pouch 250 gm,pm,,1,1,PM Store,Final FG (packing)
Carnival Roasted & Salted Pistachio 250g,D: Pack-only,3,PM24-3 Ply Carton CF24 10 Kg (390x290x220mm) 10000 gm -Unprinted,pm,,0.025,1,PM Store,Final FG (packing)
Carnival Roasted Macadamia Nuts 250g,D: Pack-only,1,Macadamia Roasted - Size 1,rm,,0.25,1,Factory,Final FG (Sorting+Packing)
Carnival Roasted Macadamia Nuts 250g,D: Pack-only,2,PM24-Carnival Roasted Salted Macadamia Monocarton 250 gm,pm,,1,1,Factory,Final FG (packing)
Carnival Roasted Macadamia Nuts 250g,D: Pack-only,3,PM24-3 Ply Carton CF24 10 Kg (390x290x220mm) 10000 gm -Unprinted,pm,,0.025,1,Factory,Final FG (packing)
CARNIVAL Royal divine 550g,D: Pack-only,1,Carnival Festive Cashew (320) 125gm,fg,,1,1,Factory,Final FG (Sorting+Packing)
CARNIVAL Royal divine 550g,D: Pack-only,2,Carnival Festive Indian Raisin 150gm,fg,,1,1,Factory,Final FG (Sorting+Packing)
CARNIVAL Royal divine 550g,D: Pack-only,3,Carnival Festive California Pista (21-26) 125gm,fg,,1,1,Factory,Final FG (Sorting+Packing)
CARNIVAL Royal divine 550g,D: Pack-only,4,Carnival Festive Almonds (27-28 count) 150gm,fg,,1,1,Factory,Final FG (Sorting+Packing)
CARNIVAL Royal divine 550g,D: Pack-only,5,PM24-Hamper Gift Box Royal Divine 550g,pm,,1,1,PM Store,Final FG (packing)
CARNIVAL Royal divine 550g,D: Pack-only,6,PM24-3 Ply Carton CF21 Walnut Carton (445X310X305MM)-Unprinted,pm,,0.125,1,PM Store,Final FG (packing)
Carnival Salt & Pepper Walnut 150g,B: Transform->Pack (in-line),1,California Walnut Kernels 2pc,rm,,0.1389,1,Factory,Create WIP
Carnival Salt & Pepper Walnut 150g,B: Transform->Pack (in-line),2,Salt & Pepper Seasoning,rm,,0.0097,1,Factory,Create WIP
Carnival Salt & Pepper Walnut 150g,B: Transform->Pack (in-line),3,URBAN PLATTER ARABIC GUM POWDER,rm,,0.0014,1,Factory,Create WIP
Carnival Salt & Pepper Walnut 150g,B: Transform->Pack (in-line),4,PM24-Pet Jar 250 gm,pm,,1,1,Factory,Final FG (packing)
Carnival Salted Caramel Pecannuts 80g,B: Transform->Pack (in-line),1,Pecan Nuts,rm,,0.0784,1,Factory,Create WIP
Carnival Salted Caramel Pecannuts 80g,B: Transform->Pack (in-line),2,PM24-Pet 100 gm,pm,,1,1,Factory,Final FG (packing)
Carnival Salted Caramel Pecannuts 80g,B: Transform->Pack (in-line),3,PM24-3 Ply Carton CF24 10 Kg (390x290x220mm) 10000 gm -Unprinted,pm,,0.01,1,Factory,Final FG (packing)
Carnival Salted Caramel Pecannuts 80g,B: Transform->Pack (in-line),4,Refined Fine Powder Iodized Salt Prime,rm,,0.0016,1,Factory,Create WIP
Carnival Shubhakamnayein 3P 300g,D: Pack-only,1,Carnival Festive Cashew (320) 100gm,fg,,1,1,Factory,Final FG (Sorting+Packing)
Carnival Shubhakamnayein 3P 300g,D: Pack-only,2,Carnival Festive Indian Raisin 100gm,fg,,1,1,Factory,Final FG (Sorting+Packing)
Carnival Shubhakamnayein 3P 300g,D: Pack-only,3,Carnival Festive Almonds (27-28 count) 100gm,fg,,1,1,Factory,Final FG (Sorting+Packing)
Carnival Shubhakamnayein 3P 300g,D: Pack-only,4,PM24-HOH Diwali Gift Box Shubhkamnaye 300gm(3P) Sleeve,pm,,1,1,PM Store,Final FG (packing)
Carnival Shubhakamnayein 3P 300g,D: Pack-only,5,PM24-HOH Diwali Gift Box Monocraton Shubhkamnaye 300gm(3P),pm,,3,1,PM Store,Final FG (packing)
Carnival Shubhakamnayein 3P 300g,D: Pack-only,6,PM24-HOH Diwali Gift Box Shubhkamnaye 300gm(3P) Tray,pm,,1,1,PM Store,Final FG (packing)
Carnival Shubhakamnayein 3P 300g,D: Pack-only,7,PM24-5 Ply Diwali Carton NWF 6P,pm,,0.05,1,PM Store,Final FG (packing)
Carnival Simply Thandai 100g,B: Transform->Pack (in-line),1,American Almonds Tukda,rm,,0.02,1,Factory,Create WIP
Carnival Simply Thandai 100g,B: Transform->Pack (in-line),2,"PM24-Labels,Stickers, Cards",pm,,1,1,Factory,Final FG (packing)
Carnival Simply Thandai 100g,B: Transform->Pack (in-line),3,PM24-Pet 100 gm,pm,,1,1,Factory,Final FG (packing)
Carnival Simply Thandai 100g,B: Transform->Pack (in-line),4,Pista Kernel,rm,,0.01,1,Factory,Create WIP
Carnival Simply Thandai 100g,B: Transform->Pack (in-line),5,Pumpkin Seed 12%,rm,,0.01,1,Factory,Create WIP
Carnival Simply Thandai 100g,B: Transform->Pack (in-line),6,Water Melon Seed,rm,,0.01,1,Factory,Create WIP
Carnival Simply Thandai 100g,B: Transform->Pack (in-line),7,Sugar,rm,,0.05,1,Factory,Create WIP
Carnival Simply Thandai Mix 200gm,B: Transform->Pack (in-line),1,American Almonds Running 25-27 count,rm,,0.03,1,Factory,Create WIP
Carnival Simply Thandai Mix 200gm,B: Transform->Pack (in-line),2,Pista Kernel,rm,,0.01,1,Factory,Create WIP
Carnival Simply Thandai Mix 200gm,B: Transform->Pack (in-line),3,Water Melon Seed,rm,,0.01,1,Factory,Create WIP
Carnival Simply Thandai Mix 200gm,B: Transform->Pack (in-line),4,Pumpkin Seed 12%,rm,,0.01,1,Factory,Create WIP
Carnival Simply Thandai Mix 200gm,B: Transform->Pack (in-line),5,Cardamom Powder,pm,,0.004,1,Factory,Final FG (packing)
Carnival Simply Thandai Mix 200gm,B: Transform->Pack (in-line),6,Black Pepper Seasoning,rm,,0.003,1,Factory,Create WIP
Carnival Simply Thandai Mix 200gm,B: Transform->Pack (in-line),7,Fennel Seed / Saunf / Variyali,rm,,0.006,1,Factory,Create WIP
Carnival Simply Thandai Mix 200gm,B: Transform->Pack (in-line),8,JEERA (CUMIN SEEDS),rm,,0.004,1,Factory,Create WIP
Carnival Simply Thandai Mix 200gm,B: Transform->Pack (in-line),9,CORIANDER / DHANIYA / Cilantro seeds,rm,,0.002,1,Factory,Create WIP
Carnival Simply Thandai Mix 200gm,B: Transform->Pack (in-line),10,Saffron (Kesar) - Irani,rm,,0.1,1,Factory,Create WIP
Carnival Simply Thandai Mix 200gm,B: Transform->Pack (in-line),11,Rose Petals,rm,,0.002,1,Factory,Create WIP
Carnival Simply Thandai Mix 200gm,B: Transform->Pack (in-line),12,KHUS KHUS / POPPY SEEDS,rm,,0.006,1,Factory,Create WIP
Carnival Simply Thandai Mix 200gm,B: Transform->Pack (in-line),13,Sugar,rm,,0.113,1,Factory,Create WIP
Carnival Simply Thandai Mix 200gm,B: Transform->Pack (in-line),14,PM24-48x32 PP Polythene Liner Bag 5 Kg,pm,,0.004,1,Factory,Final FG (packing)
Carnival Smoked Almonds 100gm,B: Transform->Pack (in-line),1,American Almonds Running 25-27 count,rm,,0.1,1,Factory,Create WIP
Carnival Smoked Almonds 100gm,B: Transform->Pack (in-line),2,Smoke Seasoning,rm,,0.002,1,Factory,Create WIP
Carnival Smoked Almonds 100gm,B: Transform->Pack (in-line),3,PM24-Pet 100 gm,pm,,1,1,Factory,Final FG (packing)
Carnival Smoked Almonds 200g,D: Pack-only,1,American Almonds Running 25-27 count,rm,,0.2,1,Factory,Final FG (Sorting+Packing)
Carnival Spanish Tomato Cashew 100G,D: Pack-only,1,Cashew 320,rm,,0.1,1,Factory,Final FG (Sorting+Packing)
CARNIVAL Utsav 700g,D: Pack-only,1,Carnival Festive Cashew (320) 150gm,fg,,1,1,Factory,Final FG (Sorting+Packing)
CARNIVAL Utsav 700g,D: Pack-only,2,Carnival Festive Indian Raisin 200gm,fg,,1,1,Factory,Final FG (Sorting+Packing)
CARNIVAL Utsav 700g,D: Pack-only,3,Carnival Festive Almonds (27-28 count) 200gm,fg,,1,1,Factory,Final FG (Sorting+Packing)
CARNIVAL Utsav 700g,D: Pack-only,4,Carnival Festive California Pista (21-26) 150gm,fg,,1,1,Factory,Final FG (Sorting+Packing)
CARNIVAL Utsav 700g,D: Pack-only,5,PM24-Hamper Gift Box Utsav 700g,pm,,1,1,PM Store,Final FG (packing)
CARNIVAL Utsav 700g,D: Pack-only,6,PM24-3 Ply Carton CF21 Walnut Carton (445X310X305MM)-Unprinted,pm,,0.167,1,PM Store,Final FG (packing)
Carnival Walnut Kernal 2pc 200gm,D: Pack-only,1,Kashmiri Walnut Kernels,rm,,0.2,1,Factory,Final FG (Sorting+Packing)
Carnival Walnut Kernal 2pc 200gm,D: Pack-only,2,PM24-Carnival Walnut Regular Monocarton (Cred) 250 gm,pm,,1,1,Factory,Final FG (packing)
Carnival Walnut Kernal 2pc 200gm,D: Pack-only,3,PM24-3 Ply Carton CF24 10 Kg (390x290x220mm) 10000 gm -Unprinted,pm,,0.02,1,Factory,Final FG (packing)
Cashew 100g (B07GQZSS49) FBA,D: Pack-only,1,Cashew 400,rm,,0.1,1,Factory,Final FG (Sorting+Packing)
Cashew 100g (B07GQZSS49) FBA,D: Pack-only,2,PM24-Vedaka Purple Pouch 100GM,pm,,1,1,Factory,Final FG (packing)
Cashew 100g (B07GQZSS49) FBA,D: Pack-only,3,PM24-3 Ply Carton CF21 Walnut Carton (445X310X305MM)-Unprinted,pm,,0.013,1,Factory,Final FG (packing)
Cashew 180,D: Pack-only,1,Cashew 180,rm,,1,1,Factory,Final FG (Sorting+Packing)
Cashew 230gm,D: Pack-only,1,Cashew 240,rm,,0.23,1,Factory,Final FG (Sorting+Packing)
Cashew 240,D: Pack-only,1,Cashew 240,rm,,1,1,Factory,Final FG (Sorting+Packing)
Cashew 240 230g,D: Pack-only,1,Cashew 240,rm,,0.23,1,Factory,Final FG (Sorting+Packing)
Cashew 240 230g,D: Pack-only,2,PM24-Pet Jar 250 gm,pm,,1,1,PM Store,Final FG (packing)
Cashew 320,D: Pack-only,1,Cashew 320,rm,,1,1,Factory,Final FG (Sorting+Packing)
Cashew 500g (B07GQW1HHN),D: Pack-only,1,Cashew 320,rm,,0.5,1,Factory,Final FG (Sorting+Packing)
Cashew Flavoured Rosemary Loose,,1,Cashew 320,rm,,1,1,Factory,Final FG (Sorting+Packing)
Cashew Jumbo with Skin Roasted and Salted,B: Transform->Pack (in-line),1,Cashew Jumbo with Skin,rm,,0.989,1,Factory,Create WIP
Cashew Jumbo with Skin Roasted and Salted,B: Transform->Pack (in-line),2,Salt,rm,,0.024,1,Factory,Create WIP
Cashew Masala,B: Transform->Pack (in-line),1,Cashew 320,rm,,0.93,1,Factory,Create WIP
Cashew Masala,B: Transform->Pack (in-line),2,Masala Seasoning,rm,,0.08,1,Factory,Create WIP
Cashew Masala,B: Transform->Pack (in-line),3,PM24-3 Ply Carton CF24 10 Kg (390x290x220mm) 10000 gm -Unprinted,pm,,0.1,1,Factory,Final FG (packing)
Cashew Pink salt,B: Transform->Pack (in-line),1,Cashew 320,rm,,0.87,1,Factory,Create WIP
Cashew Pink salt,B: Transform->Pack (in-line),2,Pink Salt.,rm,,0.13,1,Factory,Create WIP
Cashew Roasted,D: Pack-only,1,Cashew 320,rm,,1,1,Factory,Final FG (Sorting+Packing)
Cashew Wasabi,D: Pack-only,1,Cashew 320,rm,,0.94,1,Factory,Final FG (Sorting+Packing)
Cashew Wasabi,D: Pack-only,2,Wasabi Seasoning  AB343,rm,,0.07,1,Factory,Final FG (Sorting+Packing)
Cashew Wasabi,D: Pack-only,3,PM24-3 Ply Carton CF24 10 Kg (390x290x220mm) 10000 gm -Unprinted,pm,,0.1,1,Factory,Final FG (packing)
CCD Energy Bar with Jaggery,B: Transform->Pack (in-line),1,American Almonds Tukda,rm,,0.0063,1,Factory,Create WIP
CCD Energy Bar with Jaggery,B: Transform->Pack (in-line),2,Sunflower Seeds,rm,,0.003,1,Factory,Create WIP
CCD Energy Bar with Jaggery,B: Transform->Pack (in-line),3,Pumpkin Seed ( 5% ),rm,,0.0024,1,Factory,Create WIP
CCD Energy Bar with Jaggery,B: Transform->Pack (in-line),4,Pista Kernel,rm,,0.003,1,Factory,Create WIP
CCD Energy Bar with Jaggery,B: Transform->Pack (in-line),5,AL BARAKAH FARD DATES STANDARD,rm,,0.0045,1,Factory,Create WIP
CCD Energy Bar with Jaggery,B: Transform->Pack (in-line),6,AL Barakah Date Paste,rm,,0.0075,1,Factory,Create WIP
CCD Energy Bar with Jaggery,B: Transform->Pack (in-line),7,Jaggery Powder,rm,,0.0024,1,Factory,Create WIP
CCD Energy Bar with Jaggery,B: Transform->Pack (in-line),8,Desi Ghee,rm,,0.0009,1,Factory,Create WIP
CCD Energy Bar with Jaggery Semi Finished,,1,American Almonds Tukda,rm,,0.21,1,Factory,Final FG (Sorting+Packing)
CCD Energy Bar with Jaggery Semi Finished,,2,Sunflower Seeds,rm,,0.1,1,Factory,Final FG (Sorting+Packing)
CCD Energy Bar with Jaggery Semi Finished,,3,Pumpkin Seed 12%,rm,,0.08,1,Factory,Final FG (Sorting+Packing)
CCD Energy Bar with Jaggery Semi Finished,,4,Pista Kernel,rm,,0.1,1,Factory,Final FG (Sorting+Packing)
CCD Energy Bar with Jaggery Semi Finished,,5,AL BARAKAH FARD DATES STANDARD,rm,,0.15,1,Factory,Final FG (Sorting+Packing)
CCD Energy Bar with Jaggery Semi Finished,,6,AL Barakah Date Paste,rm,,0.25,1,Factory,Final FG (Sorting+Packing)
CCD Energy Bar with Jaggery Semi Finished,,7,Jaggery Powder,rm,,0.08,1,Factory,Final FG (Sorting+Packing)
CCD Energy Bar with Jaggery Semi Finished,,8,Desi Ghee,rm,,0.03,1,Factory,Final FG (Sorting+Packing)
CELEBRATING MOMENTS 300gm,D: Pack-only,1,Carnival Festive Almonds (27-28 count) 100gm,fg,,1,1,Factory,Final FG (Sorting+Packing)
CELEBRATING MOMENTS 300gm,D: Pack-only,2,Carnival Festive Cashew (320) 100gm,fg,,1,1,Factory,Final FG (Sorting+Packing)
CELEBRATING MOMENTS 300gm,D: Pack-only,3,Carnival Festive Indian Raisin 100gm,fg,,1,1,Factory,Final FG (Sorting+Packing)
CELEBRATING MOMENTS 300gm,D: Pack-only,4,PM24-Hamper-Celebrating Moment 300 Gm Red Printed,pm,,1,1,Factory,Final FG (packing)
CELEBRATING MOMENTS 300gm,D: Pack-only,5,PM24-5ply Diwali Moment Carton (3M-435x365x315 mm) 4800gm,pm,,0.063,1,Factory,Final FG (packing)
CELEBRATING MOMENTS 300gm,D: Pack-only,6,Carnival Festive Indian Raisin 100gm,fg,,1,1,Factory,Final FG (Sorting+Packing)
CELEBRATING MOMENTS 300gm,D: Pack-only,7,Carnival Festive Cashew (320) 100gm,fg,,1,1,Factory,Final FG (Sorting+Packing)
CELEBRATING MOMENTS 300gm,D: Pack-only,8,Carnival Festive California Pista (21-26) 80gm,fg,,1,1,Factory,Final FG (Sorting+Packing)
CELEBRATING MOMENTS 300gm,D: Pack-only,9,Small Diya,pm,,1,1,Factory,Final FG (packing)
CELEBRATING MOMENTS 300gm,D: Pack-only,10,PM24-Hamper-Celebrating Moment 300 Gm Red Printed,pm,,1,1,Factory,Final FG (packing)
CELEBRATING MOMENTS 300gm,D: Pack-only,11,PM24-5ply Diwali Moment Carton (3M-435x365x315 mm) 4800gm,pm,,0.063,1,Factory,Final FG (packing)
Celebration Sleek Box 200g,D: Pack-only,1,Carnival Festive Salted Almonds (27-28 count) 100gm,fg,,1,1,Factory,Final FG (Sorting+Packing)
Celebration Sleek Box 200g,D: Pack-only,2,Carnival FestiveSalted Cashew (320) 100gm,fg,,1,1,Factory,Final FG (Sorting+Packing)
Celebration Sleek Box 200g,D: Pack-only,3,PM24-Hamper-Mdf Celebration Sleek Box-Green,pm,,1,1,PM Store,Final FG (packing)
CELEBRATION SLEEK BOX 300gm,D: Pack-only,1,Carnival Classic Almonds 100g,fg,,1,1,Factory,Final FG (Sorting+Packing)
CELEBRATION SLEEK BOX 300gm,D: Pack-only,2,Carnival Festive Flavoured Cashew (320) 100gm,fg,,1,1,Factory,Final FG (Sorting+Packing)
CELEBRATION SLEEK BOX 300gm,D: Pack-only,3,Carnival Festive Indian Raisin 100gm,fg,,1,1,Factory,Final FG (Sorting+Packing)
CELEBRATION SLEEK BOX 300gm,D: Pack-only,4,PM - Diya Small,pm,,2,1,Factory,Final FG (packing)
Celebration Sleek Box Hamper 01,D: Pack-only,1,Carnival Festive Salted Almonds (27-28 count) 100gm,fg,,1,1,Factory,Final FG (Sorting+Packing)
Celebration Sleek Box Hamper 01,D: Pack-only,2,Carnival FestiveSalted Cashew (320) 100gm,fg,,1,1,Factory,Final FG (Sorting+Packing)
Celebration Sleek Box Hamper 01,D: Pack-only,3,Carnival Festive Chatpata Cranberry 100gm,fg,,1,1,Factory,Final FG (Sorting+Packing)
Celebration Sleek Box Hamper 01,D: Pack-only,4,PM24-Hamper-Mdf Celebration Sleek Box-Maroon,pm,,1,1,PM Store,Final FG (packing)
Celebration Sleek Box Hamper 02,D: Pack-only,1,Carnival Festive Salted Almonds (27-28 count) 100gm,fg,,1,1,Factory,Final FG (Sorting+Packing)
Celebration Sleek Box Hamper 02,D: Pack-only,2,Carnival FestiveSalted Cashew (320) 100gm,fg,,1,1,Factory,Final FG (Sorting+Packing)
Celebration Sleek Box Hamper 02,D: Pack-only,3,Carnival Festive Chatpata Cranberry 100gm,fg,,1,1,Factory,Final FG (Sorting+Packing)
Celebration Sleek Box Hamper 02,D: Pack-only,4,Carnival Festive California Pista (21-26) 80gm,fg,,1,1,Factory,Final FG (Sorting+Packing)
Celebration Sleek Box Hamper 02,D: Pack-only,5,PM24-Hamper-Mdf Celebration Sleek Box-Maroon,pm,,1,1,PM Store,Final FG (packing)
CELEBRATIONS 550gm,D: Pack-only,1,Carnival Festive Cashew (320) 125gm,fg,,1,1,Factory,Final FG (Sorting+Packing)
CELEBRATIONS 550gm,D: Pack-only,2,Carnival Festive Indian Raisin 150gm,fg,,1,1,Factory,Final FG (Sorting+Packing)
CELEBRATIONS 550gm,D: Pack-only,3,Carnival Festive Almonds (27-28 count) 150gm,fg,,1,1,Factory,Final FG (Sorting+Packing)
CELEBRATIONS 550gm,D: Pack-only,4,Carnival Festive California Pista (21-26) 125gm,fg,,1,1,Factory,Final FG (Sorting+Packing)
CELEBRATIONS 550gm,D: Pack-only,5,PM24-Hamper-Celebration 4P Exclusive 550 Gm Tray,pm,,1,1,Factory,Final FG (packing)
CELEBRATIONS 550gm,D: Pack-only,6,PM24-5ply Diwali Greetings Carton (6P-610x430x275 mm) 6720 gm,pm,,0.083,1,Factory,Final FG (packing)
Chatpata Black Raisin,B: Transform->Pack (in-line),1,Afghan Black Raisins Seedless 1*2,rm,,1,1,Factory,Create WIP
Chatpata Black Raisin,B: Transform->Pack (in-line),2,PM24-3 Ply Carton CF24 10 Kg (390x290x220mm) 10000 gm -Unprinted,pm,,0.1,1,Factory,Final FG (packing)
Chatpata Cranberry,D: Pack-only,1,Dried Cranberry Sliced,rm,,0.875,1,Factory,Final FG (Sorting+Packing)
Chatpata Cranberry,D: Pack-only,2,Chatpata Seasoning,rm,,0.125,1,Factory,Final FG (Sorting+Packing)
Chatpata Cranberry,D: Pack-only,3,PM24-3 Ply Carton CF24 10 Kg (390x290x220mm) 10000 gm -Unprinted,pm,,0.1,1,Factory,Final FG (packing)
Chatpata Cranberry 75gm,D: Pack-only,1,Dried Cranberry Sliced,rm,,0.075,1,Factory,Final FG (Sorting+Packing)
Chatpata Cranberry 75gm,D: Pack-only,2,Chatpata Seasoning,rm,,0.002,1,Factory,Final FG (Sorting+Packing)
Chatpata Prunes,,1,Dried Prunes (Pitted),rm,,0.875,1,Factory,Final FG (Sorting+Packing)
Chatpata Prunes,,2,Chatpata Seasoning,rm,,0.125,1,Factory,Final FG (Sorting+Packing)
Chatpata Seasoning,B: Transform->Pack (in-line),1,Anardana Churan,rm,,0.48,1,Factory,Create WIP
Chatpata Seasoning,B: Transform->Pack (in-line),2,Anardana Powder,rm,,0.46,1,Factory,Create WIP
Chatpata Seasoning,B: Transform->Pack (in-line),3,Pink Salt.,rm,,0.06,1,Factory,Create WIP
CHATPATA SNACK MIX,B: Transform->Pack (in-line),1,American Almonds Running 25-27 count,rm,,0.184,1,Factory,Create WIP
CHATPATA SNACK MIX,B: Transform->Pack (in-line),2,Cashew 320,rm,,0.094,1,Factory,Create WIP
CHATPATA SNACK MIX,B: Transform->Pack (in-line),3,Pista Kernel,rm,,0.094,1,Factory,Create WIP
CHATPATA SNACK MIX,B: Transform->Pack (in-line),4,Pumpkin Seed 12%,rm,,0.138,1,Factory,Create WIP
CHATPATA SNACK MIX,B: Transform->Pack (in-line),5,Sunflower Seeds,rm,,0.138,1,Factory,Create WIP
CHATPATA SNACK MIX,B: Transform->Pack (in-line),6,Dried Cranberry Sliced,rm,,0.11,1,Factory,Create WIP
CHATPATA SNACK MIX,B: Transform->Pack (in-line),7,Dried Blueberry,rm,,0.028,1,Factory,Create WIP
CHATPATA SNACK MIX,B: Transform->Pack (in-line),8,Afghan Black Raisins Seedless 1*2,rm,,0.139,1,Factory,Create WIP
CHATPATA SNACK MIX,B: Transform->Pack (in-line),9,SUNFLOWER OIL,rm,,0.03,1,Factory,Create WIP
CHATPATA SNACK MIX,B: Transform->Pack (in-line),10,CHAT MASALA MDH,rm,,0.028,1,Factory,Create WIP
CHATPATA SNACK MIX,B: Transform->Pack (in-line),11,Anardana Churan,rm,,0.01,1,Factory,Create WIP
CHATPATA SNACK MIX,B: Transform->Pack (in-line),12,PM24-3 Ply D Mart Carton Premia Party Mix 10000 gm,pm,,0.1,1,PM Store,Final FG (packing)
Cheese Cashew,B: Transform->Pack (in-line),1,Cashew 320,rm,,0.78,1,Factory,Create WIP
Cheese Cashew,B: Transform->Pack (in-line),2,CHEESE SEASONING,rm,,0.22,1,Factory,Create WIP
Cheese Cashew,B: Transform->Pack (in-line),3,PM24-3 Ply Carton CF24 10 Kg (390x290x220mm) 10000 gm -Unprinted,pm,,0.1,1,Factory,Final FG (packing)
Cheese Makhana,B: Transform->Pack (in-line),1,Makhana,rm,,1,1,Factory,Create WIP
Cheese Makhana,B: Transform->Pack (in-line),2,CHEESE SEASONING,rm,,0.005,1,Factory,Create WIP
Cheese Tomato Flavoured Coated Peanuts 35gm,,1,Cheese Tomato Flavoured Coated Peanuts Bulk,rm,,0.035,1,Factory,Final FG (Sorting+Packing)
Cheese Tomato Flavoured Coated Peanuts Bulk,,1,Coated Peanut Base,fg,,0.905,1,Factory,Final FG (Sorting+Packing)
Cheese Tomato Flavoured Coated Peanuts Bulk,,2,SUNFLOWER OIL,rm,,0.032,1,Factory,Final FG (Sorting+Packing)
Cheese Tomato Flavoured Coated Peanuts Bulk,,3,Cheesy Tomato Seasoning 2 (PR01895/001),rm,,0.0633,1,Factory,Final FG (Sorting+Packing)
Chia Seeds 100G (B07GQZCP91),D: Pack-only,1,Black Chia Seeds,rm,,0.101,1,Factory,Final FG (Sorting+Packing)
Chia Seeds 100G (B07GQZCP91),D: Pack-only,2,PM24-Vedaka Purple Pouch 100GM,pm,,1,1,Factory,Final FG (packing)
Chia Seeds 100G (B07GQZCP91),D: Pack-only,3,PM24-3 Ply Carton CF21 Walnut Carton (445X310X305MM)-Unprinted,pm,,0.013,1,Factory,Final FG (packing)
Chia Seeds 200G (B07GQQLZPD),D: Pack-only,1,Black Chia Seeds,rm,,0.203,1,Factory,Final FG (Sorting+Packing)
Chia Seeds 200G (B07GQQLZPD),D: Pack-only,2,PM24-Vedaka Purple Pouch 200GM,pm,,1,1,Factory,Final FG (packing)
Chia Seeds 200G (B07GQQLZPD),D: Pack-only,3,PM24-3 Ply Carton CF21 Walnut Carton (445X310X305MM)-Unprinted,pm,,0.02,1,Factory,Final FG (packing)
Chia Seeds 500G (B07GQZSJFH),D: Pack-only,1,Black Chia Seeds,rm,,0.506,1,Factory,Final FG (Sorting+Packing)
Chilean Walnut Kernel 2 pcs,D: Pack-only,1,Chilean Walnut Kernel 2 pcs,rm,,1,1,Factory,Final FG (Sorting+Packing)
Chilean  Walnut Kernel 2pc 230g,D: Pack-only,1,Chilean Walnut Kernel 2 pcs,rm,,0.23,1,Factory,Final FG (Sorting+Packing)
Chilean  Walnut Kernel 2pc 230g,D: Pack-only,2,PM24-Pet Jar 250 gm,pm,,1,1,PM Store,Final FG (packing)
Chilean Walnut Kernel Quarter,A: WIP producer (bulk),1,Chilean Walnut Kernel Quarter,sfg,SFG0333,1,1,Factory,Final FG (opening RM)
Chilean Walnut Kernel Quarter,A: WIP producer (bulk),2,PM24-3 Ply Carton CF24 10 Kg (390x290x220mm) 10000 gm -Unprinted,pm,,0.1,1,Factory,Final FG (packing)
Chilean Walnut Kernel Quarter BBQ,B: Transform->Pack (in-line),1,Chilean Walnut Kernel Quarter,sfg,SFG0333,0.8695,1,Factory,Final FG (opening RM)
Chilean Walnut Kernel Quarter BBQ,B: Transform->Pack (in-line),2,Barbeque seasoning,rm,,0.0869,1,Factory,Create WIP
Chilean Walnut Kernel Quarter BBQ,B: Transform->Pack (in-line),3,Acacia Gum - Dink/ Gundar,rm,,0.0435,1,Factory,Create WIP
Chilean Walnut Kernel Quarter BBQ,B: Transform->Pack (in-line),4,PM24-5 Ply Carton CF24 10kg (390X290X220) (D Mart)-Unprinted,pm,,0.1,1,Factory,Final FG (packing)
Chilean Walnut Kernel Quarter caramel,B: Transform->Pack (in-line),1,Chilean Walnut Kernel Quarter,sfg,SFG0333,0.8,1,Factory,Final FG (opening RM)
Chilean Walnut Kernel Quarter caramel,B: Transform->Pack (in-line),2,Caramel Sweet Popcorn Flavour,rm,,0.12,1,Factory,Create WIP
Chilean Walnut Kernel Quarter caramel,B: Transform->Pack (in-line),3,Acacia Gum - Dink/ Gundar,rm,,0.04,1,Factory,Create WIP
Chilean Walnut Kernel Quarter caramel,B: Transform->Pack (in-line),4,Sesame Seeds (White Til),rm,,0.04,1,Factory,Create WIP
Chilean Walnut Kernel Quarter caramel,B: Transform->Pack (in-line),5,PM24-5 Ply Carton CF24 10kg (390X290X220) (D Mart)-Unprinted,pm,,0.1,1,Factory,Final FG (packing)
Chilean Walnut Kernel Quarter lemon pepper,B: Transform->Pack (in-line),1,Chilean Walnut Kernel Quarter,sfg,SFG0333,0.8849,1,Factory,Final FG (opening RM)
Chilean Walnut Kernel Quarter lemon pepper,B: Transform->Pack (in-line),2,Lemon Pepper Seasoning,rm,,0.0707,1,Factory,Create WIP
Chilean Walnut Kernel Quarter lemon pepper,B: Transform->Pack (in-line),3,Acacia Gum - Dink/ Gundar,rm,,0.044,1,Factory,Create WIP
Chilean Walnut Kernel Quarter lemon pepper,B: Transform->Pack (in-line),4,PM24-3 Ply Carton CF24 10 Kg (390x290x220mm) 10000 gm -Unprinted,pm,,0.1,1,Factory,Final FG (packing)
Chilean Walnut Kernel Quarter pepper,B: Transform->Pack (in-line),1,Chilean Walnut Kernel Quarter,sfg,SFG0333,0.8928,1,Factory,Final FG (opening RM)
Chilean Walnut Kernel Quarter pepper,B: Transform->Pack (in-line),2,Black Pepper Seasoning,rm,,0.0625,1,Factory,Create WIP
Chilean Walnut Kernel Quarter pepper,B: Transform->Pack (in-line),3,Acacia Gum - Dink/ Gundar,rm,,0.044,1,Factory,Create WIP
Chilean Walnut Kernel Quarter pepper,B: Transform->Pack (in-line),4,PM24-5 Ply Carton CF24 10kg (390X290X220) (D Mart)-Unprinted,pm,,0.1,1,Factory,Final FG (packing)
Chilean Walnut Kernel Quarter peri peri,B: Transform->Pack (in-line),1,Chilean Walnut Kernel Quarter,sfg,SFG0333,0.885,1,Factory,Final FG (opening RM)
Chilean Walnut Kernel Quarter peri peri,B: Transform->Pack (in-line),2,Peri Peri Marination Seasoning,rm,,0.0707,1,Factory,Create WIP
Chilean Walnut Kernel Quarter peri peri,B: Transform->Pack (in-line),3,Acacia Gum - Dink/ Gundar,rm,,0.044,1,Factory,Create WIP
Chilean Walnut Kernel Quarter peri peri,B: Transform->Pack (in-line),4,PM24-3 Ply Carton CF24 10 Kg (390x290x220mm) 10000 gm -Unprinted,pm,,0.1,1,Factory,Final FG (packing)
Chilli Almonds Bulk,D: Pack-only,1,American Almonds Running 25-27 count,rm,,1,1,Factory,Final FG (Sorting+Packing)
Chilli Almonds Bulk,D: Pack-only,2,Chilli Garlic Masala Seasoning,rm,,0.02,1,Factory,Final FG (Sorting+Packing)
Chilli Garlic Cashew Bulk,D: Pack-only,1,Cashew 320,rm,,1,1,Factory,Final FG (Sorting+Packing)
Chilli Garlic Cashew Bulk,D: Pack-only,2,Chilli Garlic Masala Seasoning,rm,,0.04,1,Factory,Final FG (Sorting+Packing)
Chilli Garlic Masala Seasoning,B: Transform->Pack (in-line),1,Chilli Powder,rm,,0.1889,1,Factory,Create WIP
Chilli Garlic Masala Seasoning,B: Transform->Pack (in-line),2,GARLIC POWDER - SPICES,rm,,0.1889,1,Factory,Create WIP
Chilli Garlic Masala Seasoning,B: Transform->Pack (in-line),3,Coating Mix,rm,,0.3778,1,Factory,Create WIP
Chilli Garlic Masala Seasoning,B: Transform->Pack (in-line),4,Salt,rm,,0.1889,1,Factory,Create WIP
Chilli Garlic Masala Seasoning,B: Transform->Pack (in-line),5,GARLIC LIQUID - 4010003414,rm,,0.0556,1,Factory,Create WIP
Chilly Garlic Coated Peanuts 60gm,,1,Coated Peanut Base,fg,,0.0535,1,Factory,Final FG (Sorting+Packing)
Chilly Garlic Coated Peanuts 60gm,,2,SUNFLOWER OIL,rm,,0.003,1,Factory,Final FG (Sorting+Packing)
Chilly Garlic Coated Peanuts 60gm,,3,Chilli Garlic Masala Seasoning,rm,,0.004,1,Factory,Final FG (Sorting+Packing)
Chipotle Honey Coated Peanuts 200g,B: Transform->Pack (in-line),1,Glucose Syrup / Liquid Glucose,rm,,0.0035,1,Factory,Create WIP
Chipotle Honey Coated Peanuts 200g,B: Transform->Pack (in-line),2,Sugar,rm,,0.0014,1,Factory,Create WIP
Chipotle Honey Coated Peanuts 200g,B: Transform->Pack (in-line),3,Salt,rm,,0.0004,1,Factory,Create WIP
Chipotle Honey Coated Peanuts 200g,B: Transform->Pack (in-line),4,Rice Atta,rm,,0.0349,1,Factory,Create WIP
Chipotle Honey Coated Peanuts 200g,B: Transform->Pack (in-line),5,Maize Starch,rm,,0.0097,1,Factory,Create WIP
Chipotle Honey Coated Peanuts 200g,B: Transform->Pack (in-line),6,Nachni Atta,rm,,0.0031,1,Factory,Create WIP
Chipotle Honey Coated Peanuts 200g,B: Transform->Pack (in-line),7,Rajgira Atta,rm,,0.0031,1,Factory,Create WIP
Chipotle Honey Coated Peanuts 200g,B: Transform->Pack (in-line),8,PREGEFLO C100,rm,,0.0136,1,Factory,Create WIP
Chipotle Honey Coated Peanuts 200g,B: Transform->Pack (in-line),9,Peanuts,rm,,0.1124,1,Factory,Create WIP
Chipotle Honey Coated Peanuts 200g,B: Transform->Pack (in-line),10,Palm Oil,rm,,0.005,1,Factory,Create WIP
Chipotle Honey Coated Peanuts 200g,B: Transform->Pack (in-line),11,Chipotle Honey Seasoning,rm,,0.0155,1,Factory,Create WIP
Chipotle Honey Coated Peanuts 70gm,B: Transform->Pack (in-line),1,Glucose Syrup / Liquid Glucose,rm,,0.007,1,Factory,Create WIP
Chipotle Honey Coated Peanuts 70gm,B: Transform->Pack (in-line),2,Refined Fine Powder Iodized Salt Prime,rm,,0.0007,1,Factory,Create WIP
Chipotle Honey Coated Peanuts 70gm,B: Transform->Pack (in-line),3,Sugar,rm,,0.0028,1,Factory,Create WIP
Chipotle Honey Coated Peanuts 70gm,B: Transform->Pack (in-line),4,Rice Atta,rm,,0.0091,1,Factory,Create WIP
Chipotle Honey Coated Peanuts 70gm,B: Transform->Pack (in-line),5,Maize Starch,rm,,0.0028,1,Factory,Create WIP
Chipotle Honey Coated Peanuts 70gm,B: Transform->Pack (in-line),6,Nachni Atta,rm,,0.0007,1,Factory,Create WIP
Chipotle Honey Coated Peanuts 70gm,B: Transform->Pack (in-line),7,PREGEFLO C100,rm,,0.0042,1,Factory,Create WIP
Chipotle Honey Coated Peanuts 70gm,B: Transform->Pack (in-line),8,SIDCOT STARCH,rm,,0.0042,1,Factory,Create WIP
Chipotle Honey Coated Peanuts 70gm,B: Transform->Pack (in-line),9,Peanuts,rm,,0.0329,1,Factory,Create WIP
Chipotle Honey Coated Peanuts 70gm,B: Transform->Pack (in-line),10,Palm Oil,rm,,0.002,1,Factory,Create WIP
Chipotle Honey Coated Peanuts 70gm,B: Transform->Pack (in-line),11,Chipotle Honey Seasoning,rm,,0.0035,1,Factory,Create WIP
Choco Crunch Energy Bar 38gm,B: Transform->Pack (in-line),1,Amul Butter,rm,,4.4,1000,Factory,Create WIP
Choco Crunch Energy Bar 38gm,B: Transform->Pack (in-line),2,Honey Loose,rm,,7.46,1000,Factory,Create WIP
Choco Crunch Energy Bar 38gm,B: Transform->Pack (in-line),3,Kara Coconut Milk 17% 200ml,rm,,12,1000,Factory,Create WIP
Choco Crunch Energy Bar 38gm,B: Transform->Pack (in-line),4,OATS,rm,,7.95,1000,Factory,Create WIP
Choco Crunch Energy Bar 38gm,B: Transform->Pack (in-line),5,Ragi Puff,rm,,2.36,1000,Factory,Create WIP
Choco Crunch Energy Bar 38gm,B: Transform->Pack (in-line),6,Almond Roasted,fg,,2.36,1000,Factory,Create WIP
Choco Crunch Energy Bar 38gm,B: Transform->Pack (in-line),7,Green Tea Extract,rm,,0.01,1000,Factory,Create WIP
Choco Crunch Energy Bar 38gm,B: Transform->Pack (in-line),8,Rock Salt -Sendha Namak Powder,rm,,0.04,1000,Factory,Create WIP
Choco Crunch Energy Bar 38gm,B: Transform->Pack (in-line),9,Cashew Tukda,rm,,3.52,1000,Factory,Create WIP
Choco Crunch Energy Bar 38gm,B: Transform->Pack (in-line),10,Watermelon Seeds Roasted,rm,,2.92,1000,Factory,Create WIP
Choco Crunch Energy Bar 38gm,B: Transform->Pack (in-line),11,Dark Compound Chips,rm,,5.81,1000,Factory,Create WIP
Choco Crunch Energy Bar 38gm,B: Transform->Pack (in-line),12,Dried Ginger Powder - Saunth Powder,rm,,0.88,1000,Factory,Create WIP
Chocolate Coated Almond Dragees 50gm,B: Transform->Pack (in-line),1,Dark Compound Chocolate,rm,,0.04,1,Factory,Create WIP
Chocolate Coated Almond Dragees 50gm,B: Transform->Pack (in-line),2,American Almonds Running 25-27 count,rm,,0.01,1,Factory,Create WIP
Chocolate Coated Almond Dragees 50gm,B: Transform->Pack (in-line),3,PM24-FNP Choco Almond Monocartons 50 gm,pm,,1,1,PM Store,Final FG (packing)
Chocolate Coated Almond Dragees 50gm,B: Transform->Pack (in-line),4,CAPOL 254N,rm,,0.003,1,Factory,Create WIP
Chocolate Coated Almond Dragees 50gm,B: Transform->Pack (in-line),5,CAPOL 425M,rm,,0.003,1,Factory,Create WIP
Chocolate Coated Blueberries Dragees 50gm,B: Transform->Pack (in-line),1,Dark Compound Chocolate,rm,,0.0339,1,Factory,Create WIP
Chocolate Coated Blueberries Dragees 50gm,B: Transform->Pack (in-line),2,Dried Blueberry,rm,,0.0161,1,Factory,Create WIP
Chocolate Coated Blueberries Dragees 50gm,B: Transform->Pack (in-line),3,CAPOL 254N,rm,,0.003,1,Factory,Create WIP
Chocolate Coated Blueberries Dragees 50gm,B: Transform->Pack (in-line),4,CAPOL 425M,rm,,0.003,1,Factory,Create WIP
Chocolate Coated Blueberries Dragees 50gm,B: Transform->Pack (in-line),5,PM24-FNP Choco Almond Monocartons 50 gm,pm,,1,1,PM Store,Final FG (packing)
Chocolate Coated Blueberries Dragees 50gm,B: Transform->Pack (in-line),6,PM24-Silver Roll 190 mm-Plain 100 gm,pm,,0.001,1,PM Store,Final FG (packing)
Chocolate Dipped Pecan Nut Loose,,1,Pecan Nuts,rm,,0.5686,1,Factory,Final FG (Sorting+Packing)
Chocolate Dipped Pecan Nut Loose,,2,Dark Compound Chocolate,rm,,0.4314,1,Factory,Final FG (Sorting+Packing)
Chocolate Dipped Pecan Nut Loose,,3,"PM24-Vacuum Pouch For 1 Kg-210 x 305mm, 16G-110 Micron (Solimo) 1000 gm",pm,,1,1,PM Store,Final FG (packing)
Chocolate Dipped Pecan Nut Loose,,4,PM24-3 Ply Carton CF24 10 Kg (390x290x220mm) 10000 gm -Unprinted,pm,,0.1,1,PM Store,Final FG (packing)
Cinnamon Glazed Almond,,1,American Almonds Running 25-27 count,rm,,0.89,1,Factory,Final FG (Sorting+Packing)
Cinnamon Glazed Almond,,2,Pure Maple Syrup,rm,,0.1,1,Factory,Final FG (Sorting+Packing)
Cinnamon Glazed Almond,,3,Dalchini (Cinnamon) Powder,rm,,0.01,1,Factory,Final FG (Sorting+Packing)
Cinnamon Glazed Pecan,,1,Pecan Nuts,rm,,0.8604,1,Factory,Final FG (Sorting+Packing)
Cinnamon Glazed Pecan,,2,Pure Maple Syrup,rm,,0.1296,1,Factory,Final FG (Sorting+Packing)
Cinnamon Glazed Pecan,,3,Dalchini (Cinnamon) Powder,rm,,0.01,1,Factory,Final FG (Sorting+Packing)
Classic Flavour Date Mewa 18gm,B: Transform->Pack (in-line),1,Noice Classic Flavour Date Mewa (Semi Finished),fg,,0.018,1,Factory,Create WIP
Classic Flavour Date Mewa 18gm,B: Transform->Pack (in-line),2,PM24-21 GM Date Bite Blister,pm,,1,1,PM Store,Final FG (packing)
CLASSIC WOODEN BOX 480gm,D: Pack-only,1,Carnival Roasted & Salted Almonds 230g,fg,,1,1,Factory,Final FG (Sorting+Packing)
CLASSIC WOODEN BOX 480gm,D: Pack-only,2,Carnival Classic Indian Raisins 250g,fg,,1,1,Factory,Final FG (Sorting+Packing)
CLASSIC WOODEN BOX 480gm,D: Pack-only,3,PM24-Hamper-Mdf Classic Box ( 3 Pet ) + Partition,pm,,1,1,Factory,Final FG (packing)
Coated Peanut Base,,1,Peanuts,rm,,0.544,1,Factory,Final FG (Sorting+Packing)
Coated Peanut Base,,2,Rice Atta,rm,,0.1372,1,Factory,Final FG (Sorting+Packing)
Coated Peanut Base,,3,Maize Starch,rm,,0.0436,1,Factory,Final FG (Sorting+Packing)
Coated Peanut Base,,4,RAGI,rm,,0.0121,1,Factory,Final FG (Sorting+Packing)
Coated Peanut Base,,5,PREGEFLO C 100 G,rm,,0.0611,1,Factory,Final FG (Sorting+Packing)
Coated Peanut Base,,6,SidCoat H,rm,,0.0611,1,Factory,Final FG (Sorting+Packing)
Coated Peanut Base,,7,Glucose Syrup / Liquid Glucose,rm,,0.0979,1,Factory,Final FG (Sorting+Packing)
Coated Peanut Base,,8,Sugar,rm,,0.0333,1,Factory,Final FG (Sorting+Packing)
Coated Peanut Base,,9,Refined Fine Powder Iodized Salt Prime,rm,,0.0098,1,Factory,Final FG (Sorting+Packing)
Coated Peanuts,B: Transform->Pack (in-line),1,Glucose Syrup / Liquid Glucose,rm,,0.1,1,Factory,Create WIP
Coated Peanuts,B: Transform->Pack (in-line),2,Sugar,rm,,0.05,1,Factory,Create WIP
Coated Peanuts,B: Transform->Pack (in-line),3,Maize Starch,rm,,0.05,1,Factory,Create WIP
Coated Peanuts,B: Transform->Pack (in-line),4,PREGEFLO C100,rm,,0.07,1,Factory,Create WIP
Coated Peanuts,B: Transform->Pack (in-line),5,Peanuts,rm,,0.48,1,Factory,Create WIP
Coated Peanuts,B: Transform->Pack (in-line),6,Palm Oil,rm,,0.03,1,Factory,Create WIP
Coated Peanuts,B: Transform->Pack (in-line),7,Refined Fine Powder Iodized Salt Prime,rm,,0.01,1,Factory,Create WIP
Coated Peanuts,B: Transform->Pack (in-line),8,SIDCOT STARCH,rm,,0.06,1,Factory,Create WIP
Coated Peanuts,B: Transform->Pack (in-line),9,Rice Atta,rm,,0.15,1,Factory,Create WIP
Coated Peanuts,B: Transform->Pack (in-line),10,PM24-3 Ply Carton CF24 10 Kg (390x290x220mm) 10000 gm -Unprinted,pm,,0.1,1,Factory,Final FG (packing)
Coated Peanuts - Magic Masala 1Kg,B: Transform->Pack (in-line),1,Glucose Syrup / Liquid Glucose,rm,,0.1,1,Factory,Create WIP
Coated Peanuts - Magic Masala 1Kg,B: Transform->Pack (in-line),2,Sugar,rm,,0.04,1,Factory,Create WIP
Coated Peanuts - Magic Masala 1Kg,B: Transform->Pack (in-line),3,Rice Atta,rm,,0.13,1,Factory,Create WIP
Coated Peanuts - Magic Masala 1Kg,B: Transform->Pack (in-line),4,Maize Starch,rm,,0.04,1,Factory,Create WIP
Coated Peanuts - Magic Masala 1Kg,B: Transform->Pack (in-line),5,Nachni Atta,rm,,0.01,1,Factory,Create WIP
Coated Peanuts - Magic Masala 1Kg,B: Transform->Pack (in-line),6,PREGEFLO C100,rm,,0.06,1,Factory,Create WIP
Coated Peanuts - Magic Masala 1Kg,B: Transform->Pack (in-line),7,Peanuts,rm,,0.47,1,Factory,Create WIP
Coated Peanuts - Magic Masala 1Kg,B: Transform->Pack (in-line),8,Palm Oil,rm,,0.03,1,Factory,Create WIP
Coated Peanuts - Magic Masala 1Kg,B: Transform->Pack (in-line),9,Magic Masala Seasoning,rm,,0.05,1,Factory,Create WIP
Coated Peanuts - Magic Masala 1Kg,B: Transform->Pack (in-line),10,Refined Fine Powder Iodized Salt Prime,rm,,0.01,1,Factory,Create WIP
Coated Peanuts - Magic Masala 1Kg,B: Transform->Pack (in-line),11,SIDCOT STARCH,rm,,0.06,1,Factory,Create WIP
Coated Peanuts - Magic Masala 1Kg,B: Transform->Pack (in-line),12,"PM24-Vacuum Pouch For 1 Kg-210 x 305mm, 16G-110 Micron (Solimo) 1000 gm",pm,,1,1,Factory,Final FG (packing)
Coated Peanuts - Magic Masala 1Kg,B: Transform->Pack (in-line),13,PM24-3 Ply Carton CF24 10 Kg (390x290x220mm) 10000 gm -Unprinted,pm,,0.1,1,Factory,Final FG (packing)
Coated Peanuts Pudina Patakha Bulk,,1,Coated Peanut Base,fg,,0.9,1,Factory,Final FG (Sorting+Packing)
Coated Peanuts Pudina Patakha Bulk,,2,Pudina seasoning,rm,,0.06,1,Factory,Final FG (Sorting+Packing)
Coated Peanuts Pudina Patakha Bulk,,3,Sunflower Oil in KG,rm,,0.04,1,Factory,Final FG (Sorting+Packing)
Coated Peanuts Tandoori Toofan Bulk,,1,Coated Peanut Base,fg,,0.9,1,Factory,Final FG (Sorting+Packing)
Coated Peanuts Tandoori Toofan Bulk,,2,Tandoori Seasoning,rm,,0.06,1,Factory,Final FG (Sorting+Packing)
Coated Peanuts Tandoori Toofan Bulk,,3,Sunflower Oil in KG,rm,,0.04,1,Factory,Final FG (Sorting+Packing)
Coated Peanuts Thai Flavour Bulk,,1,Coated Peanut Base,fg,,0.9,1,Factory,Final FG (Sorting+Packing)
Coated Peanuts Thai Flavour Bulk,,2,SWEET THAI CHILLI SEASONING,rm,,0.06,1,Factory,Final FG (Sorting+Packing)
Coated Peanuts Thai Flavour Bulk,,3,Sunflower Oil in KG,rm,,0.04,1,Factory,Final FG (Sorting+Packing)
Cocktail Mix,B: Transform->Pack (in-line),1,Afghan Black Raisins Seedless 1*2,rm,,0.4,1,Factory,Create WIP
Cocktail Mix,B: Transform->Pack (in-line),2,American Almonds Running 25-27 count,rm,,0.27,1,Factory,Create WIP
Cocktail Mix,B: Transform->Pack (in-line),3,Cashew 320,rm,,0.23,1,Factory,Create WIP
Cocktail Mix,B: Transform->Pack (in-line),4,Pista Kernel,rm,,0.1,1,Factory,Create WIP
Cocktail Mix,B: Transform->Pack (in-line),5,PM24-3 Ply Carton CF24 10 Kg (390x290x220mm) 10000 gm -Unprinted,pm,,0.1,1,Factory,Final FG (packing)
Cocktail Mix 230g,B: Transform->Pack (in-line),1,Pista Kernel,rm,,0.023,1,Factory,Create WIP
Cocktail Mix 230g,B: Transform->Pack (in-line),2,Afghan Black Raisins Seedless 1*2,rm,,0.092,1,Factory,Create WIP
Cocktail Mix 230g,B: Transform->Pack (in-line),3,American Almonds Running 25-27 count,rm,,0.0621,1,Factory,Create WIP
Cocktail Mix 230g,B: Transform->Pack (in-line),4,Cashew 320,rm,,0.0529,1,Factory,Create WIP
Cocktail Mix 230g,B: Transform->Pack (in-line),5,Refined Fine Powder Iodized Salt Prime,rm,,0.0046,1,Factory,Create WIP
Cocktail Mix 230g,B: Transform->Pack (in-line),6,PM24-Pet Jar 250 gm,pm,,1,1,PM Store,Final FG (packing)
Cocoa Glazed Almonds,,1,American Almonds Running 25-27 count,rm,,0.8747,1,Factory,Final FG (Sorting+Packing)
Cocoa Glazed Almonds,,2,Pure Maple Syrup,rm,,0.1053,1,Factory,Final FG (Sorting+Packing)
Cocoa Glazed Almonds,,3,Cocoa Powder,rm,,0.02,1,Factory,Final FG (Sorting+Packing)
Cocoa Glazed Hazelnuts,,1,Hazelnut Kernal,rm,,0.87,1,Factory,Final FG (Sorting+Packing)
Cocoa Glazed Hazelnuts,,2,Pure Maple Syrup,rm,,0.1,1,Factory,Final FG (Sorting+Packing)
Cocoa Glazed Hazelnuts,,3,Cocoa Powder,rm,,0.03,1,Factory,Final FG (Sorting+Packing)
Cocoa Peanut Date Balls 48 gms,B: Transform->Pack (in-line),1,Wet Dates Seedless Khalas,rm,,0.0144,1,Factory,Create WIP
Cocoa Peanut Date Balls 48 gms,B: Transform->Pack (in-line),2,AL Barakah Date Paste,rm,,0.0134,1,Factory,Create WIP
Cocoa Peanut Date Balls 48 gms,B: Transform->Pack (in-line),3,Peanuts,rm,,0.0106,1,Factory,Create WIP
Cocoa Peanut Date Balls 48 gms,B: Transform->Pack (in-line),4,Peanut Spilit (Groundnut),rm,,0.0048,1,Factory,Create WIP
Cocoa Peanut Date Balls 48 gms,B: Transform->Pack (in-line),5,Cocoa Powder,rm,,0.0048,1,Factory,Create WIP
Cococart Almond & Cranberry Date Bar 35gm,,1,AL Barakah Date Paste,rm,,0.0098,1,Factory,Final FG (Sorting+Packing)
Cococart Almond & Cranberry Date Bar 35gm,,2,Cranberry Slice Apple Infused,rm,,0.0088,1,Factory,Final FG (Sorting+Packing)
Cococart Almond & Cranberry Date Bar 35gm,,3,American Almonds Tukda,rm,,0.0098,1,Factory,Final FG (Sorting+Packing)
Cococart Almond & Cranberry Date Bar 35gm,,4,Cranberry Flavour 280619,rm,,0.0002,1,Factory,Final FG (Sorting+Packing)
Cococart Almond & Cranberry Date Bar 35gm,,5,Wet Dates Seedless Khalas,rm,,0.0064,1,Factory,Final FG (Sorting+Packing)
Cococart Almond & Cranberry Date Bar 35gm,,6,NASURE 19,rm,,0.0001,1,Factory,Final FG (Sorting+Packing)
Cococart Almond & Cranberry Date Bar 35gm,,7,PM24-Cococart-Almond Cranberry Digital,pm,,0.0025,1,PM Store,Final FG (packing)
Cococart Almond & Orange Dark Choco Date Bar 35gm,,1,AL Barakah Date Paste,rm,,0.0098,1,Factory,Final FG (Sorting+Packing)
Cococart Almond & Orange Dark Choco Date Bar 35gm,,2,Dried Orange Peel,rm,,0.0042,1,Factory,Final FG (Sorting+Packing)
Cococart Almond & Orange Dark Choco Date Bar 35gm,,3,DARK CHOCOLATE COUVERTURE 811,rm,,0.0046,1,Factory,Final FG (Sorting+Packing)
Cococart Almond & Orange Dark Choco Date Bar 35gm,,4,Orange Flavour 220509,rm,,0.0002,1,Factory,Final FG (Sorting+Packing)
Cococart Almond & Orange Dark Choco Date Bar 35gm,,5,American Almonds Tukda,rm,,0.0098,1,Factory,Final FG (Sorting+Packing)
Cococart Almond & Orange Dark Choco Date Bar 35gm,,6,NASURE 19,rm,,0.0064,1,Factory,Final FG (Sorting+Packing)
Cococart Almond & Orange Dark Choco Date Bar 35gm,,7,Wet Dates Seedless Khalas,rm,,0.0001,1,Factory,Final FG (Sorting+Packing)
Cococart Barbeque Trail Mix 60gm,,1,American Almonds Running 25-27 count,rm,,0.0114,1,Factory,Final FG (Sorting+Packing)
Cococart Barbeque Trail Mix 60gm,,2,Cashew 320,rm,,0.0072,1,Factory,Final FG (Sorting+Packing)
Cococart Barbeque Trail Mix 60gm,,3,Pista Kernel,rm,,0.003,1,Factory,Final FG (Sorting+Packing)
Cococart Barbeque Trail Mix 60gm,,4,Pumpkin Seed ( 5% ),rm,,0.0079,1,Factory,Final FG (Sorting+Packing)
Cococart Barbeque Trail Mix 60gm,,5,Sunflower Seeds,rm,,0.0079,1,Factory,Final FG (Sorting+Packing)
Cococart Barbeque Trail Mix 60gm,,6,Afghan Raisins 1*2 Green round,rm,,0.0066,1,Factory,Final FG (Sorting+Packing)
Cococart Barbeque Trail Mix 60gm,,7,Afghan Black Raisins Seedless 1*1,rm,,0.0066,1,Factory,Final FG (Sorting+Packing)
Cococart Barbeque Trail Mix 60gm,,8,Cranberry Slice,rm,,0.006,1,Factory,Final FG (Sorting+Packing)
Cococart Barbeque Trail Mix 60gm,,9,Barbeque seasoning,rm,,0.0034,1,Factory,Final FG (Sorting+Packing)
Cococart Black Pepper Trail Mix 60gm,,1,American Almonds Running 25-27 count,rm,,0.0114,1,Factory,Final FG (Sorting+Packing)
Cococart Black Pepper Trail Mix 60gm,,2,Cashew 320,rm,,0.0072,1,Factory,Final FG (Sorting+Packing)
Cococart Black Pepper Trail Mix 60gm,,3,Pista Kernel,rm,,0.003,1,Factory,Final FG (Sorting+Packing)
Cococart Black Pepper Trail Mix 60gm,,4,Pumpkin Seed ( 5% ),rm,,0.0079,1,Factory,Final FG (Sorting+Packing)
Cococart Black Pepper Trail Mix 60gm,,5,Sunflower Seeds,rm,,0.0079,1,Factory,Final FG (Sorting+Packing)
Cococart Black Pepper Trail Mix 60gm,,6,Afghan Raisins 1*2 Green round,rm,,0.0066,1,Factory,Final FG (Sorting+Packing)
Cococart Black Pepper Trail Mix 60gm,,7,Afghan Black Raisins Seedless 1*1,rm,,0.0066,1,Factory,Final FG (Sorting+Packing)
Cococart Black Pepper Trail Mix 60gm,,8,Cranberry Slice,rm,,0.006,1,Factory,Final FG (Sorting+Packing)
Cococart Black Pepper Trail Mix 60gm,,9,Black Pepper Seasoning,rm,,0.0034,1,Factory,Final FG (Sorting+Packing)
Cococart Cheese Makhana 100gm,,1,Makhana 4+ Sutta,rm,,0.06,1,Factory,Final FG (Sorting+Packing)
Cococart Cheese Makhana 100gm,,2,SUNFLOWER OIL,rm,,0.022,1,Factory,Final FG (Sorting+Packing)
Cococart Cheese Makhana 100gm,,3,CHEESE SEASONING,rm,,0.018,1,Factory,Final FG (Sorting+Packing)
Cococart Fruit & Nut Date Bar 35gm,,1,AL Barakah Date Paste,rm,,0.0098,1,Factory,Final FG (Sorting+Packing)
Cococart Fruit & Nut Date Bar 35gm,,2,American Almonds Tukda,rm,,0.0064,1,Factory,Final FG (Sorting+Packing)
Cococart Fruit & Nut Date Bar 35gm,,3,Pista Kernel,rm,,0.0063,1,Factory,Final FG (Sorting+Packing)
Cococart Fruit & Nut Date Bar 35gm,,4,Cashew Tukda,rm,,0.0018,1,Factory,Final FG (Sorting+Packing)
Cococart Fruit & Nut Date Bar 35gm,,5,Cranberry Slice Apple Infused,rm,,0.0035,1,Factory,Final FG (Sorting+Packing)
Cococart Fruit & Nut Date Bar 35gm,,6,Dried Black Currant,rm,,0.0035,1,Factory,Final FG (Sorting+Packing)
Cococart Fruit & Nut Date Bar 35gm,,7,Cranberry Flavour 280619,rm,,0.0035,1,Factory,Final FG (Sorting+Packing)
Cococart Fruit & Nut Date Bar 35gm,,8,Raspberry Flavour 240323,rm,,0.0001,1,Factory,Final FG (Sorting+Packing)
Cococart Fruit & Nut Date Bar 35gm,,9,NASURE 19,rm,,0.0001,1,Factory,Final FG (Sorting+Packing)
Cococart Fruit & Nut Date Bar 35gm,,10,Wet Dates Seedless Khalas,rm,,0.0001,1,Factory,Final FG (Sorting+Packing)
Cococart Himalayan Pink Salt Makhana 100gm,,1,Makhana 4+ Sutta,rm,,0.075,1,Factory,Final FG (Sorting+Packing)
Cococart Himalayan Pink Salt Makhana 100gm,,2,SUNFLOWER OIL,rm,,0.022,1,Factory,Final FG (Sorting+Packing)
Cococart Himalayan Pink Salt Makhana 100gm,,3,Pink Salt.,rm,,0.003,1,Factory,Final FG (Sorting+Packing)
Cococart Himalayan Salt Trail Mix 60gm,,1,American Almonds Running 25-27 count,rm,,0.012,1,Factory,Final FG (Sorting+Packing)
Cococart Himalayan Salt Trail Mix 60gm,,2,Cashew 320,rm,,0.0075,1,Factory,Final FG (Sorting+Packing)
Cococart Himalayan Salt Trail Mix 60gm,,3,Pista Kernel,rm,,0.003,1,Factory,Final FG (Sorting+Packing)
Cococart Himalayan Salt Trail Mix 60gm,,4,Pumpkin Seed ( 5% ),rm,,0.008,1,Factory,Final FG (Sorting+Packing)
Cococart Himalayan Salt Trail Mix 60gm,,5,Sunflower Seeds,rm,,0.0079,1,Factory,Final FG (Sorting+Packing)
Cococart Himalayan Salt Trail Mix 60gm,,6,Afghan Raisins 1*2 Green round,rm,,0.0066,1,Factory,Final FG (Sorting+Packing)
Cococart Himalayan Salt Trail Mix 60gm,,7,Afghan Black Raisins Seedless 1*1,rm,,0.0066,1,Factory,Final FG (Sorting+Packing)
Cococart Himalayan Salt Trail Mix 60gm,,8,Cranberry Slice,rm,,0.0072,1,Factory,Final FG (Sorting+Packing)
Cococart Himalayan Salt Trail Mix 60gm,,9,Pink Salt.,rm,,0.0012,1,Factory,Final FG (Sorting+Packing)
Cococart Lime Chilli Makhana 100gm,,1,Makhana 4+ Sutta,rm,,0.066,1,Factory,Final FG (Sorting+Packing)
Cococart Lime Chilli Makhana 100gm,,2,SUNFLOWER OIL,rm,,0.024,1,Factory,Final FG (Sorting+Packing)
Cococart Lime Chilli Makhana 100gm,,3,Lime Chilli Seasoning,rm,,0.01,1,Factory,Final FG (Sorting+Packing)
Cococart Peri Peri Trail Mix 60gm,,1,American Almonds Running 25-27 count,rm,,0.0114,1,Factory,Final FG (Sorting+Packing)
Cococart Peri Peri Trail Mix 60gm,,2,Cashew 320,rm,,0.0072,1,Factory,Final FG (Sorting+Packing)
Cococart Peri Peri Trail Mix 60gm,,3,Pista Kernel,rm,,0.003,1,Factory,Final FG (Sorting+Packing)
Cococart Peri Peri Trail Mix 60gm,,4,Pumpkin Seed ( 5% ),rm,,0.0079,1,Factory,Final FG (Sorting+Packing)
Cococart Peri Peri Trail Mix 60gm,,5,Sunflower Seeds,rm,,0.0079,1,Factory,Final FG (Sorting+Packing)
Cococart Peri Peri Trail Mix 60gm,,6,Afghan Raisins 1*2 Green round,rm,,0.0066,1,Factory,Final FG (Sorting+Packing)
Cococart Peri Peri Trail Mix 60gm,,7,Afghan Black Raisins Seedless 1*1,rm,,0.0066,1,Factory,Final FG (Sorting+Packing)
Cococart Peri Peri Trail Mix 60gm,,8,Cranberry Slice,rm,,0.006,1,Factory,Final FG (Sorting+Packing)
Cococart Peri Peri Trail Mix 60gm,,9,Peri Peri Marination Seasoning,rm,,0.0034,1,Factory,Final FG (Sorting+Packing)
Cococart Pudina Salt Makhana 100gm,,1,Makhana 4+ Sutta,rm,,0.066,1,Factory,Final FG (Sorting+Packing)
Cococart Pudina Salt Makhana 100gm,,2,SUNFLOWER OIL,rm,,0.022,1,Factory,Final FG (Sorting+Packing)
Cococart Pudina Salt Makhana 100gm,,3,Pudina seasoning,rm,,0.012,1,Factory,Final FG (Sorting+Packing)
Cococart Raspberry Almond Dark Choco Date Bar 35gm,,1,AL Barakah Date Paste,rm,,0.0098,1,Factory,Final FG (Sorting+Packing)
Cococart Raspberry Almond Dark Choco Date Bar 35gm,,2,DARK CHOCOLATE COUVERTURE 811,rm,,0.0046,1,Factory,Final FG (Sorting+Packing)
Cococart Raspberry Almond Dark Choco Date Bar 35gm,,3,Raspberry Flavour 240323,rm,,0.0003,1,Factory,Final FG (Sorting+Packing)
Cococart Raspberry Almond Dark Choco Date Bar 35gm,,4,American Almonds Tukda,rm,,0.014,1,Factory,Final FG (Sorting+Packing)
Cococart Raspberry Almond Dark Choco Date Bar 35gm,,5,NASURE 19,rm,,0.0001,1,Factory,Final FG (Sorting+Packing)
Cococart Raspberry Almond Dark Choco Date Bar 35gm,,6,Wet Dates Seedless Khalas,rm,,0.0063,1,Factory,Final FG (Sorting+Packing)
Coconut Laddubar (Semi Finished),,1,American Almonds Tukda,rm,,0.0527,1,Factory,Final FG (Sorting+Packing)
Coconut Laddubar (Semi Finished),,2,Cashew Tukda,rm,,0.0527,1,Factory,Final FG (Sorting+Packing)
Coconut Laddubar (Semi Finished),,3,PEANUT BUTTER,fg,,0.0527,1,Factory,Final FG (Sorting+Packing)
Coconut Laddubar (Semi Finished),,4,Pista Kernel,rm,,0.0176,1,Factory,Final FG (Sorting+Packing)
Coconut Laddubar (Semi Finished),,5,Dried Coconut Flakes [Khaman Srifal],rm,,0.1843,1,Factory,Final FG (Sorting+Packing)
Coconut Laddubar (Semi Finished),,6,Wheat Aata (Wheat Flour)- TPL - 5%,rm,,0.0088,1,Factory,Final FG (Sorting+Packing)
Coconut Laddubar (Semi Finished),,7,Cardamom Powder,pm,,0.0088,1,Factory,Final FG (packing)
Coconut Laddubar (Semi Finished),,8,AL Barakah Date Paste,rm,,0.1053,1,Factory,Final FG (Sorting+Packing)
Coconut Laddubar (Semi Finished),,9,AL BARAKAH FARD DATES STANDARD,rm,,0.1316,1,Factory,Final FG (Sorting+Packing)
Coconut Laddubar (Semi Finished),,10,Jaggery Powder 0%,rm,,0.1229,1,Factory,Final FG (Sorting+Packing)
Coconut Laddubar (Semi Finished),,11,Desi Ghee,rm,,0.2633,1,Factory,Final FG (Sorting+Packing)
Coconut Laddubar Mini 9g,B: Transform->Pack (in-line),1,Coconut Laddubar (Semi Finished),fg,,0.009,1,Factory,Create WIP
Coconut Laddubar Mini 9g,B: Transform->Pack (in-line),2,PM24-EMPL Coconut Pouch Roll 9gm,pm,,0.0015,1,Factory,Final FG (packing)
Coffee Laddoo 18gm,B: Transform->Pack (in-line),1,Wet Dates Seedless Khalas,rm,,0.004,1,Factory,Create WIP
Coffee Laddoo 18gm,B: Transform->Pack (in-line),2,AL Barakah Date Paste,rm,,0.0048,1,Factory,Create WIP
Coffee Laddoo 18gm,B: Transform->Pack (in-line),3,Cashew Tukda,rm,,0.0025,1,Factory,Create WIP
Coffee Laddoo 18gm,B: Transform->Pack (in-line),4,American Almonds Tukda,rm,,0.0018,1,Factory,Create WIP
Coffee Laddoo 18gm,B: Transform->Pack (in-line),5,Cocoa Powder,rm,,0.0009,1,Factory,Create WIP
Coffee Laddoo 18gm,B: Transform->Pack (in-line),6,Black Chia Seeds,rm,,0.0004,1,Factory,Create WIP
Coffee Laddoo 18gm,B: Transform->Pack (in-line),7,Refined Fine Powder Iodized Salt Prime,rm,,0.0001,1,Factory,Create WIP
Coffee Laddoo 18gm,B: Transform->Pack (in-line),8,Desi Ghee,rm,,0.0002,1,Factory,Create WIP
Coffee Laddoo Semi Finished,B: Transform->Pack (in-line),1,Wet Dates Seedless Khalas,rm,,0.2777,1,Factory,Create WIP
Coffee Laddoo Semi Finished,B: Transform->Pack (in-line),2,AL Barakah Date Paste,rm,,0.2777,1,Factory,Create WIP
Coffee Laddoo Semi Finished,B: Transform->Pack (in-line),3,Cashew Tukda,rm,,0.1667,1,Factory,Create WIP
Coffee Laddoo Semi Finished,B: Transform->Pack (in-line),4,American Almonds Tukda,rm,,0.167,1,Factory,Create WIP
Coffee Laddoo Semi Finished,B: Transform->Pack (in-line),5,Cocoa Powder,rm,,0.055,1,Factory,Create WIP
Coffee Laddoo Semi Finished,B: Transform->Pack (in-line),6,Black Chia Seeds,rm,,0.0278,1,Factory,Create WIP
Coffee Laddoo Semi Finished,B: Transform->Pack (in-line),7,Refined Fine Powder Iodized Salt Prime,rm,,0.0111,1,Factory,Create WIP
Coffee Laddoo Semi Finished,B: Transform->Pack (in-line),8,Desi Ghee,rm,,0.0167,1,Factory,Create WIP
Cranberry Date Balls 48 gms,B: Transform->Pack (in-line),1,Wet Dates Seedless Khalas,rm,,0.0144,1,Factory,Create WIP
Cranberry Date Balls 48 gms,B: Transform->Pack (in-line),2,AL Barakah Date Paste,rm,,0.0098,1,Factory,Create WIP
Cranberry Date Balls 48 gms,B: Transform->Pack (in-line),3,Almond Powder,rm,,0.0115,1,Factory,Create WIP
Cranberry Date Balls 48 gms,B: Transform->Pack (in-line),4,Cashew Tukda,rm,,0.0024,1,Factory,Create WIP
Cranberry Date Balls 48 gms,B: Transform->Pack (in-line),5,Dried Cranberry Sliced,rm,,0.0096,1,Factory,Create WIP
Cranberry Date Balls 48 gms,B: Transform->Pack (in-line),6,VANILLA LIQUID EXTRACT,rm,,0.0002,1,Factory,Create WIP
Cranberry Whole 230g,D: Pack-only,1,Dried Cranberry Whole,rm,,0.23,1,Factory,Final FG (Sorting+Packing)
Cranberry Whole 230g,D: Pack-only,2,PM24-Pet Jar 250 gm,pm,,1,1,PM Store,Final FG (packing)
Crunchy Caramel Trail Mix,B: Transform->Pack (in-line),1,Orange Slice / Pieces,rm,,0.1,1,Factory,Create WIP
Crunchy Caramel Trail Mix,B: Transform->Pack (in-line),2,Dried Cranberry Sliced,rm,,0.25,1,Factory,Create WIP
Crunchy Caramel Trail Mix,B: Transform->Pack (in-line),3,Choco Chips,rm,,0.2,1,Factory,Create WIP
Crunchy Caramel Trail Mix,B: Transform->Pack (in-line),4,Diced Almond,rm,,0.25,1,Factory,Create WIP
Crunchy Caramel Trail Mix,B: Transform->Pack (in-line),5,Pecan Nuts,rm,,0.1,1,Factory,Create WIP
Crunchy Caramel Trail Mix,B: Transform->Pack (in-line),6,Hazelnut Kernal,rm,,0.1,1,Factory,Create WIP
Crunchy Caramel Trail Mix,B: Transform->Pack (in-line),7,Caramel Sweet Popcorn Flavour,rm,,0.08,1,Factory,Create WIP
Crunchy Caramel Trail Mix 230g,B: Transform->Pack (in-line),1,Orange Slice / Pieces,rm,,0.023,1,Factory,Create WIP
Crunchy Caramel Trail Mix 230g,B: Transform->Pack (in-line),2,Dried Cranberry Sliced,rm,,0.0575,1,Factory,Create WIP
Crunchy Caramel Trail Mix 230g,B: Transform->Pack (in-line),3,Dark Compound Chips,rm,,0.046,1,Factory,Create WIP
Crunchy Caramel Trail Mix 230g,B: Transform->Pack (in-line),4,Diced Almond,rm,,0.0575,1,Factory,Create WIP
Crunchy Caramel Trail Mix 230g,B: Transform->Pack (in-line),5,Pecan Nuts Kernel Split,rm,,0.023,1,Factory,Create WIP
Crunchy Caramel Trail Mix 230g,B: Transform->Pack (in-line),6,Hazelnut Kernal,rm,,0.023,1,Factory,Create WIP
Crunchy Caramel Trail Mix 230g,B: Transform->Pack (in-line),7,Caramel Sweet Popcorn Flavour,rm,,0.0184,1,Factory,Create WIP
Crunchy Caramel Trail Mix 230g,B: Transform->Pack (in-line),8,PM24-Pet Jar 250 gm,pm,,1,1,PM Store,Final FG (packing)
Curate Anjeer 200g,D: Pack-only,1,Anjeer Selected,rm,,0.208,1,Factory,Final FG (Sorting+Packing)
Curate Anjeer 200g,D: Pack-only,2,PM24-Curate Anjeer Monocarton 200 gm,pm,,1,1,Factory,Final FG (packing)
Curate Anjeer 200g,D: Pack-only,3,PM24-Curate Anjeer Label  250 gm,pm,,1,1,Factory,Final FG (packing)
Curate Anjeer 200g,D: Pack-only,4,PM24-3 ply Curate Carton (C21)Printed 15 Kg,pm,,0.013,1,Factory,Final FG (packing)
CURATE BLUEBERRIES 200G,D: Pack-only,1,Dried Blueberry,rm,,0.201,1,Factory,Final FG (Sorting+Packing)
CURATE BLUEBERRIES 200G,D: Pack-only,2,PM24-Curate Whole Blueberry Monocarton 200 gm,pm,,1,1,Factory,Final FG (packing)
CURATE BLUEBERRIES 200G,D: Pack-only,3,PM24-3 Ply Curate Carton 10 Kg (CF24) Printed,pm,,0.02,1,Factory,Final FG (packing)
Curate Cashews 200g,D: Pack-only,1,Cashew 180,rm,,0.201,1,Factory,Final FG (Sorting+Packing)
Curate Cashews 200g,D: Pack-only,2,PM24-Curate Cashew Monocarton 200 gm,pm,,1,1,Factory,Final FG (packing)
Curate Cashews 200g,D: Pack-only,3,PM24-Curate Cashew 250 gm Label,pm,,1,1,Factory,Final FG (packing)
Curate Cashews 200g,D: Pack-only,4,PM24-3 Ply Curate Carton 10 Kg (CF24) Printed,pm,,0.02,1,Factory,Final FG (packing)
Curate Cashews 500g,D: Pack-only,1,Cashew 180,rm,,0.5175,1,Factory,Final FG (Sorting+Packing)
Curate Cashews 500g,D: Pack-only,2,PM24-Curate Cashew Monocarton 500 gm,pm,,1,1,Factory,Final FG (packing)
Curate Cashews 500g,D: Pack-only,3,PM24-Curate Cashew Label  550 gm,pm,,1,1,Factory,Final FG (packing)
Curate Cashews 500g,D: Pack-only,4,PM24-3 Ply Curate Carton 10 Kg (CF24) Printed,pm,,0.05,1,Factory,Final FG (packing)
CURATE DATE BITES ASRTD RO/CA IND 420G,D: Pack-only,1,CURATE DATE BITES IND 210G,fg,,1,1,Factory,Final FG (Sorting+Packing)
CURATE DATE BITES ASRTD RO/CA IND 420G,D: Pack-only,2,CURATE DATE BITES ROSE IND 210G,fg,,1,1,Factory,Final FG (Sorting+Packing)
CURATE DATE BITES COFFEE IND 210G,,1,Fardh Dates,rm,,0.0996,1,Factory,Final FG (Sorting+Packing)
CURATE DATE BITES COFFEE IND 210G,,2,Cashew Tukda,rm,,0.0448,1,Factory,Final FG (Sorting+Packing)
CURATE DATE BITES COFFEE IND 210G,,3,American Almonds Tukda,rm,,0.0498,1,Factory,Final FG (Sorting+Packing)
CURATE DATE BITES COFFEE IND 210G,,4,Cocoa Powder,rm,,0.0057,1,Factory,Final FG (Sorting+Packing)
CURATE DATE BITES COFFEE IND 210G,,5,COFFEE EXT AQU ALC - 4010000239,rm,,0.0075,1,Factory,Final FG (Sorting+Packing)
CURATE DATE BITES COFFEE IND 210G,,6,Salt,rm,,0.001,1,Factory,Final FG (Sorting+Packing)
CURATE DATE BITES COFFEE IND 210G,,7,Coffee Beans,rm,,0.0015,1,Factory,Final FG (Sorting+Packing)
CURATE DATE BITES IND 210G,B: Transform->Pack (in-line),1,PM24-D M 10 Gm Inner Tray 210 gm (blister),pm,,1,1,PM Store,Final FG (packing)
CURATE DATE BITES IND 210G,B: Transform->Pack (in-line),2,PM24- Curate Date Bite Classic Cardamon,pm,,1,1,PM Store,Final FG (packing)
CURATE DATE BITES IND 210G,B: Transform->Pack (in-line),3,Date Bites Semi Finished,fg,,0.21,1,Factory,Create WIP
CURATE DATE BITES ROSE IND 210G,B: Transform->Pack (in-line),1,Date Bites Rose (Semi Finished),fg,,0.21,1,Factory,Create WIP
CURATE DATE BITES ROSE IND 210G,B: Transform->Pack (in-line),2,PM24-Curate Date Bite-Rose Monocarton 210 gm,pm,,1,1,Factory,Final FG (packing)
CURATE DATE BITES ROSE IND 210G,B: Transform->Pack (in-line),3,PM24-D M 10 Gm Inner Tray 210 gm (blister),pm,,1,1,Factory,Final FG (packing)
CURATE DATE BITES ROSE IND 360G,B: Transform->Pack (in-line),1,Date Bites Rose (Semi Finished),fg,,0.36,1,Factory,Create WIP
CURATE DATE BITES ROSE IND 360G,B: Transform->Pack (in-line),2,PM24-Hamper-Curate Bon Bon Laddu 360g,pm,,1,1,Factory,Final FG (packing)
CURATE DATE BITES ROSE IND 360G,B: Transform->Pack (in-line),3,PM24-DM03 Bottom Golden Blister,pm,,1,1,Factory,Final FG (packing)
CURATE MACADEMIA NUTS 200G,D: Pack-only,1,Macadamia Roasted - Size 4,rm,,0.202,1,Factory,Final FG (Sorting+Packing)
CURATE MACADEMIA NUTS 200G,D: Pack-only,2,PM24-Curate Macadamia Nuts Monocarton 200 gm,pm,,1,1,Factory,Final FG (packing)
CURATE MACADEMIA NUTS 200G,D: Pack-only,3,PM24-3 ply Curate Carton (C21)Printed 15 Kg,pm,,0.013,1,Factory,Final FG (packing)
CURATE MAMRA ALMOND 500G,D: Pack-only,1,Mamra Almonds 5A,rm,,0.505,1,Factory,Final FG (Sorting+Packing)
CURATE MAMRA ALMOND 500G,D: Pack-only,2,PM24-Curate Mamra Almond Monocarton 500 gm,pm,,1,1,Factory,Final FG (packing)
CURATE MAMRA ALMOND 500G,D: Pack-only,3,PM24-Curate Mamra Almond Label 600 gm,pm,,1,1,Factory,Final FG (packing)
CURATE MAMRA ALMOND 500G,D: Pack-only,4,PM24-3 Ply Curate Carton 10 Kg (CF24) Printed,pm,,0.05,1,Factory,Final FG (packing)
Curate Mamra Almonds 200g,D: Pack-only,1,Mamra Almonds 5A,rm,,0.212,1,Factory,Final FG (Sorting+Packing)
Curate Mamra Almonds 200g,D: Pack-only,2,PM24-Curate Mamra Almond Monocarton 200 gm,pm,,1,1,Factory,Final FG (packing)
Curate Mamra Almonds 200g,D: Pack-only,3,PM24-Curate Mamra Almond Label 250 gm,pm,,1,1,Factory,Final FG (packing)
Curate Mamra Almonds 200g,D: Pack-only,4,PM24-3 Ply Curate Carton 10 Kg (CF24) Printed,pm,,0.02,1,Factory,Final FG (packing)
Curate Oriental Dates 500gm,D: Pack-only,1,Oriental Dates,rm,,0.5,1,Factory,Final FG (Sorting+Packing)
Curate Oriental Dates 500gm,D: Pack-only,2,PM24-Curate Oriental Dates Top 500 gm,pm,,1,1,Factory,Final FG (packing)
Curate Oriental Dates 500gm,D: Pack-only,3,PM24-Curate Dates Bottom Printed 500 gm,pm,,1,1,Factory,Final FG (packing)
Curate Pista Pishori 200g,B: Transform->Pack (in-line),1,PISTACHIO KERNEL-PISHORI,rm,,0.2023,1,Factory,Create WIP
Curate Pista Pishori 200g,B: Transform->Pack (in-line),2,PM24-Curate Pista Peshawari Monocarton 200 gm,pm,,1,1,Factory,Final FG (packing)
Curate Pista Pishori 200g,B: Transform->Pack (in-line),3,PM24-Curate Pista Peshawari Label 300 gm,pm,,1,1,Factory,Final FG (packing)
Curate Pista Pishori 200g,B: Transform->Pack (in-line),4,PM24-3 Ply Curate Carton 10 Kg (CF24) Printed,pm,,0.02,1,Factory,Final FG (packing)
Curate Prunes 200g,D: Pack-only,1,Dried Prunes (Pitted),rm,,0.2,1,Factory,Final FG (Sorting+Packing)
Curate Prunes 200g,D: Pack-only,2,PM24-Curate Pitted Prunes Monocarton 200 gm,pm,,1,1,Factory,Final FG (packing)
Curate Prunes 200g,D: Pack-only,3,PM24-Curate Prunes Label 300 gm,pm,,1,1,Factory,Final FG (packing)
Curate Prunes 200g,D: Pack-only,4,PM24-3 ply Curate Carton (C21)Printed 15 Kg,pm,,0.06,1,Factory,Final FG (packing)
Curate Roasted Hazelnuts 200g,B: Transform->Pack (in-line),1,Hazelnut Kernal,rm,,0.201,1,Factory,Create WIP
Curate Roasted Hazelnuts 200g,B: Transform->Pack (in-line),2,PM24-Curate Hazelnut Monocarton 200 gm,pm,,1,1,Factory,Final FG (packing)
Curate Roasted Hazelnuts 200g,B: Transform->Pack (in-line),3,PM24-Curate Roasted Hazelnut 250 gm Label,pm,,1,1,Factory,Final FG (packing)
Curate Roasted Hazelnuts 200g,B: Transform->Pack (in-line),4,PM24-3 ply Curate Carton (C21)Printed 15 Kg,pm,,0.013,1,Factory,Final FG (packing)
Curate Roasted Hazelnuts 550g Jr,B: Transform->Pack (in-line),1,Hazelnut Kernal,rm,,0.55,1,Factory,Create WIP
Curate Roasted Hazelnuts 550g Jr,B: Transform->Pack (in-line),2,PM24-Glass Jar Reliance RGP 1 Kg,pm,,1.01,1,Factory,Final FG (packing)
Curate Roasted Hazelnuts 550g Jr,B: Transform->Pack (in-line),3,PM24-100 mm RO Caps Reliance PGP 1 Kg,pm,,1.01,1,Factory,Final FG (packing)
Curate Roasted Hazelnuts 550g Jr,B: Transform->Pack (in-line),4,PM24-Wad (Big) Reliance PGP 500 gm For 1000 Ml Round Glass Jar,pm,,1.01,1,Factory,Final FG (packing)
Curate Roasted Hazelnuts 550g Jr,B: Transform->Pack (in-line),5,PM24-3 Ply Carton Big Glass Bottle Carton / Partion 14.5 x 10 x 6.75 mm 1500 gm,pm,,0.17,1,Factory,Final FG (packing)
CURATE WHOLE CRANBERRIES 200G,D: Pack-only,1,Dried Cranberry Whole,rm,,0.202,1,Factory,Final FG (Sorting+Packing)
CURATE WHOLE CRANBERRIES 200G,D: Pack-only,2,PM24-Curate Whole Cranberry Monocarton 200 gm,pm,,1,1,Factory,Final FG (packing)
CURATE WHOLE CRANBERRIES 200G,D: Pack-only,3,PM24-Curate Cranberry Whole Label  300 gm,pm,,1,1,Factory,Final FG (packing)
CURATE WHOLE CRANBERRIES 200G,D: Pack-only,4,PM24-3 Ply Curate Carton 10 Kg (CF24) Printed,pm,,0.02,1,Factory,Final FG (packing)
Daily Mewa Healthy Mix,B: Transform->Pack (in-line),1,Cashew 400,rm,,0.1484,1,Factory,Create WIP
Daily Mewa Healthy Mix,B: Transform->Pack (in-line),2,American Almonds Running 25-27 count,rm,,0.1484,1,Factory,Create WIP
Daily Mewa Healthy Mix,B: Transform->Pack (in-line),3,Pumpkin Seed ( 5% ),rm,,0.1172,1,Factory,Create WIP
Daily Mewa Healthy Mix,B: Transform->Pack (in-line),4,Sunflower Seeds,rm,,0.1172,1,Factory,Create WIP
Daily Mewa Healthy Mix,B: Transform->Pack (in-line),5,Dried Cherry (Red),rm,,0.1172,1,Factory,Create WIP
Daily Mewa Healthy Mix,B: Transform->Pack (in-line),6,Dried Cranberry Sliced,rm,,0.1172,1,Factory,Create WIP
Daily Mewa Healthy Mix,B: Transform->Pack (in-line),7,Afghan Black Raisins Seedless 1*1,rm,,0.1172,1,Factory,Create WIP
Daily Mewa Healthy Mix,B: Transform->Pack (in-line),8,Indian Green Raisins,rm,,0.1172,1,Factory,Create WIP
Daily Mewa Healthy Mix,B: Transform->Pack (in-line),9,PM24-3 Ply Carton CF24 10 Kg (390x290x220mm) 10000 gm -Unprinted,pm,,0.1,1,Factory,Final FG (packing)
Dark Almond Draggies,B: Transform->Pack (in-line),1,American Almonds Running 25-27 count,rm,,0.3318,1,Factory,Create WIP
Dark Almond Draggies,B: Transform->Pack (in-line),2,Dark Compound Chocolate,rm,,0.6636,1,Factory,Create WIP
Dark Almond Draggies,B: Transform->Pack (in-line),3,CAPOL 425M,rm,,0.0023,1,Factory,Create WIP
Dark Almond Draggies,B: Transform->Pack (in-line),4,CAPOL 254N,rm,,0.0023,1,Factory,Create WIP
Dark Almond Draggies,B: Transform->Pack (in-line),5,PM24-3 Ply Carton CF24 10 Kg (390x290x220mm) 10000 gm -Unprinted,pm,,0.1,1,Factory,Final FG (packing)
Dark Chocolate Coated Almond Stuffed Khalas Single,B: Transform->Pack (in-line),1,Wet Dates Khalas,rm,,0.0085,1,Factory,Create WIP
Dark Chocolate Coated Almond Stuffed Khalas Single,B: Transform->Pack (in-line),2,American Almonds Running 25-27 count,rm,,0.001,1,Factory,Create WIP
Dark Chocolate Coated Almond Stuffed Khalas Single,B: Transform->Pack (in-line),3,Dark Compound Chocolate,rm,,0.002,1,Factory,Create WIP
Dark Chocolate Coated Almond Stuffed Khalas(No Use),,1,Wet Dates Khalas,rm,,0.0085,1,Factory,Final FG (Sorting+Packing)
Dark Chocolate Coated Almond Stuffed Khalas(No Use),,2,American Almonds Running 25-27 count,rm,,0.001,1,Factory,Final FG (Sorting+Packing)
Dark Chocolate Coated Almond Stuffed Khalas(No Use),,3,Dark Compound Chocolate,rm,,0.002,1,Factory,Final FG (Sorting+Packing)
Dark Chocolate Coated Cashew Stuffed Khalas Single,B: Transform->Pack (in-line),1,Wet Dates Khalas,rm,,0.0085,1,Factory,Create WIP
Dark Chocolate Coated Cashew Stuffed Khalas Single,B: Transform->Pack (in-line),2,Cashew 400,rm,,0.001,1,Factory,Create WIP
Dark Chocolate Coated Cashew Stuffed Khalas Single,B: Transform->Pack (in-line),3,Dark Compound Chocolate,rm,,0.002,1,Factory,Create WIP
Dark Chocolate Coated Cashew Stuffed Khalas(No Use),,1,Wet Dates Khalas,rm,,0.0085,1,Factory,Final FG (Sorting+Packing)
Dark Chocolate Coated Cashew Stuffed Khalas(No Use),,2,Cashew 400,rm,,0.001,1,Factory,Final FG (Sorting+Packing)
Dark Chocolate Coated Cashew Stuffed Khalas(No Use),,3,Dark Compound Chocolate,rm,,0.002,1,Factory,Final FG (Sorting+Packing)
Dark Chocolate Coated Deri Date with Almond Single,,1,Deri Dates,rm,,0.013,1,Factory,Final FG (Sorting+Packing)
Dark Chocolate Coated Deri Date with Almond Single,,2,American Almonds Running 25-27 count,rm,,0.001,1,Factory,Final FG (Sorting+Packing)
Dark Chocolate Coated Deri Date with Almond Single,,3,Dark Compound Chocolate,rm,,0.0024,1,Factory,Final FG (Sorting+Packing)
Dark Chocolate Coated Fard Date with Almond Single,,1,AL BARAKAH FARD DATES STANDARD,rm,,0.012,1,Factory,Final FG (Sorting+Packing)
Dark Chocolate Coated Fard Date with Almond Single,,2,American Almonds Running 25-27 count,rm,,0.0015,1,Factory,Final FG (Sorting+Packing)
Dark Chocolate Coated Macadamia 110g,B: Transform->Pack (in-line),1,Macadamia Roasted - Size 1,rm,,0.05,1,Factory,Create WIP
Dark Chocolate Coated Macadamia 110g,B: Transform->Pack (in-line),2,Sugar,rm,,0.02,1,Factory,Create WIP
Dark Chocolate Coated Macadamia 110g,B: Transform->Pack (in-line),3,Dark Compound Chocolate,rm,,0.04,1,Factory,Create WIP
Dark Chocolate Coated Macadamia 110g,B: Transform->Pack (in-line),4,PM24-Pet 100 gm,pm,,1,1,PM Store,Final FG (packing)
Dark Chocolate Coated Macadamia 110g,B: Transform->Pack (in-line),5,PM24-3 Ply Carton CF21 Walnut Carton (445X310X305MM)-Unprinted,pm,,0.025,1,PM Store,Final FG (packing)
Dark Chocolate Coated Safavi Stuffed Dates Pc,,1,Wet Dates Seedless Safavi,rm,,0.08,1,Factory,Final FG (Sorting+Packing)
Dark Chocolate Coated Safavi Stuffed Dates Pc,,2,American Almonds Running 25-27 count,rm,,0.001,1,Factory,Final FG (Sorting+Packing)
Dark Chocolate Coated Safavi Stuffed Dates Pc,,3,Dark Compound Chocolate,rm,,0.002,1,Factory,Final FG (Sorting+Packing)
Dark Chocolate Macadamia Clusters 100gm,,1,Macadamia Dark Chocolate Clusters,fg,,0.1,1,Factory,Final FG (Sorting+Packing)
Dark Chocolate Macadamia Clusters 100gm,,2,PM24-Australia Macadamia Dark Chocolate Clusters  Pouch,pm,,1,1,PM Store,Final FG (packing)
Dark Chocolate Macadamia Clusters 100gm,,3,PM24-3 Ply Carton CF24 10 Kg (390x290x220mm) 10000 gm -Unprinted,pm,,0.021,1,PM Store,Final FG (packing)
Date Balls Coated Coconut (22G X 3),B: Transform->Pack (in-line),1,AL BARAKAH FARD DATES STANDARD,rm,,0.0142,1,Factory,Create WIP
Date Balls Coated Coconut (22G X 3),B: Transform->Pack (in-line),2,Cashew Tukda,rm,,0.0064,1,Factory,Create WIP
Date Balls Coated Coconut (22G X 3),B: Transform->Pack (in-line),3,American Almonds Tukda,rm,,0.0071,1,Factory,Create WIP
Date Balls Coated Coconut (22G X 3),B: Transform->Pack (in-line),4,Cocoa Powder,rm,,0.0008,1,Factory,Create WIP
Date Balls Coated Coconut (22G X 3),B: Transform->Pack (in-line),5,COFFEE EXT AQU ALC - 4010000239,rm,,0.0011,1,Factory,Create WIP
Date Balls Coated Coconut (22G X 3),B: Transform->Pack (in-line),6,Salt,rm,,0.0001,1,Factory,Create WIP
Date Balls Coated Coconut (22G X 3),B: Transform->Pack (in-line),7,Coffee Beans,rm,,0.0002,1,Factory,Create WIP
Date Balls Coated Coconut (22G X 3),B: Transform->Pack (in-line),8,White Compound Chocolate,rm,,0.03,1,Factory,Create WIP
Date Balls Coated Coconut (22G X 3),B: Transform->Pack (in-line),9,COCONUT POWDER,rm,,0.006,1,Factory,Create WIP
Date Balls Coated Coconut (22G X 3),B: Transform->Pack (in-line),10,CAPOL 254N,rm,,0.0009,1,Factory,Create WIP
Date Balls Coated Coconut (22G X 3),B: Transform->Pack (in-line),11,CAPOL 425M,rm,,0.0009,1,Factory,Create WIP
Date Balls Coated Coconut (22G X 3),B: Transform->Pack (in-line),12,PM24-DM 03 Top Transparent (for blister) 210 gm,pm,,1,1,Factory,Final FG (packing)
Date Balls Coated Coconut (22G X 3),B: Transform->Pack (in-line),13,PM24-DM03 Bottom Golden Blister,pm,,1,1,Factory,Final FG (packing)
Date Balls Coated Coconut (22G X 3),B: Transform->Pack (in-line),14,PM24-3 Ply Carton CF21 Walnut Carton (445X310X305MM)-Unprinted,pm,,0.007,1,Factory,Final FG (packing)
Date Balls Coated Dark (22g x 3),B: Transform->Pack (in-line),1,AL BARAKAH FARD DATES STANDARD,rm,,0.0142,1,Factory,Create WIP
Date Balls Coated Dark (22g x 3),B: Transform->Pack (in-line),2,Cashew Tukda,rm,,0.0064,1,Factory,Create WIP
Date Balls Coated Dark (22g x 3),B: Transform->Pack (in-line),3,American Almonds Tukda,rm,,0.0071,1,Factory,Create WIP
Date Balls Coated Dark (22g x 3),B: Transform->Pack (in-line),4,Cocoa Powder,rm,,0.0008,1,Factory,Create WIP
Date Balls Coated Dark (22g x 3),B: Transform->Pack (in-line),5,COFFEE EXT AQU ALC - 4010000239,rm,,0.0011,1,Factory,Create WIP
Date Balls Coated Dark (22g x 3),B: Transform->Pack (in-line),6,Salt,rm,,0.0001,1,Factory,Create WIP
Date Balls Coated Dark (22g x 3),B: Transform->Pack (in-line),7,Coffee Beans,rm,,0.0002,1,Factory,Create WIP
Date Balls Coated Dark (22g x 3),B: Transform->Pack (in-line),8,Dark Compound Chocolate,rm,,0.036,1,Factory,Create WIP
Date Balls Coated Dark (22g x 3),B: Transform->Pack (in-line),9,CAPOL 254N,rm,,0.0009,1,Factory,Create WIP
Date Balls Coated Dark (22g x 3),B: Transform->Pack (in-line),10,CAPOL 425M,rm,,0.0009,1,Factory,Create WIP
Date Balls Coated Dark (22g x 3),B: Transform->Pack (in-line),11,PM24-DM 03 Top Transparent (for blister) 210 gm,pm,,1,1,Factory,Final FG (packing)
Date Balls Coated Dark (22g x 3),B: Transform->Pack (in-line),12,PM24-DM03 Bottom Golden Blister,pm,,1,1,Factory,Final FG (packing)
Date Balls Coated Dark (22g x 3),B: Transform->Pack (in-line),13,PM24-3 Ply Carton CF21 Walnut Carton (445X310X305MM)-Unprinted,pm,,0.007,1,Factory,Final FG (packing)
Date Balls Coated Milk (22g x 3),B: Transform->Pack (in-line),1,AL BARAKAH FARD DATES STANDARD,rm,,0.0142,1,Factory,Create WIP
Date Balls Coated Milk (22g x 3),B: Transform->Pack (in-line),2,Cashew Tukda,rm,,0.0064,1,Factory,Create WIP
Date Balls Coated Milk (22g x 3),B: Transform->Pack (in-line),3,American Almonds Tukda,rm,,0.0071,1,Factory,Create WIP
Date Balls Coated Milk (22g x 3),B: Transform->Pack (in-line),4,Cocoa Powder,rm,,0.0008,1,Factory,Create WIP
Date Balls Coated Milk (22g x 3),B: Transform->Pack (in-line),5,COFFEE EXT AQU ALC - 4010000239,rm,,0.0011,1,Factory,Create WIP
Date Balls Coated Milk (22g x 3),B: Transform->Pack (in-line),6,Salt,rm,,0.0001,1,Factory,Create WIP
Date Balls Coated Milk (22g x 3),B: Transform->Pack (in-line),7,Coffee Beans,rm,,0.0002,1,Factory,Create WIP
Date Balls Coated Milk (22g x 3),B: Transform->Pack (in-line),8,Milk Compound Chocolate,rm,,0.036,1,Factory,Create WIP
Date Balls Coated Milk (22g x 3),B: Transform->Pack (in-line),9,CAPOL 254N,rm,,0.0009,1,Factory,Create WIP
Date Balls Coated Milk (22g x 3),B: Transform->Pack (in-line),10,CAPOL 425M,rm,,0.0009,1,Factory,Create WIP
Date Balls Coated Milk (22g x 3),B: Transform->Pack (in-line),11,PM24-DM 03 Top Transparent (for blister) 210 gm,pm,,1,1,Factory,Final FG (packing)
Date Balls Coated Milk (22g x 3),B: Transform->Pack (in-line),12,PM24-DM03 Bottom Golden Blister,pm,,1,1,Factory,Final FG (packing)
Date Balls Coated Milk (22g x 3),B: Transform->Pack (in-line),13,PM24-3 Ply Carton CF21 Walnut Carton (445X310X305MM)-Unprinted,pm,,0.007,1,Factory,Final FG (packing)
Date Balls Coated White (22g x 3),B: Transform->Pack (in-line),1,AL BARAKAH FARD DATES STANDARD,rm,,0.0142,1,Factory,Create WIP
Date Balls Coated White (22g x 3),B: Transform->Pack (in-line),2,Cashew Tukda,rm,,0.0064,1,Factory,Create WIP
Date Balls Coated White (22g x 3),B: Transform->Pack (in-line),3,American Almonds Tukda,rm,,0.0071,1,Factory,Create WIP
Date Balls Coated White (22g x 3),B: Transform->Pack (in-line),4,Cocoa Powder,rm,,0.0008,1,Factory,Create WIP
Date Balls Coated White (22g x 3),B: Transform->Pack (in-line),5,COFFEE EXT AQU ALC - 4010000239,rm,,0.0011,1,Factory,Create WIP
Date Balls Coated White (22g x 3),B: Transform->Pack (in-line),6,Salt,rm,,0.0001,1,Factory,Create WIP
Date Balls Coated White (22g x 3),B: Transform->Pack (in-line),7,Coffee Beans,rm,,0.0002,1,Factory,Create WIP
Date Balls Coated White (22g x 3),B: Transform->Pack (in-line),8,White Compound Chocolate,rm,,0.036,1,Factory,Create WIP
Date Balls Coated White (22g x 3),B: Transform->Pack (in-line),9,CAPOL 254N,rm,,0.0009,1,Factory,Create WIP
Date Balls Coated White (22g x 3),B: Transform->Pack (in-line),10,CAPOL 425M,rm,,0.0009,1,Factory,Create WIP
Date Balls Coated White (22g x 3),B: Transform->Pack (in-line),11,PM24-DM 03 Top Transparent (for blister) 210 gm,pm,,1,1,Factory,Final FG (packing)
Date Balls Coated White (22g x 3),B: Transform->Pack (in-line),12,PM24-DM03 Bottom Golden Blister,pm,,1,1,Factory,Final FG (packing)
Date Balls Coated White (22g x 3),B: Transform->Pack (in-line),13,PM24-3 Ply Carton CF21 Walnut Carton (445X310X305MM)-Unprinted,pm,,0.007,1,Factory,Final FG (packing)
Date Bites 9gm,B: Transform->Pack (in-line),1,Date Bites Semi Finished,fg,,0.009,1,Factory,Create WIP
Date Bites 9gm,B: Transform->Pack (in-line),2,PM24-Curate-Date Bite Blisters / Top DM03,pm,,1,1,PM Store,Final FG (packing)
Date Bites Rose (Semi Finished),,1,AL Barakah Date Paste,rm,,0.3917,1,Factory,Final FG (Sorting+Packing)
Date Bites Rose (Semi Finished),,2,Wet Dates Seedless Khalas,rm,,0.1694,1,Factory,Final FG (Sorting+Packing)
Date Bites Rose (Semi Finished),,3,Desi Ghee,rm,,0.0278,1,Factory,Final FG (Sorting+Packing)
Date Bites Rose (Semi Finished),,4,American Almonds Tukda,rm,,0.1389,1,Factory,Final FG (Sorting+Packing)
Date Bites Rose (Semi Finished),,5,Cashew Tukda,rm,,0.1389,1,Factory,Final FG (Sorting+Packing)
Date Bites Rose (Semi Finished),,6,Pumpkin Seed 12%,rm,,0.0556,1,Factory,Final FG (Sorting+Packing)
Date Bites Rose (Semi Finished),,7,Rice Crispy - 18%,rm,,0.0003,1,Factory,Final FG (Sorting+Packing)
Date Bites Rose (Semi Finished),,8,Indian Green Raisins,rm,,0.0556,1,Factory,Final FG (Sorting+Packing)
Date Bites Rose (Semi Finished),,9,Rose Petals,rm,,0.0278,1,Factory,Final FG (Sorting+Packing)
Date Bites Rose (Semi Finished),,10,Rose Flavour 060721,rm,,0.0003,1,Factory,Final FG (Sorting+Packing)
Date Bites Semi Finished,,1,AL Barakah Date Paste,rm,,0.4,1,Factory,Final FG (Sorting+Packing)
Date Bites Semi Finished,,2,Wet Dates Seedless Khalas,rm,,0.1722,1,Factory,Final FG (Sorting+Packing)
Date Bites Semi Finished,,3,Desi Ghee,rm,,0.0389,1,Factory,Final FG (Sorting+Packing)
Date Bites Semi Finished,,4,Pumpkin Seed ( 5% ),rm,,0.0389,1,Factory,Final FG (Sorting+Packing)
Date Bites Semi Finished,,5,American Almonds Tukda,rm,,0.1278,1,Factory,Final FG (Sorting+Packing)
Date Bites Semi Finished,,6,Cashew Tukda,rm,,0.1222,1,Factory,Final FG (Sorting+Packing)
Date Bites Semi Finished,,7,Rice Crispy,rm,,0.0111,1,Factory,Final FG (Sorting+Packing)
Date Bites Semi Finished,,8,Indian Green Raisins,rm,,0.05,1,Factory,Final FG (Sorting+Packing)
Date Bites Semi Finished,,9,Cardamom Powder,pm,,0.0389,1,Factory,Final FG (packing)
Date Mewa Bon Bon Laddu (18g x 3),D: Pack-only,1,Date Mewa Ladu 18gm,fg,,3,1,Factory,Final FG (Sorting+Packing)
Date Mewa Festive Gifting & Feast Parcel 500gm,B: Transform->Pack (in-line),1,CURATE DATE BITES IND 210G,fg,,0.088,1,Factory,Create WIP
Date Mewa Festive Gifting & Feast Parcel 500gm,B: Transform->Pack (in-line),2,Roasted & Salted Almonds,fg,,0.03,1,Factory,Create WIP
Date Mewa Festive Gifting & Feast Parcel 500gm,B: Transform->Pack (in-line),3,Roasted & Salted Cashew,fg,,0.03,1,APMC,Create WIP
Date Mewa Festive Gifting & Feast Parcel 500gm,B: Transform->Pack (in-line),4,Indian Black Raisins,rm,,0.03,1,Factory,Create WIP
Date Mewa Festive Gifting & Feast Parcel 500gm,B: Transform->Pack (in-line),5,Pista Kernal Roasted and Salted,fg,,0.01,1,Factory,Create WIP
Date Mewa Ladu 18gm,B: Transform->Pack (in-line),1,AL Barakah Date Paste,rm,,0.007,1,Factory,Create WIP
Date Mewa Ladu 18gm,B: Transform->Pack (in-line),2,Desi Ghee,rm,,0.001,1,Factory,Create WIP
Date Mewa Ladu 18gm,B: Transform->Pack (in-line),3,American Almonds Tukda,rm,,0.004,1,Factory,Create WIP
Date Mewa Ladu 18gm,B: Transform->Pack (in-line),4,Cashew Tukda,rm,,0.004,1,Factory,Create WIP
Date Mewa Ladu 18gm,B: Transform->Pack (in-line),5,Pista Kernel,rm,,0.002,1,Factory,Create WIP
Date Mewa Ladu 18gm,B: Transform->Pack (in-line),6,Cardamom Powder,pm,,0.0001,1,Factory,Final FG (packing)
Dates Ajwa Loose,,1,Ajwa Dates,rm,,1,1,Factory,Final FG (Sorting+Packing)
Dates Ajwa Loose,,2,PM24-Bottom Dates Plain 1 Kg,pm,,1,1,PM Store,Final FG (packing)
Dates Ajwa Loose,,3,PM24-3 Ply Carton CF24 10 Kg (390x290x220mm) 10000 gm -Unprinted,pm,,0.125,1,PM Store,Final FG (packing)
Dates Ameri Loose,,1,Ameri Dates,rm,,1,1,Factory,Final FG (Sorting+Packing)
Dates Ameri Loose,,2,PM24-3 Ply Carton CF24 10 Kg (390x290x220mm) 10000 gm -Unprinted,pm,,0.125,1,PM Store,Final FG (packing)
Dates Ameri Loose,,3,PM24-Bottom Dates Plain 1 Kg,pm,,1,1,PM Store,Final FG (packing)
Dates Delight Khajur Pak 375gm,B: Transform->Pack (in-line),1,AL Barakah Date Paste,rm,,0.1517,1,Factory,Create WIP
Dates Delight Khajur Pak 375gm,B: Transform->Pack (in-line),2,Desi Ghee,rm,,0.0182,1,Factory,Create WIP
Dates Delight Khajur Pak 375gm,B: Transform->Pack (in-line),3,American Almonds Tukda,rm,,0.0843,1,Factory,Create WIP
Dates Delight Khajur Pak 375gm,B: Transform->Pack (in-line),4,Cashew Tukda,rm,,0.0843,1,Factory,Create WIP
Dates Delight Khajur Pak 375gm,B: Transform->Pack (in-line),5,California Pista Inshell,rm,,0.0349,1,Factory,Create WIP
Dates Delight Khajur Pak 375gm,B: Transform->Pack (in-line),6,Cardamom Powder,pm,,0.0015,1,Factory,Final FG (packing)
Dates Delight Khajur Pak 375gm,B: Transform->Pack (in-line),7,PM24-Dates Delight Pvc Box 375 gm,pm,,1,1,Factory,Final FG (packing)
Dates Delight Khajur Pak 375gm,B: Transform->Pack (in-line),8,PM24-5 Ply Carton CF24 10kg (390X290X220) (D Mart)-Unprinted,pm,,0.038,1,Factory,Final FG (packing)
Dates Fard Loose,,1,AL BARAKAH FARD DATES STANDARD,rm,,1,1,Factory,Final FG (Sorting+Packing)
Dates Fard Loose,,2,PM24-Bottom Dates Plain 1 Kg,pm,,1,1,PM Store,Final FG (packing)
Dates Fard Loose,,3,PM24-3 Ply Carton CF24 10 Kg (390x290x220mm) 10000 gm -Unprinted,pm,,0.125,1,PM Store,Final FG (packing)
Dates Mazafati Loose,,1,Mazafati Dates,rm,,1,1,Factory,Final FG (Sorting+Packing)
Dates Mazafati Loose,,2,PM24-Bottom Dates Plain 1 Kg,pm,,1,1,PM Store,Final FG (packing)
Dates Mazafati Loose,,3,PM24-3 Ply Carton CF24 10 Kg (390x290x220mm) 10000 gm -Unprinted,pm,,0.125,1,PM Store,Final FG (packing)
Dates Medjool Jumbo Loose,,1,MEDJOUL DATES JUMBO,rm,,1,1,Factory,Final FG (Sorting+Packing)
Dates Medjool Jumbo Loose,,2,PM24-Bottom Dates Plain 1 Kg,pm,,1,1,PM Store,Final FG (packing)
Dates Medjool Jumbo Loose,,3,PM24-3 Ply Carton CF24 10 Kg (390x290x220mm) 10000 gm -Unprinted,pm,,0.125,1,PM Store,Final FG (packing)
Dates Medjool Large Loose,,1,Medjoul Dates Large,rm,,1,1,Factory,Final FG (Sorting+Packing)
Dates Medjool Large Loose,,2,PM24-3 Ply Carton CF24 10 Kg (390x290x220mm) 10000 gm -Unprinted,pm,,0.125,1,PM Store,Final FG (packing)
Dates Medjool Large Loose,,3,PM24-Bottom Dates Plain 1 Kg,pm,,1,1,PM Store,Final FG (packing)
Dates Medjool Super Jumbo Loose,,1,Medjoul Dates Super Jumbo,rm,,1,1,Factory,Final FG (Sorting+Packing)
Dates Medjool Super Jumbo Loose,,2,PM24-Bottom Dates Plain 1 Kg,pm,,1,1,PM Store,Final FG (packing)
Dates Medjool Super Jumbo Loose,,3,PM24-3 Ply Carton CF24 10 Kg (390x290x220mm) 10000 gm -Unprinted,pm,,0.125,1,PM Store,Final FG (packing)
Dates Medjoul Junior Loose,,1,Medjoul Dates Junior,rm,,1,1,Factory,Final FG (Sorting+Packing)
Dates Medjoul Junior Loose,,2,PM24-Bottom Dates Plain 1 Kg,pm,,1,1,PM Store,Final FG (packing)
Dates Medjoul Junior Loose,,3,PM24-3 Ply Carton CF24 10 Kg (390x290x220mm) 10000 gm -Unprinted,pm,,0.125,1,PM Store,Final FG (packing)
Dates Mewa Assorted 210gm,B: Transform->Pack (in-line),1,AL BARAKAH DATE PASTE (1 KG packing),rm,,0.12,1,Factory,Create WIP
Dates Mewa Assorted 210gm,B: Transform->Pack (in-line),2,American Almonds Tukda,rm,,0.03,1,Factory,Create WIP
Dates Mewa Assorted 210gm,B: Transform->Pack (in-line),3,Cashew Tukda,rm,,0.03,1,Factory,Create WIP
Dates Mewa Assorted 210gm,B: Transform->Pack (in-line),4,Indian Green Raisins,rm,,0.01,1,Factory,Create WIP
Dates Mewa Assorted 210gm,B: Transform->Pack (in-line),5,Pumpkin Seed 12%,rm,,0.01,1,Factory,Create WIP
Dates Mewa Assorted 210gm,B: Transform->Pack (in-line),6,PM24-D M 10 Gm Inner Tray 210 gm (blister),pm,,1,1,Factory,Final FG (packing)
Dates Mewa Assorted 210gm,B: Transform->Pack (in-line),7,PM24-DM10 Blister Lid Transparent 210g,pm,,1,1,Factory,Final FG (packing)
Dates Mewa Classic 210gm,B: Transform->Pack (in-line),1,PM24-Royal Delight Date Mewa Classic Sleeve 210 gm,pm,,1,1,PM Store,Final FG (packing)
Dates Mewa Classic 210gm,B: Transform->Pack (in-line),2,PM24-D M 10 Gm Inner Tray 210 gm (blister),pm,,1,1,PM Store,Final FG (packing)
Dates Mewa Classic 210gm,B: Transform->Pack (in-line),3,Date Bites Semi Finished,fg,,0.21,1,Factory,Create WIP
Dates Oriental Loose,,1,Deri Dates,rm,,1,1,Factory,Final FG (Sorting+Packing)
Dates Oriental Loose,,2,PM24-Bottom Dates Plain 1 Kg,pm,,1,1,PM Store,Final FG (packing)
Dates Oriental Loose,,3,PM24-3 Ply Carton CF24 10 Kg (390x290x220mm) 10000 gm -Unprinted,pm,,0.125,1,PM Store,Final FG (packing)
Dates Safavi Loose,,1,Wet Dates Safavi,rm,,1,1,Factory,Final FG (Sorting+Packing)
Dates Safavi Loose,,2,PM24-Bottom Dates Plain 1 Kg,pm,,1,1,PM Store,Final FG (packing)
Dates Safavi Loose,,3,PM24-3 Ply Carton CF24 10 Kg (390x290x220mm) 10000 gm -Unprinted,pm,,0.125,1,PM Store,Final FG (packing)
Dates Sayer Loose,,1,Sayer Dates,rm,,1,1,Factory,Final FG (Sorting+Packing)
Dates Sayer Loose,,2,PM24-Bottom Dates Plain 1 Kg,pm,,1,1,PM Store,Final FG (packing)
Dates Sayer Loose,,3,PM24-3 Ply Carton CF24 10 Kg (390x290x220mm) 10000 gm -Unprinted,pm,,0.125,1,PM Store,Final FG (packing)
Dates Zahidi Loose,,1,Zahidi Dates,rm,,1,1,Factory,Final FG (Sorting+Packing)
Dates Zahidi Loose,,2,PM24-Bottom Dates Plain 1 Kg,pm,,1,1,PM Store,Final FG (packing)
Dates Zahidi Loose,,3,PM24-3 Ply Carton CF24 10 Kg (390x290x220mm) 10000 gm -Unprinted,pm,,0.125,1,PM Store,Final FG (packing)
DCC Almonds,,1,American Almonds Running 25-27 count,rm,,1,1,Factory,Final FG (Sorting+Packing)
DCC Almonds,,2,PM24-Vacuum Pouch-510 x 560mm-65 G-125 Micron-10 Kg 10000 gm,pm,,0.1,1,PM Store,Final FG (packing)
DCC Almonds,,3,PM24-3 Ply Curate Carton 10 Kg (CF24) Printed,pm,,0.1,1,PM Store,Final FG (packing)
DEGLET.908 GM,,1,Deglet Dates,rm,,0.908,1,Factory,Final FG (Sorting+Packing)
Dehydrated Ginger,D: Pack-only,1,Dehydrated Ginger,rm,,1,1,Factory,Final FG (Sorting+Packing)
Delkash Dates 500 Gms (110002704),,1,Maryam Dates,rm,,0.5,1,Factory,Final FG (Sorting+Packing)
Delkash Dates 500 Gms (110002704),,2,PM24-Dilkash Pouch 500 gm,pm,,1,1,PM Store,Final FG (packing)
Delkash Dates 500 Gms (110002704),,3,PM24-3 Ply Carton CF24 10 Kg (390x290x220mm) 10000 gm -Unprinted,pm,,0.1,1,PM Store,Final FG (packing)
Delmonte Cranberries 130gm,D: Pack-only,1,Dried Cranberry Whole,rm,,0.13,1,Factory,Final FG (Sorting+Packing)
Delmonte Cranberries 130gm,D: Pack-only,2,PM24-Del Monte Dried Cranberries Zipper Pouch 130 gm,pm,,1,1,Factory,Final FG (packing)
Delmonte Cranberries 130gm,D: Pack-only,3,PM24-5 Ply Del Monte Carton  Prunes 380 x 240 x 170mm 10000 gm,pm,,0.025,1,Factory,Final FG (packing)
Delmonte Prunes 130g,D: Pack-only,1,Dried Prunes (Pitted),rm,,0.13,1,Factory,Final FG (Sorting+Packing)
Delmonte Prunes 130g,D: Pack-only,2,PM24-Del Monte Pitted Prunes Pouch 130 gm,pm,,1,1,Factory,Final FG (packing)
Delmonte Prunes 130g,D: Pack-only,3,PM24-5 Ply Del Monte Carton  Prunes 380 x 240 x 170mm 10000 gm,pm,,0.025,1,Factory,Final FG (packing)
Delmonte Prunes 130g [1 Case x 40 unit],D: Pack-only,1,Dried Prunes (Pitted),rm,,5.2,1,Factory,Final FG (Sorting+Packing)
Delmonte Prunes 130g [1 Case x 40 unit],D: Pack-only,2,PM24-Del Monte Pitted Prunes Pouch 130 gm,pm,,40,1,Factory,Final FG (packing)
Delmonte Prunes 130g [1 Case x 40 unit],D: Pack-only,3,PM24-5 Ply Del Monte Carton  Prunes 380 x 240 x 170mm 10000 gm,pm,,0.52,1,Factory,Final FG (packing)
Delmonte Prunes 340g,D: Pack-only,1,Dried Prunes (Pitted),rm,,1,1,Factory,Final FG (Sorting+Packing)
Delmonte Prunes 340g,D: Pack-only,2,PM24-Del Monte Pitted Prunes Pouch 340 gm,pm,,1,1,Factory,Final FG (packing)
Delmonte Prunes 340g,D: Pack-only,3,PM24-5 Ply Del Monte Carton  Prunes 380 x 240 x 170mm 10000 gm,pm,,0.34,1,Factory,Final FG (packing)
Delmonte Prunes 340g [1 Case x 20 unit],D: Pack-only,1,Dried Prunes (Pitted),rm,,7.072,1,Factory,Final FG (Sorting+Packing)
Delmonte Prunes 340g [1 Case x 20 unit],D: Pack-only,2,PM24-Del Monte Pitted Prunes Pouch 340 gm,pm,,20,1,Factory,Final FG (packing)
Delmonte Prunes 340g [1 Case x 20 unit],D: Pack-only,3,PM24-5 Ply Del Monte Carton  Prunes 380 x 240 x 170mm 10000 gm,pm,,0.68,1,Factory,Final FG (packing)
Delmonte Royal Arabian dates 200g,D: Pack-only,1,Wet Dates Khalas,rm,,0.2,1,Factory,Final FG (Sorting+Packing)
Delmonte Royal Arabian dates 200g,D: Pack-only,2,PM24-Del Monte Arabian Fard Dates Pouch 200 gm,pm,,1,1,Factory,Final FG (packing)
Delmonte Royal Arabian dates 200g,D: Pack-only,3,PM24-Delmonte Carton With Partition(200Grm)Plain,pm,,0.028,1,Factory,Final FG (packing)
Delmonte Royal Arabian dates 200g [1 Case x 36 unit] Promo,D: Pack-only,1,AL BARAKAH KHALAS DATES,rm,,7.416,1,Factory,Final FG (Sorting+Packing)
Delmonte Royal Arabian dates 200g [1 Case x 36 unit] Promo,D: Pack-only,2,PM24-Del Monte Arabian Dates Promo Pouch 200 gm,pm,,36,1,Factory,Final FG (packing)
Delmonte Royal Arabian dates 200g [1 Case x 36 unit] Promo,D: Pack-only,3,PM24-Delmonte Carton With Partition(200Grm)Plain,pm,,1,1,Factory,Final FG (packing)
Delmonte Royal Arabian dates 500g,D: Pack-only,1,AL BARAKAH KHALAS DATES,rm,,0.5,1,Factory,Final FG (Sorting+Packing)
Delmonte Royal Arabian dates 500g,D: Pack-only,2,PM24-Del Monte Arabian Dates Pouch 500 gm,pm,,1,1,Factory,Final FG (packing)
Delmonte Royal Arabian dates 500g,D: Pack-only,3,PM24-3 Ply Del Monte Carton  Arabian Dates Printed With Partition (500 gm) 10000 gm,pm,,0.042,1,Factory,Final FG (packing)
Delmonte Royal Arabian dates 500g [1 Case x 24 unit] Non-Promo,D: Pack-only,1,AL BARAKAH KHALAS DATES,rm,,12.48,1,Factory,Final FG (Sorting+Packing)
Delmonte Royal Arabian dates 500g [1 Case x 24 unit] Non-Promo,D: Pack-only,2,PM24-Del Monte Arabian Dates Pouch 500 gm,pm,,24,1,PM Store,Final FG (packing)
Delmonte Royal Arabian dates 500g [1 Case x 24 unit] Non-Promo,D: Pack-only,3,PM24-3 Ply Del Monte Carton  Arabian Dates Printed With Partition (500 gm) 10000 gm,pm,,1,1,PM Store,Final FG (packing)
Delmonte Royal Arabian dates 500g [1 Case x 24 unit] Promo,D: Pack-only,1,AL BARAKAH KHALAS DATES,rm,,12.48,1,Factory,Final FG (Sorting+Packing)
Delmonte Royal Arabian dates 500g [1 Case x 24 unit] Promo,D: Pack-only,2,PM24-Del Monte Arabian Dates Promo Pouch 500 gm,pm,,24,1,Factory,Final FG (packing)
Delmonte Royal Arabian dates 500g [1 Case x 24 unit] Promo,D: Pack-only,3,PM24-3 Ply Del Monte Carton  Arabian Dates Printed With Partition (500 gm) 10000 gm,pm,,1,1,Factory,Final FG (packing)
Delmonte Royal Fard Dates 200gm,D: Pack-only,1,AL BARAKAH FARD DATES STANDARD,rm,,0.2,1,Factory,Final FG (Sorting+Packing)
Delmonte Royal Fard Dates 200gm,D: Pack-only,2,PM24-Del Monte Arabian Fard Dates Pouch 200 gm,pm,,1,1,PM Store,Final FG (packing)
Delmonte Royal Fard Dates 200gm,D: Pack-only,3,PM24-Delmonte Carton With Partition(200Grm)Plain,pm,,0.028,1,PM Store,Final FG (packing)
Delmonte Royal Fard Dates 200gm [1 Case x 36 unit] Non-Promo,D: Pack-only,1,AL BARAKAH FARD DATES STANDARD,rm,,7.2,1,Factory,Final FG (Sorting+Packing)
Delmonte Royal Fard Dates 200gm [1 Case x 36 unit] Non-Promo,D: Pack-only,2,PM24-Del Monte Arabian Fard Dates Pouch 200 gm,pm,,36,1,Factory,Final FG (packing)
Delmonte Royal Fard Dates 200gm [1 Case x 36 unit] Non-Promo,D: Pack-only,3,PM24-Delmonte Carton With Partition(200Grm)Plain,pm,,1,1,Factory,Final FG (packing)
Delmonte Royal Fard Dates 200gm [1 Case x 36 unit] Promo,D: Pack-only,1,AL BARAKAH FARD DATES STANDARD,rm,,7.2,1,Factory,Final FG (Sorting+Packing)
Delmonte Royal Fard Dates 200gm [1 Case x 36 unit] Promo,D: Pack-only,2,PM24-Del Monte Arabian Fard Dates Pouch 200 gm,pm,,36,1,PM Store,Final FG (packing)
Delmonte Royal Fard Dates 200gm [1 Case x 36 unit] Promo,D: Pack-only,3,PM24-Delmonte Carton With Partition(200Grm)Plain,pm,,1,1,PM Store,Final FG (packing)
Delmonte Royal Fard Dates 450gm [1Case x 24Pack] PR,,1,AL BARAKAH FARD DATES STANDARD,rm,,10.8,1,Factory,Final FG (Sorting+Packing)
Delmonte Royal Fard Dates 450gm [1Case x 24Pack] PR,,2,PM24-3 Ply Del Monte Carton  Arabian Dates Printed With Partition (500 gm) 10000 gm,pm,,1,1,PM Store,Final FG (packing)
Delmonte Royal Fard Dates 450gm [1Case x 24Pack] PR,,3,PM24-Del Monte Royal Fard Dates Pouch 450 gm,pm,,24,1,PM Store,Final FG (packing)
Delmonte Royal Fard Dates 450gm [1Case x 24Pack]NPR,,1,AL BARAKAH FARD DATES STANDARD,rm,,10.8,1,Factory,Final FG (Sorting+Packing)
Delmonte Royal Fard Dates 450gm [1Case x 24Pack]NPR,,2,PM24-3 Ply Del Monte Carton  Arabian Dates Printed With Partition (500 gm) 10000 gm,pm,,1,1,PM Store,Final FG (packing)
Delmonte Royal Fard Dates 450gm [1Case x 24Pack]NPR,,3,PM24-Del Monte Royal Fard Dates Pouch 450 gm,pm,,24,1,PM Store,Final FG (packing)
Delmonte Royal Fard Dates 500gm,D: Pack-only,1,AL BARAKAH FARD DATES STANDARD,rm,,0.5,1,Factory,Final FG (Sorting+Packing)
Delmonte Royal Fard Dates 500gm,D: Pack-only,2,PM24-Del Monte Royal Fard Dates Pouch 500 gm,pm,,1,1,Factory,Final FG (packing)
Delmonte Royal Fard Dates 500gm,D: Pack-only,3,PM24-3 Ply Del Monte Carton  Arabian Dates Printed With Partition (500 gm) 10000 gm,pm,,0.042,1,Factory,Final FG (packing)
Delmonte Royal Fard Dates 500gm [1 Case x 24 unit] Non-Promo,D: Pack-only,1,AL BARAKAH FARD DATES STANDARD,rm,,12,1,Factory,Final FG (Sorting+Packing)
Delmonte Royal Fard Dates 500gm [1 Case x 24 unit] Non-Promo,D: Pack-only,2,PM24-Del Monte Royal Fard Dates Pouch 500 gm,pm,,24,1,Factory,Final FG (packing)
Delmonte Royal Fard Dates 500gm [1 Case x 24 unit] Non-Promo,D: Pack-only,3,PM24-3 Ply Del Monte Carton  Arabian Dates Printed With Partition (500 gm) 10000 gm,pm,,1,1,Factory,Final FG (packing)
Delmonte Royal Fard Dates 500gm [1 Case x 24 unit] Promo,D: Pack-only,1,AL BARAKAH FARD DATES STANDARD,rm,,12,1,Factory,Final FG (Sorting+Packing)
Delmonte Royal Fard Dates 500gm [1 Case x 24 unit] Promo,D: Pack-only,2,PM24-Del Monte Fard Dates Promo Pouch 500 gm,pm,,24,1,PM Store,Final FG (packing)
Delmonte Royal Fard Dates 500gm [1 Case x 24 unit] Promo,D: Pack-only,3,PM24-3 Ply Del Monte Carton Arabian Dates Plain With Partition (for 500 gm) 10000 gm,pm,,1,1,PM Store,Final FG (packing)
Deri Dates 250g (1359841),D: Pack-only,1,Deri Dates,rm,,0.25,1,Factory,Final FG (Sorting+Packing)
Deri Dates 250g (1359841),D: Pack-only,2,PM24-Natures Dryfruit 200G Pouch[130mm x 210mm] 200 gm,pm,,1,1,Factory,Final FG (packing)
Deri Dates 250g (1359841),D: Pack-only,3,PM24-3 Ply Carton CF24 10 Kg (390x290x220mm) 10000 gm -Unprinted,pm,,0.025,1,Factory,Final FG (packing)
Diced Almond,B: Transform->Pack (in-line),1,American Almonds Tonch,rm,,1,1,Factory,Create WIP
Diced Almond,B: Transform->Pack (in-line),2,PM24-Vacuum Pouch-510 x 560mm-65 G-125 Micron-10 Kg 10000 gm,pm,,0.1,1,PM Store,Final FG (packing)
Dr Batra Hair Health Protein Bar (Semi Finished),,1,NEALSOYA 16-B,rm,,0.1629,1,Factory,Final FG (Sorting+Packing)
Dr Batra Hair Health Protein Bar (Semi Finished),,2,SOYA NUGGETS 570,rm,,0.0629,1,Factory,Final FG (Sorting+Packing)
Dr Batra Hair Health Protein Bar (Semi Finished),,3,Whey Protein Concentrate 80% Regular,rm,,0.0429,1,Factory,Final FG (Sorting+Packing)
Dr Batra Hair Health Protein Bar (Semi Finished),,4,FOS L55,rm,,0.1,1,Factory,Final FG (Sorting+Packing)
Dr Batra Hair Health Protein Bar (Semi Finished),,5,Maltitol Liquid,rm,,0.2029,1,Factory,Final FG (Sorting+Packing)
Dr Batra Hair Health Protein Bar (Semi Finished),,6,Glycerin,rm,,0.0114,1,Factory,Final FG (Sorting+Packing)
Dr Batra Hair Health Protein Bar (Semi Finished),,7,Dried Cranberry Sliced,rm,,0.04,1,Factory,Final FG (Sorting+Packing)
Dr Batra Hair Health Protein Bar (Semi Finished),,8,Yoghurt Powder,rm,,0.02,1,Factory,Final FG (Sorting+Packing)
Dr Batra Hair Health Protein Bar (Semi Finished),,9,White Compound Chocolate,rm,,0.1314,1,Factory,Final FG (Sorting+Packing)
Dr Batra Hair Health Protein Bar (Semi Finished),,10,PSYLLIUM HUSK POWDER,rm,,0.0171,1,Factory,Final FG (Sorting+Packing)
Dr Batra Hair Health Protein Bar (Semi Finished),,11,SUNFLOWER OIL,rm,,0.029,1,Factory,Final FG (Sorting+Packing)
Dr Batra Hair Health Protein Bar (Semi Finished),,12,Cranberry Flavour 280619,rm,,0.0571,1,Factory,Final FG (Sorting+Packing)
Dr Batra Hair Health Protein Bar (Semi Finished),,13,PEANUT BUTTER,fg,,0.1457,1,Factory,Final FG (Sorting+Packing)
Dr Batra Hair Health Protein Bar (Semi Finished),,14,GOUR GUM,rm,,0.0057,1,Factory,Final FG (Sorting+Packing)
Dr Batra Hair Health Protein Bar (Semi Finished),,15,Vitamins and Minerals Premix,rm,,0.02,1,Factory,Final FG (Sorting+Packing)
Dr Batra Hair Health Protein Bar (Semi Finished),,16,Aloevra Extract,rm,,0.0029,1,Factory,Final FG (Sorting+Packing)
Dr Batra Hair Health Protein Bar (Semi Finished),,17,Brahmi Extract,rm,,0.0029,1,Factory,Final FG (Sorting+Packing)
Dr Batra Hair Health Protein Bar (Semi Finished),,18,AL Barakah Date Paste,rm,,0.0114,1,Factory,Final FG (Sorting+Packing)
Dr Batra Hair Health Protein Bar (Semi Finished),,19,Soya Lecithin Liquid,rm,,0.0057,1,Factory,Final FG (Sorting+Packing)
Dr Batra Hair Health Protein Bar (Semi Finished),,20,Pink Salt.,rm,,0.0029,1,Factory,Final FG (Sorting+Packing)
Dr Batra#s Hair Health Protein Bar 35gm,B: Transform->Pack (in-line),1,Dr Batra Hair Health Protein Bar (Semi Finished),fg,,0.035,1,Factory,Create WIP
Dr Batra#s Hair Health Protein Bar 35gm,B: Transform->Pack (in-line),2,PM24-Dr Batra Protein Hair Health Bar Monocarton,pm,,0.0668,1,Factory,Final FG (packing)
Dr Batra#s Hair Health Protein Bar 35gm,B: Transform->Pack (in-line),3,PM24-5 Ply Carton CF24 10kg (390X290X220) (D Mart)-Unprinted,pm,,0.004,1,Factory,Final FG (packing)
Dragees Dark Cranberry,B: Transform->Pack (in-line),1,Dried Cranberry Whole,rm,,0.33,1,Factory,Create WIP
Dragees Dark Cranberry,B: Transform->Pack (in-line),2,Dark Compound Chocolate,rm,,0.66,1,Factory,Create WIP
Dragees Milk Cranberry,B: Transform->Pack (in-line),1,Dried Cranberry Whole,rm,,0.33,1,Factory,Create WIP
Dragees Milk Cranberry,B: Transform->Pack (in-line),2,Milk Compound Chocolate,rm,,0.66,1,Factory,Create WIP
Dragees White Cranberry,B: Transform->Pack (in-line),1,Dried Cranberry Whole,rm,,0.33,1,Factory,Create WIP
Dragees White Cranberry,B: Transform->Pack (in-line),2,White Compound Chocolate,rm,,0.66,1,Factory,Create WIP
Drangees Dark Almond,B: Transform->Pack (in-line),1,American Almonds Running 25-27 count,rm,,0.28,1,Factory,Create WIP
Drangees Dark Almond,B: Transform->Pack (in-line),2,Dark Compound Chocolate,rm,,0.72,1,Factory,Create WIP
Dried Blueberry 100gm,D: Pack-only,1,Dried Blueberry,rm,,0.1012,1,Factory,Final FG (Sorting+Packing)
Dried Blueberry 100gm,D: Pack-only,2,PM24-D Mart Premia Dried Blueberry Standy Pouch 100 gm,pm,,1,1,Factory,Final FG (packing)
Dried Blueberry 100gm,D: Pack-only,3,PM24-5ply Carton D mart Premia Cranberries Chatpata 2.4kg,pm,,0.042,1,PM Store,Final FG (packing)
Dried Cranberry 100gm,D: Pack-only,1,Dried Cranberry Whole,rm,,0.1011,1,Factory,Final FG (Sorting+Packing)
Dried Cranberry 100gm,D: Pack-only,2,PM24-D Mart Premia Dried Cranberry Standy Pouch (115x160mm+60) 100 gm,pm,,1,1,Factory,Final FG (packing)
Dried Cranberry 100gm,D: Pack-only,3,PM24-5 Ply Carton Blueberry & Cranberry Pouch 5 Kg,pm,,0.042,1,PM Store,Final FG (packing)
Dried Cranberry Sliced,D: Pack-only,1,Dried Cranberry Sliced,rm,,1,1,Factory,Final FG (Sorting+Packing)
Dried Cranberry Whole,D: Pack-only,1,Dried Cranberry Whole,rm,,1,1,Factory,Final FG (Sorting+Packing)
Dried Kiwi,D: Pack-only,1,Dried Kiwi,rm,,1,1,Factory,Final FG (Sorting+Packing)
Dried Mango Loose,D: Pack-only,1,Dried Mango Loose,rm,,1,1,Factory,Final FG (Sorting+Packing)
Dried Masala Kiwi,D: Pack-only,1,Dried Kiwi,rm,,0.935,1,Factory,Final FG (Sorting+Packing)
Dried Masala Kiwi,D: Pack-only,2,Chatpata Seasoning,rm,,0.065,1,Factory,Final FG (Sorting+Packing)
Dried Masala Kiwi,D: Pack-only,3,PM24-3 Ply Carton CF24 10 Kg (390x290x220mm) 10000 gm -Unprinted,pm,,0.1,1,PM Store,Final FG (packing)
Dried Masala Kiwi,D: Pack-only,4,PM24-10Kg Candor Print LD Pouch (18.5x26) 10 Kg,pm,,0.1,1,PM Store,Final FG (packing)
Dried Masala Mango,B: Transform->Pack (in-line),1,Dehydrated Mango Slice,rm,,0.935,1,Factory,Create WIP
Dried Masala Mango,B: Transform->Pack (in-line),2,Chatpata Seasoning,rm,,0.065,1,Factory,Create WIP
Dried Masala Mango,B: Transform->Pack (in-line),3,PM24-3 Ply Carton CF24 10 Kg (390x290x220mm) 10000 gm -Unprinted,pm,,0.1,1,PM Store,Final FG (packing)
Dried Masala Mango,B: Transform->Pack (in-line),4,PM24-10Kg Candor Print LD Pouch (18.5x26) 10 Kg,pm,,0.1,1,PM Store,Final FG (packing)
Dried Masala Pineapple,B: Transform->Pack (in-line),1,DEHYDRATED PINEAPPLE RING,rm,,0.935,1,Factory,Create WIP
Dried Masala Pineapple,B: Transform->Pack (in-line),2,Chatpata Seasoning,rm,,0.065,1,Factory,Create WIP
Dried Masala Pineapple,B: Transform->Pack (in-line),3,PM24-3 Ply Carton CF24 10 Kg (390x290x220mm) 10000 gm -Unprinted,pm,,0.1,1,PM Store,Final FG (packing)
Dried Masala Pineapple,B: Transform->Pack (in-line),4,PM24-10Kg Candor Print LD Pouch (18.5x26) 10 Kg,pm,,0.1,1,PM Store,Final FG (packing)
Dried Prunes (Pitted),D: Pack-only,1,Dried Prunes (Pitted),rm,,1,1,Factory,Final FG (Sorting+Packing)
Dried Raspberry,D: Pack-only,1,Dried Raspberry,rm,,1,1,Factory,Final FG (Sorting+Packing)
Dried Raspberry,D: Pack-only,2,"PM24-Vacuum Pouch For 1 Kg-210 x 305mm, 16G-110 Micron (Solimo) 1000 gm",pm,,1,1,Factory,Final FG (packing)
Dried Raspberry,D: Pack-only,3,PM24-3 Ply Carton CF24 10 Kg (390x290x220mm) 10000 gm -Unprinted,pm,,0.1,1,Factory,Final FG (packing)
Dry Fruit Hamper,B: Transform->Pack (in-line),1,American Almonds Running 25-27 count,rm,,0.25,1,Factory,Create WIP
Dry Fruit Hamper,B: Transform->Pack (in-line),2,Cashew 320,rm,,0.23,1,Factory,Create WIP
Dry Fruit Hamper,B: Transform->Pack (in-line),3,California Pista Inshell,rm,,0.2,1,Factory,Create WIP
Dry Fruit Hamper,B: Transform->Pack (in-line),4,Indian Green Raisins,rm,,0.25,1,Factory,Create WIP
Dry Fruit Hamper,B: Transform->Pack (in-line),5,PM24-Hamper-Colour Canvas Hamper Basket,pm,,1,1,PM Store,Final FG (packing)
Dryfruit instant Energy laddu Bar 35gm,B: Transform->Pack (in-line),1,PM24-Mama Nourish Dryfruit Instant Bar Pouch 35 gm Digital,pm,,0.0002,1,PM Store,Final FG (packing)
Dryfruit instant Energy laddu Bar 35gm,B: Transform->Pack (in-line),2,Dryfruit Instant Energy Laddubar (Semi Finished),fg,,0.035,1,Factory,Create WIP
Dryfruit Instant Energy Laddubar (Semi Finished),,1,American Almonds Tukda,rm,,0.14,1,Factory,Final FG (Sorting+Packing)
Dryfruit Instant Energy Laddubar (Semi Finished),,2,Cashew Split,rm,,0.1171,1,Factory,Final FG (Sorting+Packing)
Dryfruit Instant Energy Laddubar (Semi Finished),,3,Blanched white Peanut Kernels,rm,,0.0714,1,Factory,Final FG (Sorting+Packing)
Dryfruit Instant Energy Laddubar (Semi Finished),,4,Pumpkin Seed ( 5% ),rm,,0.0457,1,Factory,Final FG (Sorting+Packing)
Dryfruit Instant Energy Laddubar (Semi Finished),,5,Green Cardamom,pm,,0.0029,1,Factory,Final FG (packing)
Dryfruit Instant Energy Laddubar (Semi Finished),,6,AL BARAKAH FARD DATES STANDARD,rm,,0.0514,1,Factory,Final FG (Sorting+Packing)
Dryfruit Instant Energy Laddubar (Semi Finished),,7,Desi Ghee,rm,,0.0257,1,Factory,Final FG (Sorting+Packing)
Dryfruit Instant Energy Laddubar (Semi Finished),,8,AL Barakah Date Paste,rm,,0.28,1,Factory,Final FG (Sorting+Packing)
Dryfruit Instant Energy Laddubar (Semi Finished),,9,Wet Dates Safavi,rm,,0.2514,1,Factory,Final FG (Sorting+Packing)
Dryfruit Instant Energy Laddubar (Semi Finished),,10,Honey Loose,rm,,0.02,1,Factory,Final FG (Sorting+Packing)
Dryfruit Instant Energy Laddubar Bites 9gm,B: Transform->Pack (in-line),1,PM24-Empl-Dryfruits Instant Monocarton175 gm,pm,,0.92,50,PM Store,Final FG (packing)
Dryfruit Instant Energy Laddubar Bites 9gm,B: Transform->Pack (in-line),2,Dryfruit Instant Energy Laddubar (Semi Finished),fg,,0.45,50,Factory,Create WIP
Dryfruit Instant Energy Laddubar Bites 9gm,B: Transform->Pack (in-line),3,PM24-EMPL Dry Fruit Instant Pouch Roll 9gm,pm,,0.05,50,PM Store,Final FG (packing)
Dryfruit Instant Energy LadduBar Pack of 5,B: Transform->Pack (in-line),1,Dryfruit Instant Energy Laddubar (Semi Finished),fg,,0.175,5,Factory,Create WIP
Dryfruit Instant Energy LadduBar Pack of 5,B: Transform->Pack (in-line),2,PM24-Empl-Dryfruits Instant Monocarton175 gm,pm,,1,5,PM Store,Final FG (packing)
Dryfruit Instant Energy LadduBar Pack of 5,B: Transform->Pack (in-line),3,PM24-5 Ply Carton CF24 10kg (390X290X220) (D Mart)-Unprinted,pm,,0.017,5,PM Store,Final FG (packing)
Dryfruit Instant Energy LadduBar Pack of 5,B: Transform->Pack (in-line),4,PM24-Mama Nourish Dryfruit Instant Bar Pouch 35 gm Digital,pm,,0.01,5,PM Store,Final FG (packing)
Energy Bar - Choco Crunch (Semi Finished),,1,OATS,rm,,0.1967,1,Factory,Final FG (Sorting+Packing)
Energy Bar - Choco Crunch (Semi Finished),,2,Honey Loose,rm,,0.1867,1,Factory,Final FG (Sorting+Packing)
Energy Bar - Choco Crunch (Semi Finished),,3,Amul Butter,rm,,0.11,1,Factory,Final FG (Sorting+Packing)
Energy Bar - Choco Crunch (Semi Finished),,4,Cashew Tukda,rm,,0.0867,1,Factory,Final FG (Sorting+Packing)
Energy Bar - Choco Crunch (Semi Finished),,5,Ragi Puff,rm,,0.06,1,Factory,Final FG (Sorting+Packing)
Energy Bar - Choco Crunch (Semi Finished),,6,American Almonds Running 25-27 count,rm,,0.06,1,Factory,Final FG (Sorting+Packing)
Energy Bar - Choco Crunch (Semi Finished),,7,Water Melon Seed,rm,,0.0733,1,Factory,Final FG (Sorting+Packing)
Energy Bar - Choco Crunch (Semi Finished),,8,Dark Compound Chips,rm,,0.1467,1,Factory,Final FG (Sorting+Packing)
Energy Bar - Choco Crunch (Semi Finished),,9,Dried Ginger Powder - Saunth Powder,rm,,0.0233,1,Factory,Final FG (Sorting+Packing)
Energy Bar - Choco Crunch (Semi Finished),,10,Kara Coconut Milk 17% 200ml New,rm,,0.0567,1,Factory,Final FG (Sorting+Packing)
Energy Bar - Choco Crunch (Semi Finished),,11,Green Tea Extract,rm,,0.0033,1,Factory,Final FG (Sorting+Packing)
Energy Bar - Choco Crunch (Semi Finished),,12,Rock Salt -Sendha Namak Powder,rm,,0.0033,1,Factory,Final FG (Sorting+Packing)
Energy Bar - Choco Crunch 30gm,B: Transform->Pack (in-line),1,Energy Bar - Choco Crunch (Semi Finished),fg,,0.03,1,Factory,Create WIP
Energy Bar - Choco Crunch 30gm,B: Transform->Pack (in-line),2,PM24-BAPS-Choco Crunch Energy Bar Pouch 30 gm,pm,,0.0013,1,Factory,Final FG (packing)
Energy Bar - Choco Crunch 30gm,B: Transform->Pack (in-line),3,PM24-3 Ply Carton CF24 10 Kg (390x290x220mm) 10000 gm -Unprinted,pm,,0.003,1,Factory,Final FG (packing)
Energy Bar - Fig & Dates 30gm,B: Transform->Pack (in-line),1,Energy Bar- Fig & Dates (Semi Finished),fg,,0.03,1,Factory,Create WIP
Energy Bar - Fig & Dates 30gm,B: Transform->Pack (in-line),2,PM24-BAPS Fig And Date Energy Bar Pouch 30 gm,pm,,0.0013,1,Factory,Final FG (packing)
Energy Bar - Fig & Dates 30gm,B: Transform->Pack (in-line),3,PM24-3 Ply Carton CF24 10 Kg (390x290x220mm) 10000 gm -Unprinted,pm,,0.003,1,Factory,Final FG (packing)
Energy Bar - Hazelnut Magic 30gm,B: Transform->Pack (in-line),1,Energy Bar- Hazelnut Magic (Semi Finished),fg,,0.03,1,Factory,Create WIP
Energy Bar - Hazelnut Magic 30gm,B: Transform->Pack (in-line),2,PM24-BAPS-Hazelnut Magic Energy Bar Pouch 30 gm,pm,,0.0013,1,Factory,Final FG (packing)
Energy Bar - Hazelnut Magic 30gm,B: Transform->Pack (in-line),3,PM24-3 Ply Carton CF24 10 Kg (390x290x220mm) 10000 gm -Unprinted,pm,,0.003,1,Factory,Final FG (packing)
Energy Bar - Oats & Apricot 30gm,B: Transform->Pack (in-line),1,Energy Bar- Oats & Apricot (Semi Finished),fg,,0.03,1,Factory,Create WIP
Energy Bar - Oats & Apricot 30gm,B: Transform->Pack (in-line),2,PM24-BAPS-Oats And Apricot Energy Bar Pouch 30 gm,pm,,0.0013,1,Factory,Final FG (packing)
Energy Bar - Oats & Apricot 30gm,B: Transform->Pack (in-line),3,PM24-3 Ply Carton CF24 10 Kg (390x290x220mm) 10000 gm -Unprinted,pm,,0.003,1,Factory,Final FG (packing)
Energy Bar with Jaggery 30gm,,1,American Almonds Tukda,rm,,0.0063,1,Factory,Final FG (Sorting+Packing)
Energy Bar with Jaggery 30gm,,2,Sunflower Seeds,rm,,0.003,1,Factory,Final FG (Sorting+Packing)
Energy Bar with Jaggery 30gm,,3,Pumpkin Seed ( 5% ),rm,,0.0024,1,Factory,Final FG (Sorting+Packing)
Energy Bar with Jaggery 30gm,,4,Pista Kernel,rm,,0.003,1,Factory,Final FG (Sorting+Packing)
Energy Bar with Jaggery 30gm,,5,AL BARAKAH FARD DATES STANDARD,rm,,0.0045,1,Factory,Final FG (Sorting+Packing)
Energy Bar with Jaggery 30gm,,6,AL Barakah Date Paste,rm,,0.0075,1,Factory,Final FG (Sorting+Packing)
Energy Bar with Jaggery 30gm,,7,Jaggery Powder,rm,,0.0024,1,Factory,Final FG (Sorting+Packing)
Energy Bar with Jaggery 30gm,,8,Desi Ghee,rm,,0.0009,1,Factory,Final FG (Sorting+Packing)
Energy Bar- Fig & Dates (Semi Finished),,1,AL BARAKAH FARD DATES STANDARD,rm,,0.5167,1,Factory,Final FG (Sorting+Packing)
Energy Bar- Fig & Dates (Semi Finished),,2,American Almonds Running 25-27 count,rm,,0.22,1,Factory,Final FG (Sorting+Packing)
Energy Bar- Fig & Dates (Semi Finished),,3,Rock Salt -Sendha Namak Powder,rm,,0.0033,1,Factory,Final FG (Sorting+Packing)
Energy Bar- Fig & Dates (Semi Finished),,4,Anjeer Chutta,rm,,0.19,1,Factory,Final FG (Sorting+Packing)
Energy Bar- Fig & Dates (Semi Finished),,5,Rice Crispy - 18%,rm,,0.0667,1,Factory,Final FG (Sorting+Packing)
Energy Bar- Fig & Dates (Semi Finished),,6,Orange Zest Liquid Extract,rm,,0.0033,1,Factory,Final FG (Sorting+Packing)
Energy Bar- Fig & Dates (Semi Finished),,7,Cinnamon Flavour,rm,,0.0033,1,Factory,Final FG (Sorting+Packing)
Energy Bar- Fig & Dates (Semi Finished),,8,VANILLA LIQUID EXTRACT,rm,,0.0033,1,Factory,Final FG (Sorting+Packing)
Energy Bar- Hazelnut Magic (Semi Finished),,1,OATS,rm,,0.1667,1,Factory,Final FG (Sorting+Packing)
Energy Bar- Hazelnut Magic (Semi Finished),,2,Honey Loose,rm,,0.0667,1,Factory,Final FG (Sorting+Packing)
Energy Bar- Hazelnut Magic (Semi Finished),,3,Dried Cranberry Sliced,rm,,0.0333,1,Factory,Final FG (Sorting+Packing)
Energy Bar- Hazelnut Magic (Semi Finished),,4,Amul Butter,rm,,0.11,1,Factory,Final FG (Sorting+Packing)
Energy Bar- Hazelnut Magic (Semi Finished),,5,AL BARAKAH FARD DATES STANDARD,rm,,0.43,1,Factory,Final FG (Sorting+Packing)
Energy Bar- Hazelnut Magic (Semi Finished),,6,Hazelnut Kernal,rm,,0.0967,1,Factory,Final FG (Sorting+Packing)
Energy Bar- Hazelnut Magic (Semi Finished),,7,Cashew Tukda,rm,,0.0967,1,Factory,Final FG (Sorting+Packing)
Energy Bar- Hazelnut Magic (Semi Finished),,8,Ashwagandha Powder,rm,,0.0333,1,Factory,Final FG (Sorting+Packing)
Energy Bar- Oats & Apricot (Semi Finished),,1,OATS,rm,,0.3467,1,Factory,Final FG (Sorting+Packing)
Energy Bar- Oats & Apricot (Semi Finished),,2,California Walnut Kernels 2pc,rm,,0.1,1,Factory,Final FG (Sorting+Packing)
Energy Bar- Oats & Apricot (Semi Finished),,3,Honey Loose,rm,,0.16,1,Factory,Final FG (Sorting+Packing)
Energy Bar- Oats & Apricot (Semi Finished),,4,Dried Cranberry Sliced,rm,,0.1,1,Factory,Final FG (Sorting+Packing)
Energy Bar- Oats & Apricot (Semi Finished),,5,Amul Butter,rm,,0.16,1,Factory,Final FG (Sorting+Packing)
Energy Bar- Oats & Apricot (Semi Finished),,6,Turkey Apricot No 3,rm,,0.1333,1,Factory,Final FG (Sorting+Packing)
Energy Bars Oats and Dates (Pack of 6) 210gm,B: Transform->Pack (in-line),1,Energy Bar- Oats & Apricot (Semi Finished),fg,,0.21,1,Factory,Create WIP
Energy Bars Oats and Dates (Pack of 6) 210gm,B: Transform->Pack (in-line),2,PM24-Healing Hand Bar Monocarton 210 gm,pm,,1,1,Factory,Final FG (packing)
Energy Bars Oats and Dates (Pack of 6) 210gm,B: Transform->Pack (in-line),3,PM24-3 Ply Carton CF24 10 Kg (390x290x220mm) 10000 gm -Unprinted,pm,,0.021,1,Factory,Final FG (packing)
Energy Bars Oats and Dates (Semi Finished),,1,OATS,rm,,0.199,1,Factory,Final FG (Sorting+Packing)
Energy Bars Oats and Dates (Semi Finished),,2,Sama (Varai Rice),rm,,0.1495,1,Factory,Final FG (Sorting+Packing)
Energy Bars Oats and Dates (Semi Finished),,3,Roasted White Sesame (Safed Til) Seeds,fg,,0.0114,1,Factory,Final FG (Sorting+Packing)
Energy Bars Oats and Dates (Semi Finished),,4,American Almonds Tukda,rm,,0.0462,1,Factory,Final FG (Sorting+Packing)
Energy Bars Oats and Dates (Semi Finished),,5,Morde Dark Chocolate - CHD45,rm,,0.1671,1,Factory,Final FG (Sorting+Packing)
Energy Bars Oats and Dates (Semi Finished),,6,AL Barakah Date Paste,rm,,0.2271,1,Factory,Final FG (Sorting+Packing)
Energy Bars Oats and Dates (Semi Finished),,7,Wet Dates Seedless Khalas,rm,,0.15,1,Factory,Final FG (Sorting+Packing)
Energy Bars Oats and Dates (Semi Finished),,8,Blanched white Peanut Kernels,rm,,0.05,1,Factory,Final FG (Sorting+Packing)
Extra Cheese Seasoning (UNC) 1Kg,B: Transform->Pack (in-line),1,Maltodextrin - TPL,rm,,0.16,1,Factory,Create WIP
Extra Cheese Seasoning (UNC) 1Kg,B: Transform->Pack (in-line),2,Wheat Aata (Wheat Flour)- TPL,rm,,0.2,1,Factory,Create WIP
Extra Cheese Seasoning (UNC) 1Kg,B: Transform->Pack (in-line),3,Sugar Powder -TPL,rm,,0.033,1,Factory,Create WIP
Extra Cheese Seasoning (UNC) 1Kg,B: Transform->Pack (in-line),4,Refined Fine Powder Iodized Salt Prime - TPL,rm,,0.08,1,Factory,Create WIP
Extra Cheese Seasoning (UNC) 1Kg,B: Transform->Pack (in-line),5,Natural Red Colour - TPL,rm,,0.008,1,Factory,Create WIP
Extra Cheese Seasoning (UNC) 1Kg,B: Transform->Pack (in-line),6,KERRY SAUCE MIX POWDER 25KG TPL,rm,,0.505,1,Factory,Create WIP
Extra Cheese Seasoning (UNC) 1Kg,B: Transform->Pack (in-line),7,KERRY ARTIFICIAL CHEESE FLAVOR - TPL,rm,,0.014,1,Factory,Create WIP
Extra Cheese Seasoning (UNC) 1Kg,B: Transform->Pack (in-line),8,PM24-PLASTIC BAG SILVER WITH ZIPPER (230mmX300mm) Extra Cheese Pouch 1kg - TPL,pm,,1,1,Factory,Final FG (packing)
Extra Cheese Seasoning (UNC) 1Kg,B: Transform->Pack (in-line),9,Extra Cheese Label - TPL,pm,,1,1,Factory,Final FG (packing)
Extra Cheese Seasoning Extreme,B: Transform->Pack (in-line),1,Maltodextrin - TPL,rm,,0.335,1,Factory,Create WIP
Extra Cheese Seasoning Extreme,B: Transform->Pack (in-line),2,Wheat Aata (Wheat Flour)- TPL,rm,,0.2,1,Factory,Create WIP
Extra Cheese Seasoning Extreme,B: Transform->Pack (in-line),3,Sugar Powder -TPL,rm,,0.07,1,Factory,Create WIP
Extra Cheese Seasoning Extreme,B: Transform->Pack (in-line),4,Refined Fine Powder Iodized Salt Prime - TPL,rm,,0.05,1,Factory,Create WIP
Extra Cheese Seasoning Extreme,B: Transform->Pack (in-line),5,Natural Red Colour - TPL,rm,,0.007,1,Factory,Create WIP
Extra Cheese Seasoning Extreme,B: Transform->Pack (in-line),6,KFI FLAVORCREST UNC NF - TPL,rm,,0.325,1,Factory,Create WIP
Extra Cheese Seasoning Extreme,B: Transform->Pack (in-line),7,KERRY ARTIFICIAL CHEESE FLAVOR - TPL,rm,,0.013,1,Factory,Create WIP
Extra Cheese Seasoning Extreme,B: Transform->Pack (in-line),8,Extra Cheese Label - TPL,pm,,1,1,Factory,Final FG (packing)
Extra Cheese Seasoning-UNC( Malaysian) 15kg,B: Transform->Pack (in-line),1,Maltodextrin - TPL,rm,,0.16,1,Factory,Create WIP
Extra Cheese Seasoning-UNC( Malaysian) 15kg,B: Transform->Pack (in-line),2,Wheat Aata (Wheat Flour)- TPL,rm,,0.2,1,Factory,Create WIP
Extra Cheese Seasoning-UNC( Malaysian) 15kg,B: Transform->Pack (in-line),3,Sugar Powder -TPL,rm,,0.03,1,Factory,Create WIP
Extra Cheese Seasoning-UNC( Malaysian) 15kg,B: Transform->Pack (in-line),4,KERRY ARTIFICIAL CHEESE FLAVOR - TPL,rm,,0.01,1,Factory,Create WIP
Extra Cheese Seasoning-UNC( Malaysian) 15kg,B: Transform->Pack (in-line),5,Refined Fine Powder Iodized Salt Prime - TPL,rm,,0.08,1,Factory,Create WIP
Extra Cheese Seasoning-UNC( Malaysian) 15kg,B: Transform->Pack (in-line),6,Natural Red Colour - TPL,rm,,0.01,1,Factory,Create WIP
Extra Cheese Seasoning-UNC( Malaysian) 15kg,B: Transform->Pack (in-line),7,KERRY SAUCE MIX POWDER 25KG TPL,rm,,0.51,1,Factory,Create WIP
Extra Cheese Seasoning-UNC( Malaysian) 1kg,B: Transform->Pack (in-line),1,KERRY SAUCE MIX POWDER 25KG TPL,rm,,0.51,1,Factory,Create WIP
Extra Cheese Seasoning-UNC( Malaysian) 1kg,B: Transform->Pack (in-line),2,Maltodextrin - TPL,rm,,0.16,1,Factory,Create WIP
Extra Cheese Seasoning-UNC( Malaysian) 1kg,B: Transform->Pack (in-line),3,Wheat Aata (Wheat Flour)- TPL,rm,,0.2,1,Factory,Create WIP
Extra Cheese Seasoning-UNC( Malaysian) 1kg,B: Transform->Pack (in-line),4,Sugar Powder -TPL,rm,,0.03,1,Factory,Create WIP
Extra Cheese Seasoning-UNC( Malaysian) 1kg,B: Transform->Pack (in-line),5,KERRY ARTIFICIAL CHEESE FLAVOR - TPL,rm,,0.01,1,Factory,Create WIP
Extra Cheese Seasoning-UNC( Malaysian) 1kg,B: Transform->Pack (in-line),6,Refined Fine Powder Iodized Salt Prime - TPL,rm,,0.08,1,Factory,Create WIP
Extra Cheese Seasoning-UNC( Malaysian) 1kg,B: Transform->Pack (in-line),7,Natural Red Colour - TPL,rm,,0.01,1,Factory,Create WIP
Extra Cheese Seasoning-UNC( Malaysian) 1kg,B: Transform->Pack (in-line),8,PM24-PLASTIC BAG SILVER WITH ZIPPER (230mmX300mm) Extra Cheese Pouch 1kg - TPL,pm,,1,1,PM Store,Final FG (packing)
Extra Cheese Seasoning-UNC( Malaysian) 1kg,B: Transform->Pack (in-line),9,Extra Cheese Label - TPL,pm,,1,1,PM Store,Final FG (packing)
Extreme Cheese Seasoning( Malaysian) 1kg,B: Transform->Pack (in-line),1,Maltodextrin - TPL,rm,,0.335,1,Factory,Create WIP
Extreme Cheese Seasoning( Malaysian) 1kg,B: Transform->Pack (in-line),2,Wheat Aata (Wheat Flour)- TPL,rm,,0.201,1,Factory,Create WIP
Extreme Cheese Seasoning( Malaysian) 1kg,B: Transform->Pack (in-line),3,Sugar Powder -TPL,rm,,0.07,1,Factory,Create WIP
Extreme Cheese Seasoning( Malaysian) 1kg,B: Transform->Pack (in-line),4,KERRY ARTIFICIAL CHEESE FLAVOR - TPL,rm,,0.012,1,Factory,Create WIP
Extreme Cheese Seasoning( Malaysian) 1kg,B: Transform->Pack (in-line),5,Refined Fine Powder Iodized Salt Prime - TPL,rm,,0.05,1,Factory,Create WIP
Extreme Cheese Seasoning( Malaysian) 1kg,B: Transform->Pack (in-line),6,Natural Red Colour - TPL,rm,,0.007,1,Factory,Create WIP
Extreme Cheese Seasoning( Malaysian) 1kg,B: Transform->Pack (in-line),7,KERRY SAUCE MIX POWDER 25KG TPL,rm,,0.325,1,Factory,Create WIP
Ez Almond California Bold Loose,D: Pack-only,1,American Almonds Running 25-27 count,rm,,1,1,Factory,Final FG (Sorting+Packing)
Ez Almond California Bold Loose,D: Pack-only,2,"PM24-Vacuum Pouch For 1 Kg-210 x 305mm, 16G-110 Micron (Solimo) 1000 gm",pm,,1,1,PM Store,Final FG (packing)
Ez Almond California Bold Loose,D: Pack-only,3,PM24-3 Ply Carton CF24 10 Kg (390x290x220mm) 10000 gm -Unprinted,pm,,0.1,1,PM Store,Final FG (packing)
Ez Almond California Regular Loose,D: Pack-only,1,American Almonds Running 25-27 count,rm,,1,1,Factory,Final FG (Sorting+Packing)
Ez Almond California Regular Loose,D: Pack-only,2,"PM24-Vacuum Pouch For 1 Kg-210 x 305mm, 16G-110 Micron (Solimo) 1000 gm",pm,,1,1,PM Store,Final FG (packing)
Ez Almond California Regular Loose,D: Pack-only,3,PM24-3 Ply Carton CF24 10 Kg (390x290x220mm) 10000 gm -Unprinted,pm,,0.1,1,PM Store,Final FG (packing)
Ez Almond Mammra Regular Loose,D: Pack-only,1,Mamra Almonds 2A,rm,,1,1,Factory,Final FG (Sorting+Packing)
Ez Almond Mamra Regular Loose (1459019),D: Pack-only,1,Mamra Almonds 2A,rm,,1,1,Factory,Final FG (Sorting+Packing)
Ez Almond Mamra Regular Loose (1459019),D: Pack-only,2,"PM24-Vacuum Pouch For 1 Kg-210 x 305mm, 16G-110 Micron (Solimo) 1000 gm",pm,,1,1,PM Store,Final FG (packing)
Ez Almond Mamra Regular Loose (1459019),D: Pack-only,3,PM24-3 Ply Carton CF24 10 Kg (390x290x220mm) 10000 gm -Unprinted,pm,,0.1,1,PM Store,Final FG (packing)
Ez Almond Rstd Salted Loose,C: Pack of existing SFG,1,Roasted & Salted Almonds Bulk,sfg,SFG0261,1,1,Factory,Final FG (opening RM)
Ez Almond Rstd Salted Loose,C: Pack of existing SFG,2,"PM24-Vacuum Pouch For 1 Kg-210 x 305mm, 16G-110 Micron (Solimo) 1000 gm",pm,,1,1,PM Store,Final FG (packing)
Ez Almond Rstd Salted Loose,C: Pack of existing SFG,3,PM24-3 Ply Carton CF24 10 Kg (390x290x220mm) 10000 gm -Unprinted,pm,,0.1,1,PM Store,Final FG (packing)
Ez Anjeer Small Loose,D: Pack-only,1,Anjeer 1*2,rm,,1,1,Factory,Final FG (Sorting+Packing)
Ez Anjeer Small Loose,D: Pack-only,2,"PM24-Vacuum Pouch For 1 Kg-210 x 305mm, 16G-110 Micron (Solimo) 1000 gm",pm,,1,1,PM Store,Final FG (packing)
Ez Anjeer Small Loose,D: Pack-only,3,PM24-3 Ply Carton CF24 10 Kg (390x290x220mm) 10000 gm -Unprinted,pm,,0.1,1,PM Store,Final FG (packing)
Ez Black Raisin Loose (1459026),D: Pack-only,1,Afghan Black Raisins Seeded 1*2,rm,,1,1,Factory,Final FG (Sorting+Packing)
Ez Black Raisin Loose (1459026),D: Pack-only,2,"PM24-Vacuum Pouch For 1 Kg-210 x 305mm, 16G-110 Micron (Solimo) 1000 gm",pm,,1,1,PM Store,Final FG (packing)
Ez Black Raisin Loose (1459026),D: Pack-only,3,PM24-3 Ply Carton CF24 10 Kg (390x290x220mm) 10000 gm -Unprinted,pm,,0.1,1,PM Store,Final FG (packing)
Ez Black Raisin Seedless Loose,D: Pack-only,1,Afghan Black Raisins Seedless 1*1,rm,,1,1,Factory,Final FG (Sorting+Packing)
Ez Black Raisin Seedless Loose,D: Pack-only,2,"PM24-Vacuum Pouch For 1 Kg-210 x 305mm, 16G-110 Micron (Solimo) 1000 gm",pm,,1,1,PM Store,Final FG (packing)
Ez Black Raisin Seedless Loose,D: Pack-only,3,PM24-3 Ply Carton CF24 10 Kg (390x290x220mm) 10000 gm -Unprinted,pm,,0.1,1,PM Store,Final FG (packing)
Ez Blue Berry Loose,D: Pack-only,1,Dried Blueberry,rm,,1,1,Factory,Final FG (Sorting+Packing)
Ez Blue Berry Loose,D: Pack-only,2,"PM24-Vacuum Pouch For 1 Kg-210 x 305mm, 16G-110 Micron (Solimo) 1000 gm",pm,,1,1,PM Store,Final FG (packing)
Ez Blue Berry Loose,D: Pack-only,3,PM24-3 Ply Carton CF24 10 Kg (390x290x220mm) 10000 gm -Unprinted,pm,,0.1,1,PM Store,Final FG (packing)
Ez Cashew 210 Loose,D: Pack-only,1,Cashew 210,rm,,1,1,Factory,Final FG (Sorting+Packing)
Ez Cashew 210 Loose,D: Pack-only,2,"PM24-Vacuum Pouch For 1 Kg-210 x 305mm, 16G-110 Micron (Solimo) 1000 gm",pm,,1,1,PM Store,Final FG (packing)
Ez Cashew 210 Loose,D: Pack-only,3,PM24-3 Ply Carton CF24 10 Kg (390x290x220mm) 10000 gm -Unprinted,pm,,0.1,1,PM Store,Final FG (packing)
Ez Cashew 240 Loose,D: Pack-only,1,Cashew 240,rm,,1,1,Factory,Final FG (Sorting+Packing)
Ez Cashew 240 Loose,D: Pack-only,2,"PM24-Vacuum Pouch For 1 Kg-210 x 305mm, 16G-110 Micron (Solimo) 1000 gm",pm,,1,1,PM Store,Final FG (packing)
Ez Cashew 240 Loose,D: Pack-only,3,PM24-3 Ply Carton CF24 10 Kg (390x290x220mm) 10000 gm -Unprinted,pm,,0.1,1,PM Store,Final FG (packing)
Ez Cashew 320 Loose,D: Pack-only,1,Cashew 320,rm,,1,1,Factory,Final FG (Sorting+Packing)
Ez Cashew 320 Loose,D: Pack-only,2,"PM24-Vacuum Pouch For 1 Kg-210 x 305mm, 16G-110 Micron (Solimo) 1000 gm",pm,,1,1,PM Store,Final FG (packing)
Ez Cashew 320 Loose,D: Pack-only,3,PM24-3 Ply Carton CF24 10 Kg (390x290x220mm) 10000 gm -Unprinted,pm,,0.1,1,PM Store,Final FG (packing)
Ez Cashew 4pc Loose,D: Pack-only,1,Cashew Tukda,rm,,1,1,Factory,Final FG (Sorting+Packing)
Ez Cashew Roasted Salted Loose,D: Pack-only,1,Cashew 320,rm,,1,1,Factory,Final FG (Sorting+Packing)
Ez Chilean Walnut Giri Regular Loose,D: Pack-only,1,Chilean Walnut Kernel 2 pcs,rm,,1,1,Factory,Final FG (Sorting+Packing)
Ez Chilean Walnut Giri Regular Loose,D: Pack-only,2,"PM24-Vacuum Pouch For 1 Kg-210 x 305mm, 16G-110 Micron (Solimo) 1000 gm",pm,,1,1,PM Store,Final FG (packing)
Ez Chilean Walnut Giri Regular Loose,D: Pack-only,3,PM24-3 Ply Curate Carton 10 Kg (CF24) Printed,pm,,0.1,1,PM Store,Final FG (packing)
Ez Chilean Walnut Giri Small Loose (1459038),D: Pack-only,1,Chilean Walnut Kernel Kani,rm,,1,1,Factory,Final FG (Sorting+Packing)
Ez Chilean Walnut Giri Small Loose (1459038),D: Pack-only,2,"PM24-Vacuum Pouch For 1 Kg-210 x 305mm, 16G-110 Micron (Solimo) 1000 gm",pm,,1,1,PM Store,Final FG (packing)
Ez Chilean Walnut Giri Small Loose (1459038),D: Pack-only,3,PM24-3 Ply Carton CF24 10 Kg (390x290x220mm) 10000 gm -Unprinted,pm,,0.1,1,PM Store,Final FG (packing)
Ez Cranberry Loose,D: Pack-only,1,Dried Cranberry Whole,rm,,1,1,Factory,Final FG (Sorting+Packing)
Ez Cranberry Loose,D: Pack-only,2,"PM24-Vacuum Pouch For 1 Kg-210 x 305mm, 16G-110 Micron (Solimo) 1000 gm",pm,,1,1,PM Store,Final FG (packing)
Ez Cranberry Loose,D: Pack-only,3,PM24-3 Ply Carton CF24 10 Kg (390x290x220mm) 10000 gm -Unprinted,pm,,0.1,1,PM Store,Final FG (packing)
Ez Dried Apricot Loose,D: Pack-only,1,Afghan Apricot 1*2,rm,,1,1,Factory,Final FG (Sorting+Packing)
Ez Dried Apricot Loose,D: Pack-only,2,"PM24-Vacuum Pouch For 1 Kg-210 x 305mm, 16G-110 Micron (Solimo) 1000 gm",pm,,1,1,PM Store,Final FG (packing)
Ez Dried Apricot Loose,D: Pack-only,3,PM24-3 Ply Carton CF24 10 Kg (390x290x220mm) 10000 gm -Unprinted,pm,,0.1,1,PM Store,Final FG (packing)
Ez Green Pista Loose (1459047),D: Pack-only,1,California Pista Inshell Roasted and Salted,fg,,1,1,Factory,Final FG (Sorting+Packing)
Ez Green Pista Loose (1459047),D: Pack-only,2,"PM24-Vacuum Pouch For 1 Kg-210 x 305mm, 16G-110 Micron (Solimo) 1000 gm",pm,,1,1,PM Store,Final FG (packing)
Ez Green Pista Loose (1459047),D: Pack-only,3,PM24-3 Ply Carton CF24 10 Kg (390x290x220mm) 10000 gm -Unprinted,pm,,0.1,1,PM Store,Final FG (packing)
Ez Honey Amla Loose (1459048),D: Pack-only,1,Sweet Amala Candy 5%,rm,,1,1,Factory,Final FG (Sorting+Packing)
Ez Honey Amla Loose (1459048),D: Pack-only,2,"PM24-Vacuum Pouch For 1 Kg-210 x 305mm, 16G-110 Micron (Solimo) 1000 gm",pm,,1,1,PM Store,Final FG (packing)
Ez Honey Amla Loose (1459048),D: Pack-only,3,PM24-3 Ply Carton CF24 10 Kg (390x290x220mm) 10000 gm-Printed,pm,,0.1,1,PM Store,Final FG (packing)
Ez Khurmani Wet Apricot Loose (1459052),D: Pack-only,1,Turkey Apricot No 3,rm,,1,1,Factory,Final FG (Sorting+Packing)
Ez Khurmani Wet Apricot Loose (1459052),D: Pack-only,2,"PM24-Vacuum Pouch For 1 Kg-210 x 305mm, 16G-110 Micron (Solimo) 1000 gm",pm,,1,1,PM Store,Final FG (packing)
Ez Khurmani Wet Apricot Loose (1459052),D: Pack-only,3,PM24-3 Ply Carton CF24 10 Kg (390x290x220mm) 10000 gm -Unprinted,pm,,0.1,1,PM Store,Final FG (packing)
Ez Kishmish Afghani Loose,D: Pack-only,1,Afghan Raisins 1*1 Green round,rm,,1,1,Factory,Final FG (Sorting+Packing)
Ez Mix Dry Fruit Regular Loose (1459062),D: Pack-only,1,Mamra Almonds 2A,rm,,1,1,Factory,Final FG (Sorting+Packing)
Ez Mix Dry Fruit Regular Loose (1459062),D: Pack-only,2,PM24-Vacuum Pouch-510 x 560mm-65 G-125 Micron-10 Kg 10000 gm,pm,,1,1,PM Store,Final FG (packing)
Ez Mix Dry Fruit Regular Loose (1459062),D: Pack-only,3,PM24-3 Ply Carton CF24 10 Kg (390x290x220mm) 10000 gm -Unprinted,pm,,0.1,1,PM Store,Final FG (packing)
Ez Munakka Loose,D: Pack-only,1,Afghan Munakka / Abjosh 1X1,rm,,1,1,Factory,Final FG (Sorting+Packing)
Ez Munakka Loose,D: Pack-only,2,"PM24-Vacuum Pouch For 1 Kg-210 x 305mm, 16G-110 Micron (Solimo) 1000 gm",pm,,1,1,PM Store,Final FG (packing)
Ez Munakka Loose,D: Pack-only,3,PM24-3 Ply Carton CF24 10 Kg (390x290x220mm) 10000 gm -Unprinted,pm,,0.1,1,PM Store,Final FG (packing)
Ez Pista Roasted Salted Akbari Loose,D: Pack-only,1,Pista Akbari Roasted and Salted,fg,,1,1,Factory,Final FG (Sorting+Packing)
Ez Pista Roasted Salted Irani Loose,D: Pack-only,1,Pista Irani 101 Inshell,rm,,1,1,Factory,Final FG (Sorting+Packing)
Ez Pista Roasted Salted Irani Loose,D: Pack-only,2,"PM24-Vacuum Pouch For 1 Kg-210 x 305mm, 16G-110 Micron (Solimo) 1000 gm",pm,,1,1,PM Store,Final FG (packing)
Ez Pista Roasted Salted Irani Loose,D: Pack-only,3,PM24-3 Ply Carton CF24 10 Kg (390x290x220mm) 10000 gm -Unprinted,pm,,0.1,1,PM Store,Final FG (packing)
Ez Walnut Broken Loose,D: Pack-only,1,California Walnut Tukda,rm,,1,1,Factory,Final FG (Sorting+Packing)
Ez Walnut Broken Loose,D: Pack-only,2,"PM24-Vacuum Pouch For 1 Kg-210 x 305mm, 16G-110 Micron (Solimo) 1000 gm",pm,,1,1,PM Store,Final FG (packing)
Ez Walnut Broken Loose,D: Pack-only,3,PM24-3 Ply Carton CF24 10 Kg (390x290x220mm) 10000 gm -Unprinted,pm,,0.1,1,PM Store,Final FG (packing)
Ez Walnut Whole Loose,D: Pack-only,1,Chilean Walnut Inshell,rm,,1,1,Factory,Final FG (Sorting+Packing)
Ez Walnut Whole Loose,D: Pack-only,2,"PM24-Vacuum Pouch For 1 Kg-210 x 305mm, 16G-110 Micron (Solimo) 1000 gm",pm,,1,1,PM Store,Final FG (packing)
Ez Walnut Whole Loose,D: Pack-only,3,PM24-3 Ply Carton CF24 10 Kg (390x290x220mm) 10000 gm -Unprinted,pm,,0.1,1,PM Store,Final FG (packing)
FABSTA ALMOND 100G,D: Pack-only,1,Independence Almonds,rm,,0.1,1,Factory,Final FG (Sorting+Packing)
FABSTA ALMOND 200G,D: Pack-only,1,Independence Almonds,rm,,0.2,1,Factory,Final FG (Sorting+Packing)
FABSTA ALMOND 500G,D: Pack-only,1,Independence Almonds,rm,,0.5,1,Factory,Final FG (Sorting+Packing)
FABSTA ALMOND REGULAR 100G,D: Pack-only,1,American Almonds Running 25-27 count,rm,,0.1,1,Factory,Final FG (Sorting+Packing)
FABSTA ALMOND REGULAR 200G,D: Pack-only,1,American Almonds Running 25-27 count,rm,,0.2,1,Factory,Final FG (Sorting+Packing)
FABSTA ALMOND REGULAR 500G,D: Pack-only,1,American Almonds Running 25-27 count,rm,,0.5,1,Factory,Final FG (Sorting+Packing)
Fabsta Almond Roasted 200g (1468499),,1,Roasted & Salted Almonds Bulk,sfg,SFG0261,0.2,1,Factory,Final FG (opening RM)
FABSTA ALMOND RSTD SAL 100G,,1,Roasted & Salted Almonds Bulk,sfg,SFG0261,0.1,1,Factory,Final FG (opening RM)
FABSTA ALMOND RSTD SAL 200G,,1,Roasted & Salted Almonds Bulk,sfg,SFG0261,0.2,1,Factory,Final FG (opening RM)
Fabsta Anjeer 200gm,D: Pack-only,1,Anjeer 1*2,rm,,0.2,1,Factory,Final FG (Sorting+Packing)
Fabsta Anjeer 200gm,D: Pack-only,2,PM24-Star Bazar Laminate Pouch 250g (280x175mm) Cen,pm,,1,1,Factory,Final FG (packing)
Fabsta Anjeer 200gm,D: Pack-only,3,PM24-3 Ply Carton CF24 10 Kg (390x290x220mm) 10000 gm -Unprinted,pm,,0.02,1,Factory,Final FG (packing)
FABSTA Apricots Dry 100gm,D: Pack-only,1,Afghan Apricot 1*2,rm,,0.1,1,Factory,Final FG (Sorting+Packing)
FABSTA Apricots Dry 100gm,D: Pack-only,2,PM24-Star Bazar Laminate Pouch 100g (280x125mm) Cen,pm,,1,1,Factory,Final FG (packing)
FABSTA Apricots Dry 100gm,D: Pack-only,3,PM24-3 Ply Carton CF24 10 Kg (390x290x220mm) 10000 gm -Unprinted,pm,,0.1,1,Factory,Final FG (packing)
FABSTA BLACK RAISINS 100G (1455547),D: Pack-only,1,Afghan Black Raisins Seeded 1*2,rm,,0.1,1,Factory,Final FG (Sorting+Packing)
FABSTA BLACK RAISINS 100G (1455547),D: Pack-only,2,PM24-Star Bazar Laminate Pouch 100g (280x125mm) Cen,pm,,1,1,PM Store,Final FG (packing)
FABSTA BLACK RAISINS 100G (1455547),D: Pack-only,3,PM24-3 Ply Carton CF21 Walnut Carton (445X310X305MM)-Unprinted,pm,,0.02,1,PM Store,Final FG (packing)
FABSTA BLACK RAISINS 200G,D: Pack-only,1,Afghan Black Raisins Seeded 1*2,rm,,0.2,1,Factory,Final FG (Sorting+Packing)
FABSTA BLACK RAISINS 200G,D: Pack-only,2,PM24-STAR BAZAAR LAMINATE ROLL (280mm X 175mm),pm,,0.003,1,Factory,Final FG (packing)
FABSTA BLACK RAISINS 200G,D: Pack-only,3,PM24-3 Ply Carton CF21 Walnut Carton (445X310X305MM)-Unprinted,pm,,0.027,1,Factory,Final FG (packing)
FABSTA BLACK RAISINS 500G,D: Pack-only,1,Afghan Black Raisins Seeded 1*2,rm,,0.5,1,Factory,Final FG (Sorting+Packing)
FABSTA BLACK RAISINS 500G,D: Pack-only,2,PM24-STAR BAZAAR LAMINATE ROLL (375mm X 200mm)500gm,pm,,0.01,1,Factory,Final FG (packing)
FABSTA BLACK RAISINS 500G,D: Pack-only,3,PM24-3 Ply Carton CF21 Walnut Carton (445X310X305MM)-Unprinted,pm,,0.025,1,Factory,Final FG (packing)
FABSTA CASHEW RS W320 100G,,1,Roasted & Salted Cashew Bulk,sfg,SFG0262,0.1,1,Factory,Final FG (opening RM)
FABSTA CASHEW RS W320 200G,,1,Roasted & Salted Cashew Bulk,sfg,SFG0262,0.2,1,Factory,Final FG (opening RM)
Fabsta Cashew W320 Roasted 200g (1468502),,1,Roasted & Salted Cashew Bulk,sfg,SFG0262,0.2,1,Factory,Final FG (opening RM)
FABSTA CASHEWNUT 240 COUNT 200g,D: Pack-only,1,Cashew 240,rm,,0.206,1,Factory,Final FG (Sorting+Packing)
FABSTA CASHEWNUT 240 COUNT 200g,D: Pack-only,2,PM24-3 Ply Carton CF21 Walnut Carton (445X310X305MM)-Unprinted,pm,,0.027,1,Factory,Final FG (packing)
FABSTA CASHEWNUT 240 COUNT 200g,D: Pack-only,3,PM24-Star Bazar Laminate Pouch 250g (280x175mm) Cen,pm,,1,1,Factory,Final FG (packing)
FABSTA CASHEWNUT BROKEN 200G,B: Transform->Pack (in-line),1,Cashew Tukda,rm,,0.206,1,Factory,Create WIP
FABSTA CASHEWNUT BROKEN 200G,B: Transform->Pack (in-line),2,PM24-STAR BAZAAR LAMINATE ROLL (280mm X 175mm),pm,,1,1,Factory,Final FG (packing)
FABSTA CASHEWNUT BROKEN 200G,B: Transform->Pack (in-line),3,PM24-3 Ply Carton CF21 Walnut Carton (445X310X305MM)-Unprinted,pm,,0.027,1,Factory,Final FG (packing)
Fabsta Figs Regular 500gm,D: Pack-only,1,Anjeer 1*2,rm,,0.5,1,Factory,Final FG (Sorting+Packing)
Fabsta Figs Regular 500gm,D: Pack-only,2,PM24-Star Bazar Laminate Pouch 100g (280x125mm) Cen,pm,,1,1,Factory,Final FG (packing)
Fabsta Figs Regular 500gm,D: Pack-only,3,PM24-3 Ply Carton CF21 Walnut Carton (445X310X305MM)-Unprinted,pm,,0.1,1,Factory,Final FG (packing)
FABSTA INDIAN RAISINS 200G,D: Pack-only,1,Indian Green Raisins,rm,,0.2,1,Factory,Final FG (Sorting+Packing)
FABSTA INDIAN RAISINS 200G,D: Pack-only,2,PM24-Star Bazar Laminate Pouch 250g (280x175mm) Cen,pm,,1,1,Factory,Final FG (packing)
FABSTA INDIAN RAISINS 200G,D: Pack-only,3,PM24-3 Ply Carton CF21 Walnut Carton (445X310X305MM)-Unprinted,pm,,0.025,1,Factory,Final FG (packing)
FABSTA INDIAN RAISINS 500G,D: Pack-only,1,Indian Green Raisins,rm,,0.5,1,Factory,Final FG (Sorting+Packing)
FABSTA INDIAN RAISINS 500G,D: Pack-only,2,PM24-Star Bazar Laminate Pouch 500g (375x200mm) Cen,pm,,1,1,Factory,Final FG (packing)
FABSTA INDIAN RAISINS 500G,D: Pack-only,3,PM24-3 Ply Carton CF24 10 Kg (390x290x220mm) 10000 gm -Unprinted,pm,,0.05,1,Factory,Final FG (packing)
FABSTA PISTA CALIFORNIA 200G,D: Pack-only,1,California Pista Inshell,rm,,0.2,1,Factory,Final FG (Sorting+Packing)
FABSTA PISTA CALIFORNIA 200G,D: Pack-only,2,PM24-Star Bazar Laminate Pouch 250g (280x175mm) Cen,pm,,1,1,PM Store,Final FG (packing)
FABSTA PISTA CALIFORNIA 200G,D: Pack-only,3,PM24-3 Ply Carton CF21 Walnut Carton (445X310X305MM)-Unprinted,pm,,0.016,1,PM Store,Final FG (packing)
FABSTA Raisins Indian 100 Gm,D: Pack-only,1,Indian Green Raisins,rm,,0.1,1,Factory,Final FG (Sorting+Packing)
FABSTA Raisins Indian 100 Gm,D: Pack-only,2,PM24-Star Bazar Laminate Pouch 100g (280x125mm) Cen,pm,,1,1,Factory,Final FG (packing)
FABSTA Raisins Indian 100 Gm,D: Pack-only,3,PM24-3 Ply Carton CF24 10 Kg (390x290x220mm) 10000 gm -Unprinted,pm,,0.01,1,PM Store,Final FG (packing)
Fabsta Rstd Flax Seeds 100g,D: Pack-only,1,Roasted Flax Seeds,fg,,0.1,1,Factory,Final FG (Sorting+Packing)
Fabsta Rstd Flax Seeds 100g,D: Pack-only,2,PM24-Star Bazar Laminate Pouch 100g (280x125mm) Cen,pm,,1,1,PM Store,Final FG (packing)
Fabsta Rstd Flax Seeds 100g,D: Pack-only,3,PM24-3 Ply Carton CF24 10 Kg (390x290x220mm) 10000 gm -Unprinted,pm,,0.01,1,PM Store,Final FG (packing)
Fabsta Rstd Melon Seeds 100g,D: Pack-only,1,Watermelon Seeds Roasted,rm,,0.1,1,Factory,Final FG (Sorting+Packing)
Fabsta Rstd Melon Seeds 100g,D: Pack-only,2,PM24-Star Bazar Laminate Pouch 100g (280x125mm) Cen,pm,,1,1,PM Store,Final FG (packing)
Fabsta Rstd Melon Seeds 100g,D: Pack-only,3,PM24-3 Ply Carton CF24 10 Kg (390x290x220mm) 10000 gm -Unprinted,pm,,0.01,1,PM Store,Final FG (packing)
Fabsta Rstd Pumpkin Seeds 100g,D: Pack-only,1,Pumpkin Seeds Roasted,fg,,0.1,1,Factory,Final FG (Sorting+Packing)
Fabsta Rstd Pumpkin Seeds 100g,D: Pack-only,2,PM24-Star Bazar Laminate Pouch 100g (280x125mm) Cen,pm,,1,1,PM Store,Final FG (packing)
Fabsta Rstd Pumpkin Seeds 100g,D: Pack-only,3,PM24-3 Ply Carton CF24 10 Kg (390x290x220mm) 10000 gm -Unprinted,pm,,0.01,1,PM Store,Final FG (packing)
Fabsta Rstd Sunflower Seeds 100g,D: Pack-only,1,Sunflower Seeds Roasted,fg,,0.1,1,Factory,Final FG (Sorting+Packing)
Fabsta Rstd Sunflower Seeds 100g,D: Pack-only,2,PM24-Star Bazar Laminate Pouch 1KG (375x285mm) Cen seal,pm,,1,1,PM Store,Final FG (packing)
Fabsta Rstd Sunflower Seeds 100g,D: Pack-only,3,PM24-3 Ply Carton CF24 10 Kg (390x290x220mm) 10000 gm -Unprinted,pm,,0.01,1,PM Store,Final FG (packing)
FABSTA Walnut Split 100gm,D: Pack-only,1,Chilean Walnut Kernel 2 pcs,rm,,0.1,1,Factory,Final FG (Sorting+Packing)
FABSTA Walnut Split 100gm,D: Pack-only,2,PM24-Star Bazar Laminate Pouch 250g (280x175mm) Cen,pm,,1,1,Factory,Final FG (packing)
FABSTA Walnut Split 100gm,D: Pack-only,3,PM24-3 Ply Carton CF24 10 Kg (390x290x220mm) 10000 gm -Unprinted,pm,,0.1,1,Factory,Final FG (packing)
FABSTA WALNUT SPLIT 250G,D: Pack-only,1,Chilean Walnut Kernel 2 pcs,rm,,0.25,1,Factory,Final FG (Sorting+Packing)
FABSTA WALNUT SPLIT 250G,D: Pack-only,2,PM24-Star Bazar Laminate Pouch 500g (375x230mm) Cen,pm,,1,1,Factory,Final FG (packing)
FABSTA WALNUT SPLIT 250G,D: Pack-only,3,PM24-3 Ply Carton CF21 Walnut Carton (445X310X305MM)-Unprinted,pm,,0.025,1,Factory,Final FG (packing)
Fabsta Walnut Split 500g,D: Pack-only,1,Chilean Walnut Kernel 2 pcs,rm,,0.5,1,Factory,Final FG (Sorting+Packing)
Fabsta Walnut Split 500g,D: Pack-only,2,PM24-Star Bazar Laminate Pouch 1KG (375x285mm) Cen seal,pm,,1,1,Factory,Final FG (packing)
Fabsta Walnut Split 500g,D: Pack-only,3,PM24-3 Ply Carton CF21 Walnut Carton (445X310X305MM)-Unprinted,pm,,0.05,1,Factory,Final FG (packing)
Fan Bag 300g,D: Pack-only,1,Carnival Festive Salted Almonds (27-28 count) 100gm,fg,,1,1,Factory,Final FG (Sorting+Packing)
Fan Bag 300g,D: Pack-only,2,Carnival FestiveSalted Cashew (320) 100gm,fg,,1,1,Factory,Final FG (Sorting+Packing)
Fan Bag 300g,D: Pack-only,3,Carnival Festive Indian Raisin 100gm,fg,,1,1,Factory,Final FG (Sorting+Packing)
Fan Bag 300g,D: Pack-only,4,PM24-Hamper-Silk Fan Bag,pm,,1,1,PM Store,Final FG (packing)
Fardh Dates,D: Pack-only,1,AL BARAKAH FARD DATES STANDARD,rm,,1,1,Factory,Final FG (Sorting+Packing)
Festive Box - Magic Moments 600g,D: Pack-only,1,Carnival Festive Salted Cashew (320) 150gm,fg,,1,1,Factory,Final FG (Sorting+Packing)
Festive Box - Magic Moments 600g,D: Pack-only,2,Carnival Festive Indian Raisin 175gm,fg,,1,1,Factory,Final FG (Sorting+Packing)
Festive Box - Magic Moments 600g,D: Pack-only,3,Carnival Festive Salted Almonds (27-28 count) 150gm,fg,,1,1,Factory,Final FG (Sorting+Packing)
Festive Box - Magic Moments 600g,D: Pack-only,4,Carnival Festive California Pista (21-26) 125gm,fg,,1,1,Factory,Final FG (Sorting+Packing)
Festive Box - Magic Moments 600g,D: Pack-only,5,PM24-HOH Diwali Gift Box Monocarton Magic Movement 600gm(4P),pm,,1,1,PM Store,Final FG (packing)
Festive Box - Supreme 1000g,D: Pack-only,1,Carnival Festive Cashew (320) 200gm,fg,,1,1,Factory,Final FG (Sorting+Packing)
Festive Box - Supreme 1000g,D: Pack-only,2,Carnival Nuts & Seed Mix 100gm,fg,,1,1,Factory,Final FG (Sorting+Packing)
Festive Box - Supreme 1000g,D: Pack-only,3,Carnival Festive Almonds (27-28 count) 200gm,fg,,1,1,Factory,Final FG (Sorting+Packing)
Festive Box - Supreme 1000g,D: Pack-only,4,Carnival Festive Chatpata Cranberry 100gm,fg,,1,1,Factory,Final FG (Sorting+Packing)
Festive Box - Supreme 1000g,D: Pack-only,5,Carnival Festive Seedless Black Raisin 200gm,fg,,1,1,Factory,Final FG (Sorting+Packing)
Festive Box - Supreme 1000g,D: Pack-only,6,Carnival Festive California Pista (21-26) 200gm,fg,,1,1,Factory,Final FG (Sorting+Packing)
FESTIVE GREETING 560gm,D: Pack-only,1,Carnival Festive Cashew (320) 100gm,fg,,1,1,Factory,Final FG (Sorting+Packing)
FESTIVE GREETING 560gm,D: Pack-only,2,Carnival Festive Indian Raisin 100gm,fg,,1,1,Factory,Final FG (Sorting+Packing)
FESTIVE GREETING 560gm,D: Pack-only,3,Carnival Festive Almonds (27-28 count) 100gm,fg,,1,1,Factory,Final FG (Sorting+Packing)
FESTIVE GREETING 560gm,D: Pack-only,4,Carnival Festive California Pista (21-26) 80gm,fg,,1,1,Factory,Final FG (Sorting+Packing)
FESTIVE GREETING 560gm,D: Pack-only,5,Carnival FestiveSalted Cashew (320) 100gm,fg,,1,1,Factory,Final FG (Sorting+Packing)
FESTIVE GREETING 560gm,D: Pack-only,6,Carnival Festive Flavoured Cashew (320) 80gm,fg,,1,1,Factory,Final FG (Sorting+Packing)
FESTIVE GREETING 560gm,D: Pack-only,7,PM24-Hamper-Festive Greeting 560 Gm Orange Printed,pm,,1,1,Factory,Final FG (packing)
FESTIVE GREETING 560gm,D: Pack-only,8,PM24-5ply Diwali Greetings Carton (6P-610x430x275 mm) 6720 gm,pm,,0.083,1,Factory,Final FG (packing)
Festive Hamper 01,D: Pack-only,1,Carnival Festive Almonds (27-28 count) 200gm,fg,,1,1,Factory,Final FG (Sorting+Packing)
Festive Hamper 01,D: Pack-only,2,Carnival Festive Cashew (320) 200gm,fg,,1,1,Factory,Final FG (Sorting+Packing)
Festive Hamper 01,D: Pack-only,3,Carnival Festive Indian Raisin 200gm,fg,,1,1,Factory,Final FG (Sorting+Packing)
Festive Hamper 01,D: Pack-only,4,Carnival Festive California Pista (21-26) 200gm,fg,,1,1,Factory,Final FG (Sorting+Packing)
Festive Hamper 01,D: Pack-only,5,Dates Mewa Classic 210gm,fg,,1,1,Factory,Final FG (Sorting+Packing)
Festive Hamper 01,D: Pack-only,6,King Solomon Medjoul Dates 250 Gms,fg,,1,1,Factory,Final FG (Sorting+Packing)
Festive Hamper 02,D: Pack-only,1,Carnival Festive Almonds (27-28 count) 125gm,fg,,1,1,Factory,Final FG (Sorting+Packing)
Festive Hamper 02,D: Pack-only,2,Carnival Festive Cashew (320) 125gm,fg,,1,1,Factory,Final FG (Sorting+Packing)
Festive Hamper 02,D: Pack-only,3,Dates Mewa Classic 210gm,fg,,1,1,Factory,Final FG (Sorting+Packing)
Festive Hamper 03,D: Pack-only,1,Roasted & Salted Cashew,fg,,0.25,1,Factory,Final FG (Sorting+Packing)
Festive Hamper 03,D: Pack-only,2,Chatpata Cranberry,fg,,0.25,1,Factory,Final FG (Sorting+Packing)
Festive Hamper 03,D: Pack-only,3,Roasted & Salted Almonds,fg,,0.25,1,Factory,Final FG (Sorting+Packing)
Festive Hamper 03,D: Pack-only,4,PM24-Pet Jar 250 gm,pm,,3,1,PM Store,Final FG (packing)
FIESTA DryFruit Box 800gm,D: Pack-only,1,Carnival Festive Almonds (27-28 count) 200gm,fg,,1,1,Factory,Final FG (Sorting+Packing)
FIESTA DryFruit Box 800gm,D: Pack-only,2,Carnival Festive Indian Raisin 200gm,fg,,1,1,Factory,Final FG (Sorting+Packing)
FIESTA DryFruit Box 800gm,D: Pack-only,3,Carnival Festive Cashew (320) 200gm,fg,,1,1,Factory,Final FG (Sorting+Packing)
FIESTA DryFruit Box 800gm,D: Pack-only,4,Carnival California Pistachio 200g,fg,,1,1,Factory,Final FG (Sorting+Packing)
Flaxseeds 200G (B07GR346G4),D: Pack-only,1,Roasted Flax Seeds,fg,,0.2,1,Factory,Final FG (Sorting+Packing)
Flaxseeds 200G (B07GR346G4),D: Pack-only,2,PM24-Vedaka Premium Pouch(130mm x 183mm) 200 gm,pm,,1,1,Factory,Final FG (packing)
Flaxseeds 200G (B07GR346G4),D: Pack-only,3,PM24-3 Ply Carton CF21 Walnut Carton (445X310X305MM)-Unprinted,pm,,0.02,1,Factory,Final FG (packing)
Flaxseeds 500G (B07GQZ7ZVT),D: Pack-only,1,Roasted Flax Seeds,fg,,0.51,1,Factory,Final FG (Sorting+Packing)
Floppy Bag Gift Hamper,D: Pack-only,1,Carnival Roasted & Salted Almonds 230g,fg,,1,1,Factory,Final FG (Sorting+Packing)
Floppy Bag Gift Hamper,D: Pack-only,2,Carnival Festive Indian Raisin 250gm,fg,,1,1,Factory,Final FG (Sorting+Packing)
Floppy Bag Gift Hamper,D: Pack-only,3,Dates Mewa Classic 210gm,fg,,1,1,Factory,Final FG (Sorting+Packing)
FNP Almonds 26-29 - Salted & Roasted 50 gm,C: Pack of existing SFG,1,Roasted & Salted Almonds Bulk,sfg,SFG0261,0.049,1,Factory,Final FG (opening RM)
FNP Almonds 26-29 - Salted & Roasted 50 gm,C: Pack of existing SFG,2,PM24-5 Ply Carton CF24 10kg (390X290X220) (D Mart)-Unprinted,pm,,0.005,1,PM Store,Final FG (packing)
FNP Almonds 26-29 - Salted & Roasted 50 gm,C: Pack of existing SFG,3,PM24-FNP Salted N Roasted Almonds Pouch Roll 50 gm Digital,pm,,0.004,1,PM Store,Final FG (packing)
FNP Choco Almonds 50gm,B: Transform->Pack (in-line),1,American Almonds Running 25-27 count,rm,,0.01,1,Factory,Create WIP
FNP Choco Almonds 50gm,B: Transform->Pack (in-line),2,Dark Compound Chocolate,rm,,0.04,1,Factory,Create WIP
FNP Choco Berry Bites 50gm,B: Transform->Pack (in-line),1,Dried Blueberry,rm,,0.01,1,Factory,Create WIP
FNP Choco Berry Bites 50gm,B: Transform->Pack (in-line),2,Dark Compound Chocolate,rm,,0.04,1,Factory,Create WIP
FNP Fiery Almonds Sizzlin Peri Peri 50gm,D: Pack-only,1,American Almonds Running 25-27 count,rm,,0.05,1,Factory,Final FG (Sorting+Packing)
FNP Indian Raisins 70 gm,D: Pack-only,1,Indian Green Raisins,rm,,0.07,1,Factory,Final FG (Sorting+Packing)
FNP Pistachios Salted & Roasted 50 gm,B: Transform->Pack (in-line),1,California Pista Inshell,rm,,0.049,1,Factory,Create WIP
FNP Pistachios Salted & Roasted 50 gm,B: Transform->Pack (in-line),2,Salt,rm,,0.001,1,Factory,Create WIP
FNP Pistachios Salted & Roasted 50 gm,B: Transform->Pack (in-line),3,PM24-FNP Salted N Roasted Pistachios Pouch Roll 50 gm Digital,pm,,0.002,1,PM Store,Final FG (packing)
FNP Pistachios Salted & Roasted 50 gm,B: Transform->Pack (in-line),4,PM24-3 Ply Carton CF24 10 Kg (390x290x220mm) 10000 gm -Unprinted,pm,,0.005,1,PM Store,Final FG (packing)
FNP Salt & Pepper Cashew 50gm,C: Pack of existing SFG,1,Salt and Pepper Cashew Bulk,sfg,SFG0278,0.05,1,Factory,Final FG (opening RM)
FNP Salt & Pepper Cashew 50gm,C: Pack of existing SFG,2,PM24-3 Ply Carton CF24 10 Kg (390x290x220mm) 10000 gm -Unprinted,pm,,0.005,1,PM Store,Final FG (packing)
FNP Salt & Pepper Cashew 50gm,C: Pack of existing SFG,3,PM24-FNP Salt N Pepper Cashew Pouch Roll 50 gm Digital,pm,,0.002,1,PM Store,Final FG (packing)
FNP Smokin Sweet N Smoky BBQ Almond 50gm,D: Pack-only,1,American Almonds Running 25-27 count,rm,,0.05,1,Factory,Final FG (Sorting+Packing)
FNP Smokin Sweet N Smoky BBQ Cashew 50g,C: Pack of existing SFG,1,Smokey BBQ Cashew Bulk,sfg,SFG0285,0.05,1,Factory,Final FG (opening RM)
FNP Smokin Sweet N Smoky BBQ Cashew 50g,C: Pack of existing SFG,2,PM24-FNP Smoking Cashews Pouch Roll 50 gm Digital,pm,,1,1,PM Store,Final FG (packing)
FNP Smokin Sweet N Smoky BBQ Cashew 50g,C: Pack of existing SFG,3,PM24-3 Ply Carton CF24 10 Kg (390x290x220mm) 10000 gm -Unprinted,pm,,0.005,1,PM Store,Final FG (packing)
Foodsquare Truffle Laquered Nuts (Bulk),D: Pack-only,1,American Almonds Pin Tonch,rm,,0.175,1,Factory,Final FG (Sorting+Packing)
Foodsquare Truffle Laquered Nuts (Bulk),D: Pack-only,2,Cashew Tukda,rm,,0.1,1,Factory,Final FG (Sorting+Packing)
Foodsquare Truffle Laquered Nuts (Bulk),D: Pack-only,3,Peanuts,rm,,0.3,1,Factory,Final FG (Sorting+Packing)
Foodsquare Truffle Laquered Nuts (Bulk),D: Pack-only,4,Water Melon Seed,rm,,0.1,1,Factory,Final FG (Sorting+Packing)
Foodsquare Truffle Laquered Nuts (Bulk),D: Pack-only,5,Pumpkin Seed 12%,rm,,0.15,1,Factory,Final FG (Sorting+Packing)
Foodsquare Truffle Laquered Nuts (Bulk),D: Pack-only,6,Truffle Oil,rm,,0.1,1,Factory,Final FG (Sorting+Packing)
Foodsquare Truffle Laquered Nuts (Bulk),D: Pack-only,7,Makhana 5 Suta,rm,,0.05,1,Factory,Final FG (Sorting+Packing)
Foodsquare Truffle Laquered Nuts (Bulk),D: Pack-only,8,Pink Salt.,rm,,0.1,1,Factory,Final FG (Sorting+Packing)
Foodsquare Truffle Laquered Nuts 200gm,D: Pack-only,1,Glucose Syrup / Liquid Glucose,rm,,0.0222,1,Factory,Final FG (Sorting+Packing)
Foodsquare Truffle Laquered Nuts 200gm,D: Pack-only,2,Sugar,rm,,0.0075,1,Factory,Final FG (Sorting+Packing)
Foodsquare Truffle Laquered Nuts 200gm,D: Pack-only,3,Refined Fine Powder Iodized Salt Prime,rm,,0.0235,1,Factory,Final FG (Sorting+Packing)
Foodsquare Truffle Laquered Nuts 200gm,D: Pack-only,4,Rice Atta,rm,,0.0298,1,Factory,Final FG (Sorting+Packing)
Foodsquare Truffle Laquered Nuts 200gm,D: Pack-only,5,Maize Starch,rm,,0.0104,1,Factory,Final FG (Sorting+Packing)
Foodsquare Truffle Laquered Nuts 200gm,D: Pack-only,6,Rajgira Atta,rm,,0.0029,1,Factory,Final FG (Sorting+Packing)
Foodsquare Truffle Laquered Nuts 200gm,D: Pack-only,7,Nachni Atta,rm,,0.0029,1,Factory,Final FG (Sorting+Packing)
Foodsquare Truffle Laquered Nuts 200gm,D: Pack-only,8,PREGEFLO C100,rm,,0.0145,1,Factory,Final FG (Sorting+Packing)
Foodsquare Truffle Laquered Nuts 200gm,D: Pack-only,9,SIDCOT STARCH,rm,,0.0145,1,Factory,Final FG (Sorting+Packing)
Foodsquare Truffle Laquered Nuts 200gm,D: Pack-only,10,Peanuts,rm,,0.1136,1,Factory,Final FG (Sorting+Packing)
Foodsquare Truffle Laquered Nuts 200gm,D: Pack-only,11,Palm Oil,rm,,0.008,1,Factory,Final FG (Sorting+Packing)
Foodsquare Truffle Laquered Nuts 200gm,D: Pack-only,12,SWEET THAI CHILLI SEASONING,rm,,0.0111,1,Factory,Final FG (Sorting+Packing)
Foodsquare Truffle Laquered Nuts 200gm,D: Pack-only,13,American Almonds Running 25-27 count,rm,,0.037,1,Factory,Final FG (Sorting+Packing)
Foodsquare Truffle Laquered Nuts 200gm,D: Pack-only,14,Cashew 320,rm,,0.0185,1,Factory,Final FG (Sorting+Packing)
Foodsquare Truffle Laquered Nuts 200gm,D: Pack-only,15,Water Melon Seed,rm,,0.0222,1,Factory,Final FG (Sorting+Packing)
Foodsquare Truffle Laquered Nuts 200gm,D: Pack-only,16,Pumpkin Seed 12%,rm,,0.0333,1,Factory,Final FG (Sorting+Packing)
Foodsquare Truffle Laquered Nuts 200gm,D: Pack-only,17,Truffle Oil,rm,,0.011,1,Factory,Final FG (Sorting+Packing)
Foodsquare Truffle Laquered Nuts 200gm,D: Pack-only,18,Makhana,rm,,0.0037,1,Factory,Final FG (Sorting+Packing)
Foodsquare Truffle Laquered Nuts 200gm,D: Pack-only,19,Pink Salt.,rm,,0.0185,1,Factory,Final FG (Sorting+Packing)
Foodsquare Truffle Laquered Nuts 200gm,D: Pack-only,20,PM24-3 Ply Carton CF24 10 Kg (390x290x220mm) 10000 gm -Unprinted,pm,,0.02,1,Factory,Final FG (packing)
Foodsquare Truffle Laquered Nuts 200gm,D: Pack-only,21,"PM24-Labels,Stickers, Cards",pm,,1,1,Factory,Final FG (packing)
Foodsquare Truffle Laquered Nuts 200gm,D: Pack-only,22,PM24-Pet Square 250 gm Premium,pm,,1,1,Factory,Final FG (packing)
Forsi Coctail Mix,D: Pack-only,1,Roasted & Salted Almonds Bulk,sfg,SFG0261,0.25,1,Factory,Final FG (opening RM)
Forsi Coctail Mix,D: Pack-only,2,Roasted & Salted Cashew Bulk,sfg,SFG0262,0.25,1,Factory,Final FG (opening RM)
Forsi Coctail Mix,D: Pack-only,3,Afghan Black Raisins Seedless 1*1,rm,,0.25,1,Factory,Final FG (Sorting+Packing)
Forsi Coctail Mix,D: Pack-only,4,Pista Kernel,rm,,0.25,1,Factory,Final FG (Sorting+Packing)
Forsi Panchmewa,D: Pack-only,1,American Almonds Running 25-27 count,rm,,0.2,1,Factory,Final FG (Sorting+Packing)
Forsi Panchmewa,D: Pack-only,2,Cashew 320,rm,,0.2,1,Factory,Final FG (Sorting+Packing)
Forsi Panchmewa,D: Pack-only,3,Afghan Black Raisins Seedless 1*1,rm,,0.25,1,Factory,Final FG (Sorting+Packing)
Forsi Panchmewa,D: Pack-only,4,Anjeer 1*2,rm,,0.15,1,Factory,Final FG (Sorting+Packing)
Forsi Panchmewa,D: Pack-only,5,Afghan Apricot 1*2,rm,,0.2,1,Factory,Final FG (Sorting+Packing)
Forsi Panchmewa,D: Pack-only,6,PM24-10X12 Plain Pouch 1000 gm,pm,,1,1,PM Store,Final FG (packing)
Fresho Kimia Dates 500gm,,1,Mazafati Dates,rm,,0.5,1,Factory,Final FG (Sorting+Packing)
Fresho Kimia Dates 500gm,,2,PM24-Fresho Kimia Dates 500 gm,pm,,1,1,PM Store,Final FG (packing)
Fresho Kimia Dates 500gm,,3,PM24-3 Ply Carton CF24 10 Kg (390x290x220mm) 10000 gm -Unprinted,pm,,0.042,1,PM Store,Final FG (packing)
GI- Eatrite Arabian Dates 500gm,,1,Sufri Wet Dates,rm,,0.5,1,Factory,Final FG (Sorting+Packing)
GI- Eatrite Arabian Dates 500gm,,2,PM24-3 Ply Carton CF24 10 Kg (390x290x220mm) 10000 gm -Unprinted,pm,,0.063,1,PM Store,Final FG (packing)
GI- Eatrite Arabian Dates 500gm,,3,"PM24-Medplus_EATRITE_ Arabian Dates (500g) Standy Zipper, tear knotch",pm,,1,1,PM Store,Final FG (packing)
GI- Eatrite Fard Dates 500gm,,1,AL BARAKAH FARD DATES STANDARD,rm,,0.5,1,Factory,Final FG (Sorting+Packing)
GI- Eatrite Fard Dates 500gm,,2,PM24-3 Ply Carton CF24 10 Kg (390x290x220mm) 10000 gm -Unprinted,pm,,0.063,1,PM Store,Final FG (packing)
GI- Eatrite Fard Dates 500gm,,3,"PM24-Medplus_EATRITE_ Fard Dates (500g) Standy Zipper, tear knotch",pm,,1,1,PM Store,Final FG (packing)
GL CALIFORNIA PISTA RSTED & SLTD 500g PP,,1,California Pista Inshell,rm,,0.5,1,Factory,Final FG (Sorting+Packing)
GL CALIFORNIA PISTA RSTED & SLTD 500g PP,,2,PM24-Good Life 500G PP Vacuum Pouch (180x280),pm,,1,1,PM Store,Final FG (packing)
GL CALIFORNIA PISTA RSTED & SLTD 500g PP,,3,PM24-3 Ply Carton CF24 10 Kg (390x290x220mm) 10000 gm -Unprinted,pm,,0.05,1,PM Store,Final FG (packing)
GL ROSTED&SLTD CALIFORNIA PISTA 200g PCH,,1,California Pista Inshell,rm,,0.2,1,Factory,Final FG (Sorting+Packing)
GL ROSTED&SLTD CALIFORNIA PISTA 200g PCH,,2,PM24-Vacuum Pouch-140 x 240 mm 200 gm,pm,,1,1,PM Store,Final FG (packing)
GL ROSTED&SLTD CALIFORNIA PISTA 200g PCH,,3,PM24-3 Ply Carton CF24 10 Kg (390x290x220mm) 10000 gm -Unprinted,pm,,0.02,1,PM Store,Final FG (packing)
Gondh Dryfruit Laddu Bar 35gm,B: Transform->Pack (in-line),1,Gondh Dryfruit Laddubar Semi Finished,fg,,0.035,1,Factory,Create WIP
Gondh Dryfruit Laddu Bar 35gm,B: Transform->Pack (in-line),2,PM24-Empl-Gondh mono carton,pm,,0.167,1,PM Store,Final FG (packing)
Gondh Dryfruit Laddu Bar 35gm,B: Transform->Pack (in-line),3,PM24-3 Ply Carton CF21 Walnut Carton (445X310X305MM)-Unprinted,pm,,0.011,1,PM Store,Final FG (packing)
Gondh Dryfruit Laddu Bar 35gm,B: Transform->Pack (in-line),4,PM24-Empl-Gondh pouch roll,pm,,0.0025,1,PM Store,Final FG (packing)
Gondh Dryfruit LadduBar Pack of 6,B: Transform->Pack (in-line),1,Gondh Dryfruit Laddubar Semi Finished,fg,,0.21,1,Factory,Create WIP
Gondh Dryfruit LadduBar Pack of 6,B: Transform->Pack (in-line),2,PM24-Empl-Gondh mono carton,pm,,1,1,PM Store,Final FG (packing)
Gondh Dryfruit LadduBar Pack of 6,B: Transform->Pack (in-line),3,PM24-3 Ply Carton CF21 Walnut Carton (445X310X305MM)-Unprinted,pm,,0.018,1,PM Store,Final FG (packing)
Gondh Dryfruit LadduBar Pack of 6,B: Transform->Pack (in-line),4,PM24-Empl-Gondh pouch roll,pm,,0.015,1,PM Store,Final FG (packing)
Gondh Dryfruit Laddubar Semi Finished,,1,American Almonds Tukda,rm,,0.06,1,Factory,Final FG (Sorting+Packing)
Gondh Dryfruit Laddubar Semi Finished,,2,Cashew Tukda,rm,,0.0657,1,Factory,Final FG (Sorting+Packing)
Gondh Dryfruit Laddubar Semi Finished,,3,Blanched white Peanut Kernels,rm,,0.0486,1,Factory,Final FG (Sorting+Packing)
Gondh Dryfruit Laddubar Semi Finished,,4,Pista Kernel,rm,,0.02,1,Factory,Final FG (Sorting+Packing)
Gondh Dryfruit Laddubar Semi Finished,,5,COCONUT POWDER,rm,,0.02,1,Factory,Final FG (Sorting+Packing)
Gondh Dryfruit Laddubar Semi Finished,,6,KHUS KHUS / POPPY SEEDS,rm,,0.02,1,Factory,Final FG (Sorting+Packing)
Gondh Dryfruit Laddubar Semi Finished,,7,Muskmelon Seeds,rm,,0.0029,1,Factory,Final FG (Sorting+Packing)
Gondh Dryfruit Laddubar Semi Finished,,8,Acacia Gum - Dink/ Gundar,rm,,0.06,1,Factory,Final FG (Sorting+Packing)
Gondh Dryfruit Laddubar Semi Finished,,9,Wheat Aata (Wheat Flour)- TPL - 5%,rm,,0.1029,1,Factory,Final FG (Sorting+Packing)
Gondh Dryfruit Laddubar Semi Finished,,10,JEERA (CUMIN SEEDS),rm,,0.0029,1,Factory,Final FG (Sorting+Packing)
Gondh Dryfruit Laddubar Semi Finished,,11,Green Cardamom,pm,,0.001,1,Factory,Final FG (packing)
Gondh Dryfruit Laddubar Semi Finished,,12,Dried Ginger Powder - Saunth Powder,rm,,0.0029,1,Factory,Final FG (Sorting+Packing)
Gondh Dryfruit Laddubar Semi Finished,,13,White Pepper (White Miri),rm,,0.0005,1,Factory,Final FG (Sorting+Packing)
Gondh Dryfruit Laddubar Semi Finished,,14,AL Barakah Date Paste,rm,,0.4998,1,Factory,Final FG (Sorting+Packing)
Gondh Dryfruit Laddubar Semi Finished,,15,Jaggery Powder,rm,,0.0429,1,Factory,Final FG (Sorting+Packing)
Gondh Dryfruit Laddubar Semi Finished,,16,Desi Ghee,rm,,0.0514,1,Factory,Final FG (Sorting+Packing)
Good Health Dry Fruit Box 750 g,D: Pack-only,1,American Almonds Running 25-27 count,rm,,0.2,1,Factory,Final FG (Sorting+Packing)
Good Health Dry Fruit Box 750 g,D: Pack-only,2,Cashew 320,rm,,0.2,1,Factory,Final FG (Sorting+Packing)
Good Health Dry Fruit Box 750 g,D: Pack-only,3,California Pista Inshell,rm,,0.15,1,Factory,Final FG (Sorting+Packing)
Good Health Dry Fruit Box 750 g,D: Pack-only,4,Dates Mewa Classic 210gm,fg,,1,1,Factory,Final FG (Sorting+Packing)
Good Health Dry Fruit Box 750 g,D: Pack-only,5,PM24-Hamper-Good Health Box (Blue),pm,,1,1,PM Store,Final FG (packing)
GOOD LIFE ALMOND 100 g PP,,1,American Almonds Running 25-27 count,rm,,0.1,1,Factory,Final FG (Sorting+Packing)
GOOD LIFE ALMOND 100 g PP,,2,PM24-Good Life 100G PP Vacuum Pouch (100x170),pm,,1,1,PM Store,Final FG (packing)
GOOD LIFE ALMOND 100 g PP,,3,PM24-3 Ply Carton CF24 10 Kg (390x290x220mm) 10000 gm -Unprinted,pm,,0.013,1,PM Store,Final FG (packing)
GOOD LIFE ALMOND 200 g PP,,1,American Almonds Running 25-27 count,rm,,0.2,1,Factory,Final FG (Sorting+Packing)
GOOD LIFE ALMOND 200 g PP,,2,PM24-Good Life Pouch-DFH-3 200 gm,pm,,1,1,PM Store,Final FG (packing)
GOOD LIFE ALMOND 200 g PP,,3,PM24-3 Ply Carton CF24 10 Kg (390x290x220mm) 10000 gm -Unprinted,pm,,0.02,1,PM Store,Final FG (packing)
GOOD LIFE ALMOND 500 g PP,,1,American Almonds Running 25-27 count,rm,,0.5,1,Factory,Final FG (Sorting+Packing)
GOOD LIFE ALMOND 500 g PP,,2,PM24-Good Life 500G PP Vacuum Pouch (180x280),pm,,1,1,PM Store,Final FG (packing)
GOOD LIFE ALMOND 500 g PP,,3,PM24-3 Ply Carton CF24 10 Kg (390x290x220mm) 10000 gm -Unprinted,pm,,0.05,1,PM Store,Final FG (packing)
GOOD LIFE ARABIAN DATES 500 g,D: Pack-only,1,Sayer Dates,rm,,0.5125,1,Factory,Final FG (Sorting+Packing)
GOOD LIFE ARABIAN DATES 500 g,D: Pack-only,2,PM24-Good Life Arabian Dates Pouch 500 gm,pm,,1,1,PM Store,Final FG (packing)
GOOD LIFE ARABIAN DATES 500 g,D: Pack-only,3,PM24-5 Ply Carton Good Life Dates 15000 gm,pm,,0.033,1,PM Store,Final FG (packing)
GOOD LIFE CHIA SEED 100G,D: Pack-only,1,Black Chia Seeds,rm,,0.101,1,Factory,Final FG (Sorting+Packing)
GOOD LIFE CHIA SEED 100G,D: Pack-only,2,PM24-Good Life Chia Seeds 100g Pouch,pm,,1,1,PM Store,Final FG (packing)
GOOD LIFE CHIA SEED 100G,D: Pack-only,3,PM24-5 Ply Carton Good Life Other Seeds 3 Kg,pm,,0.033,1,PM Store,Final FG (packing)
GOOD LIFE FARD DATES 500 g,D: Pack-only,1,AL BARAKAH FARD DATES STANDARD,rm,,0.5125,1,Factory,Final FG (Sorting+Packing)
GOOD LIFE FARD DATES 500 g,D: Pack-only,2,PM24-Good Life Fard Dates Pouch 500 gm,pm,,1,1,PM Store,Final FG (packing)
GOOD LIFE FARD DATES 500 g,D: Pack-only,3,PM24-5 Ply Carton Good Life Dates 15000 gm,pm,,0.033,1,PM Store,Final FG (packing)
GOOD LIFE FLAX SEED 100G,D: Pack-only,1,Roasted Flax Seeds,fg,,0.1,1,Factory,Final FG (Sorting+Packing)
GOOD LIFE FLAX SEED 100G,D: Pack-only,2,PM24-Good Life Flax Seeds 100g Pouch,pm,,1,1,PM Store,Final FG (packing)
GOOD LIFE FLAX SEED 100G,D: Pack-only,3,PM24-5 Ply Carton Good Life Other Seeds 3 Kg,pm,,0.033,1,PM Store,Final FG (packing)
GOOD LIFE PUMPKIN SEED 100G,D: Pack-only,1,Pumpkin Seeds Roasted,fg,,0.1,1,Factory,Final FG (Sorting+Packing)
GOOD LIFE PUMPKIN SEED 100G,D: Pack-only,2,PM24-Good Life Pumpkin Seeds 100g Pouch,pm,,1,1,PM Store,Final FG (packing)
GOOD LIFE PUMPKIN SEED 100G,D: Pack-only,3,PM24-5 Ply Carton Good Life Other Seeds 3 Kg,pm,,0.033,1,PM Store,Final FG (packing)
GOOD LIFE SUNFLOWER SEED 100G,D: Pack-only,1,Sunflower Seeds Roasted,fg,,0.1,1,Factory,Final FG (Sorting+Packing)
GOOD LIFE SUNFLOWER SEED 100G,D: Pack-only,2,PM24-Good Life Sunflower Seeds 100g Pouch,pm,,1,1,PM Store,Final FG (packing)
GOOD LIFE SUNFLOWER SEED 100G,D: Pack-only,3,PM24-5 Ply Carton Good Life Other Seeds 3 Kg,pm,,0.033,1,PM Store,Final FG (packing)
Green Chilli Cashew Bulk,A: WIP producer (bulk),1,Cashew 320,rm,,1,1,Factory,Create WIP
Green Chilli Cashew Bulk,A: WIP producer (bulk),2,Green Chilli ( 4010000169 ),rm,,0.04,1,Factory,Create WIP
Green Chilly Cashew,D: Pack-only,1,Cashew 320,rm,,0.9803,1,Factory,Final FG (Sorting+Packing)
Green Chilly Cashew,D: Pack-only,2,Chilli Garlic Masala Seasoning,rm,,0.019,1,Factory,Final FG (Sorting+Packing)
Green Chilly Cashew,D: Pack-only,3,PM24-3 Ply Carton CF24 10 Kg (390x290x220mm) 10000 gm -Unprinted,pm,,0.1,1,Factory,Final FG (packing)
Green Leafy Trunk Gift Hamper,D: Pack-only,1,Krack Nut Coated Peanuts Thai Firangi 100g,fg,,1,1,Factory,Final FG (Sorting+Packing)
Green Leafy Trunk Gift Hamper,D: Pack-only,2,Krack Nut Coated Peanuts Pudina Patakha 100g,fg,,1,1,Factory,Final FG (Sorting+Packing)
Green Leafy Trunk Gift Hamper,D: Pack-only,3,Carnival Festive Paan Cranberry 125gm,fg,,1,1,Factory,Final FG (Sorting+Packing)
Green Leafy Trunk Gift Hamper,D: Pack-only,4,Carnival Festive Paan Raisin 125gm,fg,,1,1,Factory,Final FG (Sorting+Packing)
Green Leafy Trunk Gift Hamper,D: Pack-only,5,Carnival Festive Cashew (320) 100gm,fg,,1,1,Factory,Final FG (Sorting+Packing)
Green Leafy Trunk Gift Hamper,D: Pack-only,6,Carnival Festive Almonds (27-28 count) 100gm,fg,,1,1,Factory,Final FG (Sorting+Packing)
Green Leafy Trunk Gift Hamper,D: Pack-only,7,ON THE RUN Assorted Energy Bars (Pack of 6x30g),fg,,1,1,Factory,Final FG (Sorting+Packing)
Green Leafy Trunk Gift Hamper,D: Pack-only,8,Carnival Festive Chatpata Cranberry 100gm,fg,,1,1,Factory,Final FG (Sorting+Packing)
Green Leafy Trunk Gift Hamper,D: Pack-only,9,Carnival Crunchy Caramel Trail Mix 250g,fg,,1,1,Factory,Final FG (Sorting+Packing)
Green Leafy Trunk Gift Hamper,D: Pack-only,10,Carnival Roasted & Salted Pistachio 200g,fg,,1,1,Factory,Final FG (Sorting+Packing)
Green Leafy Trunk Gift Hamper,D: Pack-only,11,Al Barakah Kimia Dates 500 Gm,fg,,1,1,Factory,Final FG (Sorting+Packing)
Green Leafy Trunk Gift Hamper,D: Pack-only,12,Dates Mewa Classic 210gm,fg,,1,1,Factory,Final FG (Sorting+Packing)
Green Leafy Trunk Gift Hamper,D: Pack-only,13,PM24-Hamper-Leafy Gold Trunk,pm,,1,1,PM Store,Final FG (packing)
Greendot Coated Peanuts,B: Transform->Pack (in-line),1,Glucose Syrup / Liquid Glucose,rm,,0.11,1,Factory,Create WIP
Greendot Coated Peanuts,B: Transform->Pack (in-line),2,Refined Fine Powder Iodized Salt Prime,rm,,0.02,1,Factory,Create WIP
Greendot Coated Peanuts,B: Transform->Pack (in-line),3,Sugar,rm,,0.05,1,Factory,Create WIP
Greendot Coated Peanuts,B: Transform->Pack (in-line),4,Rice Atta,rm,,0.14,1,Factory,Create WIP
Greendot Coated Peanuts,B: Transform->Pack (in-line),5,Maize Starch,rm,,0.07,1,Factory,Create WIP
Greendot Coated Peanuts,B: Transform->Pack (in-line),6,Nachni Atta,rm,,0.02,1,Factory,Create WIP
Greendot Coated Peanuts,B: Transform->Pack (in-line),7,PREGEFLO C100,rm,,0.08,1,Factory,Create WIP
Greendot Coated Peanuts,B: Transform->Pack (in-line),8,SIDCOT STARCH,rm,,0.08,1,Factory,Create WIP
Greendot Coated Peanuts,B: Transform->Pack (in-line),9,Peanuts,rm,,0.52,1,Factory,Create WIP
Greendot Coated Peanuts,B: Transform->Pack (in-line),10,Palm Oil,rm,,0.05,1,Factory,Create WIP
Greendot Coated Peanuts,B: Transform->Pack (in-line),11,PM24-3 Ply Carton CF24 10 Kg (390x290x220mm) 10000 gm -Unprinted,pm,,0.1,1,Factory,Final FG (packing)
Grey Carry All Basket Hamper,D: Pack-only,1,Dates Delight Khajur Pak 375gm,fg,,1,1,Factory,Final FG (Sorting+Packing)
Grey Carry All Basket Hamper,D: Pack-only,2,Carnival Barbeque Cashew 100gm,fg,,1,1,Factory,Final FG (Sorting+Packing)
Grey Carry All Basket Hamper,D: Pack-only,3,Carnival Smoked Almonds 100gm,fg,,1,1,Factory,Final FG (Sorting+Packing)
Grey Carry All Basket Hamper,D: Pack-only,4,On the Run Coffee Bite 10g,fg,,10,1,Factory,Final FG (Sorting+Packing)
Grey Carry All Basket Hamper,D: Pack-only,5,Carnival Festive California Pista (21-26) 100gm,fg,,1,1,Factory,Final FG (Sorting+Packing)
Grey Carry All Basket Hamper,D: Pack-only,6,Carnival Premium Kesar 0.5 Gms,fg,,1,1,Factory,Final FG (Sorting+Packing)
Grey Carry All Basket Hamper,D: Pack-only,7,Carnial Almond Dragees 100gm,fg,,2,1,Factory,Final FG (Sorting+Packing)
Grey Carry All Basket Hamper,D: Pack-only,8,Stuffed Dates 1kg,fg,,15,1,Factory,Final FG (Sorting+Packing)
Grey Carry All Basket Hamper,D: Pack-only,9,Macadamia Kernal 150gm,fg,,1,1,Factory,Final FG (Sorting+Packing)
Grey Carry All Basket Hamper,D: Pack-only,10,PM24-Hamper-Silk Potli,pm,,5,1,Factory,Final FG (packing)
Grey Carry All Basket Hamper,D: Pack-only,11,PM24-Hamper-Grey Carryall Open Basket With Handle,pm,,1,1,Factory,Final FG (packing)
Grey Carry All Basket Hamper,D: Pack-only,12,PM24-Hamper-HOH Flower Box (Green),pm,,1,1,Factory,Final FG (packing)
Grey Carry All Basket Hamper,D: Pack-only,13,Carnival Mocha Mojo Trail Mix 100g,fg,,1,1,Factory,Final FG (Sorting+Packing)
Grey Carry All Basket Hamper,D: Pack-only,14,Carnival Crunchy Caramel Trail Mix 100g,fg,,1,1,Factory,Final FG (Sorting+Packing)
Grey Carry All Basket Hamper,D: Pack-only,15,Carnival Chatpata Cranberry 100G,fg,,1,1,Factory,Final FG (Sorting+Packing)
Grey Carry All Basket Hamper,D: Pack-only,16,Carnival Cocktail Mix 100g,fg,,1,1,Factory,Final FG (Sorting+Packing)
Grey Carry All Basket Hamper,D: Pack-only,17,Carnival Premium Kesar 0.5 Gms,fg,,0.005,1,Factory,Final FG (Sorting+Packing)
Grey Carry All Basket Hamper,D: Pack-only,18,Chocolate Coated Almond Dragees 50gm,fg,,2,1,Factory,Final FG (Sorting+Packing)
Grey Carry All Basket Hamper,D: Pack-only,19,Macadamia Inshell 150g,fg,,1,1,Factory,Final FG (Sorting+Packing)
Grey Carry All Basket Hamper,D: Pack-only,20,Stuffed Medjoul Large Pc,fg,,30,1,Factory,Final FG (Sorting+Packing)
Grey Carry All Basket Hamper,D: Pack-only,21,PM24-Hamper-Silk Potli,pm,,4,1,Factory,Final FG (packing)
Grey Carry All Basket Hamper,D: Pack-only,22,PM24-Hamper-Flower Potli,pm,,1,1,Factory,Final FG (packing)
Grey Carry All Basket Hamper,D: Pack-only,23,PM24-Hamper-HOH Flower Box (Peach),pm,,1,1,Factory,Final FG (packing)
Grey Carry All Basket Hamper,D: Pack-only,24,PM24-Pvc Shrink Sleeve ( 55 Micron 375 x 470 mm ) 1000 gm,pm,,2,1,Factory,Final FG (packing)
Grey Carry All Basket Hamper,D: Pack-only,25,PM24-D M 25 Gm Inner Tray 350 gm (blister),pm,,1,1,Factory,Final FG (packing)
Grey Carry All Basket Hamper,D: Pack-only,26,PM24-Hamper-Grey Carryall Open Basket With Handle,pm,,1,1,Factory,Final FG (packing)
Grey Carry All Basket Hamper,D: Pack-only,27,PM24- 5 Ply CF21 Walnut Carton unprinted,pm,,1,1,Factory,Final FG (packing)
Grey Carry All Basket Hamper,D: Pack-only,28,Carnival Pudina Almonds 125g,fg,,1,1,Factory,Final FG (Sorting+Packing)
Grey Carry All Basket Hamper,D: Pack-only,29,Carnival Almond Smoked Paprika 200g,fg,,1,1,Factory,Final FG (Sorting+Packing)
Grey Carry All Basket Hamper,D: Pack-only,30,Carnival Pepper Cashew 125gm,fg,,1,1,Factory,Final FG (Sorting+Packing)
Grey Carry All Basket Hamper,D: Pack-only,31,Kracknut Coated Peanuts-Pudhina Patakha 110g,fg,,1,1,Factory,Final FG (Sorting+Packing)
Grey Carry All Basket Hamper,D: Pack-only,32,Carnival Festive California Pista (21-26) 125gm,fg,,1,1,Factory,Final FG (Sorting+Packing)
Grey Carry All Basket Hamper,D: Pack-only,33,King Solomon Oriental Dates 250g,fg,,1,1,Factory,Final FG (Sorting+Packing)
Grey Carry All Basket Hamper,D: Pack-only,34,Macadamia Kernal 150gm,fg,,1,1,Factory,Final FG (Sorting+Packing)
Grey Carry All Basket Hamper,D: Pack-only,35,5 Grain Cereal 35gm,fg,,2,1,Factory,Final FG (Sorting+Packing)
Grey Carry All Basket Hamper,D: Pack-only,36,PM24-Hamper-Diya With Dimond,pm,,2,1,Factory,Final FG (packing)
Grey Carry All Basket Hamper,D: Pack-only,37,PM24-Hamper-Silk Potli,pm,,2,1,Factory,Final FG (packing)
Grey Carry All Basket Hamper,D: Pack-only,38,PM24-Hamper-Grey Carryall Open Basket With Handle,pm,,1,1,Factory,Final FG (packing)
H Finest Turkey Appricot 300g(1340538),D: Pack-only,1,Turkey Apricot No 2,rm,,0.3,1,Factory,Final FG (Sorting+Packing)
H Finest Turkey Appricot 300g(1340538),D: Pack-only,2,PM24-Natures Dryfruit 200G Pouch[130mm x 210mm] 200 gm,pm,,1,1,Factory,Final FG (packing)
H Finest Turkey Appricot 300g(1340538),D: Pack-only,3,PM24-3 Ply Carton CF24 10 Kg (390x290x220mm) 10000 gm -Unprinted,pm,,0.03,1,Factory,Final FG (packing)
HA AJWA DATES 300GM (1357012),D: Pack-only,1,Ajwa Dates,rm,,0.31,1,Factory,Final FG (Sorting+Packing)
HA AJWA DATES 300GM (1357012),D: Pack-only,2,PM24-Natures Dryfruit 200G Pouch[130mm x 210mm] 200 gm,pm,,1,1,Factory,Final FG (packing)
HA AJWA DATES 300GM (1357012),D: Pack-only,3,PM24-5 Ply Carton CF24 10kg (390X290X220) (D Mart)-Unprinted,pm,,0.03,1,Factory,Final FG (packing)
Ha Akbari Pista 200g (1357005),D: Pack-only,1,Pista Akbari 26-28 Count,rm,,0.21,1,Factory,Final FG (Sorting+Packing)
Ha Akbari Pista 200g (1357005),D: Pack-only,2,PM24-Natures Dryfruit 200G Pouch[130mm x 210mm] 200 gm,pm,,1,1,Factory,Final FG (packing)
Ha Akbari Pista 200g (1357005),D: Pack-only,3,PM24-3 Ply Carton CF24 10 Kg (390x290x220mm) 10000 gm -Unprinted,pm,,0.02,1,Factory,Final FG (packing)
HA ALMOND MAMRA 100g (1340535),D: Pack-only,1,Mamra Almonds 3A,rm,,0.1,1,Factory,Final FG (Sorting+Packing)
HA ALMOND MAMRA 100g (1340535),D: Pack-only,2,PM24-Natures Dryfruit 100G Pouch[110mm x 170mm] 100 gm,pm,,1,1,Factory,Final FG (packing)
HA ALMOND MAMRA 100g (1340535),D: Pack-only,3,PM24-3 Ply Carton CF24 10 Kg (390x290x220mm) 10000 gm -Unprinted,pm,,0.01,1,Factory,Final FG (packing)
Ha Almond Mamro 250g (1340532),D: Pack-only,1,Mamra Almonds 3A,rm,,0.25,1,Factory,Final FG (Sorting+Packing)
Ha Almond Mamro 250g (1340532),D: Pack-only,2,PM24-Natures Dryfruit 200G Pouch[130mm x 210mm] 200 gm,pm,,1,1,Factory,Final FG (packing)
Ha Almond Mamro 250g (1340532),D: Pack-only,3,PM24-5 Ply Carton CF24 10kg (390X290X220) (D Mart)-Unprinted,pm,,0.025,1,Factory,Final FG (packing)
Ha Almond Mamro 500g (1350928),D: Pack-only,1,Mamra Almonds 3A,rm,,0.51,1,Factory,Final FG (Sorting+Packing)
Ha Almond Mamro 500g (1350928),D: Pack-only,2,PM24-Natures Dryfruit 500G Pouch 500 gm,pm,,1,1,Factory,Final FG (packing)
Ha Almond Mamro 500g (1350928),D: Pack-only,3,PM24-5 Ply Carton CF24 10kg (390X290X220) (D Mart)-Unprinted,pm,,0.05,1,Factory,Final FG (packing)
HA APRICOT - JARDALOO 200g (1340540),D: Pack-only,1,Afghan Apricot 1*1,rm,,0.2,1,Factory,Final FG (Sorting+Packing)
HA APRICOT - JARDALOO 200g (1340540),D: Pack-only,2,PM24-Natures Dryfruit 200G Pouch[130mm x 210mm] 200 gm,pm,,1,1,Factory,Final FG (packing)
HA APRICOT - JARDALOO 200g (1340540),D: Pack-only,3,PM24-3 Ply Carton CF24 10 Kg (390x290x220mm) 10000 gm -Unprinted,pm,,0.02,1,Factory,Final FG (packing)
HA BLACK CURRENT 250g (1340541),D: Pack-only,1,GREEK DARK SEEDLESS RAISINS (Black Currant),rm,,0.25,1,Factory,Final FG (Sorting+Packing)
HA BLACK CURRENT 250g (1340541),D: Pack-only,2,PM24-Vacuum Pouch 180x240 mm-100 Micron 250 gm,pm,,1,1,Factory,Final FG (packing)
Ha Brazil Nut 200g (1340533),D: Pack-only,1,Brazil Nuts,rm,,0.2,1,Factory,Final FG (Sorting+Packing)
Ha Brazil Nut 200g (1340533),D: Pack-only,2,PM24-Natures Dryfruit 200G Pouch[130mm x 210mm] 200 gm,pm,,1,1,Factory,Final FG (packing)
Ha Brazil Nut 200g (1340533),D: Pack-only,3,PM24-3 Ply Carton CF24 10 Kg (390x290x220mm) 10000 gm -Unprinted,pm,,0.02,1,Factory,Final FG (packing)
Ha Hazulnut 250g (1340531),D: Pack-only,1,Hazelnut Kernal,rm,,0.25,1,Factory,Final FG (Sorting+Packing)
Ha Hazulnut 250g (1340531),D: Pack-only,2,PM24-Natures Dryfruit 200G Pouch[130mm x 210mm] 200 gm,pm,,1,1,Factory,Final FG (packing)
Ha Hazulnut 250g (1340531),D: Pack-only,3,PM24-5 Ply Carton CF24 10kg (390X290X220) (D Mart)-Unprinted,pm,,0.025,1,Factory,Final FG (packing)
HA MABOROOM DATES 300GM (1357011),D: Pack-only,1,Mabroom Dates,rm,,0.31,1,Factory,Final FG (Sorting+Packing)
HA MABOROOM DATES 300GM (1357011),D: Pack-only,2,PM24-Natures Dryfruit 200G Pouch[130mm x 210mm] 200 gm,pm,,1,1,Factory,Final FG (packing)
HA MABOROOM DATES 300GM (1357011),D: Pack-only,3,PM24-3 Ply Carton CF24 10 Kg (390x290x220mm) 10000 gm -Unprinted,pm,,0.03,1,Factory,Final FG (packing)
Ha Maryam Dates 300g(1340537),D: Pack-only,1,Maryam Dates,rm,,0.31,1,Factory,Final FG (Sorting+Packing)
Ha Maryam Dates 300g(1340537),D: Pack-only,2,PM24-Natures Dryfruit 200G Pouch[130mm x 210mm] 200 gm,pm,,1,1,Factory,Final FG (packing)
Ha Maryam Dates 300g(1340537),D: Pack-only,3,PM24-3 Ply Carton CF24 10 Kg (390x290x220mm) 10000 gm -Unprinted,pm,,0.03,1,Factory,Final FG (packing)
Ha Pinenut 100g (1340543),D: Pack-only,1,Pine Nut Kernel,rm,,0.1,1,Factory,Final FG (Sorting+Packing)
Ha Pinenut 100g (1340543),D: Pack-only,2,PM24-Natures Dryfruit 100G Pouch[110mm x 170mm] 100 gm,pm,,1,1,Factory,Final FG (packing)
Ha Pinenut 100g (1340543),D: Pack-only,3,PM24-3 Ply Carton CF24 10 Kg (390x290x220mm) 10000 gm -Unprinted,pm,,0.01,1,Factory,Final FG (packing)
Ha Premium Dates Medjool 300g(1340530),D: Pack-only,1,Medjoul Dates Medium,rm,,0.31,1,Factory,Final FG (Sorting+Packing)
Ha Premium Dates Medjool 300g(1340530),D: Pack-only,2,PM24-Natures Dryfruit 200G Pouch[130mm x 210mm] 200 gm,pm,,1,1,Factory,Final FG (packing)
Ha Premium Dates Medjool 300g(1340530),D: Pack-only,3,PM24-3 Ply Carton CF24 10 Kg (390x290x220mm) 10000 gm -Unprinted,pm,,0.03,1,Factory,Final FG (packing)
Ha Premium Pecans 150g (1340534),D: Pack-only,1,Pecan Nuts,rm,,0.15,1,Factory,Final FG (Sorting+Packing)
Ha Premium Pecans 150g (1340534),D: Pack-only,2,PM24-Natures Dryfruit 100G Pouch[110mm x 170mm] 100 gm,pm,,1,1,Factory,Final FG (packing)
Ha Premium Pecans 150g (1340534),D: Pack-only,3,PM24-5 Ply Carton CF24 10kg (390X290X220) (D Mart)-Unprinted,pm,,0.015,1,Factory,Final FG (packing)
Ha Premium Saudi Dates 300g(1340536),D: Pack-only,1,Wet Dates Safavi,rm,,0.3,1,Factory,Final FG (Sorting+Packing)
Ha Premium Saudi Dates 300g(1340536),D: Pack-only,2,PM24-Natures Dryfruit 200G Pouch[130mm x 210mm] 200 gm,pm,,1,1,Factory,Final FG (packing)
Ha Premium Saudi Dates 300g(1340536),D: Pack-only,3,PM24-3 Ply Carton CF24 10 Kg (390x290x220mm) 10000 gm -Unprinted,pm,,0.03,1,Factory,Final FG (packing)
Ha Premium Saudi Dates 500g(1356005),D: Pack-only,1,Wet Dates Safavi,rm,,0.5,1,Factory,Final FG (Sorting+Packing)
Ha Premium Saudi Dates 500g(1356005),D: Pack-only,2,PM24-Natures Dryfruit 500G Pouch 500 gm,pm,,1,1,Factory,Final FG (packing)
Ha Premium Saudi Dates 500g(1356005),D: Pack-only,3,PM24-5 Ply Carton CF24 10kg (390X290X220) (D Mart)-Unprinted,pm,,0.05,1,Factory,Final FG (packing)
Ha Prunes 275g(1340539),D: Pack-only,1,Dried Prunes (Pitted),rm,,0.28,1,Factory,Final FG (Sorting+Packing)
Ha Prunes 275g(1340539),D: Pack-only,2,PM24-Natures Dryfruit 200G Pouch[130mm x 210mm] 200 gm,pm,,1,1,Factory,Final FG (packing)
Ha Prunes 275g(1340539),D: Pack-only,3,PM24-3 Ply Carton CF24 10 Kg (390x290x220mm) 10000 gm -Unprinted,pm,,0.028,1,Factory,Final FG (packing)
HA SEGAI DATES 300GM (1357010),D: Pack-only,1,Wet Dates Seggai,rm,,0.31,1,Factory,Final FG (Sorting+Packing)
HA SEGAI DATES 300GM (1357010),D: Pack-only,2,PM24-Natures Dryfruit 200G Pouch[130mm x 210mm] 200 gm,pm,,1,1,Factory,Final FG (packing)
HA SEGAI DATES 300GM (1357010),D: Pack-only,3,PM24-5 Ply Carton CF24 10kg (390X290X220) (D Mart)-Unprinted,pm,,0.03,1,Factory,Final FG (packing)
HA SINDUKANI RAISIN 250GM,D: Pack-only,1,Afghan Shandukhani Green Raisins,rm,,0.25,1,Factory,Final FG (Sorting+Packing)
HA SINDUKANI RAISIN 250GM,D: Pack-only,2,PM24-Natures Dryfruit 200G Pouch[130mm x 210mm] 200 gm,pm,,1,1,Factory,Final FG (packing)
HA SINDUKANI RAISIN 250GM,D: Pack-only,3,PM24-3 Ply Carton CF24 10 Kg (390x290x220mm) 10000 gm -Unprinted,pm,,0.025,1,Factory,Final FG (packing)
HA SUKHRY DATES 300GM (1357013),D: Pack-only,1,Sukkary Dates,rm,,0.31,1,Factory,Final FG (Sorting+Packing)
HA SUKHRY DATES 300GM (1357013),D: Pack-only,2,PM24-Natures Dryfruit 200G Pouch[130mm x 210mm] 200 gm,pm,,1,1,Factory,Final FG (packing)
HA SUKHRY DATES 300GM (1357013),D: Pack-only,3,PM24-3 Ply Carton CF24 10 Kg (390x290x220mm) 10000 gm -Unprinted,pm,,0.03,1,Factory,Final FG (packing)
Ha Walnut Kernal 250g(1340542),D: Pack-only,1,Chilean Walnut Kernel 2 pcs,rm,,0.26,1,Factory,Final FG (Sorting+Packing)
Ha Walnut Kernal 250g(1340542),D: Pack-only,2,PM24-Natures Dryfruit 200G Pouch[130mm x 210mm] 200 gm,pm,,1,1,Factory,Final FG (packing)
Ha Walnut Kernal 250g(1340542),D: Pack-only,3,PM24-5 Ply Carton CF24 10kg (390X290X220) (D Mart)-Unprinted,pm,,0.025,1,Factory,Final FG (packing)
Ha Walnut Kernal 500g(1350930),D: Pack-only,1,Chilean Walnut Kernel 2 pcs,rm,,0.51,1,Factory,Final FG (Sorting+Packing)
Ha Walnut Kernal 500g(1350930),D: Pack-only,2,PM24-Natures Dryfruit 500G Pouch 500 gm,pm,,1,1,Factory,Final FG (packing)
Ha Walnut Kernal 500g(1350930),D: Pack-only,3,PM24-5 Ply Carton CF24 10kg (390X290X220) (D Mart)-Unprinted,pm,,0.05,1,Factory,Final FG (packing)
Ha Walnut Whole 500g(1350935),D: Pack-only,1,Chilean Walnut Inshell,rm,,0.51,1,Factory,Final FG (Sorting+Packing)
Ha Walnut Whole 500g(1350935),D: Pack-only,2,PM24-Natures Dryfruit 500G Pouch 500 gm,pm,,1,1,Factory,Final FG (packing)
Ha Walnut Whole 500g(1350935),D: Pack-only,3,PM24-3 Ply Carton CF24 10 Kg (390x290x220mm) 10000 gm -Unprinted,pm,,0.05,1,Factory,Final FG (packing)
Habit Coconut Cream Powder 1 Kg (Instant),B: Transform->Pack (in-line),1,Maltodextrin - TPL,rm,,0.15,1,Factory,Create WIP
Habit Coconut Cream Powder 1 Kg (Instant),B: Transform->Pack (in-line),2,Kara Coconut Cream Powder (Instant) 15kg/1 - TPL,rm,,0.85,1,Factory,Create WIP
Habit Coconut Cream Powder 1 Kg (Instant),B: Transform->Pack (in-line),3,PM24-Habit Coconut Cream Powder Pouch 1000 gm,pm,,1,1,Factory,Final FG (packing)
Habit Coconut Cream Powder 1 Kg (Instant),B: Transform->Pack (in-line),4,PM24-3 Ply Carton CF24 10 Kg (390x290x220mm) 10000 gm-Printed,pm,,0.1,1,Factory,Final FG (packing)
Habit Extra Cheese Seasoning (15kg),B: Transform->Pack (in-line),1,Maltodextrin - TPL,rm,,0.16,1,Factory,Create WIP
Habit Extra Cheese Seasoning (15kg),B: Transform->Pack (in-line),2,Wheat Aata (Wheat Flour)- TPL,rm,,0.21,1,Factory,Create WIP
Habit Extra Cheese Seasoning (15kg),B: Transform->Pack (in-line),3,Sugar Powder -TPL,rm,,0.05,1,Factory,Create WIP
Habit Extra Cheese Seasoning (15kg),B: Transform->Pack (in-line),4,Refined Fine Powder Iodized Salt Prime - TPL,rm,,0.08,1,Factory,Create WIP
Habit Extra Cheese Seasoning (15kg),B: Transform->Pack (in-line),5,Natural Red Colour - TPL,rm,,0.01,1,Factory,Create WIP
Habit Extra Cheese Seasoning (15kg),B: Transform->Pack (in-line),6,KERRY SAUCE MIX POWDER 25KG TPL,rm,,0.48,1,Factory,Create WIP
Habit Extra Cheese Seasoning (15kg),B: Transform->Pack (in-line),7,KERRY ARTIFICIAL CHEESE FLAVOR - TPL,rm,,0.01,1,Factory,Create WIP
Habit Extra Cheese Seasoning (15kg),B: Transform->Pack (in-line),8,PM24-3 Ply Habit Carton Unprinted 15 kg,pm,,0.067,1,Factory,Final FG (packing)
Habit Extra Cheese Seasoning (15kg),B: Transform->Pack (in-line),9,Extra Cheese Label - TPL,pm,,1,1,Factory,Final FG (packing)
HARDIK SHUBHKAMANYEN 280gm,D: Pack-only,1,Carnival Festive Cashew (320) 80gm,fg,,1,1,Factory,Final FG (Sorting+Packing)
HARDIK SHUBHKAMANYEN 280gm,D: Pack-only,2,Carnival Festive Indian Raisin 100gm,fg,,1,1,Factory,Final FG (Sorting+Packing)
HARDIK SHUBHKAMANYEN 280gm,D: Pack-only,3,Carnival Festive Almonds (27-28 count) 100gm,fg,,1,1,Factory,Final FG (Sorting+Packing)
HARDIK SHUBHKAMANYEN 280gm,D: Pack-only,4,PM24-Hamper-Hardik Shubh 280 Gm Blue Printed,pm,,1,1,Factory,Final FG (packing)
HARDIK SHUBHKAMANYEN 280gm,D: Pack-only,5,PM24-5 Ply Diwali Carton (3P)  Hardik,pm,,0.063,1,Factory,Final FG (packing)
Healthy & Tasty BBQ Makhana 25gm,,1,Makhana 4+ Sutta,rm,,0.0163,1,Factory,Final FG (Sorting+Packing)
Healthy & Tasty BBQ Makhana 25gm,,2,SUNFLOWER OIL,rm,,0.006,1,Factory,Final FG (Sorting+Packing)
Healthy & Tasty BBQ Makhana 25gm,,3,Barbeque seasoning,rm,,0.0032,1,Factory,Final FG (Sorting+Packing)
Healthy & Tasty Ghee and Himalayan Pink Salt Makhana 25gm,,1,Makhana 4+ Sutta,rm,,0.0191,1,Factory,Final FG (Sorting+Packing)
Healthy & Tasty Ghee and Himalayan Pink Salt Makhana 25gm,,2,Desi Ghee,rm,,0.0051,1,Factory,Final FG (Sorting+Packing)
Healthy & Tasty Ghee and Himalayan Pink Salt Makhana 25gm,,3,Pink Salt.,rm,,0.0009,1,Factory,Final FG (Sorting+Packing)
Healthy & Tasty Peri Peri Makhana 25gm,,1,Makhana 4+ Sutta,rm,,0.0172,1,Factory,Final FG (Sorting+Packing)
Healthy & Tasty Peri Peri Makhana 25gm,,2,SUNFLOWER OIL,rm,,0.005,1,Factory,Final FG (Sorting+Packing)
Healthy & Tasty Peri Peri Makhana 25gm,,3,Peri Peri Marination Seasoning,rm,,0.0018,1,Factory,Final FG (Sorting+Packing)
Healthy & Tasty Peri Peri Makhana 25gm,,4,Refined Fine Powder Iodized Salt Prime,rm,,0.0002,1,Factory,Final FG (Sorting+Packing)
Healthy & Tasty Peri Peri Makhana 25gm,,5,Dried Mango Powder - Amchur,rm,,0.0005,1,Factory,Final FG (Sorting+Packing)
Healthy & Tasty Pudina Makhana 25gm,,1,Makhana 4+ Sutta,rm,,0.0165,1,Factory,Final FG (Sorting+Packing)
Healthy & Tasty Pudina Makhana 25gm,,2,SUNFLOWER OIL,rm,,0.006,1,Factory,Final FG (Sorting+Packing)
Healthy & Tasty Pudina Makhana 25gm,,3,Pudina seasoning,rm,,0.003,1,Factory,Final FG (Sorting+Packing)
Healthy Choice 5 in 1 Seeds Mix 200gm,,1,Healthy Choice 5 in 1 Seeds Mix Bulk,fg,,0.2,1,Factory,Final FG (Sorting+Packing)
Healthy Choice 5 in 1 Seeds Mix 200gm,,2,PM24-D Mart Healthy Choice 5 In 1 Seeds Mix 200g Standy Zipper Pouch,pm,,1,1,PM Store,Final FG (packing)
Healthy Choice 5 in 1 Seeds Mix 200gm,,3,PM24-5 Ply Carton CF24 10kg (390X290X220) (D Mart)-Unprinted,pm,,0.02,1,PM Store,Final FG (packing)
Healthy Choice 5 in 1 Seeds Mix Bulk,,1,Flax Seeds (Alsi),rm,,0.2,1,Factory,Final FG (Sorting+Packing)
Healthy Choice 5 in 1 Seeds Mix Bulk,,2,Black Chia Seeds,rm,,0.2,1,Factory,Final FG (Sorting+Packing)
Healthy Choice 5 in 1 Seeds Mix Bulk,,3,Sunflower Seeds,rm,,0.2,1,Factory,Final FG (Sorting+Packing)
Healthy Choice 5 in 1 Seeds Mix Bulk,,4,Pumpkin Seed ( 5% ),rm,,0.2,1,Factory,Final FG (Sorting+Packing)
Healthy Choice 5 in 1 Seeds Mix Bulk,,5,Water Melon Seed,rm,,0.2,1,Factory,Final FG (Sorting+Packing)
Healthy Choice Chia Seeds 100 g,D: Pack-only,1,Black Chia Seeds,rm,,0.101,1,Factory,Final FG (Sorting+Packing)
Healthy Choice Chia Seeds 100 g,D: Pack-only,2,PM24-D Mart Healthy Choice Chia Seeds 100g (115x160mm) Standy Pouch,pm,,1,1,PM Store,Final FG (packing)
Healthy Choice Chia Seeds 100 g,D: Pack-only,3,PM24-5 Ply Carton Seeds Pouch 5 Kg,pm,,0.02,1,PM Store,Final FG (packing)
Healthy Choice Chia Seeds 200 g,D: Pack-only,1,Black Chia Seeds,rm,,0.2,1,Factory,Final FG (Sorting+Packing)
Healthy Choice Chia Seeds 200 g,D: Pack-only,2,PM24-D Mart Healthy Choice Roasted Chia Seeds 200g Standy Zipper Pouch,pm,,1,1,PM Store,Final FG (packing)
Healthy Choice Chia Seeds 200 g,D: Pack-only,3,PM24-5 Ply Carton CF24 10kg (390X290X220) (D Mart)-Unprinted,pm,,0.02,1,PM Store,Final FG (packing)
Healthy Choice Roasted Pumpkin Seeds 100 g,D: Pack-only,1,Pumpkin Seeds Roasted,fg,,0.1,1,Factory,Final FG (Sorting+Packing)
Healthy Choice Roasted Pumpkin Seeds 100 g,D: Pack-only,2,PM24-D Mart Healthy Choice Roasted Pumpkin Seeds 100g (115x160mm) Standy Pouch,pm,,1,1,PM Store,Final FG (packing)
Healthy Choice Roasted Pumpkin Seeds 100 g,D: Pack-only,3,PM24-5 Ply Carton Seeds Pouch 5 Kg,pm,,0.02,1,PM Store,Final FG (packing)
Healthy Choice Roasted Pumpkin Seeds 200 g,D: Pack-only,1,Pumpkin Seeds Roasted,fg,,0.2,1,Factory,Final FG (Sorting+Packing)
Healthy Choice Roasted Pumpkin Seeds 200 g,D: Pack-only,2,PM24-D Mart Healthy Choice Roasted Pumpkin Seeds 200g Standy Zipper Pouch,pm,,1,1,PM Store,Final FG (packing)
Healthy Choice Roasted Pumpkin Seeds 200 g,D: Pack-only,3,PM24-5 Ply Carton CF24 10kg (390X290X220) (D Mart)-Unprinted,pm,,0.02,1,PM Store,Final FG (packing)
Healthy Choice Roasted Sunflower Seeds 100 g,D: Pack-only,1,Sunflower Seeds Roasted,fg,,0.1,1,Factory,Final FG (Sorting+Packing)
Healthy Choice Roasted Sunflower Seeds 100 g,D: Pack-only,2,PM24-D Mart Healthy Choice Roasted Sunflower Seeds 100g (115x160mm) Standy Pouch,pm,,1,1,PM Store,Final FG (packing)
Healthy Choice Roasted Sunflower Seeds 100 g,D: Pack-only,3,PM24-5 Ply Carton Seeds Pouch 5 Kg,pm,,0.02,1,PM Store,Final FG (packing)
Healthy Choice Roasted Sunflower Seeds 200 g,D: Pack-only,1,Sunflower Seeds Roasted,fg,,0.2,1,Factory,Final FG (Sorting+Packing)
Healthy Choice Roasted Sunflower Seeds 200 g,D: Pack-only,2,PM24-D Mart Healthy Choice Roasted Sunflower Seeds 200g Standy Zipper Pouch,pm,,1,1,PM Store,Final FG (packing)
Healthy Choice Roasted Sunflower Seeds 200 g,D: Pack-only,3,PM24-5 Ply Carton CF24 10kg (390X290X220) (D Mart)-Unprinted,pm,,0.02,1,PM Store,Final FG (packing)
Healthy Choice Roasted Watermelon Seeds 100 g,D: Pack-only,1,Watermelon Seeds Roasted,rm,,0.1,1,Factory,Final FG (Sorting+Packing)
Healthy Choice Roasted Watermelon Seeds 100 g,D: Pack-only,2,PM24-D Mart Healthy Choice Roasted Watermelon Seeds 100g (115x160mm) Standy Pouch,pm,,1,1,PM Store,Final FG (packing)
Healthy Choice Roasted Watermelon Seeds 100 g,D: Pack-only,3,PM24-5 Ply Carton Seeds Pouch 5 Kg,pm,,0.02,1,PM Store,Final FG (packing)
Healthy Choice Roasted Watermelon Seeds 200 g,D: Pack-only,1,Watermelon Seeds Roasted,rm,,0.2,1,Factory,Final FG (Sorting+Packing)
Healthy Choice Roasted Watermelon Seeds 200 g,D: Pack-only,2,PM24-D Mart Healthy Choice Roasted Watermelon Seeds 200g Standy Zipper Pouch,pm,,1,1,PM Store,Final FG (packing)
Healthy Choice Roasted Watermelon Seeds 200 g,D: Pack-only,3,PM24-5 Ply Carton CF24 10kg (390X290X220) (D Mart)-Unprinted,pm,,0.02,1,PM Store,Final FG (packing)
HOH Raksha Bandhan Box 190 Gm,D: Pack-only,1,Date Bites 9gm,fg,,12,1,Factory,Final FG (Sorting+Packing)
HOH Raksha Bandhan Box 190 Gm,D: Pack-only,2,American Almonds Running 25-27 count,rm,,0.04,1,Factory,Final FG (Sorting+Packing)
HOH Raksha Bandhan Box 190 Gm,D: Pack-only,3,Cashew 320,rm,,0.04,1,Factory,Final FG (Sorting+Packing)
HOH Raksha Bandhan Box 268g,D: Pack-only,1,Date Bites 9gm,fg,,12,1,Factory,Final FG (Sorting+Packing)
HOH Raksha Bandhan Box 268g,D: Pack-only,2,American Almonds Running 25-27 count,rm,,0.04,1,Factory,Final FG (Sorting+Packing)
HOH Raksha Bandhan Box 268g,D: Pack-only,3,Cashew 320,rm,,0.04,1,Factory,Final FG (Sorting+Packing)
HOH ZORRO PECAN MAPLE GLAZED 100G BOX,,1,Pecan Nuts,rm,,0.073,1,Factory,Final FG (Sorting+Packing)
HOH ZORRO PECAN MAPLE GLAZED 100G BOX,,2,Pure Maple Syrup,rm,,0.0268,1,Factory,Final FG (Sorting+Packing)
HOH ZORRO PECAN MAPLE GLAZED 100G BOX,,3,Refined Fine Powder Iodized Salt Prime,rm,,0.0002,1,Factory,Final FG (Sorting+Packing)
HOH ZORRO PECAN ROASTED SALTED100G BOX,,1,Pecan Nuts,rm,,0.073,1,Factory,Final FG (Sorting+Packing)
HOH ZORRO PECAN ROASTED SALTED100G BOX,,2,Pure Maple Syrup,rm,,0.0268,1,Factory,Final FG (Sorting+Packing)
HOH ZORRO PECAN ROASTED SALTED100G BOX,,3,Refined Fine Powder Iodized Salt Prime,rm,,0.0002,1,Factory,Final FG (Sorting+Packing)
HOH ZORRO PECAN SIMPLY PECAN 100G BOX,,1,Pecan Nuts,rm,,0.1,1,Factory,Final FG (Sorting+Packing)
HOH ZORRO PECAN SWEET & SPICY 100G BOX,,1,Pecan Nuts,rm,,0.081,1,Factory,Final FG (Sorting+Packing)
HOH ZORRO PECAN SWEET & SPICY 100G BOX,,2,Amul Butter,rm,,0.0061,1,Factory,Final FG (Sorting+Packing)
HOH ZORRO PECAN SWEET & SPICY 100G BOX,,3,JEERA (CUMIN SEEDS),rm,,0.0011,1,Factory,Final FG (Sorting+Packing)
HOH ZORRO PECAN SWEET & SPICY 100G BOX,,4,Cayenne Pepper Powder,rm,,0.0003,1,Factory,Final FG (Sorting+Packing)
HOH ZORRO PECAN SWEET & SPICY 100G BOX,,5,Refined Fine Powder Iodized Salt Prime,rm,,0.0006,1,Factory,Final FG (Sorting+Packing)
HOH ZORRO PECAN SWEET & SPICY 100G BOX,,6,Sugar Powder,rm,,0.0069,1,Factory,Final FG (Sorting+Packing)
HOH ZORRO PECAN SWEET & SPICY 100G BOX,,7,"Urban Platter Castor Sugar, 1kg",rm,,0.0036,1,Factory,Final FG (Sorting+Packing)
HOH ZORRO PECAN SWEET & SPICY 100G BOX,,8,Tapioca Starch,rm,,0.0004,1,Factory,Final FG (Sorting+Packing)
HOH ZORRO PECANS FREE GRANOLA 100G BOX,,1,Pecan Nuts,rm,,0.0515,1,Factory,Final FG (Sorting+Packing)
HOH ZORRO PECANS FREE GRANOLA 100G BOX,,2,Dried Coconut Flakes [Khaman Srifal],rm,,0.0068,1,Factory,Final FG (Sorting+Packing)
HOH ZORRO PECANS FREE GRANOLA 100G BOX,,3,Flax Seeds (Alsi),rm,,0.0003,1,Factory,Final FG (Sorting+Packing)
HOH ZORRO PECANS FREE GRANOLA 100G BOX,,4,Urban Platter Organic Coconut Jaggery Sugar Powder 1 kg,rm,,0.0045,1,Factory,Final FG (Sorting+Packing)
HOH ZORRO PECANS FREE GRANOLA 100G BOX,,5,Refined Fine Powder Iodized Salt Prime,rm,,0.0003,1,Factory,Final FG (Sorting+Packing)
HOH ZORRO PECANS FREE GRANOLA 100G BOX,,6,Dalchini (Cinnamon) Powder,rm,,0.0006,1,Factory,Final FG (Sorting+Packing)
HOH ZORRO PECANS FREE GRANOLA 100G BOX,,7,Palm Oil,rm,,0.005,1,Factory,Final FG (Sorting+Packing)
HOH ZORRO PECANS FREE GRANOLA 100G BOX,,8,Pure Maple Syrup,rm,,0.0187,1,Factory,Final FG (Sorting+Packing)
HOH ZORRO PECANS FREE GRANOLA 100G BOX,,9,Dried Blueberry,rm,,0.0085,1,Factory,Final FG (Sorting+Packing)
Honey Roasted Macadamias 100gm,,1,Honey Roasted Macadamia Nut,fg,,0.1,1,Factory,Final FG (Sorting+Packing)
Honey Roasted Macadamias 100gm,,2,PM24-Australia Macadamia Honey Roast Pouch,pm,,1,1,PM Store,Final FG (packing)
Honey Roasted Macadamias 100gm,,3,PM24-3 Ply Carton CF24 10 Kg (390x290x220mm) 10000 gm -Unprinted,pm,,0.021,1,PM Store,Final FG (packing)
Independence Almonds,D: Pack-only,1,Independence Almonds,rm,,1,1,Factory,Final FG (Sorting+Packing)
Indian Green Raisins,D: Pack-only,1,Indian Green Raisins,rm,,1,1,Factory,Final FG (Sorting+Packing)
Indian Green Raisins 230g,D: Pack-only,1,Indian Green Raisins,rm,,0.23,1,Factory,Final FG (Sorting+Packing)
Indian Green Raisins 230g,D: Pack-only,2,PM24-Pet Jar 250 gm,pm,,1,1,PM Store,Final FG (packing)
Indian Green Raisins 90gm,D: Pack-only,1,Indian Green Raisins,rm,,0.09,1,Factory,Final FG (Sorting+Packing)
Indian Green Raisins 90gm,D: Pack-only,2,PM24-Vacuum Pouch-130 x190mm 100 gm,pm,,1,1,PM Store,Final FG (packing)
Indian Long Green Raisins,D: Pack-only,1,Indian Long Green Raisins,rm,,1,1,Factory,Final FG (Sorting+Packing)
Jute Drawstring  300g,D: Pack-only,1,Carnival Festive Salted Almonds (27-28 count) 100gm,fg,,1,1,Factory,Final FG (Sorting+Packing)
Jute Drawstring  300g,D: Pack-only,2,Carnival FestiveSalted Cashew (320) 100gm,fg,,1,1,Factory,Final FG (Sorting+Packing)
Jute Drawstring  300g,D: Pack-only,3,Carnival Festive Indian Raisin 100gm,fg,,1,1,Factory,Final FG (Sorting+Packing)
Jute Drawstring  300g,D: Pack-only,4,PM24-Hamper-Jute Potli With Drawstring And Handle,pm,,1,1,PM Store,Final FG (packing)
Jute Floppy Bag Hamper,D: Pack-only,1,Dates Mewa Classic 210gm,fg,,1,1,Factory,Final FG (Sorting+Packing)
Jute Floppy Bag Hamper,D: Pack-only,2,Carnival Crunchy Caramel Trail Mix 250g,fg,,1,1,Factory,Final FG (Sorting+Packing)
Jute Floppy Bag Hamper,D: Pack-only,3,Carnival Cocktail Mix 250g,fg,,1,1,Factory,Final FG (Sorting+Packing)
Jute Floppy Bag Hamper,D: Pack-only,4,Carnival Chatpata Cranberry 250gm,fg,,1,1,Factory,Final FG (Sorting+Packing)
King Solomon 3 Dates 2 Go,,1,Medjoul Dates Large,rm,,1.08,1,Factory,Final FG (Sorting+Packing)
King Solomon 3 Dates 2 Go,,2,PM24-King Solomon 3 Dates To Go-Outer Assorted 900 gm,pm,,1,1,PM Store,Final FG (packing)
King Solomon 3 Dates 2 Go,,3,PM24-King Solomon 3 Dates To Go-Inner Assorted 50 gm,pm,,18,1,PM Store,Final FG (packing)
King Solomon 3 Dates 2 Go,,4,PM24-3 Ply CF Carton CF02 Medjoul 1 Kg 390x300x170mm 8Kg,pm,,0.125,1,PM Store,Final FG (packing)
King Solomon Dates Medjool Medium 200g,D: Pack-only,1,Medjoul Dates Medium,rm,,0.2,1,Factory,Final FG (Sorting+Packing)
King Solomon Dates Medjool Medium 200g,D: Pack-only,2,PM24-King Solomon Medjoul Dates 250 gm-Bottom,pm,,1,1,PM Store,Final FG (packing)
King Solomon Dates Medjool Medium 200g,D: Pack-only,3,PM24-King Solomon-Medjoul Dates 250 gm-Top,pm,,1,1,PM Store,Final FG (packing)
King Solomon Dates Medjool Medium 200g,D: Pack-only,4,PM24-3 Ply Carton CF24 10 Kg (390x290x220mm) 10000 gm -Unprinted,pm,,0.04,1,PM Store,Final FG (packing)
King Solomon Dates Medjoul Medium [Y1562] 200gm,D: Pack-only,1,Medjoul Dates Medium,rm,,0.2,1,Factory,Final FG (Sorting+Packing)
King Solomon Dates Medjoul Medium [Y1562] 200gm,D: Pack-only,2,PM24-King Solomon Medjoul Dates 250 gm-Bottom,pm,,1,1,PM Store,Final FG (packing)
King Solomon Dates Medjoul Medium [Y1562] 200gm,D: Pack-only,3,PM24-King Solomon Medjoul Dates Top 250 gm,pm,,1,1,PM Store,Final FG (packing)
King Solomon Dates Medjoul Medium [Y1562] 200gm,D: Pack-only,4,PM24-5 Ply Carton CF24 10kg (390X290X220) (D Mart)-Unprinted,pm,,0.02,1,PM Store,Final FG (packing)
King Solomon Medjoul Dates 250 Gms,D: Pack-only,1,Medjoul Dates Medium,rm,,0.25,1,Factory,Final FG (Sorting+Packing)
King Solomon Medjoul Dates 250 Gms,D: Pack-only,2,PM24-King Solomon Medjoul Dates 250 gm-Bottom,pm,,1,1,Factory,Final FG (packing)
King Solomon Medjoul Dates 250 Gms,D: Pack-only,3,PM24-King Solomon Medjoul Dates Top 250 gm,pm,,1,1,Factory,Final FG (packing)
King Solomon Medjoul Dates 250 Gms,D: Pack-only,4,PM24-3 Ply Carton CF24 10 Kg (390x290x220mm) 10000 gm -Unprinted,pm,,0.03,1,Factory,Final FG (packing)
King Solomon Medjoul Dates 3 Dates 2 Go,,1,Medjoul Dates Large,rm,,0.06,1,Factory,Final FG (Sorting+Packing)
King Solomon Medjoul Dates 3 Dates 2 Go,,2,PM24-King Solomon 3 Dates To Go-Inner Assorted 50 gm,pm,,1,1,PM Store,Final FG (packing)
King Solomon Medjoul Dates 500 Gms,D: Pack-only,1,Medjoul Dates Large,rm,,0.5,1,Factory,Final FG (Sorting+Packing)
King Solomon Medjoul Dates 500 Gms,D: Pack-only,2,PM24-King Solomon Medjoul Dates Bottom Printed 500 gm,pm,,1,1,PM Store,Final FG (packing)
King Solomon Medjoul Dates 500 Gms,D: Pack-only,3,PM24-3 Ply Carton CF04 Medju0l 500gm 8 Kg (385X285X230mm)-Printed,pm,,0.063,1,PM Store,Final FG (packing)
King Solomon Medjoul Dates 500 Gms,D: Pack-only,4,PM24-King Solomon-Yellow Medjoul Dates Top Large 500 gm,pm,,1,1,PM Store,Final FG (packing)
King Solomon Medjoul Dates Jumbo 1kg,D: Pack-only,1,MEDJOUL DATES JUMBO,rm,,1,1,Factory,Final FG (Sorting+Packing)
King Solomon Medjoul Dates Jumbo 1kg,D: Pack-only,2,PM24-King Solomon Medjoul Dates Bottom Printed 1kg,pm,,1,1,PM Store,Final FG (packing)
King Solomon Medjoul Dates Jumbo 1kg,D: Pack-only,3,PM24-King Solomon-Yellow Medjoul Dates Top Large 1000 gm,pm,,1,1,PM Store,Final FG (packing)
King Solomon Medjoul Dates Jumbo 1kg,D: Pack-only,4,PM24-3 Ply CF Carton CF02 Medjoul 1 Kg 390x300x170mm 8Kg,pm,,0.125,1,PM Store,Final FG (packing)
King Solomon Medjoul Dates Jumbo 1kg,D: Pack-only,5,"PM24-13""CT 303 Shrink Film ( For 500 gm) Cryovac® Brand, 11/12 Micron-1900 Mtr. 500 gm",pm,,0.0032,1,PM Store,Final FG (packing)
King Solomon Medjoul Dates Junior 1kg,D: Pack-only,1,Medjoul Dates Junior,rm,,1,1,Factory,Final FG (Sorting+Packing)
King Solomon Medjoul Dates Junior 1kg,D: Pack-only,2,PM24-King Solomon Medjoul Dates Bottom Printed 1kg,pm,,1,1,Factory,Final FG (packing)
King Solomon Medjoul Dates Junior 1kg,D: Pack-only,3,PM24-King Solomon-Blue Medjoul Dates Top Junior 1000 gm,pm,,1,1,Factory,Final FG (packing)
King Solomon Medjoul Dates Junior 1kg,D: Pack-only,4,PM24-3 Ply CF Carton CF02 Medjoul 1 Kg 390x300x170mm 8Kg,pm,,0.125,1,Factory,Final FG (packing)
King Solomon Medjoul Dates Junior 1kg,D: Pack-only,5,"PM24-13""CT 303 Shrink Film ( For 500 gm) Cryovac® Brand, 11/12 Micron-1900 Mtr. 500 gm",pm,,0.0032,1,Factory,Final FG (packing)
King Solomon Medjoul Dates Large 1kg,D: Pack-only,1,Medjoul Dates Large,rm,,1,1,Factory,Final FG (Sorting+Packing)
King Solomon Medjoul Dates Large 1kg,D: Pack-only,2,PM24-King Solomon-Black Medjoul Dates Top Jumbo 1000 gm,pm,,1,1,Factory,Final FG (packing)
King Solomon Medjoul Dates Large 1kg,D: Pack-only,3,PM24-(King Solomon) Medjoul Dates Bottom UnPrinted 1kg,pm,,1,1,Factory,Final FG (packing)
King Solomon Medjoul Dates Large 1kg,D: Pack-only,4,PM24-3 Ply CF Carton CF02 Medjoul 1 Kg 390x300x170mm 8Kg,pm,,0.1,1,Factory,Final FG (packing)
King Solomon Medjoul Dates Medium 1kg,D: Pack-only,1,Medjoul Dates Medium,rm,,1,1,Factory,Final FG (Sorting+Packing)
King Solomon Medjoul Dates Medium 1kg,D: Pack-only,2,PM24-King Solomon Medjoul Dates Bottom Printed 1kg,pm,,1,1,PM Store,Final FG (packing)
King Solomon Medjoul Dates Medium 1kg,D: Pack-only,3,PM24-King Solomon-Red Medjoul Dates Top Medium 1000 gm,pm,,1,1,PM Store,Final FG (packing)
King Solomon Medjoul Dates Medium 1kg,D: Pack-only,4,PM24-3 Ply CF Carton CF02 Medjoul 1 Kg 390x300x170mm 8Kg,pm,,0.1,1,PM Store,Final FG (packing)
King Solomon Medjoul Dates Medium 500 Gm,D: Pack-only,1,Medjoul Dates Medium,rm,,0.5,1,Factory,Final FG (Sorting+Packing)
King Solomon Medjoul Dates Medium 500 Gm,D: Pack-only,2,PM24-(King Solomon) Medjoul Dates Bottom Unprinted 500 gm,pm,,1,1,PM Store,Final FG (packing)
King Solomon Medjoul Dates Medium 500 Gm,D: Pack-only,3,PM24-King Solomon-Red Medjoul Dates Top Medium 500 gm,pm,,1,1,PM Store,Final FG (packing)
King Solomon Medjoul Dates Medium 500 Gm,D: Pack-only,4,PM24-3 Ply Carton CF04 Medju0l 500gm 8 Kg (385X285X230mm)-Printed,pm,,0.063,1,PM Store,Final FG (packing)
King Solomon Medjoul Dates Medium 500 Gm,D: Pack-only,5,"PM24-13""CT 303 Shrink Film ( For 500 gm) Cryovac® Brand, 11/12 Micron-1900 Mtr. 500 gm",pm,,0.0032,1,PM Store,Final FG (packing)
King Solomon Medjoul Dates Mini 500 Gm,D: Pack-only,1,Medjoul Dates Mini,rm,,0.5,1,Factory,Final FG (Sorting+Packing)
King Solomon Medjoul Dates Mini 500 Gm,D: Pack-only,2,PM24-3 Ply Carton CF04 Medju0l 500gm 8 Kg (385X285X230mm)-Printed,pm,,0.063,1,Factory,Final FG (packing)
King Solomon Medjoul Dates Mini 500 Gm,D: Pack-only,3,PM24-King Solomon-Medjoul Dates Top 500 gm,pm,,1,1,Factory,Final FG (packing)
King Solomon Medjoul Jumbo Dates 500gm,D: Pack-only,1,MEDJOUL DATES JUMBO,rm,,0.5,1,Factory,Final FG (Sorting+Packing)
King Solomon Medjoul Jumbo Dates 500gm,D: Pack-only,2,PM24-King Solomon-Black Medjoul Dates Top Jumbo 500 gm,pm,,1,1,PM Store,Final FG (packing)
King Solomon Medjoul Jumbo Dates 500gm,D: Pack-only,3,PM24-5 Ply Carton CF24 10kg (390X290X220) (D Mart)-Unprinted,pm,,0.05,1,PM Store,Final FG (packing)
King Solomon Medjoul Jumbo Dates 500gm,D: Pack-only,4,PM24-King Solomon Medjoul Dates Bottom Printed 500 gm,pm,,1,1,PM Store,Final FG (packing)
King Solomon Medjoul Junior 500g,D: Pack-only,1,Medjoul Dates Junior,rm,,0.5,1,Factory,Final FG (Sorting+Packing)
King Solomon Medjoul Junior 500g,D: Pack-only,2,PM24-(King Solomon) Medjoul Dates Bottom Unprinted 500 gm,pm,,1,1,PM Store,Final FG (packing)
King Solomon Medjoul Junior 500g,D: Pack-only,3,PM24-King Solomon-Blue Medjoul Dates Top Junior 500 gm,pm,,1,1,PM Store,Final FG (packing)
King Solomon Medjoul Junior 500g,D: Pack-only,4,PM24-3 Ply Carton CF04 Medju0l 500gm 8 Kg (385X285X230mm)-Printed,pm,,0.063,1,PM Store,Final FG (packing)
King Solomon Medjoul Super Jumbo 1kg,D: Pack-only,1,Medjoul Dates Super Jumbo,rm,,1,1,Factory,Final FG (Sorting+Packing)
King Solomon Medjoul Super Jumbo 1kg,D: Pack-only,2,PM24-King Solomon-Black Medjoul Dates Top Jumbo 1000 gm,pm,,1,1,PM Store,Final FG (packing)
King Solomon Medjoul Super Jumbo 1kg,D: Pack-only,3,PM24-King Solomon Medjoul Dates Bottom Printed 1kg,pm,,1,1,PM Store,Final FG (packing)
King Solomon Medjoul Super Jumbo 1kg,D: Pack-only,4,PM24-3 Ply CF Carton CF02 Medjoul 1 Kg 390x300x170mm 8Kg,pm,,0.125,1,PM Store,Final FG (packing)
King Solomon Medjoul Super Jumbo 500gm,D: Pack-only,1,Medjoul Dates Super Jumbo,rm,,0.5,1,Factory,Final FG (Sorting+Packing)
King Solomon Medjoul Super Jumbo 500gm,D: Pack-only,2,PM24-King Solomon-Medjoul Dates Top 500 gm,pm,,1,1,PM Store,Final FG (packing)
King Solomon Medjoul Super Jumbo 500gm,D: Pack-only,3,PM24-King Solomon Medjoul Dates Bottom Printed 500 gm,pm,,1,1,PM Store,Final FG (packing)
King Solomon Medjoul Super Jumbo 500gm,D: Pack-only,4,PM24-3 Ply Carton CF04 Medju0l 500gm 8 Kg (385X285X230mm)-Printed,pm,,0.063,1,PM Store,Final FG (packing)
King Solomon Oriental Dates 250g,D: Pack-only,1,Deri Dates,rm,,0.25,1,Factory,Final FG (Sorting+Packing)
King Solomon Oriental Dates 250g,D: Pack-only,2,PM24-King Solomon Oriental Dates Zipper Pouch 250 gm,pm,,1,1,Factory,Final FG (packing)
King Solomon Oriental Dates 250g,D: Pack-only,3,PM24-3 Ply Carton CF24 10 Kg (390x290x220mm) 10000 gm-Printed,pm,,0.025,1,Factory,Final FG (packing)
King Solomon Oriental Dates 500gm,D: Pack-only,1,Oriental Dates,rm,,0.51,1,Factory,Final FG (Sorting+Packing)
King Solomon Oriental Dates 500gm,D: Pack-only,2,PM24-King Solomon Oriental Dates Zipper Pouch 500 gm,pm,,1,1,Factory,Final FG (packing)
King Solomon Oriental Dates 500gm,D: Pack-only,3,PM24-3 Ply Carton CF21 Walnut Carton (445X310X305MM)-Printed,pm,,0.05,1,Factory,Final FG (packing)
Korean Coated Peanuts 60gm,,1,Coated Peanut Base,fg,,0.0536,1,Factory,Final FG (Sorting+Packing)
Korean Coated Peanuts 60gm,,2,Sunflower Oil in KG,rm,,0.0025,1,Factory,Final FG (Sorting+Packing)
Krack Nut Coated Peanuts Magic Masala 110g,B: Transform->Pack (in-line),1,Glucose Syrup / Liquid Glucose,rm,,0.011,1,Factory,Create WIP
Krack Nut Coated Peanuts Magic Masala 110g,B: Transform->Pack (in-line),2,Salt,rm,,0.0011,1,Factory,Create WIP
Krack Nut Coated Peanuts Magic Masala 110g,B: Transform->Pack (in-line),3,Sugar,rm,,0.0044,1,Factory,Create WIP
Krack Nut Coated Peanuts Magic Masala 110g,B: Transform->Pack (in-line),4,Rice Atta,rm,,0.0143,1,Factory,Create WIP
Krack Nut Coated Peanuts Magic Masala 110g,B: Transform->Pack (in-line),5,Maize Starch,rm,,0.0044,1,Factory,Create WIP
Krack Nut Coated Peanuts Magic Masala 110g,B: Transform->Pack (in-line),6,Nachni Atta,rm,,0.0011,1,Factory,Create WIP
Krack Nut Coated Peanuts Magic Masala 110g,B: Transform->Pack (in-line),7,PREGEFLO C100,rm,,0.0066,1,Factory,Create WIP
Krack Nut Coated Peanuts Magic Masala 110g,B: Transform->Pack (in-line),8,SIDCOT STARCH,rm,,0.0066,1,Factory,Create WIP
Krack Nut Coated Peanuts Magic Masala 110g,B: Transform->Pack (in-line),9,Peanuts,rm,,0.0517,1,Factory,Create WIP
Krack Nut Coated Peanuts Magic Masala 110g,B: Transform->Pack (in-line),10,Palm Oil,rm,,0.003,1,Factory,Create WIP
Krack Nut Coated Peanuts Magic Masala 110g,B: Transform->Pack (in-line),11,Magic Masala Seasoning,rm,,0.0055,1,Factory,Create WIP
Krack Nut Coated Peanuts Magic Masala 110g,B: Transform->Pack (in-line),12,PM24-Krack Nut Magic Masala Crunchy Peanut 30 gm Pouch Digital,pm,,1,1,PM Store,Final FG (packing)
Krack Nut Coated Peanuts Pudina Patakha 100g,C: Pack of existing SFG,1,Coated Peanuts Pudina Patakha Bulk,sfg,SFG0334,0.1,1,Factory,Final FG (opening RM)
Krack Nut Coated Peanuts Pudina Patakha 100g,C: Pack of existing SFG,2,PM24 - Krack Nut Pudina Pataka (green) Pouch Roll 100 gm,pm,,0.006,1,PM Store,Final FG (packing)
Krack Nut Coated Peanuts Pudina Patakha 25g Not Use,B: Transform->Pack (in-line),1,Glucose Syrup / Liquid Glucose,rm,,0.01,4,Factory,Create WIP
Krack Nut Coated Peanuts Pudina Patakha 25g Not Use,B: Transform->Pack (in-line),2,Salt,rm,,0.001,4,Factory,Create WIP
Krack Nut Coated Peanuts Pudina Patakha 25g Not Use,B: Transform->Pack (in-line),3,Sugar,rm,,0.004,4,Factory,Create WIP
Krack Nut Coated Peanuts Pudina Patakha 25g Not Use,B: Transform->Pack (in-line),4,Rice Atta,rm,,0.013,4,Factory,Create WIP
Krack Nut Coated Peanuts Pudina Patakha 25g Not Use,B: Transform->Pack (in-line),5,Maize Starch,rm,,0.004,4,Factory,Create WIP
Krack Nut Coated Peanuts Pudina Patakha 25g Not Use,B: Transform->Pack (in-line),6,Nachni Atta,rm,,0.001,4,Factory,Create WIP
Krack Nut Coated Peanuts Pudina Patakha 25g Not Use,B: Transform->Pack (in-line),7,PREGEFLO C100,rm,,0.006,4,Factory,Create WIP
Krack Nut Coated Peanuts Pudina Patakha 25g Not Use,B: Transform->Pack (in-line),8,SIDCOT STARCH,rm,,0.006,4,Factory,Create WIP
Krack Nut Coated Peanuts Pudina Patakha 25g Not Use,B: Transform->Pack (in-line),9,Peanuts,rm,,0.047,4,Factory,Create WIP
Krack Nut Coated Peanuts Pudina Patakha 25g Not Use,B: Transform->Pack (in-line),10,Pudina seasoning,rm,,0.005,4,Factory,Create WIP
Krack Nut Coated Peanuts Pudina Patakha 25g Not Use,B: Transform->Pack (in-line),11,PM24 - Krack Nut Pudina Pataka (green) Pouch Roll 25 gm,pm,,1,4,Factory,Final FG (packing)
Krack Nut Coated Peanuts Pudina Patakha 25gm,C: Pack of existing SFG,1,Coated Peanuts Pudina Patakha Bulk,sfg,SFG0334,0.025,4,Factory,Final FG (opening RM)
Krack Nut Coated Peanuts Pudina Patakha 25gm,C: Pack of existing SFG,2,PM24 - Krack Nut Pudina Pataka (green) Pouch Roll 25 gm,pm,,0.012,4,Factory,Final FG (packing)
Krack Nut Coated Peanuts Tandoori Toofan 1 Kg,C: Pack of existing SFG,1,Coated Peanuts Tandoori Toofan Bulk,sfg,SFG0335,1,1,Factory,Final FG (opening RM)
Krack Nut Coated Peanuts Tandoori Toofan 1 Kg,C: Pack of existing SFG,2,PM24-3 Ply Carton Kracknut 10000 gm,pm,,0.1,1,Factory,Final FG (packing)
Krack Nut Coated Peanuts Thai Firangi 1 Kg,C: Pack of existing SFG,1,Coated Peanuts Thai Flavour Bulk,sfg,SFG0336,1,1,Factory,Final FG (opening RM)
Krack Nut Coated Peanuts Thai Firangi 1 Kg,C: Pack of existing SFG,2,PM24-3 Ply Krack Nut Monocarton Carton 10 Kg,pm,,0.1,1,Factory,Final FG (packing)
Krack Nut Coated Peanuts Thai Firangi 100g,C: Pack of existing SFG,1,Coated Peanuts Thai Flavour Bulk,sfg,SFG0336,0.1,1,Factory,Final FG (opening RM)
Krack Nut Coated Peanuts Thai Firangi 100g,C: Pack of existing SFG,2,PM24 - Krack Nut Thai Firangi (red) Pouch Roll 100 gm,pm,,0.006,1,PM Store,Final FG (packing)
Kracknut Coated Peanuts - Tandoori Toofan 110g,C: Pack of existing SFG,1,Coated Peanuts Tandoori Toofan Bulk,sfg,SFG0335,0.11,1,Factory,Final FG (opening RM)
Kracknut Coated Peanuts - Tandoori Toofan 110g,C: Pack of existing SFG,2,PM24-Krack Nut Tandoori Toofan Pouch Orange-150mm x 230mm 110 gm,pm,,1,1,Factory,Final FG (packing)
Kracknut Coated Peanuts - Tandoori Toofan 160gm,C: Pack of existing SFG,1,Coated Peanuts Tandoori Toofan Bulk,sfg,SFG0335,0.16,1,Factory,Final FG (opening RM)
Kracknut Coated Peanuts - Tandoori Toofan 160gm,C: Pack of existing SFG,2,PM24-Krack Nut Tandoori Toofan Pouch Orange-150mm x 230mm 110 gm,pm,,1,1,Factory,Final FG (packing)
Kracknut Coated Peanuts - Tandoori Toofan 160gm,C: Pack of existing SFG,3,PM24-3 Ply D Mart Carton 5 Case Pack Kracknut Carton (432x330x165mm) 15 Kg,pm,,0.01,1,Factory,Final FG (packing)
Kracknut Coated Peanuts - Tandoori Toofan 25g,C: Pack of existing SFG,1,Coated Peanuts Tandoori Toofan Bulk,sfg,SFG0335,0.025,4,Factory,Final FG (opening RM)
Kracknut Coated Peanuts - Tandoori Toofan 25g,C: Pack of existing SFG,2,PM24 - Krack Nut Tandoori Toofan (orange) Pouch Roll 25 gm,pm,,1,4,Factory,Final FG (packing)
Kracknut Coated Peanuts - Tandoori Toofan 25g,C: Pack of existing SFG,3,PM24 - Krack Nut Tandoori Toofan (orange) Pouch Roll 25 gm,pm,,4,4,Factory,Final FG (packing)
Kracknut Coated Peanuts - Tandoori Toofan 25g,C: Pack of existing SFG,4,PM24-3 Ply Carton CF24 10 Kg (390x290x220mm) 10000 gm -Unprinted,pm,,0.01,4,Factory,Final FG (packing)
Kracknut Coated Peanuts - Thai Firangi 25g,C: Pack of existing SFG,1,Coated Peanuts Thai Flavour Bulk,sfg,SFG0336,0.025,4,Factory,Final FG (opening RM)
Kracknut Coated Peanuts-Pudhina Patakha 110g,C: Pack of existing SFG,1,Coated Peanuts Pudina Patakha Bulk,sfg,SFG0334,0.11,1,Factory,Final FG (opening RM)
Kracknut Coated Peanuts-Pudhina Patakha 110g,C: Pack of existing SFG,2,PM24-Krack Nut Pudina Patakha Pouch Green-150mm x 230 mm 110 gm,pm,,1,1,PM Store,Final FG (packing)
Kracknut Coated Peanuts-Pudhina Patakha 1kg,C: Pack of existing SFG,1,Coated Peanuts Pudina Patakha Bulk,sfg,SFG0334,1,1,Factory,Final FG (opening RM)
Kracknut Coated Peanuts-Pudhina Patakha 1kg,C: Pack of existing SFG,2,PM24-3 Ply Carton Kracknut 10000 gm,pm,,0.1,1,Factory,Final FG (packing)
Kracknut Coated Peanuts-Thai Firangi 110g,C: Pack of existing SFG,1,Coated Peanuts Thai Flavour Bulk,sfg,SFG0336,0.11,1,Factory,Final FG (opening RM)
Kracknut Coated Peanuts-Thai Firangi 110g,C: Pack of existing SFG,2,PM24-Krack Nut Thai Firangi Pouch Red-150mm x 230 mm 110 gm,pm,,1,1,Factory,Final FG (packing)
Kracknut Coated Peanuts-Thai Firangi 110g,C: Pack of existing SFG,3,PM24-Krack Nut Thai Firangi Pouch Red-150mm x 230 mm 110 gm,pm,,1,1,Factory,Final FG (packing)
Kracknut Coated Peanuts-Thai Firangi 160gm,,1,Coated Peanuts Thai Flavour Bulk,sfg,SFG0336,0.16,1,Factory,Final FG (opening RM)
Lemon Pepper Cashew Bulk,A: WIP producer (bulk),1,Cashew 320,rm,,1,1,Factory,Create WIP
Lemon Pepper Cashew Bulk,A: WIP producer (bulk),2,Lemon Pepper Seasoning,rm,,0.04,1,Factory,Create WIP
Lime Chilly Coated Peanuts 60gm,,1,Coated Peanut Base,fg,,0.0536,1,Factory,Final FG (Sorting+Packing)
Lime Chilly Coated Peanuts 60gm,,2,SUNFLOWER OIL,rm,,0.003,1,Factory,Final FG (Sorting+Packing)
Lime Chilly Coated Peanuts 60gm,,3,Lime Chilli Seasoning,rm,,0.0039,1,Factory,Final FG (Sorting+Packing)
Mac Snack Macadamia Stlye 0 Premium-200gm,D: Pack-only,1,Macadamia Roasted - Size 0,rm,,0.2,1,Factory,Final FG (Sorting+Packing)
Mac Snack Macadamia Stlye 0 Premium-200gm,D: Pack-only,2,PM24-Mac Snack Dry Roasted Macadamia Muchies Pouches (Assorted Skus) 200 gm,pm,,1,1,Factory,Final FG (packing)
Mac Snack Macadamia Stlye 0 Premium-200gm,D: Pack-only,3,PM24-3 Ply Carton CF24 10 Kg (390x290x220mm) 10000 gm -Unprinted,pm,,0.02,1,Factory,Final FG (packing)
Mac Snack Macadamia Style 1 Roasted & Salted Premium 200g,D: Pack-only,1,Macadamia Roasted Salted - Size 1,rm,,0.2,1,Factory,Final FG (Sorting+Packing)
Mac Snack Macadamia Style 1 Roasted & Salted Premium 200g,D: Pack-only,2,PM24-Mac Snack Dry Roasted And Salted Macadamia Premium Pouches (Assorted Skus) 200 gm,pm,,1,1,Factory,Final FG (packing)
Mac Snack Macadamia Style 1 Roasted & Salted Premium 200g,D: Pack-only,3,PM24-3 Ply Carton CF24 10 Kg (390x290x220mm) 10000 gm -Unprinted,pm,,0.02,1,Factory,Final FG (packing)
Macadamia Inshell 150g,D: Pack-only,1,Macadamia Roasted NIS Sawn,rm,,0.15,1,Factory,Final FG (Sorting+Packing)
Macadamia Inshell 150g,D: Pack-only,2,PM24-10X12 Plain Pouch 1000 gm,pm,,1,1,Factory,Final FG (packing)
Macadamia Kernal 150gm,D: Pack-only,1,Macadamia Commercial Grade Style 1,rm,,0.15,1,Factory,Final FG (Sorting+Packing)
Macadamia Kernal 150gm,D: Pack-only,2,PM24-Carnival Orange Pouch Standee Zipper Pouch-135 x 185 mm 150 gm,pm,,1,1,Factory,Final FG (packing)
Macadamia Roasted & Salted style 4,B: Transform->Pack (in-line),1,Macadamia Commercial Grade Style 4L,rm,,1,1,Factory,Create WIP
Macadamia Roasted & Salted style 4,B: Transform->Pack (in-line),2,Salt,rm,,0.002,1,Factory,Create WIP
Macadamia Roasted - Size 1,D: Pack-only,1,Macadamia Roasted - Size 1,rm,,1,1,Factory,Final FG (Sorting+Packing)
Macadamia Roasted - Size 2,D: Pack-only,1,Macadamia Roasted - Size 2,rm,,1,1,Factory,Final FG (Sorting+Packing)
Macadamia Roasted - Size 4,D: Pack-only,1,Macadamia Roasted - Size 4L,rm,,1,1,Factory,Final FG (Sorting+Packing)
Macadamia Roasted NIS Sawn,D: Pack-only,1,Macadamia Whole - 320* Cut,rm,,1,1,Factory,Final FG (Sorting+Packing)
Macadamia Roasted Salted - Size 0,D: Pack-only,1,Macadamia Roasted - Size 0,rm,,1,1,Factory,Final FG (Sorting+Packing)
Macadamia Roasted Salted - Size 1,D: Pack-only,1,Macadamia Roasted - Size 1,rm,,1,1,Factory,Final FG (Sorting+Packing)
Macadamia Roasted Salted - Size 1,D: Pack-only,2,"PM24-Vacuum Pouch For 1 Kg- 210 x 305mm, 16G - 90 Micron (Solimo) 1000 gm",pm,,1,1,Factory,Final FG (packing)
Macadamia Roasted Salted - Size 1,D: Pack-only,3,Refined Fine Powder Iodized Salt Prime,rm,,0.2,1,Factory,Final FG (Sorting+Packing)
MACSNACK DRYRST MCADAMIAMUNCHIE 100G PCH,,1,Macadamia Roasted & Salted style 4,fg,,0.1,1,Factory,Final FG (Sorting+Packing)
MACSNACK DRYRST MCADAMIAMUNCHIE 100G PCH,,2,PM24-Mac Snack Dry Roasted Macadamia Munchies Pouches (Assorted Skus) 100 gm,pm,,1,1,Factory,Final FG (packing)
MACSNACK DRYRST MCADAMIAMUNCHIE 200G PCH,,1,Macadamia Roasted - Size 4,rm,,0.2,1,Factory,Final FG (Sorting+Packing)
MACSNACK DRYRST MCADAMIAMUNCHIE 200G PCH,,2,PM24-Mac Snack Dry Roasted Macadamia Muchies Pouch (Assorted) 200 gm,pm,,1,1,Factory,Final FG (packing)
MACSNACK DRYRST MCADAMIAMUNCHIE 200G PCH,,3,PM24-3 Ply Carton CF24 10 Kg (390x290x220mm) 10000 gm -Unprinted,pm,,0.02,1,Factory,Final FG (packing)
MACSNACK R&S MACADAMIA MUNCHIES 100G PCH,,1,Macadamia Roasted Salted - Size 4,rm,,0.1,1,Factory,Final FG (Sorting+Packing)
MACSNACK R&S MACADAMIA MUNCHIES 100G PCH,,2,PM24-Mac Snack Dry Roasted Macadamia Munchies Pouches (Assorted Skus) 100 gm,pm,,1,1,Factory,Final FG (packing)
MACSNACK R&S MACADAMIA MUNCHIES 100G PCH,,3,PM24-3 Ply Carton CF24 10 Kg (390x290x220mm) 10000 gm -Unprinted,pm,,0.01,1,Factory,Final FG (packing)
MACSNACK R&S MACADAMIA MUNCHIES 200G PCH,,1,Macadamia Roasted Salted - Size 4,rm,,0.2,1,Factory,Final FG (Sorting+Packing)
MACSNACK R&S MACADAMIA MUNCHIES 200G PCH,,2,PM24-Mac Snack Dry Roasted Macadamia Muchies Pouches (Assorted Skus) 200 gm,pm,,1,1,Factory,Final FG (packing)
MACSNACK R&S MACADAMIA MUNCHIES 200G PCH,,3,PM24-3 Ply Carton CF24 10 Kg (390x290x220mm) 10000 gm -Unprinted,pm,,0.02,1,Factory,Final FG (packing)
Makhana Black Pepper,B: Transform->Pack (in-line),1,Makhana 5 Suta,rm,,0.9,1,Factory,Create WIP
Makhana Black Pepper,B: Transform->Pack (in-line),2,Black Pepper Seasoning,rm,,0.1,1,Factory,Create WIP
Makhana Black Salt 75gm,B: Transform->Pack (in-line),1,Roasted Makhana,fg,,0.075,1,Factory,Create WIP
Makhana Black Salt 75gm,B: Transform->Pack (in-line),2,SUNFLOWER OIL,rm,,0.007,1,Factory,Create WIP
Makhana Black Salt 75gm,B: Transform->Pack (in-line),3,"Black Salt, Kala Namak - Crystal",rm,,0.0027,1,Factory,Create WIP
Makhana Black Salt 75gm,B: Transform->Pack (in-line),4,PM24-3 Ply Carton CF21 Walnut Carton (445X310X305MM)-Unprinted,pm,,0.05,1,PM Store,Final FG (packing)
Makhana Chilli Lime 75gm,B: Transform->Pack (in-line),1,Roasted Makhana,fg,,0.075,1,Factory,Create WIP
Makhana Chilli Lime 75gm,B: Transform->Pack (in-line),2,SUNFLOWER OIL,rm,,0.011,1,Factory,Create WIP
Makhana Chilli Lime 75gm,B: Transform->Pack (in-line),3,Lime Chilli Seasoning,rm,,0.0143,1,Factory,Create WIP
Makhana Chilli Lime 75gm,B: Transform->Pack (in-line),4,PM24-3 Ply Carton CF21 Walnut Carton (445X310X305MM)-Unprinted,pm,,0.05,1,PM Store,Final FG (packing)
Makhana Himalayan Pink Salt,B: Transform->Pack (in-line),1,Roasted Makhana,fg,,1,1,Factory,Create WIP
Makhana Himalayan Pink Salt,B: Transform->Pack (in-line),2,SUNFLOWER OIL,rm,,0.15,1,Factory,Create WIP
Makhana Himalayan Pink Salt,B: Transform->Pack (in-line),3,Black Pepper Seasoning,rm,,0.06,1,Factory,Create WIP
Makhana Himalayan Pink Salt,B: Transform->Pack (in-line),4,Pink Salt.,rm,,0.036,1,Factory,Create WIP
Makhana Himalayan Pink Salt 75gm,D: Pack-only,1,Makhana Himalayan Pink Salt,fg,,0.075,1,Factory,Final FG (Sorting+Packing)
Makhana Himalayan Pink Salt 75gm,D: Pack-only,2,PM24-3 Ply Carton CF21 Walnut Carton (445X310X305MM)-Unprinted,pm,,0.05,1,PM Store,Final FG (packing)
Makhana Masala,B: Transform->Pack (in-line),1,Makhana 5 Suta,rm,,0.93,1,Factory,Create WIP
Makhana Masala,B: Transform->Pack (in-line),2,Masala Seasoning,rm,,0.07,1,Factory,Create WIP
Makhana Peri Peri,B: Transform->Pack (in-line),1,Makhana 5 Suta,rm,,0.92,1,Factory,Create WIP
Makhana Peri Peri,B: Transform->Pack (in-line),2,Peri Peri Marination Seasoning,rm,,0.08,1,Factory,Create WIP
Makhana Salted 50gm,,1,Makhana,rm,,0.05,1,Factory,Final FG (Sorting+Packing)
Makhana Salted 50gm,,2,PM24 - Makhana Pet 55 gm,pm,,1,1,PM Store,Final FG (packing)
Makhana Tangy Tomato 75gm,D: Pack-only,1,Roasted Makhana,fg,,0.075,1,Factory,Final FG (Sorting+Packing)
Makhana Tangy Tomato 75gm,D: Pack-only,2,SUNFLOWER OIL,rm,,0.011,1,Factory,Final FG (Sorting+Packing)
Makhana Tangy Tomato 75gm,D: Pack-only,3,TANGY TOMATO SEASONING,rm,,0.0135,1,Factory,Final FG (Sorting+Packing)
Makhana Tangy Tomato 75gm,D: Pack-only,4,PM24-3 Ply Carton CF21 Walnut Carton (445X310X305MM)-Unprinted,pm,,0.05,1,PM Store,Final FG (packing)
Masala Cashew,B: Transform->Pack (in-line),1,Cashew 320,rm,,0.98,1,Factory,Create WIP
Masala Cashew,B: Transform->Pack (in-line),2,Masala Seasoning,rm,,0.04,1,Factory,Create WIP
Masala Raisin,D: Pack-only,1,Indian Green Raisins,rm,,1,1,Factory,Final FG (Sorting+Packing)
MDF Premium Medjoul Dates Box 18 Pcs,D: Pack-only,1,Stuffed Medjoul Large Pc with Almond,fg,,1,1,Factory,Final FG (Sorting+Packing)
MDF Premium Medjoul Dates Box 18 Pcs,D: Pack-only,2,Stuffed Medjoul Large Pc with Pista,fg,,1,1,Factory,Final FG (Sorting+Packing)
MDF Premium Medjoul Dates Box 18 Pcs,D: Pack-only,3,Stuffed Medjoul Large Pc with Dried Pomelo,fg,,1,1,Factory,Final FG (Sorting+Packing)
MDF Premium Medjoul Dates Box 18 Pcs,D: Pack-only,4,Stuffed Medjoul Large Pc with Hazel Nut,fg,,1,1,Factory,Final FG (Sorting+Packing)
MDF Premium Medjoul Dates Box 18 Pcs,D: Pack-only,5,Stuffed Medjoul Large Pc with Orange Peel,fg,,1,1,Factory,Final FG (Sorting+Packing)
MDF Premium Medjoul Dates Box 18 Pcs,D: Pack-only,6,Stuffed Medjoul Large Pc with Pecan Nut,fg,,1,1,Factory,Final FG (Sorting+Packing)
MDF Premium Medjoul Dates Box 18 Pcs,D: Pack-only,7,"PM24-Hamper-Mdf Printed Box 11 x 11-Radha Krishan, Gateway Of India N Elephant ( Premium Dates Box)",pm,,1,1,Factory,Final FG (packing)
MDF Premium Medjoul Dates Box 18 Pcs,D: Pack-only,8,PM24- 5 Ply CF21 Walnut Carton unprinted,pm,,0.1,1,Factory,Final FG (packing)
Methi Dryfruit Laddu bar 35gm,B: Transform->Pack (in-line),1,American Almonds Tukda,rm,,0.002,1,Factory,Create WIP
Methi Dryfruit Laddu bar 35gm,B: Transform->Pack (in-line),2,Cashew Tukda,rm,,0.001,1,Factory,Create WIP
Methi Dryfruit Laddu bar 35gm,B: Transform->Pack (in-line),3,Blanched white Peanut Kernels,rm,,0.001,1,Factory,Create WIP
Methi Dryfruit Laddu bar 35gm,B: Transform->Pack (in-line),4,Pista Kernel,rm,,0.0001,1,Factory,Create WIP
Methi Dryfruit Laddu bar 35gm,B: Transform->Pack (in-line),5,COCONUT POWDER,rm,,0.001,1,Factory,Create WIP
Methi Dryfruit Laddu bar 35gm,B: Transform->Pack (in-line),6,KHUS KHUS / POPPY SEEDS,rm,,0.0001,1,Factory,Create WIP
Methi Dryfruit Laddu bar 35gm,B: Transform->Pack (in-line),7,Muskmelon Seeds,rm,,0.0001,1,Factory,Create WIP
Methi Dryfruit Laddu bar 35gm,B: Transform->Pack (in-line),8,Methi,rm,,0.0001,1,Factory,Create WIP
Methi Dryfruit Laddu bar 35gm,B: Transform->Pack (in-line),9,Acacia Gum - Dink/ Gundar,rm,,0.002,1,Factory,Create WIP
Methi Dryfruit Laddu bar 35gm,B: Transform->Pack (in-line),10,Wheat Aata (Wheat Flour)- TPL - 5%,rm,,0.003,1,Factory,Create WIP
Methi Dryfruit Laddu bar 35gm,B: Transform->Pack (in-line),11,SHAHI JEERA (CUMIN SEEDS),rm,,0.0001,1,Factory,Create WIP
Methi Dryfruit Laddu bar 35gm,B: Transform->Pack (in-line),12,Cardamom Powder,pm,,0.0001,1,Factory,Final FG (packing)
Methi Dryfruit Laddu bar 35gm,B: Transform->Pack (in-line),13,Dried Ginger Powder - Saunth Powder,rm,,0.0001,1,Factory,Create WIP
Methi Dryfruit Laddu bar 35gm,B: Transform->Pack (in-line),14,White Pepper (White Miri),rm,,0.0001,1,Factory,Create WIP
Methi Dryfruit Laddu bar 35gm,B: Transform->Pack (in-line),15,AL Barakah Date Paste,rm,,0.014,1,Factory,Create WIP
Methi Dryfruit Laddu bar 35gm,B: Transform->Pack (in-line),16,Jaggery Powder 0%,rm,,0.002,1,Factory,Create WIP
Methi Dryfruit Laddu bar 35gm,B: Transform->Pack (in-line),17,Desi Ghee,rm,,0.001,1,Factory,Create WIP
Methi Dryfruit Laddu bar 35gm,B: Transform->Pack (in-line),18,AL BARAKAH FARD DATES STANDARD,rm,,0.007,1,Factory,Create WIP
Methi Dryfruit Laddu bar 35gm,B: Transform->Pack (in-line),19,PM24-Mama Nourish Methi Bar Pouch 35 gm Digital,pm,,0.002,1,Factory,Final FG (packing)
Mexican Coated Peanuts 60gm,,1,Mexican Flavoured Coated Peanuts Bulk,rm,,0.06,1,Factory,Final FG (Sorting+Packing)
Mexican Flavoured Coated Peanuts 35gm,,1,Mexican Flavoured Coated Peanuts Bulk,rm,,0.035,1,Factory,Final FG (Sorting+Packing)
Mexican Flavoured Coated Peanuts Bulk,,1,Coated Peanut Base,fg,,0.89,1,Factory,Final FG (Sorting+Packing)
Mexican Flavoured Coated Peanuts Bulk,,2,SUNFLOWER OIL,rm,,0.037,1,Factory,Final FG (Sorting+Packing)
Mexican Flavoured Coated Peanuts Bulk,,3,Mexican Chilli Seasoning (PR01027/001),rm,,0.073,1,Factory,Final FG (Sorting+Packing)
MIE DARK CHOCOLATE COATED ALMOND STUFFED KHALAS 1 Kg,,1,Wet Dates Seedless Khalas,rm,,0.63,1,Factory,Final FG (Sorting+Packing)
MIE DARK CHOCOLATE COATED ALMOND STUFFED KHALAS 1 Kg,,2,American Almonds Running 25-27 count,rm,,0.11,1,Factory,Final FG (Sorting+Packing)
MIE DARK CHOCOLATE COATED ALMOND STUFFED KHALAS 1 Kg,,3,Dark Compound Chocolate,rm,,0.26,1,Factory,Final FG (Sorting+Packing)
MIE DARK CHOCOLATE COATED CASHEW STUFFED KHALAS 1 Kg,,1,Wet Dates Seedless Khalas,rm,,0.627,1,Factory,Final FG (Sorting+Packing)
MIE DARK CHOCOLATE COATED CASHEW STUFFED KHALAS 1 Kg,,2,Cashew 400,rm,,0.116,1,Factory,Final FG (Sorting+Packing)
MIE DARK CHOCOLATE COATED CASHEW STUFFED KHALAS 1 Kg,,3,Dark Compound Chocolate,rm,,0.257,1,Factory,Final FG (Sorting+Packing)
Mild Chilly Glazed Almonds,,1,American Almonds Running 25-27 count,rm,,0.88,1,Factory,Final FG (Sorting+Packing)
Mild Chilly Glazed Almonds,,2,Pure Maple Syrup,rm,,0.105,1,Factory,Final FG (Sorting+Packing)
Mild Chilly Glazed Almonds,,3,Chilli Powder,rm,,0.015,1,Factory,Final FG (Sorting+Packing)
Mild Chilly Glazed Cashew,,1,Cashew 320,rm,,0.88,1,Factory,Final FG (Sorting+Packing)
Mild Chilly Glazed Cashew,,2,Pure Maple Syrup,rm,,0.105,1,Factory,Final FG (Sorting+Packing)
Mild Chilly Glazed Cashew,,3,Chilli Powder,rm,,0.015,1,Factory,Final FG (Sorting+Packing)
Milk Almond Draggies,B: Transform->Pack (in-line),1,American Almonds Running 25-27 count,rm,,0.3318,1,Factory,Create WIP
Milk Almond Draggies,B: Transform->Pack (in-line),2,Milk Compound Chocolate,rm,,0.6636,1,Factory,Create WIP
Milk Almond Draggies,B: Transform->Pack (in-line),3,CAPOL 254N,rm,,0.0023,1,Factory,Create WIP
Milk Almond Draggies,B: Transform->Pack (in-line),4,CAPOL 425M,rm,,0.0023,1,Factory,Create WIP
Milk Almond Draggies,B: Transform->Pack (in-line),5,PM24-3 Ply Carton CF24 10 Kg (390x290x220mm) 10000 gm -Unprinted,pm,,0.1,1,Factory,Final FG (packing)
Milk Chocolate Coated Almond Stuffed Khalas Single,,1,Wet Dates Khalas,rm,,0.0085,1,Factory,Final FG (Sorting+Packing)
Milk Chocolate Coated Almond Stuffed Khalas Single,,2,American Almonds Running 25-27 count,rm,,0.001,1,Factory,Final FG (Sorting+Packing)
Milk Chocolate Coated Almond Stuffed Khalas Single,,3,Milk Compound Chocolate,rm,,0.002,1,Factory,Final FG (Sorting+Packing)
Milk Chocolate Coated Date Bites,B: Transform->Pack (in-line),1,AL Barakah Date Paste,rm,,0.0025,1,Factory,Create WIP
Milk Chocolate Coated Date Bites,B: Transform->Pack (in-line),2,Wet Dates Seedless Khalas,rm,,0.0025,1,Factory,Create WIP
Milk Chocolate Coated Date Bites,B: Transform->Pack (in-line),3,Desi Ghee,rm,,0.0006,1,Factory,Create WIP
Milk Chocolate Coated Date Bites,B: Transform->Pack (in-line),4,Pumpkin Seed 12%,rm,,0.0005,1,Factory,Create WIP
Milk Chocolate Coated Date Bites,B: Transform->Pack (in-line),5,American Almonds Tukda,rm,,0.0011,1,Factory,Create WIP
Milk Chocolate Coated Date Bites,B: Transform->Pack (in-line),6,Cashew Tukda,rm,,0.0011,1,Factory,Create WIP
Milk Chocolate Coated Date Bites,B: Transform->Pack (in-line),7,Rice Crispy,rm,,0.0003,1,Factory,Create WIP
Milk Chocolate Coated Date Bites,B: Transform->Pack (in-line),8,Indian Green Raisins,rm,,0.0004,1,Factory,Create WIP
Milk Chocolate Coated Date Bites,B: Transform->Pack (in-line),9,Cardamom Powder,pm,,0.0004,1,Factory,Final FG (packing)
Milk Chocolate Coated Date Bites,B: Transform->Pack (in-line),10,MILK CHOCOLATE COUVERTURE 823,rm,,0.0015,1,Factory,Create WIP
Milk Chocolate Macadamia Clusters 100gm,,1,Macadamia Milk Chocolate Clusters,fg,,0.1,1,Factory,Final FG (Sorting+Packing)
Milk Chocolate Macadamia Clusters 100gm,,2,PM24-Australia Macadamia Milk Chocolate Clusters  Pouch,pm,,1,1,PM Store,Final FG (packing)
Milk Chocolate Macadamia Clusters 100gm,,3,PM24-3 Ply Carton CF24 10 Kg (390x290x220mm) 10000 gm -Unprinted,pm,,0.021,1,PM Store,Final FG (packing)
Millennium Nut Mix,D: Pack-only,1,Millennium Nut Mix,fg,,1,1,Factory,Final FG (Sorting+Packing)
Mocha Mojo Trail Mix,B: Transform->Pack (in-line),1,Orange Slice / Pieces,rm,,0.1,1,Factory,Create WIP
Mocha Mojo Trail Mix,B: Transform->Pack (in-line),2,Dried Cranberry Sliced,rm,,0.2,1,Factory,Create WIP
Mocha Mojo Trail Mix,B: Transform->Pack (in-line),3,Choco Chips,rm,,0.2,1,Factory,Create WIP
Mocha Mojo Trail Mix,B: Transform->Pack (in-line),4,Diced Almond,rm,,0.25,1,Factory,Create WIP
Mocha Mojo Trail Mix,B: Transform->Pack (in-line),5,Pecan Nuts,rm,,0.15,1,Factory,Create WIP
Mocha Mojo Trail Mix,B: Transform->Pack (in-line),6,Hazelnut Kernal,rm,,0.1,1,Factory,Create WIP
Mocha Mojo Trail Mix,B: Transform->Pack (in-line),7,COFFEE EXT AQU ALC - 4010000239,rm,,0.02,1,Factory,Create WIP
Moon Freeze Banana Date Fruit Bar - 10 GM,B: Transform->Pack (in-line),1,AL Barakah Date Paste,rm,,0.0043,1,Factory,Create WIP
Moon Freeze Banana Date Fruit Bar - 10 GM,B: Transform->Pack (in-line),2,American Almonds Tukda,rm,,0.0013,1,Factory,Create WIP
Moon Freeze Banana Date Fruit Bar - 10 GM,B: Transform->Pack (in-line),3,Cashew Tukda,rm,,0.001,1,Factory,Create WIP
Moon Freeze Banana Date Fruit Bar - 10 GM,B: Transform->Pack (in-line),4,Pumpkin Seed 12%,rm,,0.0008,1,Factory,Create WIP
Moon Freeze Banana Date Fruit Bar - 10 GM,B: Transform->Pack (in-line),5,Banana flavour (241114) NATURAL,rm,,0.0001,1,Factory,Create WIP
Moon Freeze Banana Date Fruit Bar - 10 GM,B: Transform->Pack (in-line),6,OATS,rm,,0.0009,1,Factory,Create WIP
Moon Freeze Banana Date Fruit Bar - 10 GM,B: Transform->Pack (in-line),7,Rice Crispy - 18%,rm,,0.0005,1,Factory,Create WIP
Moon Freeze Banana Date Fruit Bar - 10 GM,B: Transform->Pack (in-line),8,NASURE 19,rm,,0.0001,1,Factory,Create WIP
Moon Freeze Banana Date Fruit Bar - 10 GM,B: Transform->Pack (in-line),9,Black Chia Seeds,rm,,0.0004,1,Factory,Create WIP
Moon Freeze Banana Date Fruit Bar - 10 GM,B: Transform->Pack (in-line),10,PM24-Moonfreeze-Banana,pm,,0.001,1,PM Store,Final FG (packing)
Moon Freeze Banana Date Fruit Bar - 45 Gm,B: Transform->Pack (in-line),1,AL Barakah Date Paste,rm,,0.0194,1,Factory,Create WIP
Moon Freeze Banana Date Fruit Bar - 45 Gm,B: Transform->Pack (in-line),2,American Almonds Tukda,rm,,0.0056,1,Factory,Create WIP
Moon Freeze Banana Date Fruit Bar - 45 Gm,B: Transform->Pack (in-line),3,Cashew Tukda,rm,,0.0045,1,Factory,Create WIP
Moon Freeze Banana Date Fruit Bar - 45 Gm,B: Transform->Pack (in-line),4,Pumpkin Seed 12%,rm,,0.0036,1,Factory,Create WIP
Moon Freeze Banana Date Fruit Bar - 45 Gm,B: Transform->Pack (in-line),5,Banana flavour (241114) NATURAL,rm,,0.0003,1,Factory,Create WIP
Moon Freeze Banana Date Fruit Bar - 45 Gm,B: Transform->Pack (in-line),6,OATS,rm,,0.0041,1,Factory,Create WIP
Moon Freeze Banana Date Fruit Bar - 45 Gm,B: Transform->Pack (in-line),7,Rice Crispy,rm,,0.002,1,Factory,Create WIP
Moon Freeze Banana Date Fruit Bar - 45 Gm,B: Transform->Pack (in-line),8,NASURE 19,rm,,0.0001,1,Factory,Create WIP
Moon Freeze Banana Date Fruit Bar - 45 Gm,B: Transform->Pack (in-line),9,Black Chia Seeds,rm,,0.0019,1,Factory,Create WIP
Moon Freeze Banana Date Fruit Bar - 45 Gm,B: Transform->Pack (in-line),10,PM24-Moonfreeze-Banana,pm,,0.0015,1,PM Store,Final FG (packing)
Moon Freeze Mango Date Fruit Bar - 10 GM,B: Transform->Pack (in-line),1,AL BARAKAH DATE PASTE (1 KG packing),rm,,0.0043,1,Factory,Create WIP
Moon Freeze Mango Date Fruit Bar - 10 GM,B: Transform->Pack (in-line),2,American Almonds Running 25-27 count,rm,,0.0013,1,Factory,Create WIP
Moon Freeze Mango Date Fruit Bar - 10 GM,B: Transform->Pack (in-line),3,Cashew Tukda,rm,,0.001,1,Factory,Create WIP
Moon Freeze Mango Date Fruit Bar - 10 GM,B: Transform->Pack (in-line),4,Pumpkin Seed 12%,rm,,0.0008,1,Factory,Create WIP
Moon Freeze Mango Date Fruit Bar - 10 GM,B: Transform->Pack (in-line),5,Dried Mango Loose,rm,,0.0008,1,Factory,Create WIP
Moon Freeze Mango Date Fruit Bar - 10 GM,B: Transform->Pack (in-line),6,Mango Flavour 291018,rm,,0.0001,1,Factory,Create WIP
Moon Freeze Mango Date Fruit Bar - 10 GM,B: Transform->Pack (in-line),7,OATS,rm,,0.0009,1,Factory,Create WIP
Moon Freeze Mango Date Fruit Bar - 10 GM,B: Transform->Pack (in-line),8,Rice Crispy - 18%,rm,,0.0005,1,Factory,Create WIP
Moon Freeze Mango Date Fruit Bar - 10 GM,B: Transform->Pack (in-line),9,NASURE 19,rm,,0.0001,1,Factory,Create WIP
Moon Freeze Mango Date Fruit Bar - 10 GM,B: Transform->Pack (in-line),10,Black Chia Seeds,rm,,0.0004,1,Factory,Create WIP
Moon Freeze Mango Date Fruit Bar - 10 GM,B: Transform->Pack (in-line),11,PM24-Moonfreeze-Mango,pm,,0.001,1,PM Store,Final FG (packing)
Moon Freeze Mango Date Fruit Bar - 45 Gm,B: Transform->Pack (in-line),1,AL Barakah Date Paste,rm,,0.0194,1,Factory,Create WIP
Moon Freeze Mango Date Fruit Bar - 45 Gm,B: Transform->Pack (in-line),2,American Almonds Tukda,rm,,0.0056,1,Factory,Create WIP
Moon Freeze Mango Date Fruit Bar - 45 Gm,B: Transform->Pack (in-line),3,Cashew Tukda,rm,,0.0036,1,Factory,Create WIP
Moon Freeze Mango Date Fruit Bar - 45 Gm,B: Transform->Pack (in-line),4,Mango Flavour 291018,rm,,0.0003,1,Factory,Create WIP
Moon Freeze Mango Date Fruit Bar - 45 Gm,B: Transform->Pack (in-line),5,OATS,rm,,0.0041,1,Factory,Create WIP
Moon Freeze Mango Date Fruit Bar - 45 Gm,B: Transform->Pack (in-line),6,Rice Crispy,rm,,0.002,1,Factory,Create WIP
Moon Freeze Mango Date Fruit Bar - 45 Gm,B: Transform->Pack (in-line),7,NASURE 19,rm,,0.0001,1,Factory,Create WIP
Moon Freeze Mango Date Fruit Bar - 45 Gm,B: Transform->Pack (in-line),8,Black Chia Seeds,rm,,0.0019,1,Factory,Create WIP
Moon Freeze Mango Date Fruit Bar - 45 Gm,B: Transform->Pack (in-line),9,PM24-Moonfreeze-Mango,pm,,0.0015,1,Factory,Final FG (packing)
Moon Freeze Pineapple Date Fruit Bar - 45 Gm,B: Transform->Pack (in-line),1,AL Barakah Date Paste,rm,,0.0194,1,Factory,Create WIP
Moon Freeze Pineapple Date Fruit Bar - 45 Gm,B: Transform->Pack (in-line),2,American Almonds Tukda,rm,,0.0056,1,Factory,Create WIP
Moon Freeze Pineapple Date Fruit Bar - 45 Gm,B: Transform->Pack (in-line),3,Cashew Tukda,rm,,0.0045,1,Factory,Create WIP
Moon Freeze Pineapple Date Fruit Bar - 45 Gm,B: Transform->Pack (in-line),4,Pumpkin Seed 12%,rm,,0.0036,1,Factory,Create WIP
Moon Freeze Pineapple Date Fruit Bar - 45 Gm,B: Transform->Pack (in-line),5,Dried Pineapple,rm,,0.0036,1,Factory,Create WIP
Moon Freeze Pineapple Date Fruit Bar - 45 Gm,B: Transform->Pack (in-line),6,Natural Pineapple Falvour 170914,rm,,0.0003,1,Factory,Create WIP
Moon Freeze Pineapple Date Fruit Bar - 45 Gm,B: Transform->Pack (in-line),7,OATS,rm,,0.0041,1,Factory,Create WIP
Moon Freeze Pineapple Date Fruit Bar - 45 Gm,B: Transform->Pack (in-line),8,Rice Crispy,rm,,0.002,1,Factory,Create WIP
Moon Freeze Pineapple Date Fruit Bar - 45 Gm,B: Transform->Pack (in-line),9,NASURE 19,rm,,0.0001,1,Factory,Create WIP
Moon Freeze Pineapple Date Fruit Bar - 45 Gm,B: Transform->Pack (in-line),10,Black Chia Seeds,rm,,0.0019,1,Factory,Create WIP
Moon Freeze Pineapple Date Fruit Bar - 45 Gm,B: Transform->Pack (in-line),11,PM24-Moonfreeze-Pineapple,pm,,0.0015,1,PM Store,Final FG (packing)
Moon Freeze Pineapple Date Fruit Bar -10 GM,B: Transform->Pack (in-line),1,AL BARAKAH DATE PASTE (1 KG packing),rm,,0.0043,1,Factory,Create WIP
Moon Freeze Pineapple Date Fruit Bar -10 GM,B: Transform->Pack (in-line),2,American Almonds Tukda,rm,,0.0013,1,Factory,Create WIP
Moon Freeze Pineapple Date Fruit Bar -10 GM,B: Transform->Pack (in-line),3,Cashew Tukda,rm,,0.001,1,Factory,Create WIP
Moon Freeze Pineapple Date Fruit Bar -10 GM,B: Transform->Pack (in-line),4,Pumpkin Seed 12%,rm,,0.0008,1,Factory,Create WIP
Moon Freeze Pineapple Date Fruit Bar -10 GM,B: Transform->Pack (in-line),5,DEHYDRATED PINEAPPLE RING,rm,,0.0008,1,Factory,Create WIP
Moon Freeze Pineapple Date Fruit Bar -10 GM,B: Transform->Pack (in-line),6,Natural Pineapple Falvour 170914,rm,,0.0001,1,Factory,Create WIP
Moon Freeze Pineapple Date Fruit Bar -10 GM,B: Transform->Pack (in-line),7,OATS,rm,,0.0009,1,Factory,Create WIP
Moon Freeze Pineapple Date Fruit Bar -10 GM,B: Transform->Pack (in-line),8,Rice Crispy - 18%,rm,,0.0005,1,Factory,Create WIP
Moon Freeze Pineapple Date Fruit Bar -10 GM,B: Transform->Pack (in-line),9,NASURE 19,rm,,0.0001,1,Factory,Create WIP
Moon Freeze Pineapple Date Fruit Bar -10 GM,B: Transform->Pack (in-line),10,Black Chia Seeds,rm,,0.0004,1,Factory,Create WIP
Moon Freeze Pineapple Date Fruit Bar -10 GM,B: Transform->Pack (in-line),11,PM24-Moonfreeze-Pineapple,pm,,0.001,1,PM Store,Final FG (packing)
Moon Freeze Strawberry Date Fruit Bar - 45 Gm,B: Transform->Pack (in-line),1,AL Barakah Date Paste,rm,,0.0194,1,Factory,Create WIP
Moon Freeze Strawberry Date Fruit Bar - 45 Gm,B: Transform->Pack (in-line),2,American Almonds Tukda,rm,,0.0056,1,Factory,Create WIP
Moon Freeze Strawberry Date Fruit Bar - 45 Gm,B: Transform->Pack (in-line),3,Cashew Tukda,rm,,0.0045,1,Factory,Create WIP
Moon Freeze Strawberry Date Fruit Bar - 45 Gm,B: Transform->Pack (in-line),4,Pumpkin Seed ( 5% ),rm,,0.0036,1,Factory,Create WIP
Moon Freeze Strawberry Date Fruit Bar - 45 Gm,B: Transform->Pack (in-line),5,Strawberry Flavour 260323,rm,,0.0003,1,Factory,Create WIP
Moon Freeze Strawberry Date Fruit Bar - 45 Gm,B: Transform->Pack (in-line),6,OATS,rm,,0.0041,1,Factory,Create WIP
Moon Freeze Strawberry Date Fruit Bar - 45 Gm,B: Transform->Pack (in-line),7,Rice Crispy,rm,,0.002,1,Factory,Create WIP
Moon Freeze Strawberry Date Fruit Bar - 45 Gm,B: Transform->Pack (in-line),8,NASURE 19,rm,,0.0001,1,Factory,Create WIP
Moon Freeze Strawberry Date Fruit Bar - 45 Gm,B: Transform->Pack (in-line),9,Black Chia Seeds,rm,,0.0019,1,Factory,Create WIP
Moon Freeze Strawberry Date Fruit Bar - 45 Gm,B: Transform->Pack (in-line),10,PM24-Moonfreeze-Strawberry,pm,,0.002,1,Factory,Final FG (packing)
Moon Freeze Strawberry Date Fruit Bar -10 GM,B: Transform->Pack (in-line),1,AL BARAKAH DATE PASTE (1 KG packing),rm,,0.0043,1,Factory,Create WIP
Moon Freeze Strawberry Date Fruit Bar -10 GM,B: Transform->Pack (in-line),2,American Almonds Tukda,rm,,0.0013,1,Factory,Create WIP
Moon Freeze Strawberry Date Fruit Bar -10 GM,B: Transform->Pack (in-line),3,Cashew Tukda,rm,,0.001,1,Factory,Create WIP
Moon Freeze Strawberry Date Fruit Bar -10 GM,B: Transform->Pack (in-line),4,Pumpkin Seed 12%,rm,,0.0008,1,Factory,Create WIP
Moon Freeze Strawberry Date Fruit Bar -10 GM,B: Transform->Pack (in-line),5,Dehydrated Strawberry fruit,rm,,0.0008,1,Factory,Create WIP
Moon Freeze Strawberry Date Fruit Bar -10 GM,B: Transform->Pack (in-line),6,Compound [Strawberry Flvours],rm,,0.0001,1,Factory,Create WIP
Moon Freeze Strawberry Date Fruit Bar -10 GM,B: Transform->Pack (in-line),7,OATS,rm,,0.0009,1,Factory,Create WIP
Moon Freeze Strawberry Date Fruit Bar -10 GM,B: Transform->Pack (in-line),8,Rice Crispy - 18%,rm,,0.0005,1,Factory,Create WIP
Moon Freeze Strawberry Date Fruit Bar -10 GM,B: Transform->Pack (in-line),9,NASURE 19,rm,,0.0001,1,Factory,Create WIP
Moon Freeze Strawberry Date Fruit Bar -10 GM,B: Transform->Pack (in-line),10,Black Chia Seeds,rm,,0.0004,1,Factory,Create WIP
Moon Freeze Strawberry Date Fruit Bar -10 GM,B: Transform->Pack (in-line),11,PM24-Moonfreeze-Strawberry,pm,,0.001,1,PM Store,Final FG (packing)
NATAPURE Almond 200g,D: Pack-only,1,American Almonds (23-25 Count),rm,,0.201,1,Factory,Final FG (Sorting+Packing)
NATAPURE Almond 200g,D: Pack-only,2,PM24-3 Ply Carton CF24 10 Kg (390x290x220mm) 10000 gm -Unprinted,pm,,0.02,1,Factory,Final FG (packing)
NATAPURE Almond 200g,D: Pack-only,3,PM24-Natapure Almond Pouch 200gm,pm,,1,1,Factory,Final FG (packing)
NATAPURE Roasted Almonds 175gms,D: Pack-only,1,Almond Roasted,fg,,0.175,1,Factory,Final FG (Sorting+Packing)
NATAPURE Roasted Almonds 175gms,D: Pack-only,2,PM24-Natapure Almond Pouch 200gm,pm,,1,1,PM Store,Final FG (packing)
NATAPURE Roasted Almonds 175gms,D: Pack-only,3,PM24-3 Ply Carton CF24 10 Kg (390x290x220mm) 10000 gm -Unprinted,pm,,0.022,1,PM Store,Final FG (packing)
Natch Glazed Nut Mix Chilli 120gm,,1,Mild Chilly Glazed Cashew,fg,,0.0234,1,Factory,Final FG (Sorting+Packing)
Natch Glazed Nut Mix Chilli 120gm,,2,Mild Chilly Glazed Almonds,fg,,0.03,1,Factory,Final FG (Sorting+Packing)
Natch Glazed Nut Mix Chilli 120gm,,3,Dried Mango,rm,,0.024,1,Factory,Final FG (Sorting+Packing)
Natch Glazed Nut Mix Chilli 120gm,,4,Dried Pineapple,rm,,0.018,1,Factory,Final FG (Sorting+Packing)
Natch Glazed Nut Mix Chilli 120gm,,5,Pumpkin Seed ( 5% ),rm,,0.012,1,Factory,Final FG (Sorting+Packing)
Natch Glazed Nut Mix Chilli 120gm,,6,Sunflower Seeds,rm,,0.012,1,Factory,Final FG (Sorting+Packing)
Natch Glazed Nut Mix Chilli 120gm,,7,Pink Salt.,rm,,0.0006,1,Factory,Final FG (Sorting+Packing)
Natch Glazed Nut Mix Cinnamon 120gm,,1,Cinnamon Glazed Pecan,fg,,0.0234,1,Factory,Final FG (Sorting+Packing)
Natch Glazed Nut Mix Cinnamon 120gm,,2,Cinnamon Glazed Almond,fg,,0.024,1,Factory,Final FG (Sorting+Packing)
Natch Glazed Nut Mix Cinnamon 120gm,,3,Pumpkin Seed ( 5% ),rm,,0.012,1,Factory,Final FG (Sorting+Packing)
Natch Glazed Nut Mix Cinnamon 120gm,,4,Dried Apple,rm,,0.048,1,Factory,Final FG (Sorting+Packing)
Natch Glazed Nut Mix Cinnamon 120gm,,5,Sunflower Seeds,rm,,0.012,1,Factory,Final FG (Sorting+Packing)
Natch Glazed Nut Mix Cinnamon 120gm,,6,Pink Salt.,rm,,0.0006,1,Factory,Final FG (Sorting+Packing)
Natch Glazed Nut Mix Cocoa 120gm,,1,Cocoa Glazed Hazelnuts,fg,,0.0234,1,Factory,Final FG (Sorting+Packing)
Natch Glazed Nut Mix Cocoa 120gm,,2,Cocoa Glazed Almonds,fg,,0.03,1,Factory,Final FG (Sorting+Packing)
Natch Glazed Nut Mix Cocoa 120gm,,3,Dried Strawberry,rm,,0.024,1,Factory,Final FG (Sorting+Packing)
Natch Glazed Nut Mix Cocoa 120gm,,4,Dried Blueberry,rm,,0.018,1,Factory,Final FG (Sorting+Packing)
Natch Glazed Nut Mix Cocoa 120gm,,5,Pumpkin Seed ( 5% ),rm,,0.012,1,Factory,Final FG (Sorting+Packing)
Natch Glazed Nut Mix Cocoa 120gm,,6,Sunflower Seeds,rm,,0.012,1,Factory,Final FG (Sorting+Packing)
Natch Glazed Nut Mix Cocoa 120gm,,7,Pink Salt.,rm,,0.0006,1,Factory,Final FG (Sorting+Packing)
Nature Dried Kiwi 200 Gm ( 1411658 ),D: Pack-only,1,Dried Kiwi,rm,,0.2,1,Factory,Final FG (Sorting+Packing)
Nature Dried Kiwi 200 Gm ( 1411658 ),D: Pack-only,2,PM24-Natures Dryfruit 200G Pouch[130mm x 210mm] 200 gm,pm,,1,1,Factory,Final FG (packing)
Nature Dried Kiwi 200 Gm ( 1411658 ),D: Pack-only,3,PM24-3 Ply Carton CF24 10 Kg (390x290x220mm) 10000 gm -Unprinted,pm,,0.02,1,Factory,Final FG (packing)
Natures Almond Reg 500 Gm ( 1411652 ),,1,American Almonds Kernel 32-34 count,rm,,0.51,1,Factory,Final FG (Sorting+Packing)
Natures Almond Reg 500 Gm ( 1411652 ),,2,PM24-Natures Dryfruit 500G Pouch 500 gm,pm,,1,1,Factory,Final FG (packing)
Natures Almond Reg 500 Gm ( 1411652 ),,3,PM24-5 Ply Carton CF24 10kg (390X290X220) (D Mart)-Unprinted,pm,,0.05,1,Factory,Final FG (packing)
Natures Almonds Reg 200 Gm (1411651),D: Pack-only,1,American Almonds Kernel 32-34 count,rm,,0.202,1,Factory,Final FG (Sorting+Packing)
Natures Almonds Reg 200 Gm (1411651),D: Pack-only,2,PM24-Natures Dryfruit 200G Pouch[130mm x 210mm] 200 gm,pm,,1,1,Factory,Final FG (packing)
Natures Almonds Reg 200 Gm (1411651),D: Pack-only,3,PM24-5 Ply Carton CF24 10kg (390X290X220) (D Mart)-Unprinted,pm,,0.02,1,Factory,Final FG (packing)
Natures American Almond 100g (1340528),D: Pack-only,1,American Almonds Running [28-30 Count],rm,,0.1,1,Factory,Final FG (Sorting+Packing)
Natures American Almond 100g (1340528),D: Pack-only,2,PM24-Natures Dryfruit 100G Pouch[110mm x 170mm] 100 gm,pm,,1,1,Factory,Final FG (packing)
Natures American Almond 100g (1340528),D: Pack-only,3,PM24-3 Ply Carton CF24 10 Kg (390x290x220mm) 10000 gm -Unprinted,pm,,0.01,1,Factory,Final FG (packing)
Natures American Almond 250g (1340524),D: Pack-only,1,American Almonds Running [28-30 Count],rm,,0.2525,1,Factory,Final FG (Sorting+Packing)
Natures American Almond 250g (1340524),D: Pack-only,2,PM24-Natures Dryfruit 200G Pouch[130mm x 210mm] 200 gm,pm,,1,1,Factory,Final FG (packing)
Natures American Almond 250g (1340524),D: Pack-only,3,PM24-3 Ply Carton CF24 10 Kg (390x290x220mm) 10000 gm -Unprinted,pm,,0.025,1,Factory,Final FG (packing)
Natures American Almond 500g (1350926),,1,American Almonds Running [28-30 Count],rm,,0.51,1,Factory,Final FG (Sorting+Packing)
Natures American Almond 500g (1350926),,2,PM24-Natures Dryfruit 500G Pouch 500 gm,pm,,1,1,Factory,Final FG (packing)
Natures American Almond 500g (1350926),,3,PM24-3 Ply Carton CF24 10 Kg (390x290x220mm) 10000 gm -Unprinted,pm,,0.05,1,Factory,Final FG (packing)
Natures American Almonds 1 KG (1416275),D: Pack-only,1,American Almonds (23-25 Count),rm,,1.01,1,Factory,Final FG (Sorting+Packing)
Natures American Almonds 1 KG (1416275),D: Pack-only,2,PM24-Nature Dryfruit Almond 1 Kg Pouch 1000 gm,pm,,1,1,PM Store,Final FG (packing)
Natures American Almonds 1 KG (1416275),D: Pack-only,3,PM24-3 Ply Carton CF24 10 Kg (390x290x220mm) 10000 gm -Unprinted,pm,,0.1,1,PM Store,Final FG (packing)
Natures Black Raisin 200g (1340522),,1,Afghan Black Raisins Seedless 1*1,rm,,0.2,1,Factory,Final FG (Sorting+Packing)
Natures Black Raisin 200g (1340522),,2,PM24-Natures Dryfruit 200G Pouch[130mm x 210mm] 200 gm,pm,,1,1,Factory,Final FG (packing)
Natures Black Raisin 200g (1340522),,3,PM24-3 Ply Carton CF24 10 Kg (390x290x220mm) 10000 gm -Unprinted,pm,,0.02,1,Factory,Final FG (packing)
Natures California Pista Reg 200 Gm (1411656),D: Pack-only,1,California Pista Inshell,rm,,0.21,1,Factory,Final FG (Sorting+Packing)
Natures California Pista Reg 200 Gm (1411656),D: Pack-only,2,PM24-Natures Dryfruit 200G Pouch[130mm x 210mm] 200 gm,pm,,1,1,Factory,Final FG (packing)
Natures California Pista Reg 200 Gm (1411656),D: Pack-only,3,PM24-3 Ply Carton CF24 10 Kg (390x290x220mm) 10000 gm -Unprinted,pm,,0.02,1,Factory,Final FG (packing)
Natures Cashew Reg 200 Gm ( 1411653 ),D: Pack-only,1,Cashew 320,rm,,0.21,1,Factory,Final FG (Sorting+Packing)
Natures Cashew Reg 200 Gm ( 1411653 ),D: Pack-only,2,PM24-Natures Dryfruit 200G Pouch[130mm x 210mm] 200 gm,pm,,1,1,Factory,Final FG (packing)
Natures Cashew Reg 200 Gm ( 1411653 ),D: Pack-only,3,PM24-3 Ply Carton CF24 10 Kg (390x290x220mm) 10000 gm -Unprinted,pm,,0.02,1,Factory,Final FG (packing)
Natures Cashew Split 200g (1356008),B: Transform->Pack (in-line),1,Cashew Split,rm,,0.21,1,Factory,Create WIP
Natures Cashew Split 200g (1356008),B: Transform->Pack (in-line),2,PM24-Natures Dryfruit 200G Pouch[130mm x 210mm] 200 gm,pm,,1,1,Factory,Final FG (packing)
Natures Cashew Split 200g (1356008),B: Transform->Pack (in-line),3,PM24-3 Ply Carton CF24 10 Kg (390x290x220mm) 10000 gm -Unprinted,pm,,0.02,1,Factory,Final FG (packing)
Natures Cashew W 210 500g (1356007),D: Pack-only,1,Cashew 240,rm,,0.51,1,Factory,Final FG (Sorting+Packing)
Natures Cashew W 210 500g (1356007),D: Pack-only,2,PM24-Natures Dryfruit 200G Pouch[130mm x 210mm] 200 gm,pm,,1,1,Factory,Final FG (packing)
Natures Cashew W 210 500g (1356007),D: Pack-only,3,PM24-3 Ply Carton CF24 10 Kg (390x290x220mm) 10000 gm -Unprinted,pm,,0.05,1,Factory,Final FG (packing)
Natures Cashew W210 100g (1340520),D: Pack-only,1,Cashew 210,rm,,0.1,1,Factory,Final FG (Sorting+Packing)
Natures Cashew W210 100g (1340520),D: Pack-only,2,PM24-Natures Dryfruit 100G Pouch[110mm x 170mm] 100 gm,pm,,1,1,Factory,Final FG (packing)
Natures Cashew W210 100g (1340520),D: Pack-only,3,PM24-5 Ply Carton CF24 10kg (390X290X220) (D Mart)-Unprinted,pm,,0.01,1,Factory,Final FG (packing)
Natures Cashew W210 250g (1340525),D: Pack-only,1,Cashew 240,rm,,0.26,1,Factory,Final FG (Sorting+Packing)
Natures Cashew W210 250g (1340525),D: Pack-only,2,PM24-Natures Dryfruit 200G Pouch[130mm x 210mm] 200 gm,pm,,1,1,Factory,Final FG (packing)
Natures Cashew W210 250g (1340525),D: Pack-only,3,PM24-5 Ply Carton CF24 10kg (390X290X220) (D Mart)-Unprinted,pm,,0.025,1,Factory,Final FG (packing)
Natures Dried Amla 200 Gm ( 1411660 ),D: Pack-only,1,Sweet Amala Candy 5%,rm,,0.2,1,Factory,Final FG (Sorting+Packing)
Natures Dried Amla 200 Gm ( 1411660 ),D: Pack-only,2,PM24-Natures Dryfruit 200G Pouch[130mm x 210mm] 200 gm,pm,,1,1,Factory,Final FG (packing)
Natures Dried Amla 200 Gm ( 1411660 ),D: Pack-only,3,PM24-3 Ply Carton CF24 10 Kg (390x290x220mm) 10000 gm -Unprinted,pm,,0.02,1,Factory,Final FG (packing)
Natures Dried Cherry 200 Gm ( 1411661 ),D: Pack-only,1,Dried Cherry (Red),rm,,0.2,1,Factory,Final FG (Sorting+Packing)
Natures Dried Cherry 200 Gm ( 1411661 ),D: Pack-only,2,PM24-Natures Dryfruit 200G Pouch[130mm x 210mm] 200 gm,pm,,1,1,Factory,Final FG (packing)
Natures Dried Cherry 200 Gm ( 1411661 ),D: Pack-only,3,PM24-3 Ply Carton CF24 10 Kg (390x290x220mm) 10000 gm -Unprinted,pm,,0.02,1,Factory,Final FG (packing)
Natures Dried Pineapple 200 Gm ( 1411659 ),D: Pack-only,1,Dried Pineapple,rm,,0.2,1,Factory,Final FG (Sorting+Packing)
Natures Dried Pineapple 200 Gm ( 1411659 ),D: Pack-only,2,PM24-Natures Dryfruit 200G Pouch[130mm x 210mm] 200 gm,pm,,1,1,Factory,Final FG (packing)
Natures Dried Pineapple 200 Gm ( 1411659 ),D: Pack-only,3,PM24-3 Ply Carton CF24 10 Kg (390x290x220mm) 10000 gm -Unprinted,pm,,0.02,1,Factory,Final FG (packing)
Natures Dried Strawberry 200 Gm (1411657),D: Pack-only,1,Dried Strawberry,rm,,0.2,1,Factory,Final FG (Sorting+Packing)
Natures Dried Strawberry 200 Gm (1411657),D: Pack-only,2,PM24-Natures Dryfruit 200G Pouch[130mm x 210mm] 200 gm,pm,,1,1,Factory,Final FG (packing)
NATURES FIGS 250GM (1357008),D: Pack-only,1,Anjeer Selected,rm,,0.26,1,Factory,Final FG (Sorting+Packing)
NATURES FIGS 250GM (1357008),D: Pack-only,2,PM24-Natures Dryfruit 200G Pouch[130mm x 210mm] 200 gm,pm,,1,1,Factory,Final FG (packing)
NATURES FIGS 250GM (1357008),D: Pack-only,3,PM24-3 Ply Carton CF24 10 Kg (390x290x220mm) 10000 gm -Unprinted,pm,,0.025,1,Factory,Final FG (packing)
NATURES FIGS 500G (1357009),D: Pack-only,1,Anjeer (Figs),rm,,0.52,1,Factory,Final FG (Sorting+Packing)
NATURES FIGS 500G (1357009),D: Pack-only,2,PM24-Natures Dryfruit 500G Pouch 500 gm,pm,,1,1,Factory,Final FG (packing)
NATURES FIGS 500G (1357009),D: Pack-only,3,PM24-3 Ply Carton CF24 10 Kg (390x290x220mm) 10000 gm -Unprinted,pm,,0.1,1,Factory,Final FG (packing)
Natures Indian Raisin Reg 200 Gm (1411654),D: Pack-only,1,Indian Green Raisins,rm,,0.2,1,Factory,Final FG (Sorting+Packing)
Natures Indian Raisin Reg 200 Gm (1411654),D: Pack-only,2,PM24-Natures Dryfruit 200G Pouch[130mm x 210mm] 200 gm,pm,,1,1,Factory,Final FG (packing)
Natures Indian Raisin Reg 200 Gm (1411654),D: Pack-only,3,PM24-3 Ply Carton CF24 10 Kg (390x290x220mm) 10000 gm -Unprinted,pm,,0.02,1,Factory,Final FG (packing)
Natures Indian Raisin Reg 500 Gm (1411655),D: Pack-only,1,Indian Green Raisins,rm,,0.51,1,Factory,Final FG (Sorting+Packing)
Natures Indian Raisin Reg 500 Gm (1411655),D: Pack-only,2,PM24-Natures Dryfruit 500G Pouch 500 gm,pm,,1,1,Factory,Final FG (packing)
Natures Indian Raisin Reg 500 Gm (1411655),D: Pack-only,3,PM24-3 Ply Carton CF24 10 Kg (390x290x220mm) 10000 gm -Unprinted,pm,,0.05,1,Factory,Final FG (packing)
NATURES MACADAMIA ROASTED&SALTED 100g (1443558),B: Transform->Pack (in-line),1,Macadamia Roasted - Size 0,rm,,0.098,1,Factory,Create WIP
NATURES MACADAMIA ROASTED&SALTED 100g (1443558),B: Transform->Pack (in-line),2,Refined Fine Powder Iodized Salt Prime,rm,,0.002,1,Factory,Create WIP
NATURES MACADAMIA ROASTED&SALTED 100g (1443558),B: Transform->Pack (in-line),3,PM24-Natures Dryfruit 100G Pouch[110mm x 170mm] 100 gm,pm,,1,1,Factory,Final FG (packing)
Natures Pista Iranian 100g (1340521),D: Pack-only,1,Pista Irani 101 Inshell,rm,,0.1,1,Factory,Final FG (Sorting+Packing)
Natures Pista Iranian 100g (1340521),D: Pack-only,2,PM24-Natures Dryfruit 100G Pouch[110mm x 170mm] 100 gm,pm,,1,1,Factory,Final FG (packing)
Natures Pista Iranian 100g (1340521),D: Pack-only,3,PM24-3 Ply Carton CF24 10 Kg (390x290x220mm) 10000 gm -Unprinted,pm,,0.01,1,Factory,Final FG (packing)
Natures Pista Iranian 250g (1340529),D: Pack-only,1,Pista Irani Inshell,rm,,0.26,1,Factory,Final FG (Sorting+Packing)
Natures Pista Iranian 250g (1340529),D: Pack-only,2,PM24-Natures Dryfruit 200G Pouch[130mm x 210mm] 200 gm,pm,,1,1,Factory,Final FG (packing)
Natures Pista Iranian 250g (1340529),D: Pack-only,3,PM24-3 Ply Carton CF24 10 Kg (390x290x220mm) 10000 gm -Unprinted,pm,,0.025,1,Factory,Final FG (packing)
Natures Pistachia Iranian 500g (1340527),D: Pack-only,1,Pista Irani Inshell,rm,,0.52,1,Factory,Final FG (Sorting+Packing)
Natures Pistachia Iranian 500g (1340527),D: Pack-only,2,PM24-Natures Dryfruit 500G Pouch 500 gm,pm,,1,1,Factory,Final FG (packing)
Natures Pistachia Iranian 500g (1340527),D: Pack-only,3,PM24-5 Ply Carton CF24 10kg (390X290X220) (D Mart)-Unprinted,pm,,0.05,1,Factory,Final FG (packing)
Natures Pisto Unshelled 200g (1340526),D: Pack-only,1,Pista Kernel,rm,,0.21,1,Factory,Final FG (Sorting+Packing)
Natures Pisto Unshelled 200g (1340526),D: Pack-only,2,PM24-Natures Dryfruit 200G Pouch[130mm x 210mm] 200 gm,pm,,1,1,Factory,Final FG (packing)
Natures Pisto Unshelled 200g (1340526),D: Pack-only,3,PM24-3 Ply Carton CF24 10 Kg (390x290x220mm) 10000 gm -Unprinted,pm,,0.02,1,Factory,Final FG (packing)
Natures Premium Mixed Dry Fruits 250g(1356314),D: Pack-only,1,American Almonds Running 25-27 count,rm,,0.06,1,Factory,Final FG (Sorting+Packing)
Natures Premium Mixed Dry Fruits 250g(1356314),D: Pack-only,2,Cashew 320,rm,,0.05,1,Factory,Final FG (Sorting+Packing)
Natures Premium Mixed Dry Fruits 250g(1356314),D: Pack-only,3,Afghan Raisins 1*2 Green round,rm,,0.05,1,Factory,Final FG (Sorting+Packing)
Natures Premium Mixed Dry Fruits 250g(1356314),D: Pack-only,4,Anjeer 1*2,rm,,0.04,1,Factory,Final FG (Sorting+Packing)
Natures Premium Mixed Dry Fruits 250g(1356314),D: Pack-only,5,Afghan Apricot 1*2,rm,,0.025,1,Factory,Final FG (Sorting+Packing)
Natures Premium Mixed Dry Fruits 250g(1356314),D: Pack-only,6,Pista Magaz,rm,,0.025,1,Factory,Final FG (Sorting+Packing)
Natures Premium Mixed Dry Fruits 250g(1356314),D: Pack-only,7,PM24-Natures Dryfruit 200G Pouch[130mm x 210mm] 200 gm,pm,,1,1,Factory,Final FG (packing)
Natures Premium Mixed Dry Fruits 250g(1356314),D: Pack-only,8,PM24-3 Ply Carton CF24 10 Kg (390x290x220mm) 10000 gm -Unprinted,pm,,0.025,1,Factory,Final FG (packing)
Natures Raisin 100g (1340523),D: Pack-only,1,Afghan Raisins 1*2 Green round,rm,,0.1,1,Factory,Final FG (Sorting+Packing)
Natures Raisin 100g (1340523),D: Pack-only,2,PM24-Natures Dryfruit 100G Pouch[110mm x 170mm] 100 gm,pm,,1,1,Factory,Final FG (packing)
Natures Raisin 100g (1340523),D: Pack-only,3,PM24-3 Ply Carton CF24 10 Kg (390x290x220mm) 10000 gm -Unprinted,pm,,0.01,1,Factory,Final FG (packing)
Natures Raisin 250g (1340519),D: Pack-only,1,Afghan Raisins 1*2 Green round,rm,,0.25,1,Factory,Final FG (Sorting+Packing)
Natures Raisin 250g (1340519),D: Pack-only,2,PM24-Natures Dryfruit 200G Pouch[130mm x 210mm] 200 gm,pm,,1,1,Factory,Final FG (packing)
Natures Raisin 250g (1340519),D: Pack-only,3,PM24-3 Ply Carton CF24 10 Kg (390x290x220mm) 10000 gm -Unprinted,pm,,0.025,1,Factory,Final FG (packing)
Natures Raisin 500g (1356006),D: Pack-only,1,Afghan Raisins 1*2 Green round,rm,,0.51,1,Factory,Final FG (Sorting+Packing)
Natures Raisin 500g (1356006),D: Pack-only,2,PM24-Natures Dryfruit 500G Pouch 500 gm,pm,,1,1,Factory,Final FG (packing)
Natures Raisin 500g (1356006),D: Pack-only,3,PM24-3 Ply Carton CF24 10 Kg (390x290x220mm) 10000 gm -Unprinted,pm,,0.05,1,Factory,Final FG (packing)
NB AMERICAN ALMOND LOOSE,D: Pack-only,1,American Almonds (23-25 Count),rm,,1.0175,1,Factory,Final FG (Sorting+Packing)
NB AMERICAN ALMOND LOOSE,D: Pack-only,2,"PM24-Vacuum Pouch For 1 Kg-210 x 305mm, 16G-110 Micron (Solimo) 1000 gm",pm,,1,1,Factory,Final FG (packing)
NB AMERICAN ALMOND LOOSE,D: Pack-only,3,PM24-3 Ply Carton CF24 10 Kg (390x290x220mm) 10000 gm -Unprinted,pm,,0.1,1,Factory,Final FG (packing)
NB AMERICAN ALMOND SELECTED LOOSE,D: Pack-only,1,American Almonds Running 25-27 count,rm,,1.0175,1,Factory,Final FG (Sorting+Packing)
NB AMERICAN ALMOND SELECTED LOOSE,D: Pack-only,2,"PM24-Vacuum Pouch For 1 Kg-210 x 305mm, 16G-110 Micron (Solimo) 1000 gm",pm,,1,1,Factory,Final FG (packing)
NB AMERICAN ALMOND SELECTED LOOSE,D: Pack-only,3,PM24-3 Ply Carton CF24 10 Kg (390x290x220mm) 10000 gm -Unprinted,pm,,0.1,1,Factory,Final FG (packing)
NB ANJEER LARGE (SLW) LOOSE,D: Pack-only,1,Anjeer 1*1,rm,,1,1,Factory,Final FG (Sorting+Packing)
NB ANJEER LARGE (SLW) LOOSE,D: Pack-only,2,"PM24-Vacuum Pouch For 1 Kg-210 x 305mm, 16G-110 Micron (Solimo) 1000 gm",pm,,1,1,Factory,Final FG (packing)
NB ANJEER LARGE (SLW) LOOSE,D: Pack-only,3,PM24-3 Ply Carton CF24 10 Kg (390x290x220mm) 10000 gm -Unprinted,pm,,0.1,1,Factory,Final FG (packing)
NB ANJEER SELECT (WHITE) LOOSE,D: Pack-only,1,Anjeer Selected,rm,,1,1,Factory,Final FG (Sorting+Packing)
NB ANJEER SELECT (WHITE) LOOSE,D: Pack-only,2,"PM24-Vacuum Pouch For 1 Kg-210 x 305mm, 16G-110 Micron (Solimo) 1000 gm",pm,,1,1,Factory,Final FG (packing)
NB ANJEER SELECT (WHITE) LOOSE,D: Pack-only,3,PM24-3 Ply Carton CF24 10 Kg (390x290x220mm) 10000 gm -Unprinted,pm,,0.1,1,Factory,Final FG (packing)
NB ANJEER SMALL (1X1W) LOOSE,D: Pack-only,1,Anjeer 1*2,rm,,1,1,Factory,Final FG (Sorting+Packing)
NB ANJEER SMALL (1X1W) LOOSE,D: Pack-only,2,"PM24-Vacuum Pouch For 1 Kg-210 x 305mm, 16G-110 Micron (Solimo) 1000 gm",pm,,1,1,Factory,Final FG (packing)
NB ANJEER SMALL (1X1W) LOOSE,D: Pack-only,3,PM24-3 Ply Carton CF24 10 Kg (390x290x220mm) 10000 gm -Unprinted,pm,,0.1,1,Factory,Final FG (packing)
NB APRICOT SEEDLESS (TURKEY) DRIED LOOSE,D: Pack-only,1,Turkey Apricot No 3,rm,,1.0175,1,Factory,Final FG (Sorting+Packing)
NB APRICOT SEEDLESS (TURKEY) DRIED LOOSE,D: Pack-only,2,"PM24-Vacuum Pouch For 1 Kg-210 x 305mm, 16G-110 Micron (Solimo) 1000 gm",pm,,1,1,PM Store,Final FG (packing)
NB APRICOT SEEDLESS (TURKEY) DRIED LOOSE,D: Pack-only,3,PM24-3 Ply Carton CF24 10 Kg (390x290x220mm) 10000 gm -Unprinted,pm,,0.1,1,PM Store,Final FG (packing)
NB APRICOT WHOLE DRIED LOOSE,D: Pack-only,1,Afghan Apricot 1*2,rm,,1.035,1,Factory,Final FG (Sorting+Packing)
NB APRICOT WHOLE DRIED LOOSE,D: Pack-only,2,"PM24-Vacuum Pouch For 1 Kg-210 x 305mm, 16G-110 Micron (Solimo) 1000 gm",pm,,1,1,Factory,Final FG (packing)
NB APRICOT WHOLE DRIED LOOSE,D: Pack-only,3,PM24-3 Ply Carton CF24 10 Kg (390x290x220mm) 10000 gm -Unprinted,pm,,0.1,1,Factory,Final FG (packing)
NB BARBEQUE ALMOND LOOSE,B: Transform->Pack (in-line),1,American Almonds Running 25-27 count,rm,,0.9363,1,Factory,Create WIP
NB BARBEQUE ALMOND LOOSE,B: Transform->Pack (in-line),2,"PM24-Vacuum Pouch For 1 Kg-210 x 305mm, 16G-110 Micron (Solimo) 1000 gm",pm,,1,1,Factory,Final FG (packing)
NB BARBEQUE ALMOND LOOSE,B: Transform->Pack (in-line),3,Barbeque seasoning,rm,,0.0636,1,Factory,Create WIP
NB BARBEQUE ALMOND LOOSE,B: Transform->Pack (in-line),4,PM24-3 Ply Carton CF24 10 Kg (390x290x220mm) 10000 gm -Unprinted,pm,,0.1,1,Factory,Final FG (packing)
NB BARBEQUE CASHEW LOOSE,B: Transform->Pack (in-line),1,Cashew 320,rm,,0.9363,1,Factory,Create WIP
NB BARBEQUE CASHEW LOOSE,B: Transform->Pack (in-line),2,"PM24-Vacuum Pouch For 1 Kg-210 x 305mm, 16G-110 Micron (Solimo) 1000 gm",pm,,1,1,Factory,Final FG (packing)
NB BARBEQUE CASHEW LOOSE,B: Transform->Pack (in-line),3,Barbeque seasoning,rm,,0.0636,1,Factory,Create WIP
NB BARBEQUE CASHEW LOOSE,B: Transform->Pack (in-line),4,PM24-3 Ply Carton CF24 10 Kg (390x290x220mm) 10000 gm -Unprinted,pm,,0.1,1,Factory,Final FG (packing)
NB BLACK PEPPER CASHEW LOOSE,B: Transform->Pack (in-line),1,Cashew 320,rm,,0.9363,1,Factory,Create WIP
NB BLACK PEPPER CASHEW LOOSE,B: Transform->Pack (in-line),2,Black Pepper Seasoning,rm,,0.0636,1,Factory,Create WIP
NB BLACK PEPPER CASHEW LOOSE,B: Transform->Pack (in-line),3,"PM24-Vacuum Pouch For 1 Kg-210 x 305mm, 16G-110 Micron (Solimo) 1000 gm",pm,,1,1,Factory,Final FG (packing)
NB BLACK PEPPER CASHEW LOOSE,B: Transform->Pack (in-line),4,PM24-3 Ply Carton CF24 10 Kg (390x290x220mm) 10000 gm -Unprinted,pm,,0.1,1,Factory,Final FG (packing)
NB BLACK RAISIN SEEDLESS LOOSE,D: Pack-only,1,Afghan Black Raisins Seedless 1*1,rm,,1,1,Factory,Final FG (Sorting+Packing)
NB BLACK RAISIN SEEDLESS LOOSE,D: Pack-only,2,"PM24-Vacuum Pouch For 1 Kg-210 x 305mm, 16G-110 Micron (Solimo) 1000 gm",pm,,1,1,Factory,Final FG (packing)
NB BLACK RAISIN SEEDLESS LOOSE,D: Pack-only,3,PM24-3 Ply Carton CF24 10 Kg (390x290x220mm) 10000 gm -Unprinted,pm,,0.1,1,Factory,Final FG (packing)
NB BLACKBERRY DRIED LOOSE,D: Pack-only,1,Dried Blackberry,rm,,1,1,Factory,Final FG (Sorting+Packing)
NB BLACKBERRY DRIED LOOSE,D: Pack-only,2,"PM24-Vacuum Pouch For 1 Kg-210 x 305mm, 16G-110 Micron (Solimo) 1000 gm",pm,,1,1,Factory,Final FG (packing)
NB BLACKBERRY DRIED LOOSE,D: Pack-only,3,PM24-3 Ply Carton CF24 10 Kg (390x290x220mm) 10000 gm -Unprinted,pm,,0.1,1,Factory,Final FG (packing)
NB BLACKCURRANT DRIED LOOSE,D: Pack-only,1,GREEK DARK SEEDLESS RAISINS (Black Currant),rm,,1.0175,1,Factory,Final FG (Sorting+Packing)
NB BLACKCURRANT DRIED LOOSE,D: Pack-only,2,"PM24-Vacuum Pouch For 1 Kg-210 x 305mm, 16G-110 Micron (Solimo) 1000 gm",pm,,1,1,Factory,Final FG (packing)
NB BLACKCURRANT DRIED LOOSE,D: Pack-only,3,PM24-3 Ply Carton CF24 10 Kg (390x290x220mm) 10000 gm -Unprinted,pm,,0.1,1,Factory,Final FG (packing)
NB BLUEBERRY DRIED LOOSE,D: Pack-only,1,Dried Blueberry,rm,,1,1,Factory,Final FG (Sorting+Packing)
NB BLUEBERRY DRIED LOOSE,D: Pack-only,2,"PM24-Vacuum Pouch For 1 Kg-210 x 305mm, 16G-110 Micron (Solimo) 1000 gm",pm,,1,1,Factory,Final FG (packing)
NB BLUEBERRY DRIED LOOSE,D: Pack-only,3,PM24-3 Ply Carton CF24 10 Kg (390x290x220mm) 10000 gm -Unprinted,pm,,0.1,1,Factory,Final FG (packing)
NB BRAZIL NUT LOOSE,D: Pack-only,1,Brazil Nuts,rm,,1.0175,1,Factory,Final FG (Sorting+Packing)
NB BRAZIL NUT LOOSE,D: Pack-only,2,"PM24-Vacuum Pouch For 1 Kg-210 x 305mm, 16G-110 Micron (Solimo) 1000 gm",pm,,1,1,Factory,Final FG (packing)
NB BRAZIL NUT LOOSE,D: Pack-only,3,PM24-3 Ply Carton CF24 10 Kg (390x290x220mm) 10000 gm -Unprinted,pm,,0.1,1,Factory,Final FG (packing)
NB CASHEW W150 LOOSE,D: Pack-only,1,Cashew 150,rm,,1.03,1,Factory,Final FG (Sorting+Packing)
NB CASHEW W150 LOOSE,D: Pack-only,2,"PM24-Vacuum Pouch For 1 Kg-210 x 305mm, 16G-110 Micron (Solimo) 1000 gm",pm,,1,1,Factory,Final FG (packing)
NB CASHEW W150 LOOSE,D: Pack-only,3,PM24-3 Ply Carton CF24 10 Kg (390x290x220mm) 10000 gm -Unprinted,pm,,0.1,1,Factory,Final FG (packing)
NB CASHEW W180 LOOSE,D: Pack-only,1,Cashew 180,rm,,1.03,1,Factory,Final FG (Sorting+Packing)
NB CASHEW W180 LOOSE,D: Pack-only,2,"PM24-Vacuum Pouch For 1 Kg-210 x 305mm, 16G-110 Micron (Solimo) 1000 gm",pm,,1,1,Factory,Final FG (packing)
NB CASHEW W180 LOOSE,D: Pack-only,3,PM24-3 Ply Carton CF24 10 Kg (390x290x220mm) 10000 gm -Unprinted,pm,,0.1,1,Factory,Final FG (packing)
NB CASHEW W240 LOOSE,D: Pack-only,1,Cashew 240,rm,,1.03,1,Factory,Final FG (Sorting+Packing)
NB CASHEW W240 LOOSE,D: Pack-only,2,"PM24-Vacuum Pouch For 1 Kg-210 x 305mm, 16G-110 Micron (Solimo) 1000 gm",pm,,1,1,Factory,Final FG (packing)
NB CASHEW W240 LOOSE,D: Pack-only,3,PM24-3 Ply Carton CF24 10 Kg (390x290x220mm) 10000 gm -Unprinted,pm,,0.1,1,Factory,Final FG (packing)
NB CHARCOAL CASHEW LOOSE,B: Transform->Pack (in-line),1,Cashew 210,rm,,1,1,Factory,Create WIP
NB CHARCOAL CASHEW LOOSE,B: Transform->Pack (in-line),2,"PM24-Vacuum Pouch For 1 Kg-210 x 305mm, 16G-110 Micron (Solimo) 1000 gm",pm,,1,1,Factory,Final FG (packing)
NB CHEESE CASHEW LOOSE,B: Transform->Pack (in-line),1,Cashew 320,rm,,0.9363,1,Factory,Create WIP
NB CHEESE CASHEW LOOSE,B: Transform->Pack (in-line),2,CHEESE SEASONING,rm,,0.0636,1,Factory,Create WIP
NB CHEESE CASHEW LOOSE,B: Transform->Pack (in-line),3,"PM24-Vacuum Pouch For 1 Kg-210 x 305mm, 16G-110 Micron (Solimo) 1000 gm",pm,,1,1,Factory,Final FG (packing)
NB CHEESE CASHEW LOOSE,B: Transform->Pack (in-line),4,PM24-3 Ply Carton CF24 10 Kg (390x290x220mm) 10000 gm -Unprinted,pm,,0.1,1,Factory,Final FG (packing)
NB CHIA SEED LOOSE,D: Pack-only,1,Black Chia Seeds,rm,,1.01,1,Factory,Final FG (Sorting+Packing)
NB CHIA SEED LOOSE,D: Pack-only,2,"PM24-Vacuum Pouch For 1 Kg-210 x 305mm, 16G-110 Micron (Solimo) 1000 gm",pm,,1,1,Factory,Final FG (packing)
NB CHIA SEED LOOSE,D: Pack-only,3,PM24-3 Ply Carton CF24 10 Kg (390x290x220mm) 10000 gm -Unprinted,pm,,0.1,1,Factory,Final FG (packing)
NB CRANBERRY DRIED LOOSE,D: Pack-only,1,Dried Meduri Cranberry Whole,rm,,1,1,Factory,Final FG (Sorting+Packing)
NB CRANBERRY DRIED LOOSE,D: Pack-only,2,"PM24-Vacuum Pouch For 1 Kg-210 x 305mm, 16G-110 Micron (Solimo) 1000 gm",pm,,1,1,Factory,Final FG (packing)
NB CRANBERRY DRIED LOOSE,D: Pack-only,3,PM24-3 Ply Carton CF24 10 Kg (390x290x220mm) 10000 gm -Unprinted,pm,,0.1,1,Factory,Final FG (packing)
NB DEHYDRATED BABY ORANGE LOOSE,D: Pack-only,1,DEHYDRATED BABY ORANGE,rm,,1,1,Factory,Final FG (Sorting+Packing)
NB DEHYDRATED BABY ORANGE LOOSE,D: Pack-only,2,"PM24-Vacuum Pouch For 1 Kg-210 x 305mm, 16G-110 Micron (Solimo) 1000 gm",pm,,1,1,Factory,Final FG (packing)
NB DEHYDRATED BABY ORANGE LOOSE,D: Pack-only,3,PM24-3 Ply Carton CF24 10 Kg (390x290x220mm) 10000 gm -Unprinted,pm,,0.1,1,Factory,Final FG (packing)
NB DEHYDRATED CHERRY LOOSE,D: Pack-only,1,Dried Cherry (Red),rm,,1,1,Factory,Final FG (Sorting+Packing)
NB DEHYDRATED CHERRY LOOSE,D: Pack-only,2,"PM24-Vacuum Pouch For 1 Kg-210 x 305mm, 16G-110 Micron (Solimo) 1000 gm",pm,,1,1,Factory,Final FG (packing)
NB DEHYDRATED CHERRY LOOSE,D: Pack-only,3,PM24-3 Ply Carton CF24 10 Kg (390x290x220mm) 10000 gm -Unprinted,pm,,0.1,1,Factory,Final FG (packing)
NB DEHYDRATED GINGER LOOSE,D: Pack-only,1,Dehydrated Ginger,rm,,1,1,Factory,Final FG (Sorting+Packing)
NB DEHYDRATED GINGER LOOSE,D: Pack-only,2,"PM24-Vacuum Pouch For 1 Kg-210 x 305mm, 16G-110 Micron (Solimo) 1000 gm",pm,,1,1,Factory,Final FG (packing)
NB DEHYDRATED GINGER LOOSE,D: Pack-only,3,PM24-3 Ply Carton CF24 10 Kg (390x290x220mm) 10000 gm -Unprinted,pm,,0.1,1,Factory,Final FG (packing)
NB DEHYDRATED GUAVA LOOSE,D: Pack-only,1,Dehydrated Guava Sliced,rm,,1,1,Factory,Final FG (Sorting+Packing)
NB DEHYDRATED GUAVA LOOSE,D: Pack-only,2,"PM24-Vacuum Pouch For 1 Kg-210 x 305mm, 16G-110 Micron (Solimo) 1000 gm",pm,,1,1,Factory,Final FG (packing)
NB DEHYDRATED KIWI LOOSE,D: Pack-only,1,Dried Kiwi,rm,,1,1,Factory,Final FG (Sorting+Packing)
NB DEHYDRATED KIWI LOOSE,D: Pack-only,2,"PM24-Vacuum Pouch For 1 Kg-210 x 305mm, 16G-110 Micron (Solimo) 1000 gm",pm,,1,1,Factory,Final FG (packing)
NB DEHYDRATED KIWI LOOSE,D: Pack-only,3,PM24-3 Ply Carton CF24 10 Kg (390x290x220mm) 10000 gm -Unprinted,pm,,0.1,1,Factory,Final FG (packing)
NB DEHYDRATED MANGO SLICED LOOSE,D: Pack-only,1,Dehydrated Mango Slice,rm,,1,1,Factory,Final FG (Sorting+Packing)
NB DEHYDRATED MANGO SLICED LOOSE,D: Pack-only,2,"PM24-Vacuum Pouch For 1 Kg-210 x 305mm, 16G-110 Micron (Solimo) 1000 gm",pm,,1,1,Factory,Final FG (packing)
NB DEHYDRATED MANGO SLICED LOOSE,D: Pack-only,3,PM24-3 Ply Carton CF24 10 Kg (390x290x220mm) 10000 gm -Unprinted,pm,,0.1,1,Factory,Final FG (packing)
NB DEHYDRATED PEACH GREEN LOOSE,D: Pack-only,1,Dried Peach,rm,,1,1,Factory,Final FG (Sorting+Packing)
NB DEHYDRATED PEACH GREEN LOOSE,D: Pack-only,2,"PM24-Vacuum Pouch For 1 Kg-210 x 305mm, 16G-110 Micron (Solimo) 1000 gm",pm,,1,1,Factory,Final FG (packing)
NB DEHYDRATED PEACH RED LOOSE,D: Pack-only,1,Dried Peach,rm,,1,1,Factory,Final FG (Sorting+Packing)
NB DEHYDRATED PEACH RED LOOSE,D: Pack-only,2,"PM24-Vacuum Pouch For 1 Kg-210 x 305mm, 16G-110 Micron (Solimo) 1000 gm",pm,,1,1,Factory,Final FG (packing)
NB DEHYDRATED PEACH YELLOW LOOSE,D: Pack-only,1,DEHYDRATED PEACH YELLOW,rm,,1,1,Factory,Final FG (Sorting+Packing)
NB DEHYDRATED PINEAPPLE COIN LOOSE,D: Pack-only,1,Dried Pineapple,rm,,1,1,Factory,Final FG (Sorting+Packing)
NB DEHYDRATED PINEAPPLE COIN LOOSE,D: Pack-only,2,"PM24-Vacuum Pouch For 1 Kg-210 x 305mm, 16G-110 Micron (Solimo) 1000 gm",pm,,1,1,Factory,Final FG (packing)
NB DEHYDRATED PINEAPPLE COIN LOOSE,D: Pack-only,3,PM24-3 Ply Carton CF24 10 Kg (390x290x220mm) 10000 gm -Unprinted,pm,,0.1,1,Factory,Final FG (packing)
NB DEHYDRATED PINEAPPLE RING LOOSE,D: Pack-only,1,DEHYDRATED PINEAPPLE RING,rm,,1.0175,1,Factory,Final FG (Sorting+Packing)
NB DEHYDRATED PINEAPPLE RING LOOSE,D: Pack-only,2,"PM24-Vacuum Pouch For 1 Kg-210 x 305mm, 16G-110 Micron (Solimo) 1000 gm",pm,,1,1,Factory,Final FG (packing)
NB DEHYDRATED PINEAPPLE RING LOOSE,D: Pack-only,3,PM24-3 Ply Carton CF24 10 Kg (390x290x220mm) 10000 gm -Unprinted,pm,,0.1,1,Factory,Final FG (packing)
NB DEHYDRATED STRAWBERRY LOOSE,D: Pack-only,1,Dried Strawberry,rm,,1.0175,1,Factory,Final FG (Sorting+Packing)
NB DEHYDRATED STRAWBERRY LOOSE,D: Pack-only,2,"PM24-Vacuum Pouch For 1 Kg-210 x 305mm, 16G-110 Micron (Solimo) 1000 gm",pm,,1,1,Factory,Final FG (packing)
NB DEHYDRATED STRAWBERRY LOOSE,D: Pack-only,3,PM24-3 Ply Carton CF24 10 Kg (390x290x220mm) 10000 gm -Unprinted,pm,,0.1,1,Factory,Final FG (packing)
NB FLAX SEED LOOSE,D: Pack-only,1,Flax Seeds (Alsi),rm,,1.01,1,Factory,Final FG (Sorting+Packing)
NB FLAX SEED LOOSE,D: Pack-only,2,"PM24-Vacuum Pouch For 1 Kg-210 x 305mm, 16G-110 Micron (Solimo) 1000 gm",pm,,1,1,Factory,Final FG (packing)
NB FLAX SEED LOOSE,D: Pack-only,3,PM24-3 Ply Carton CF24 10 Kg (390x290x220mm) 10000 gm -Unprinted,pm,,0.1,1,Factory,Final FG (packing)
NB GOJI BERRY DRIED LOOSE,D: Pack-only,1,Dried Goji Berry,rm,,1,1,Factory,Final FG (Sorting+Packing)
NB GOJI BERRY DRIED LOOSE,D: Pack-only,2,"PM24-Vacuum Pouch For 1 Kg-210 x 305mm, 16G-110 Micron (Solimo) 1000 gm",pm,,1,1,Factory,Final FG (packing)
NB GREEN CHILLY CASHEW LOOSE,B: Transform->Pack (in-line),1,Cashew 210,rm,,0.9363,1,Factory,Create WIP
NB GREEN CHILLY CASHEW LOOSE,B: Transform->Pack (in-line),2,"PM24-Vacuum Pouch For 1 Kg-210 x 305mm, 16G-110 Micron (Solimo) 1000 gm",pm,,1,1,Factory,Final FG (packing)
NB GREEN CHILLY CASHEW LOOSE,B: Transform->Pack (in-line),3,PM24-3 Ply Carton CF24 10 Kg (390x290x220mm) 10000 gm -Unprinted,pm,,0.1,1,Factory,Final FG (packing)
NB GREEN CHILLY CASHEW LOOSE,B: Transform->Pack (in-line),4,Green Chilli ( 4010000169 ),rm,,0.063,1,Factory,Create WIP
NB HAZELNUT LOOSE,D: Pack-only,1,Hazelnut Kernal,rm,,1.0175,1,Factory,Final FG (Sorting+Packing)
NB HAZELNUT LOOSE,D: Pack-only,2,"PM24-Vacuum Pouch For 1 Kg-210 x 305mm, 16G-110 Micron (Solimo) 1000 gm",pm,,1,1,Factory,Final FG (packing)
NB HAZELNUT LOOSE,D: Pack-only,3,PM24-3 Ply Carton CF24 10 Kg (390x290x220mm) 10000 gm -Unprinted,pm,,0.1,1,Factory,Final FG (packing)
NB HONEY ROAST ALMOND LOOSE,D: Pack-only,1,Honey Roast Almonds,rm,,1,1,Factory,Final FG (Sorting+Packing)
NB HONEY ROAST ALMOND LOOSE,D: Pack-only,2,"PM24-Vacuum Pouch For 1 Kg-210 x 305mm, 16G-110 Micron (Solimo) 1000 gm",pm,,1,1,Factory,Final FG (packing)
NB HONEY ROAST ALMOND LOOSE,D: Pack-only,3,PM24-3 Ply Carton CF24 10 Kg (390x290x220mm) 10000 gm -Unprinted,pm,,0.1,1,Factory,Final FG (packing)
NB MACADAMIA INSHELL VANILLA LOOSE,D: Pack-only,1,Macadamia Vanilla Whole - 320* Cut,rm,,1,1,Factory,Final FG (Sorting+Packing)
NB MACADAMIA INSHELL VANILLA LOOSE,D: Pack-only,2,"PM24-Vacuum Pouch For 1 Kg-210 x 305mm, 16G-110 Micron (Solimo) 1000 gm",pm,,1,1,Factory,Final FG (packing)
NB MACADAMIA INSHELL VANILLA LOOSE,D: Pack-only,3,PM24-3 Ply Carton CF24 10 Kg (390x290x220mm) 10000 gm -Unprinted,pm,,0.1,1,Factory,Final FG (packing)
NB MACADAMIA LOOSE,D: Pack-only,1,Macadamia Roasted - Size 0,rm,,1.0175,1,Factory,Final FG (Sorting+Packing)
NB MACADAMIA LOOSE,D: Pack-only,2,"PM24-Vacuum Pouch For 1 Kg-210 x 305mm, 16G-110 Micron (Solimo) 1000 gm",pm,,1,1,Factory,Final FG (packing)
NB MACADAMIA LOOSE,D: Pack-only,3,PM24-3 Ply Carton CF24 10 Kg (390x290x220mm) 10000 gm -Unprinted,pm,,0.1,1,Factory,Final FG (packing)
NB MAMRA ALMOND CLASSIC LOOSE,D: Pack-only,1,Mamra Almonds 3A,rm,,1.0175,1,Factory,Final FG (Sorting+Packing)
NB MAMRA ALMOND CLASSIC LOOSE,D: Pack-only,2,PM24-3 Ply Carton CF24 10 Kg (390x290x220mm) 10000 gm -Unprinted,pm,,0.1,1,Factory,Final FG (packing)
NB MAMRA ALMOND CLASSIC LOOSE,D: Pack-only,3,"PM24-Vacuum Pouch For 1 Kg-210 x 305mm, 16G-110 Micron (Solimo) 1000 gm",pm,,1,1,Factory,Final FG (packing)
NB MAMRA ALMOND ROYAL LOOSE (Not in Use),,1,Mamra Almonds 6A,rm,,1,1,Factory,Final FG (Sorting+Packing)
NB MAMRA ALMOND ROYAL LOOSE (Not in Use),,2,"PM24-Vacuum Pouch For 1 Kg-210 x 305mm, 16G-110 Micron (Solimo) 1000 gm",pm,,1,1,Factory,Final FG (packing)
NB MAMRA ALMOND ROYAL LOOSE_x000D_,D: Pack-only,1,Mamra Almonds 5A,rm,,1.0175,1,Factory,Final FG (Sorting+Packing)
NB MAMRA ALMOND ROYAL LOOSE_x000D_,D: Pack-only,2,"PM24-Vacuum Pouch For 1 Kg-210 x 305mm, 16G-110 Micron (Solimo) 1000 gm",pm,,1,1,Factory,Final FG (packing)
NB MAMRA ALMOND ROYAL LOOSE_x000D_,D: Pack-only,3,PM24-3 Ply Carton CF24 10 Kg (390x290x220mm) 10000 gm -Unprinted,pm,,0.1,1,Factory,Final FG (packing)
NB MASALA CASHEW LOOSE,B: Transform->Pack (in-line),1,Cashew 210,rm,,0.9363,1,Factory,Create WIP
NB MASALA CASHEW LOOSE,B: Transform->Pack (in-line),2,"PM24-Vacuum Pouch For 1 Kg-210 x 305mm, 16G-110 Micron (Solimo) 1000 gm",pm,,1,1,Factory,Final FG (packing)
NB MASALA CASHEW LOOSE,B: Transform->Pack (in-line),3,PM24-3 Ply Carton CF24 10 Kg (390x290x220mm) 10000 gm -Unprinted,pm,,0.1,1,Factory,Final FG (packing)
NB MASALA CASHEW LOOSE,B: Transform->Pack (in-line),4,Masala Seasoning,rm,,0.0636,1,Factory,Create WIP
NB MASALA RAISIN LOOSE,B: Transform->Pack (in-line),1,Afghan Black Raisins Seedless 1*2,rm,,0.9345,1,Factory,Create WIP
NB MASALA RAISIN LOOSE,B: Transform->Pack (in-line),2,Chatpata Seasoning,rm,,0.065,1,Factory,Create WIP
NB MASALA RAISIN LOOSE,B: Transform->Pack (in-line),3,"PM24-Vacuum Pouch For 1 Kg-210 x 305mm, 16G-110 Micron (Solimo) 1000 gm",pm,,1,1,Factory,Final FG (packing)
NB MASALA RAISIN LOOSE,B: Transform->Pack (in-line),4,PM24-3 Ply Carton CF24 10 Kg (390x290x220mm) 10000 gm -Unprinted,pm,,0.1,1,Factory,Final FG (packing)
NB MILLENNIUM NUT MIX LOOSE,D: Pack-only,1,Millennium Nut Mix,fg,,1,1,Factory,Final FG (Sorting+Packing)
NB MILLENNIUM NUT MIX LOOSE,D: Pack-only,2,"PM24-Vacuum Pouch For 1 Kg-210 x 305mm, 16G-110 Micron (Solimo) 1000 gm",pm,,1,1,Factory,Final FG (packing)
NB MILLENNIUM NUT MIX LOOSE,D: Pack-only,3,PM24-3 Ply Carton CF24 10 Kg (390x290x220mm) 10000 gm -Unprinted,pm,,0.1,1,Factory,Final FG (packing)
NB MUNAKKA LOOSE,D: Pack-only,1,Afghan Munakka / Abjosh 1X1,rm,,1.0175,1,Factory,Final FG (Sorting+Packing)
NB MUNAKKA LOOSE,D: Pack-only,2,"PM24-Vacuum Pouch For 1 Kg-210 x 305mm, 16G-110 Micron (Solimo) 1000 gm",pm,,1,1,Factory,Final FG (packing)
NB MUNAKKA LOOSE,D: Pack-only,3,PM24-3 Ply Carton CF24 10 Kg (390x290x220mm) 10000 gm -Unprinted,pm,,0.1,1,Factory,Final FG (packing)
NB PAAN RAISIN LOOSE,B: Transform->Pack (in-line),1,Indian Green Raisins,rm,,1,1,Factory,Create WIP
NB PAAN RAISIN LOOSE,B: Transform->Pack (in-line),2,Paan Seasoning AB319,rm,,0.002,1,Factory,Create WIP
NB PECAN NUT LOOSE,D: Pack-only,1,Pecan Nuts,rm,,1.03,1,Factory,Final FG (Sorting+Packing)
NB PECAN NUT LOOSE,D: Pack-only,2,"PM24-Vacuum Pouch For 1 Kg-210 x 305mm, 16G-110 Micron (Solimo) 1000 gm",pm,,1,1,Factory,Final FG (packing)
NB PECAN NUT LOOSE,D: Pack-only,3,PM24-3 Ply Carton CF24 10 Kg (390x290x220mm) 10000 gm -Unprinted,pm,,0.1,1,Factory,Final FG (packing)
NB PERI-PERI CASHEW LOOSE,B: Transform->Pack (in-line),1,Cashew 210,rm,,0.9363,1,Factory,Create WIP
NB PERI-PERI CASHEW LOOSE,B: Transform->Pack (in-line),2,"PM24-Vacuum Pouch For 1 Kg-210 x 305mm, 16G-110 Micron (Solimo) 1000 gm",pm,,1,1,Factory,Final FG (packing)
NB PERI-PERI CASHEW LOOSE,B: Transform->Pack (in-line),3,Peri Peri Marination Seasoning,rm,,0.0636,1,Factory,Create WIP
NB PERI-PERI CASHEW LOOSE,B: Transform->Pack (in-line),4,PM24-3 Ply Carton CF24 10 Kg (390x290x220mm) 10000 gm -Unprinted,pm,,0.1,1,Factory,Final FG (packing)
NB PINENUT LOOSE,D: Pack-only,1,Pine Nut Kernel,rm,,1.0175,1,Factory,Final FG (Sorting+Packing)
NB PINENUT LOOSE,D: Pack-only,2,"PM24-Vacuum Pouch For 1 Kg-210 x 305mm, 16G-110 Micron (Solimo) 1000 gm",pm,,1,1,Factory,Final FG (packing)
NB PINENUT LOOSE,D: Pack-only,3,PM24-3 Ply Carton CF24 10 Kg (390x290x220mm) 10000 gm -Unprinted,pm,,0.1,1,Factory,Final FG (packing)
NB PISTACHIO AKBARI LOOSE,D: Pack-only,1,Pista Akbari 26-28 Count,rm,,1.03,1,Factory,Final FG (Sorting+Packing)
NB PISTACHIO AKBARI LOOSE,D: Pack-only,2,"PM24-Vacuum Pouch For 1 Kg-210 x 305mm, 16G-110 Micron (Solimo) 1000 gm",pm,,1,1,Factory,Final FG (packing)
NB PISTACHIO AKBARI LOOSE,D: Pack-only,3,PM24-3 Ply Carton CF24 10 Kg (390x290x220mm) 10000 gm -Unprinted,pm,,0.1,1,Factory,Final FG (packing)
NB PISTACHIO IRANI LOOSE,D: Pack-only,1,Pista Irani 101 Inshell,rm,,1.03,1,Factory,Final FG (Sorting+Packing)
NB PISTACHIO IRANI LOOSE,D: Pack-only,2,"PM24-Vacuum Pouch For 1 Kg-210 x 305mm, 16G-110 Micron (Solimo) 1000 gm",pm,,1,1,Factory,Final FG (packing)
NB PISTACHIO IRANI LOOSE,D: Pack-only,3,PM24-3 Ply Carton CF24 10 Kg (390x290x220mm) 10000 gm -Unprinted,pm,,0.1,1,Factory,Final FG (packing)
NB PISTACHIO KERNEL 5 STAR LOOSE,D: Pack-only,1,Pista Kernel,rm,,1.0125,1,Factory,Final FG (Sorting+Packing)
NB PISTACHIO KERNEL 5 STAR LOOSE,D: Pack-only,2,"PM24-Vacuum Pouch For 1 Kg-210 x 305mm, 16G-110 Micron (Solimo) 1000 gm",pm,,1,1,Factory,Final FG (packing)
NB PISTACHIO KERNEL 5 STAR LOOSE,D: Pack-only,3,PM24-3 Ply Carton CF24 10 Kg (390x290x220mm) 10000 gm -Unprinted,pm,,0.1,1,Factory,Final FG (packing)
NB PISTACHIO KERNEL PREMIUM LOOSE,D: Pack-only,1,Pista Kernel,rm,,1,1,Factory,Final FG (Sorting+Packing)
NB PISTACHIO KERNEL PREMIUM LOOSE,D: Pack-only,2,"PM24-Vacuum Pouch For 1 Kg-210 x 305mm, 16G-110 Micron (Solimo) 1000 gm",pm,,1,1,Factory,Final FG (packing)
NB PISTACHIO KERNEL PREMIUM LOOSE,D: Pack-only,3,PM24-3 Ply Carton CF24 10 Kg (390x290x220mm) 10000 gm -Unprinted,pm,,0.1,1,Factory,Final FG (packing)
NB PRUNES DRIED LOOSE,D: Pack-only,1,Dried Prunes (Pitted),rm,,1.0175,1,Factory,Final FG (Sorting+Packing)
NB PRUNES DRIED LOOSE,D: Pack-only,2,"PM24-Vacuum Pouch For 1 Kg-210 x 305mm, 16G-110 Micron (Solimo) 1000 gm",pm,,1,1,Factory,Final FG (packing)
NB PRUNES DRIED LOOSE,D: Pack-only,3,PM24-3 Ply Carton CF24 10 Kg (390x290x220mm) 10000 gm -Unprinted,pm,,0.1,1,Factory,Final FG (packing)
NB PUMPKIN SEED LOOSE,D: Pack-only,1,Pumpkin Seeds Roasted,fg,,1.01,1,Factory,Final FG (Sorting+Packing)
NB PUMPKIN SEED LOOSE,D: Pack-only,2,"PM24-Vacuum Pouch For 1 Kg-210 x 305mm, 16G-110 Micron (Solimo) 1000 gm",pm,,1,1,Factory,Final FG (packing)
NB PUMPKIN SEED LOOSE,D: Pack-only,3,PM24-3 Ply Carton CF24 10 Kg (390x290x220mm) 10000 gm -Unprinted,pm,,0.1,1,Factory,Final FG (packing)
NB RAISIN AFGHAN,D: Pack-only,1,Afghan Raisins 1*2 Green round,rm,,1,1,Factory,Final FG (Sorting+Packing)
NB RAISIN AFGHAN,D: Pack-only,2,"PM24-Vacuum Pouch For 1 Kg-210 x 305mm, 16G-110 Micron (Solimo) 1000 gm",pm,,1,1,Factory,Final FG (packing)
NB RAISIN AFGHAN,D: Pack-only,3,PM24-3 Ply Carton CF24 10 Kg (390x290x220mm) 10000 gm -Unprinted,pm,,0.1,1,Factory,Final FG (packing)
NB RAISIN INDIAN PREMIUM LOOSE,D: Pack-only,1,Indian Green Raisins,rm,,1.0175,1,Factory,Final FG (Sorting+Packing)
NB RAISIN INDIAN PREMIUM LOOSE,D: Pack-only,2,"PM24-Vacuum Pouch For 1 Kg-210 x 305mm, 16G-110 Micron (Solimo) 1000 gm",pm,,1,1,Factory,Final FG (packing)
NB RAISIN INDIAN PREMIUM LOOSE,D: Pack-only,3,PM24-3 Ply Carton CF24 10 Kg (390x290x220mm) 10000 gm -Unprinted,pm,,0.1,1,Factory,Final FG (packing)
NB RAISIN SANDUKANI LOOSE,D: Pack-only,1,Afghan Shandukhani Green Raisins,rm,,1,1,Factory,Final FG (Sorting+Packing)
NB RAISIN SANDUKANI LOOSE,D: Pack-only,2,"PM24-Vacuum Pouch For 1 Kg-210 x 305mm, 16G-110 Micron (Solimo) 1000 gm",pm,,1,1,Factory,Final FG (packing)
NB RAISIN SANDUKANI LOOSE,D: Pack-only,3,PM24-3 Ply Carton CF24 10 Kg (390x290x220mm) 10000 gm -Unprinted,pm,,0.1,1,Factory,Final FG (packing)
NB ROASTED & SALTED ALMOND LOOSE,B: Transform->Pack (in-line),1,American Almonds Running 25-27 count,rm,,0.9805,1,Factory,Create WIP
NB ROASTED & SALTED ALMOND LOOSE,B: Transform->Pack (in-line),2,"PM24-Vacuum Pouch For 1 Kg-210 x 305mm, 16G-110 Micron (Solimo) 1000 gm",pm,,1,1,Factory,Final FG (packing)
NB ROASTED & SALTED ALMOND LOOSE,B: Transform->Pack (in-line),3,Refined Fine Powder Iodized Salt Prime,rm,,0.0194,1,Factory,Create WIP
NB ROASTED & SALTED ALMOND LOOSE,B: Transform->Pack (in-line),4,PM24-3 Ply Carton CF24 10 Kg (390x290x220mm) 10000 gm -Unprinted,pm,,0.1,1,Factory,Final FG (packing)
NB ROASTED & SALTED CASHEW LOOSE,B: Transform->Pack (in-line),1,Cashew 210,rm,,0.981,1,Factory,Create WIP
NB ROASTED & SALTED CASHEW LOOSE,B: Transform->Pack (in-line),2,"PM24-Vacuum Pouch For 1 Kg-210 x 305mm, 16G-110 Micron (Solimo) 1000 gm",pm,,1,1,Factory,Final FG (packing)
NB ROASTED & SALTED CASHEW LOOSE,B: Transform->Pack (in-line),3,PM24-3 Ply Carton CF24 10 Kg (390x290x220mm) 10000 gm -Unprinted,pm,,0.1,1,Factory,Final FG (packing)
NB ROASTED & SALTED CASHEW LOOSE,B: Transform->Pack (in-line),4,Refined Fine Powder Iodized Salt Prime,rm,,0.019,1,Factory,Create WIP
NB ROASTED MACADAMIA INSHELL LOOSE,B: Transform->Pack (in-line),1,Macadamia Whole - 320* Cut,rm,,1,1,Factory,Create WIP
NB ROASTED MACADAMIA INSHELL LOOSE,B: Transform->Pack (in-line),2,"PM24-Vacuum Pouch For 1 Kg-210 x 305mm, 16G-110 Micron (Solimo) 1000 gm",pm,,1,1,Factory,Final FG (packing)
NB ROASTED MACADAMIA INSHELL LOOSE,B: Transform->Pack (in-line),3,PM24-3 Ply Carton CF24 10 Kg (390x290x220mm) 10000 gm -Unprinted,pm,,0.1,1,Factory,Final FG (packing)
NB SMOKED ALMOND LOOSE,B: Transform->Pack (in-line),1,American Almonds Running 25-27 count,rm,,0.9363,1,Factory,Create WIP
NB SMOKED ALMOND LOOSE,B: Transform->Pack (in-line),2,"PM24-Vacuum Pouch For 1 Kg-210 x 305mm, 16G-110 Micron (Solimo) 1000 gm",pm,,1,1,Factory,Final FG (packing)
NB SMOKED ALMOND LOOSE,B: Transform->Pack (in-line),3,Smoke Seasoning,rm,,0.0636,1,Factory,Create WIP
NB SMOKED ALMOND LOOSE,B: Transform->Pack (in-line),4,PM24-3 Ply Carton CF24 10 Kg (390x290x220mm) 10000 gm -Unprinted,pm,,0.1,1,Factory,Final FG (packing)
NB SRIRACHA CASHEW LOOSE,D: Pack-only,1,Cashew 210,rm,,1,1,Factory,Final FG (Sorting+Packing)
NB SUNFLLOWER SEED LOOSE,D: Pack-only,1,Sunflower Seeds,rm,,1.01,1,Factory,Final FG (Sorting+Packing)
NB SUNFLLOWER SEED LOOSE,D: Pack-only,2,"PM24-Vacuum Pouch For 1 Kg-210 x 305mm, 16G-110 Micron (Solimo) 1000 gm",pm,,1,1,Factory,Final FG (packing)
NB SUNFLLOWER SEED LOOSE,D: Pack-only,3,PM24-3 Ply Carton CF24 10 Kg (390x290x220mm) 10000 gm -Unprinted,pm,,0.1,1,Factory,Final FG (packing)
NB TRAIL MIX - POWER SEED LOOSE,D: Pack-only,1,Pumpkin Seed ( 5% ),rm,,0.2,1,Factory,Final FG (Sorting+Packing)
NB TRAIL MIX - POWER SEED LOOSE,D: Pack-only,2,Water Melon Seed,rm,,0.22,1,Factory,Final FG (Sorting+Packing)
NB TRAIL MIX - POWER SEED LOOSE,D: Pack-only,3,Sunflower Seeds,rm,,0.2,1,Factory,Final FG (Sorting+Packing)
NB TRAIL MIX - POWER SEED LOOSE,D: Pack-only,4,Flax Seeds (Alsi),rm,,0.15,1,Factory,Final FG (Sorting+Packing)
NB TRAIL MIX - POWER SEED LOOSE,D: Pack-only,5,Sesame Seeds (White Til),rm,,0.08,1,Factory,Final FG (Sorting+Packing)
NB TRAIL MIX - POWER SEED LOOSE,D: Pack-only,6,Black Sesame seeds - Kali Til,rm,,0.08,1,Factory,Final FG (Sorting+Packing)
NB TRAIL MIX - POWER SEED LOOSE,D: Pack-only,7,Black Chia Seeds,rm,,0.07,1,Factory,Final FG (Sorting+Packing)
NB TRAIL MIX - POWER SEED LOOSE,D: Pack-only,8,"PM24-Vacuum Pouch For 1 Kg-210 x 305mm, 16G-110 Micron (Solimo) 1000 gm",pm,,1,1,PM Store,Final FG (packing)
NB TRAIL MIX - POWER SEED LOOSE,D: Pack-only,9,PM24-3 Ply Carton CF24 10 Kg (390x290x220mm) 10000 gm -Unprinted,pm,,0.1,1,PM Store,Final FG (packing)
NB TRAIL MIX - PREMIUM NUT LOOSE,D: Pack-only,1,Macadamia Kernel ( Kg ),rm,,0.15,1,Factory,Final FG (Sorting+Packing)
NB TRAIL MIX - PREMIUM NUT LOOSE,D: Pack-only,2,American Almonds Running 25-27 count,rm,,0.35,1,Factory,Final FG (Sorting+Packing)
NB TRAIL MIX - PREMIUM NUT LOOSE,D: Pack-only,3,Dried Cranberry Whole,rm,,0.35,1,Factory,Final FG (Sorting+Packing)
NB TRAIL MIX - PREMIUM NUT LOOSE,D: Pack-only,4,Pecan Nuts,rm,,0.15,1,Factory,Final FG (Sorting+Packing)
NB TRAIL MIX - PREMIUM NUT LOOSE,D: Pack-only,5,"PM24-Vacuum Pouch For 1 Kg-210 x 305mm, 16G-110 Micron (Solimo) 1000 gm",pm,,1,1,Factory,Final FG (packing)
NB TRAIL MIX - PREMIUM NUT LOOSE,D: Pack-only,6,PM24-3 Ply Carton CF24 10 Kg (390x290x220mm) 10000 gm -Unprinted,pm,,0.1,1,Factory,Final FG (packing)
NB TRAIL MIX - PREMIUM NUT LOOSE,D: Pack-only,7,Caramel Sweet Popcorn Flavour,rm,,0.05,1,Factory,Final FG (Sorting+Packing)
NB TRAIL MIX SALTED COCKTAIL LOOSE,D: Pack-only,1,Afghan Black Raisins Seedless 1*2,rm,,0.4,1,Factory,Final FG (Sorting+Packing)
NB TRAIL MIX SALTED COCKTAIL LOOSE,D: Pack-only,2,American Almonds Running 25-27 count,rm,,0.27,1,Factory,Final FG (Sorting+Packing)
NB TRAIL MIX SALTED COCKTAIL LOOSE,D: Pack-only,3,Cashew 320,rm,,0.23,1,Factory,Final FG (Sorting+Packing)
NB TRAIL MIX SALTED COCKTAIL LOOSE,D: Pack-only,4,Pista Kernel,rm,,0.1,1,Factory,Final FG (Sorting+Packing)
NB TRAIL MIX SALTED COCKTAIL LOOSE,D: Pack-only,5,"PM24-Vacuum Pouch For 1 Kg-210 x 305mm, 16G-110 Micron (Solimo) 1000 gm",pm,,1,1,Factory,Final FG (packing)
NB TRAIL MIX SALTED COCKTAIL LOOSE,D: Pack-only,6,PM24-3 Ply Carton CF24 10 Kg (390x290x220mm) 10000 gm -Unprinted,pm,,0.1,1,Factory,Final FG (packing)
NB TRAIL MIX- EVERY HEALTH LOOSE,D: Pack-only,1,Anjeer 1*2,rm,,0.2,1,Factory,Final FG (Sorting+Packing)
NB TRAIL MIX- EVERY HEALTH LOOSE,D: Pack-only,2,American Almonds Running 25-27 count,rm,,0.35,1,Factory,Final FG (Sorting+Packing)
NB TRAIL MIX- EVERY HEALTH LOOSE,D: Pack-only,3,Pista Kernel,rm,,0.25,1,Factory,Final FG (Sorting+Packing)
NB TRAIL MIX- EVERY HEALTH LOOSE,D: Pack-only,4,Macadamia Roasted - Size 0,rm,,0.2,1,Factory,Final FG (Sorting+Packing)
NB TRAIL MIX- EVERY HEALTH LOOSE,D: Pack-only,5,"PM24-Vacuum Pouch For 1 Kg-210 x 305mm, 16G-110 Micron (Solimo) 1000 gm",pm,,1,1,Factory,Final FG (packing)
NB TRAIL MIX- EVERY HEALTH LOOSE,D: Pack-only,6,PM24-3 Ply Carton CF24 10 Kg (390x290x220mm) 10000 gm -Unprinted,pm,,0.1,1,Factory,Final FG (packing)
NB WALNUTS CHILEAN INSHELL LOOSE /P,,1,Chilean Walnut Inshell,rm,,1,1,Factory,Final FG (Sorting+Packing)
NB WALNUTS CHILEAN INSHELL LOOSE /P,,2,"PM24-Vacuum Pouch For 1 Kg-210 x 305mm, 16G-110 Micron (Solimo) 1000 gm",pm,,1,1,PM Store,Final FG (packing)
NB WALNUTS CHILEAN INSHELL LOOSE /P,,3,PM24-5 Ply Carton CF24 10kg (390X290X220) (D Mart)-Unprinted,pm,,0.1,1,PM Store,Final FG (packing)
NB WALNUTS CHILEAN LOOSE,D: Pack-only,1,Chilean Walnut Kernel 2 pcs,rm,,1.0225,1,Factory,Final FG (Sorting+Packing)
NB WALNUTS CHILEAN LOOSE,D: Pack-only,2,"PM24-Vacuum Pouch For 1 Kg-210 x 305mm, 16G-110 Micron (Solimo) 1000 gm",pm,,1,1,Factory,Final FG (packing)
NB WALNUTS CHILEAN LOOSE,D: Pack-only,3,PM24-5 Ply Carton CF24 10kg (390X290X220) (D Mart)-Unprinted,pm,,0.1,1,Factory,Final FG (packing)
NB WATERMELON SEED LOOSE,D: Pack-only,1,Water Melon Seed,rm,,1,1,Factory,Final FG (Sorting+Packing)
NB WATERMELON SEED LOOSE,D: Pack-only,2,"PM24-Vacuum Pouch For 1 Kg-210 x 305mm, 16G-110 Micron (Solimo) 1000 gm",pm,,1,1,Factory,Final FG (packing)
NB WATERMELON SEED LOOSE,D: Pack-only,3,PM24-3 Ply Carton CF24 10 Kg (390x290x220mm) 10000 gm -Unprinted,pm,,0.1,1,Factory,Final FG (packing)
NNS Date Syrup 400 Gm,,1,AL BARAKAH DATES SYRUP (400G Packing),rm,,1,1,Factory,Final FG (Sorting+Packing)
NOICE Choco Health Laddoo (18g*5),D: Pack-only,1,Coffee Laddoo 18gm,fg,,5,1,Factory,Final FG (Sorting+Packing)
NOICE Choco Health Laddoo (18g*5),D: Pack-only,2,PM24-Noice Dryfruit Ladoo Standy Zipper Pouch 90gm,pm,,1,1,PM Store,Final FG (packing)
NOICE Choco Health Laddoo (18g*5),D: Pack-only,3,PM24-Plain Laminate 130 mm 30 gm,pm,,0.0055,1,PM Store,Final FG (packing)
Noice Classic Flavour Date Mewa (Semi Finished),,1,AL Barakah Date Paste,rm,,0.4,1,Factory,Final FG (Sorting+Packing)
Noice Classic Flavour Date Mewa (Semi Finished),,2,Wet Dates Seedless Khalas,rm,,0.1722,1,Factory,Final FG (Sorting+Packing)
Noice Classic Flavour Date Mewa (Semi Finished),,3,Desi Ghee,rm,,0.0389,1,Factory,Final FG (Sorting+Packing)
Noice Classic Flavour Date Mewa (Semi Finished),,4,Pumpkin Seed 12%,rm,,0.0389,1,Factory,Final FG (Sorting+Packing)
Noice Classic Flavour Date Mewa (Semi Finished),,5,American Almonds Running 25-27 count,rm,,0.1278,1,Factory,Final FG (Sorting+Packing)
Noice Classic Flavour Date Mewa (Semi Finished),,6,Cashew 320,rm,,0.1222,1,Factory,Final FG (Sorting+Packing)
Noice Classic Flavour Date Mewa (Semi Finished),,7,Pista Kernel,rm,,0.05,1,Factory,Final FG (Sorting+Packing)
Noice Classic Flavour Date Mewa (Semi Finished),,8,Rice Crispy - 18%,rm,,0.0111,1,Factory,Final FG (Sorting+Packing)
Noice Classic Flavour Date Mewa (Semi Finished),,9,Indian Green Raisins,rm,,0.0389,1,Factory,Final FG (Sorting+Packing)
Noice Classic Flavour Date Mewa (Semi Finished),,10,Cardamom Powder,pm,,0.0056,1,Factory,Final FG (packing)
NOICE Date Bites (18g*5),B: Transform->Pack (in-line),1,Noice Classic Flavour Date Mewa (Semi Finished),fg,,0.09,1,Factory,Create WIP
NOICE Date Bites (18g*5),B: Transform->Pack (in-line),2,PM24-Noice Date Bites Standy Zipper Pouch 90gm,pm,,1,1,PM Store,Final FG (packing)
NOICE Date Bites (18g*5),B: Transform->Pack (in-line),3,PM24-21 GM Date Bite Blister,pm,,5,1,PM Store,Final FG (packing)
NOICE Date Bites (18g*5),B: Transform->Pack (in-line),4,PM24-Plain Laminate 190 mm 100 gm,pm,,0.0056,1,PM Store,Final FG (packing)
Noice Date Bites 18gm,,1,Noice Classic Flavour Date Mewa (Semi Finished),fg,,0.018,1,Factory,Final FG (Sorting+Packing)
NUT BAR ALMOND BUTTER,,1,American Almonds Running 25-27 count,rm,,1,1,Factory,Final FG (Sorting+Packing)
NUT BAR PEANUT BUTTER,,1,Peanuts,rm,,1,1,Factory,Final FG (Sorting+Packing)
Nut Flex - Italian Herbs 33gm,B: Transform->Pack (in-line),1,American Almonds Running 25-27 count,rm,,0.0092,1,Factory,Create WIP
Nut Flex - Italian Herbs 33gm,B: Transform->Pack (in-line),2,Cashew 320,rm,,0.0083,1,Factory,Create WIP
Nut Flex - Italian Herbs 33gm,B: Transform->Pack (in-line),3,Pista Kernel,rm,,0.0073,1,Factory,Create WIP
Nut Flex - Italian Herbs 33gm,B: Transform->Pack (in-line),4,Macadamia Roasted - Size 4L,rm,,0.005,1,Factory,Create WIP
Nut Flex - Italian Herbs 33gm,B: Transform->Pack (in-line),5,URBAN PLATTER ARABIC GUM POWDER,rm,,0.0003,1,Factory,Create WIP
Nut Flex - Italian Herbs 33gm,B: Transform->Pack (in-line),6,"Black Salt, Kala Namak - Crystal",rm,,0.0002,1,Factory,Create WIP
Nut Flex - Italian Herbs 35gm,B: Transform->Pack (in-line),1,Almond Roasted,fg,,0.0098,1,Factory,Create WIP
Nut Flex - Italian Herbs 35gm,B: Transform->Pack (in-line),2,Cashew Roasted,fg,,0.0088,1,Factory,Create WIP
Nut Flex - Italian Herbs 35gm,B: Transform->Pack (in-line),3,Pista Kernel,rm,,0.0077,1,Factory,Create WIP
Nut Flex - Italian Herbs 35gm,B: Transform->Pack (in-line),4,Macadamia Roasted - Size 4L,rm,,0.0053,1,Factory,Create WIP
Nut Flex - Italian Herbs 35gm,B: Transform->Pack (in-line),5,URBAN PLATTER ARABIC GUM POWDER,rm,,0.0003,1,Factory,Create WIP
Nut Flex - Italian Herbs 35gm,B: Transform->Pack (in-line),6,"Black Salt, Kala Namak - Crystal",rm,,0.0002,1,Factory,Create WIP
Nut Flex - Italian Herbs 35gm,B: Transform->Pack (in-line),7,PSYLLIUM HUSK POWDER,rm,,0.0032,1,Factory,Create WIP
Nuts & Seed Mix,D: Pack-only,1,American Almonds Running 25-27 count,rm,,0.152,1,Factory,Final FG (Sorting+Packing)
Nuts & Seed Mix,D: Pack-only,2,Pista Kernel,rm,,0.052,1,Factory,Final FG (Sorting+Packing)
Nuts & Seed Mix,D: Pack-only,3,Sunflower Seeds Roasted,fg,,0.25,1,Factory,Final FG (Sorting+Packing)
Nuts & Seed Mix,D: Pack-only,4,Pumpkin Seeds Roasted,fg,,0.25,1,Factory,Final FG (Sorting+Packing)
Nuts & Seed Mix,D: Pack-only,5,Dried Cranberry Sliced,rm,,0.127,1,Factory,Final FG (Sorting+Packing)
Nuts & Seed Mix,D: Pack-only,6,Dried Blueberry,rm,,0.025,1,Factory,Final FG (Sorting+Packing)
Nuts & Seed Mix,D: Pack-only,7,Afghan Black Raisins Seedless 1*2,rm,,0.15,1,Factory,Final FG (Sorting+Packing)
Nuts & Seed Mix,D: Pack-only,8,PM24-10X12 Plain Pouch 1000 gm,pm,,1,1,PM Store,Final FG (packing)
Nuts & Seed Mix,D: Pack-only,9,PM24-5 Ply Carton CF24 10kg (390X290X220) (D Mart)-Unprinted,pm,,0.1,1,PM Store,Final FG (packing)
Nuts and Cardamom Date Balls 48 gms,B: Transform->Pack (in-line),1,Wet Dates Seedless Khalas,rm,,0.0146,1,Factory,Create WIP
Nuts and Cardamom Date Balls 48 gms,B: Transform->Pack (in-line),2,AL Barakah Date Paste,rm,,0.0103,1,Factory,Create WIP
Nuts and Cardamom Date Balls 48 gms,B: Transform->Pack (in-line),3,Almond Powder,rm,,0.0144,1,Factory,Create WIP
Nuts and Cardamom Date Balls 48 gms,B: Transform->Pack (in-line),4,Cashew Tukda,rm,,0.0077,1,Factory,Create WIP
Nuts and Cardamom Date Balls 48 gms,B: Transform->Pack (in-line),5,Cardamom Powder,pm,,0.001,1,Factory,Final FG (packing)
NUTWORKS FINGER LIME & JALAPENO 75G PCH,,1,MACADAMIA FINGER LIME & JALAPENO,fg,,0.075,1,Factory,Final FG (Sorting+Packing)
NUTWORKS FINGER LIME & JALAPENO 75G PCH,,2,PM24-Nutworks Finger Lime & Jalapeno Pouch,pm,,1,1,PM Store,Final FG (packing)
NUTWORKS FINGER LIME & JALAPENO 75G PCH,,3,PM24-3 Ply Carton CF24 10 Kg (390x290x220mm) 10000 gm -Unprinted,pm,,0.042,1,PM Store,Final FG (packing)
NUTWORKS ROAST SALT INSHELL 100G PCH,,1,MACADAMIA NIS - ROASTED SEA SALT,fg,,0.1,1,Factory,Final FG (Sorting+Packing)
NUTWORKS ROAST SALT INSHELL 100G PCH,,2,PM24-Nutworks Roast Salt  - Inshell Pouch,pm,,1,1,PM Store,Final FG (packing)
NUTWORKS ROAST SALT INSHELL 100G PCH,,3,PM24-3 Ply Carton CF24 10 Kg (390x290x220mm) 10000 gm -Unprinted,pm,,0.042,1,PM Store,Final FG (packing)
NUTWORKS ROAST SALT INSHELL 200G PCH,,1,MACADAMIA NIS - ROASTED SEA SALT,fg,,0.2,1,Factory,Final FG (Sorting+Packing)
NUTWORKS ROAST SALT INSHELL 200G PCH,,2,PM24-Nutworks Roast Salt  - Inshell Pouch,pm,,1,1,PM Store,Final FG (packing)
NUTWORKS ROAST SALT INSHELL 200G PCH,,3,PM24-3 Ply Carton CF24 10 Kg (390x290x220mm) 10000 gm -Unprinted,pm,,0.025,1,PM Store,Final FG (packing)
NUTWORKS ROSEMARY & SEASALT 75G PCH,,1,MACADAMIA ROSEMARY & SEA SALT,fg,,0.075,1,Factory,Final FG (Sorting+Packing)
NUTWORKS ROSEMARY & SEASALT 75G PCH,,2,PM24-Nutworks Rosemary & Seasalt Pouch,pm,,1,1,PM Store,Final FG (packing)
NUTWORKS ROSEMARY & SEASALT 75G PCH,,3,PM24-3 Ply Carton CF24 10 Kg (390x290x220mm) 10000 gm -Unprinted,pm,,0.042,1,PM Store,Final FG (packing)
NUTWORKS WASABI 75G PCH,,1,WASABI MACADAMIA STYLE 4,fg,,0.075,1,Factory,Final FG (Sorting+Packing)
NUTWORKS WASABI 75G PCH,,2,PM24-Nutworks Wasabi Pouch,pm,,1,1,PM Store,Final FG (packing)
NUTWORKS WASABI 75G PCH,,3,PM24-3 Ply Carton CF24 10 Kg (390x290x220mm) 10000 gm -Unprinted,pm,,0.042,1,PM Store,Final FG (packing)
OATS,D: Pack-only,1,OATS,rm,,1,1,Factory,Final FG (Sorting+Packing)
Oman Dates 250g (1356292),D: Pack-only,1,Oman Dates,rm,,0.255,1,Factory,Final FG (Sorting+Packing)
Oman Dates 250g (1356292),D: Pack-only,2,"PM24-Vacuum Pouch For 1 Kg-210 x 305mm, 16G-110 Micron (Solimo) 1000 gm",pm,,1,1,Factory,Final FG (packing)
Oman Dates 250g (1356292),D: Pack-only,3,PM24-3 Ply Carton CF24 10 Kg (390x290x220mm) 10000 gm -Unprinted,pm,,0.025,1,Factory,Final FG (packing)
Omega Mix- Lemon Pepper 33gm,,1,Chilean Walnut Kernel Quarter,sfg,SFG0333,0.0139,1,Factory,Final FG (opening RM)
Omega Mix- Lemon Pepper 33gm,,2,Cashew Roasted,fg,,0.0066,1,Factory,Final FG (Sorting+Packing)
Omega Mix- Lemon Pepper 33gm,,3,Pumpkin Seeds Roasted,fg,,0.0065,1,Factory,Final FG (Sorting+Packing)
Omega Mix- Lemon Pepper 33gm,,4,Cranberry Slice Apple Infused,rm,,0.0036,1,Factory,Final FG (Sorting+Packing)
Omega Mix- Lemon Pepper 33gm,,5,Lemon Pepper Seasoning,rm,,0.0021,1,Factory,Final FG (Sorting+Packing)
Omega Mix- Lemon Pepper 33gm,,6,URBAN PLATTER ARABIC GUM POWDER,rm,,0.0002,1,Factory,Final FG (Sorting+Packing)
Omega Mix- Lemon Pepper 33gm,,7,NASURE 19,rm,,0.0001,1,Factory,Final FG (Sorting+Packing)
Omega Mix- Lemon Pepper 35gm,B: Transform->Pack (in-line),1,Chilean Walnut Kernel Quarter,sfg,SFG0333,0.0147,1,Factory,Final FG (opening RM)
Omega Mix- Lemon Pepper 35gm,B: Transform->Pack (in-line),2,Cashew Roasted,fg,,0.007,1,Factory,Create WIP
Omega Mix- Lemon Pepper 35gm,B: Transform->Pack (in-line),3,Pumpkin Seeds Roasted,fg,,0.0069,1,Factory,Create WIP
Omega Mix- Lemon Pepper 35gm,B: Transform->Pack (in-line),4,Cranberry Slice Apple Infused,rm,,0.0039,1,Factory,Create WIP
Omega Mix- Lemon Pepper 35gm,B: Transform->Pack (in-line),5,Lemon Pepper Seasoning,rm,,0.0023,1,Factory,Create WIP
Omega Mix- Lemon Pepper 35gm,B: Transform->Pack (in-line),6,URBAN PLATTER ARABIC GUM POWDER,rm,,0.0002,1,Factory,Create WIP
Omega Mix- Lemon Pepper 35gm,B: Transform->Pack (in-line),7,NASURE 19,rm,,0.0001,1,Factory,Create WIP
ON THE RUN Assorted Energy Bars (Pack of 6x30g),B: Transform->Pack (in-line),1,AL BARAKAH FARD DATES STANDARD,rm,,0.9497,5,Factory,Create WIP
ON THE RUN Assorted Energy Bars (Pack of 6x30g),B: Transform->Pack (in-line),2,Anjeer 1*2,rm,,0.1976,5,Factory,Create WIP
ON THE RUN Assorted Energy Bars (Pack of 6x30g),B: Transform->Pack (in-line),3,American Almonds Tonch,rm,,0.2289,5,Factory,Create WIP
ON THE RUN Assorted Energy Bars (Pack of 6x30g),B: Transform->Pack (in-line),4,Rice Crispy - 18%,rm,,0.0704,5,Factory,Create WIP
ON THE RUN Assorted Energy Bars (Pack of 6x30g),B: Transform->Pack (in-line),5,Orange Zest Liquid Extract,rm,,0.0003,5,Factory,Create WIP
ON THE RUN Assorted Energy Bars (Pack of 6x30g),B: Transform->Pack (in-line),6,Refined Fine Powder Iodized Salt Prime,rm,,0.0043,5,Factory,Create WIP
ON THE RUN Assorted Energy Bars (Pack of 6x30g),B: Transform->Pack (in-line),7,Cinnamon Flavour,rm,,0.0024,5,Factory,Create WIP
ON THE RUN Assorted Energy Bars (Pack of 6x30g),B: Transform->Pack (in-line),8,OATS,rm,,0.3755,5,Factory,Create WIP
ON THE RUN Assorted Energy Bars (Pack of 6x30g),B: Transform->Pack (in-line),9,Turkey Apricot No 3,rm,,0.1452,5,Factory,Create WIP
ON THE RUN Assorted Energy Bars (Pack of 6x30g),B: Transform->Pack (in-line),10,Dried Cranberry Sliced,rm,,0.1111,5,Factory,Create WIP
ON THE RUN Assorted Energy Bars (Pack of 6x30g),B: Transform->Pack (in-line),11,Walnut Tukda,rm,,0.1041,5,Factory,Create WIP
ON THE RUN Assorted Energy Bars (Pack of 6x30g),B: Transform->Pack (in-line),12,Honey Loose,rm,,0.1703,5,Factory,Create WIP
ON THE RUN Assorted Energy Bars (Pack of 6x30g),B: Transform->Pack (in-line),13,Amul Butter,rm,,0.1829,5,Factory,Create WIP
ON THE RUN Assorted Energy Bars (Pack of 6x30g),B: Transform->Pack (in-line),14,Hazelnut Kernal,rm,,0.0491,5,Factory,Create WIP
ON THE RUN Assorted Energy Bars (Pack of 6x30g),B: Transform->Pack (in-line),15,Cashew Tukda,rm,,0.0116,5,Factory,Create WIP
ON THE RUN Assorted Energy Bars (Pack of 6x30g),B: Transform->Pack (in-line),16,Ashwagandha Powder,rm,,0.0002,5,Factory,Create WIP
ON THE RUN Assorted Energy Bars (Pack of 6x30g),B: Transform->Pack (in-line),17,PM24-BAPS-Oats And Apricot Energy Bar Pouch 30 gm,pm,,5,5,Factory,Final FG (packing)
ON THE RUN Assorted Energy Bars (Pack of 6x30g),B: Transform->Pack (in-line),18,PM24-On The Run Hazelnut Magic Energy Bar Energy Bar Pouch 30 gm,pm,,5,5,Factory,Final FG (packing)
ON THE RUN Assorted Energy Bars (Pack of 6x30g),B: Transform->Pack (in-line),19,PM24-BAPS Fig And Date Energy Bar Monocarton 180 gm,pm,,5,5,Factory,Final FG (packing)
ON THE RUN Choco Crunch Energy Bars (Pack of 6x30g),D: Pack-only,1,ON THE RUN Choco Crunch Energy Bars 30g,fg,,6,1,Factory,Final FG (Sorting+Packing)
ON THE RUN Choco Crunch Energy Bars (Pack of 6x30g),D: Pack-only,2,PM24-On The Run Choco Crunch Energy Bars (Pack Of 6x30G) 180 gm,pm,,1,1,PM Store,Final FG (packing)
ON THE RUN Choco Crunch Energy Bars (Pack of 6x30g),D: Pack-only,3,PM24-3 Ply Carton BAPS 5000 gm,pm,,0.05,1,PM Store,Final FG (packing)
ON THE RUN Choco Crunch Energy Bars 30g,B: Transform->Pack (in-line),1,Amul Butter,rm,,0.099,30,Factory,Create WIP
ON THE RUN Choco Crunch Energy Bars 30g,B: Transform->Pack (in-line),2,Dark Compound Chips,rm,,0.1308,30,Factory,Create WIP
ON THE RUN Choco Crunch Energy Bars 30g,B: Transform->Pack (in-line),3,Crystal Ginger,rm,,0.0198,30,Factory,Create WIP
ON THE RUN Choco Crunch Energy Bars 30g,B: Transform->Pack (in-line),4,Water Melon Seed,rm,,0.0657,30,Factory,Create WIP
ON THE RUN Choco Crunch Energy Bars 30g,B: Transform->Pack (in-line),5,Cashew Tukda,rm,,0.0792,30,Factory,Create WIP
ON THE RUN Choco Crunch Energy Bars 30g,B: Transform->Pack (in-line),6,Refined Fine Powder Iodized Salt Prime,rm,,0.0009,30,Factory,Create WIP
ON THE RUN Choco Crunch Energy Bars 30g,B: Transform->Pack (in-line),7,American Almonds Tonch,rm,,0.0531,30,Factory,Create WIP
ON THE RUN Choco Crunch Energy Bars 30g,B: Transform->Pack (in-line),8,Green Tea Extract,rm,,0.0002,30,Factory,Create WIP
ON THE RUN Choco Crunch Energy Bars 30g,B: Transform->Pack (in-line),9,Honey Loose,rm,,0.1679,30,Factory,Create WIP
ON THE RUN Choco Crunch Energy Bars 30g,B: Transform->Pack (in-line),10,Kara Coconut Milk 17% 400ml,rm,,5,30,Factory,Create WIP
ON THE RUN Choco Crunch Energy Bars 30g,B: Transform->Pack (in-line),11,OATS,rm,,0.1782,30,Factory,Create WIP
ON THE RUN Choco Crunch Energy Bars 30g,B: Transform->Pack (in-line),12,Ragi Puff,rm,,0.0531,30,Factory,Create WIP
ON THE RUN Choco Crunch Energy Bars 30g,B: Transform->Pack (in-line),13,PM24-BAPS Choco Crunch Bar Pouch 30 gm Digital,pm,,0.12,30,Factory,Final FG (packing)
On the Run Coffee Bite (Semi Finished),,1,AL BARAKAH FARD DATES STANDARD,rm,,0.43,1,Factory,Final FG (Sorting+Packing)
On the Run Coffee Bite (Semi Finished),,2,Cashew Tukda,rm,,0.19,1,Factory,Final FG (Sorting+Packing)
On the Run Coffee Bite (Semi Finished),,3,American Almonds Tonch,rm,,0.21,1,Factory,Final FG (Sorting+Packing)
On the Run Coffee Bite (Semi Finished),,4,Cocoa Powder,rm,,0.03,1,Factory,Final FG (Sorting+Packing)
On the Run Coffee Bite (Semi Finished),,5,Coffee Beans,rm,,0.06,1,Factory,Final FG (Sorting+Packing)
On the Run Coffee Bite (Semi Finished),,6,Rock Salt -Sendha Namak Powder,rm,,0.04,1,Factory,Final FG (Sorting+Packing)
On the Run Coffee Bite (Semi Finished),,7,COFFEE EXT AQU ALC - 4010000239,rm,,0.04,1,Factory,Final FG (Sorting+Packing)
On the Run Coffee Bite 10g,B: Transform->Pack (in-line),1,On the Run Coffee Bite (Semi Finished),fg,,0.01,1,Factory,Create WIP
On the Run Coffee Bite 10g,B: Transform->Pack (in-line),2,PM24-On The Run Coffee Bite Pouch Roll-10 Gm ( Matt Finish) 100 gm,pm,,0.0012,1,PM Store,Final FG (packing)
ON THE RUN Fig and Date Energy Bar (Pack of 6x30 g),B: Transform->Pack (in-line),1,AL BARAKAH FARD DATES STANDARD,rm,,0.5403,5,Factory,Create WIP
ON THE RUN Fig and Date Energy Bar (Pack of 6x30 g),B: Transform->Pack (in-line),2,Anjeer 1*2,rm,,0.1976,5,Factory,Create WIP
ON THE RUN Fig and Date Energy Bar (Pack of 6x30 g),B: Transform->Pack (in-line),3,American Almonds Tonch,rm,,0.2289,5,Factory,Create WIP
ON THE RUN Fig and Date Energy Bar (Pack of 6x30 g),B: Transform->Pack (in-line),4,Rice Crispy - 18%,rm,,0.0704,5,Factory,Create WIP
ON THE RUN Fig and Date Energy Bar (Pack of 6x30 g),B: Transform->Pack (in-line),5,Orange Zest Liquid Extract,rm,,0.0003,5,Factory,Create WIP
ON THE RUN Fig and Date Energy Bar (Pack of 6x30 g),B: Transform->Pack (in-line),6,Refined Fine Powder Iodized Salt Prime,rm,,0.0043,5,Factory,Create WIP
ON THE RUN Fig and Date Energy Bar (Pack of 6x30 g),B: Transform->Pack (in-line),7,Cinnamon Flavour,rm,,0.0024,5,Factory,Create WIP
ON THE RUN Fig and Date Energy Bar (Pack of 6x30 g),B: Transform->Pack (in-line),8,PM24-On The Run Fig And Date Energy Bar Monocarton 180 gm,pm,,5,5,Factory,Final FG (packing)
ON THE RUN Fig and Date Energy Bar (Pack of 6x30 g),B: Transform->Pack (in-line),9,PM24-3 Ply Carton CF24 10 Kg (390x290x220mm) 10000 gm -Unprinted,pm,,0.09,5,Factory,Final FG (packing)
ON THE RUN Fig and Date Energy Bar 30g,B: Transform->Pack (in-line),1,Fardh Dates,rm,,18.01,1000,Factory,Create WIP
ON THE RUN Fig and Date Energy Bar 30g,B: Transform->Pack (in-line),2,Anjeer 1*2,rm,,6.588,1000,Factory,Create WIP
ON THE RUN Fig and Date Energy Bar 30g,B: Transform->Pack (in-line),3,American Almonds Tonch,rm,,7.631,1000,Factory,Create WIP
ON THE RUN Fig and Date Energy Bar 30g,B: Transform->Pack (in-line),4,Rice Crispy,rm,,2.346,1000,Factory,Create WIP
ON THE RUN Fig and Date Energy Bar 30g,B: Transform->Pack (in-line),5,Orange Zest Liquid Extract,rm,,0.01,1000,Factory,Create WIP
ON THE RUN Fig and Date Energy Bar 30g,B: Transform->Pack (in-line),6,Salt,rm,,0.142,1000,Factory,Create WIP
ON THE RUN Fig and Date Energy Bar 30g,B: Transform->Pack (in-line),7,Cinnamon Flavour,rm,,0.08,1000,Factory,Create WIP
ON THE RUN Fig and Date Energy Bar 30g,B: Transform->Pack (in-line),8,PM24-On The Run Fig And Dates Energy Bar Pouch 30 gm,pm,,0.5,1000,Factory,Final FG (packing)
ON THE RUN Hazelnut Magic Energy Bar 30g,B: Transform->Pack (in-line),1,AL BARAKAH FARD DATES STANDARD,rm,,13.648,1000,Factory,Create WIP
ON THE RUN Hazelnut Magic Energy Bar 30g,B: Transform->Pack (in-line),2,Hazelnut Kernal,rm,,3.235,1000,Factory,Create WIP
ON THE RUN Hazelnut Magic Energy Bar 30g,B: Transform->Pack (in-line),3,Cashew Tukda,rm,,3.235,1000,Factory,Create WIP
ON THE RUN Hazelnut Magic Energy Bar 30g,B: Transform->Pack (in-line),4,OATS,rm,,5.762,1000,Factory,Create WIP
ON THE RUN Hazelnut Magic Energy Bar 30g,B: Transform->Pack (in-line),5,Dried Cranberry Sliced,rm,,1.087,1000,Factory,Create WIP
ON THE RUN Hazelnut Magic Energy Bar 30g,B: Transform->Pack (in-line),6,Honey Loose,rm,,2.362,1000,Factory,Create WIP
ON THE RUN Hazelnut Magic Energy Bar 30g,B: Transform->Pack (in-line),7,Amul Butter,rm,,5.384,1000,Factory,Create WIP
ON THE RUN Hazelnut Magic Energy Bar 30g,B: Transform->Pack (in-line),8,Ashwagandha Powder,rm,,0.038,1000,Factory,Create WIP
ON THE RUN Hazelnut Magic Energy Bar 30g,B: Transform->Pack (in-line),9,PM24-On The Run Hazelnut Magic Energy Bar Energy Bar Pouch 30 gm,pm,,0.5,1000,Factory,Final FG (packing)
"ON THE RUN Oats, Apricot & Cranberry Energy Bar 30g",B: Transform->Pack (in-line),1,OATS,rm,,11.827,1000,Factory,Create WIP
"ON THE RUN Oats, Apricot & Cranberry Energy Bar 30g",B: Transform->Pack (in-line),2,Turkey Apricot No 3,rm,,4.841,1000,Factory,Create WIP
"ON THE RUN Oats, Apricot & Cranberry Energy Bar 30g",B: Transform->Pack (in-line),3,Dried Cranberry Sliced,rm,,3.471,1000,Factory,Create WIP
"ON THE RUN Oats, Apricot & Cranberry Energy Bar 30g",B: Transform->Pack (in-line),4,Walnut Tukda,rm,,3.471,1000,Factory,Create WIP
"ON THE RUN Oats, Apricot & Cranberry Energy Bar 30g",B: Transform->Pack (in-line),5,Honey Loose,rm,,5.571,1000,Factory,Create WIP
"ON THE RUN Oats, Apricot & Cranberry Energy Bar 30g",B: Transform->Pack (in-line),6,Amul Butter,rm,,5.571,1000,Factory,Create WIP
"ON THE RUN Oats, Apricot & Cranberry Energy Bar 30g",B: Transform->Pack (in-line),7,PM24-BAPS-Oats And Apricot Energy Bar Pouch 30 gm,pm,,0.5,1000,Factory,Final FG (packing)
Ontherun Coffee Bite (Pack of 15x10g),B: Transform->Pack (in-line),1,On the Run Coffee Bite (Semi Finished),fg,,0.15,10,Factory,Create WIP
Ontherun Coffee Bite (Pack of 15x10g),B: Transform->Pack (in-line),2,PM24-On The Run Coffee Bite Pouch Roll-10 Gm ( Matt Finish) 100 gm,pm,,0.018,10,Factory,Final FG (packing)
Ontherun Coffee Bite (Pack of 15x10g),B: Transform->Pack (in-line),3,PM24-On The Run-Coffee Bite Pack Of 15-Stand Up Pouch 375 gm,pm,,4,10,Factory,Final FG (packing)
Ontherun Coffee Bite (Pack of 15x10g),B: Transform->Pack (in-line),4,PM24-3 Ply Carton CF24 10 Kg (390x290x220mm) 10000 gm -Unprinted,pm,,0.015,10,Factory,Final FG (packing)
Ontherun Coffee Bite (Pack of 6*10g),B: Transform->Pack (in-line),1,On the Run Coffee Bite (Semi Finished),fg,,0.06,1,Factory,Create WIP
Ontherun Coffee Bite (Pack of 6*10g),B: Transform->Pack (in-line),2,PM24-On The Run Coffee Bite Pouch Roll-10 Gm ( Matt Finish) 100 gm,pm,,0.0072,1,PM Store,Final FG (packing)
Ontherun Coffee Bite (Pack of 6*10g),B: Transform->Pack (in-line),3,PM24-On The Run Coffee Bite Pack Of 6 Monocarton-Triangular 60 gm,pm,,1,1,PM Store,Final FG (packing)
Ontherun Coffee Bite (Pack of 6*10g),B: Transform->Pack (in-line),4,PM24-3 Ply Carton CF24 10 Kg (390x290x220mm) 10000 gm -Unprinted,pm,,0.02,1,PM Store,Final FG (packing)
Oriental Dates,D: Pack-only,1,Deri Dates,rm,,1,1,Factory,Final FG (Sorting+Packing)
Oriental Dates,D: Pack-only,2,PM24-3 Ply Carton CF24 10 Kg (390x290x220mm) 10000 gm -Unprinted,pm,,0.1,1,Factory,Final FG (packing)
OTR Almond Oven Roasted and Salted 100g,,1,Roasted & Salted Almonds Bulk,sfg,SFG0261,0.1,1,Factory,Final FG (opening RM)
OTR Almond Oven Roasted and Salted 100g,,2,PM24-Vacuum Pouch-130 x190mm 100 gm,pm,,1,1,Factory,Final FG (packing)
OTR Cashew Oven Roasted and Salted 100g,,1,Roasted & Salted Cashew Bulk,sfg,SFG0262,0.1,1,Factory,Final FG (opening RM)
OTR Cashew Oven Roasted and Salted 100g,,2,PM24-Vacuum Pouch-130 x190mm 100 gm,pm,,1,1,PM Store,Final FG (packing)
OTR Peanut Coated Pudina 180g,,1,Coated Peanut Base,fg,,0.162,1,Factory,Final FG (Sorting+Packing)
OTR Peanut Coated Pudina 180g,,2,Pudina seasoning,rm,,0.0108,1,Factory,Final FG (Sorting+Packing)
OTR Peanut Coated Pudina 180g,,3,Sunflower Oil in KG,rm,,0.0072,1,Factory,Final FG (Sorting+Packing)
OTR Peanut Coated Tandoori 180g,,1,Coated Peanut Base,fg,,0.162,1,Factory,Final FG (Sorting+Packing)
OTR Peanut Coated Tandoori 180g,,2,Tandoori Seasoning,rm,,0.0108,1,Factory,Final FG (Sorting+Packing)
OTR Peanut Coated Tandoori 180g,,3,Sunflower Oil in KG,rm,,0.0072,1,Factory,Final FG (Sorting+Packing)
OTR Pista Oven Roasted and Salted Pepper 80g,,1,California Pista Inshell Black Pepper,fg,,0.08,1,Factory,Final FG (Sorting+Packing)
OTR Pista Oven Roasted and Salted Pepper 80g,,2,"PM24-Labels,Stickers, Cards",pm,,1,1,PM Store,Final FG (packing)
OTR Pista Oven Roasted and Salted Pepper 80g,,3,PM24-Pet 100 gm,pm,,1,1,PM Store,Final FG (packing)
OTR Pista Oven Roasted and Salted Pepper 80g,,4,PM24-3 Ply Carton CF24 10 Kg (390x290x220mm) 10000 gm-Printed,pm,,0.03,1,PM Store,Final FG (packing)
OTR Pista Roasted and Salted 80g,,1,California Pista Inshell Roasted and Salted,fg,,0.08,1,Factory,Final FG (Sorting+Packing)
OTR Pista Roasted and Salted 80g,,2,"PM24-Labels,Stickers, Cards",pm,,1,1,PM Store,Final FG (packing)
OTR Pista Roasted and Salted 80g,,3,PM24-Pet 100 gm,pm,,1,1,PM Store,Final FG (packing)
OTR Pista Roasted and Salted 80g,,4,PM24-3 Ply Carton CF24 10 Kg (390x290x220mm) 10000 gm-Printed,pm,,0.03,1,PM Store,Final FG (packing)
Pan Cranberry,B: Transform->Pack (in-line),1,Dried Cranberry Sliced,rm,,1.015,1,Factory,Create WIP
Pan Cranberry,B: Transform->Pack (in-line),2,Paan Seasoning AB319,rm,,0.02,1,Factory,Create WIP
Pan Cranberry,B: Transform->Pack (in-line),3,"PM24-Vacuum Pouch For 1 Kg-210 x 305mm, 16G-110 Micron (Solimo) 1000 gm",pm,,1,1,Factory,Final FG (packing)
Pan Cranberry,B: Transform->Pack (in-line),4,PM24-3 Ply Carton CF24 10 Kg (390x290x220mm) 10000 gm -Unprinted,pm,,0.1,1,Factory,Final FG (packing)
Pan Raisin,B: Transform->Pack (in-line),1,Indian Long Green Raisins,rm,,0.94,1,Factory,Create WIP
Pan Raisin,B: Transform->Pack (in-line),2,Paan Seasoning AB319,rm,,0.07,1,Factory,Create WIP
Pan Raisin,B: Transform->Pack (in-line),3,PM24-3 Ply Carton CF24 10 Kg (390x290x220mm) 10000 gm -Unprinted,pm,,0.1,1,Factory,Final FG (packing)
Panch Mewa Mix Loose,,1,American Almonds Tukda,rm,,0.12,1,Factory,Final FG (Sorting+Packing)
Panch Mewa Mix Loose,,2,Cashew Tukda,rm,,0.12,1,Factory,Final FG (Sorting+Packing)
Panch Mewa Mix Loose,,3,Indian Green Raisins,rm,,0.35,1,Factory,Final FG (Sorting+Packing)
Panch Mewa Mix Loose,,4,Seedless Chopped Dry Yellow Kharik Dates,rm,,0.31,1,Factory,Final FG (Sorting+Packing)
Panch Mewa Mix Loose,,5,Anjeer 1*2,rm,,0.1,1,Factory,Final FG (Sorting+Packing)
Panch Mewa Mix Loose,,6,PM24-3 Ply Carton CF24 10 Kg (390x290x220mm) 10000 gm -Unprinted,pm,,0.1,1,Factory,Final FG (packing)
Panch Mewa Mix Loose,,7,Cashew 400,rm,,0.1484,1,Factory,Final FG (Sorting+Packing)
Panch Mewa Mix Loose,,8,American Almonds Running 25-27 count,rm,,0.1484,1,Factory,Final FG (Sorting+Packing)
Panch Mewa Mix Loose,,9,Pumpkin Seed ( 5% ),rm,,0.1172,1,Factory,Final FG (Sorting+Packing)
Panch Mewa Mix Loose,,10,Sunflower Seeds,rm,,0.1172,1,Factory,Final FG (Sorting+Packing)
Panch Mewa Mix Loose,,11,Dried Cherry (Red),rm,,0.1172,1,Factory,Final FG (Sorting+Packing)
Panch Mewa Mix Loose,,12,Dried Cranberry Sliced,rm,,0.1172,1,Factory,Final FG (Sorting+Packing)
Panch Mewa Mix Loose,,13,Afghan Black Raisins Seedless 1*1,rm,,0.1172,1,Factory,Final FG (Sorting+Packing)
Panch Mewa Mix Loose,,14,Indian Green Raisins,rm,,0.1172,1,Factory,Final FG (Sorting+Packing)
PEANUT BUTTER,B: Transform->Pack (in-line),1,Peanuts,rm,,1.04,1,Factory,Create WIP
Peanut Coated Spanish Tomato,B: Transform->Pack (in-line),1,Glucose Syrup / Liquid Glucose,rm,,0.011,1,Factory,Create WIP
Peanut Coated Spanish Tomato,B: Transform->Pack (in-line),2,Refined Fine Powder Iodized Salt Prime,rm,,0.01,1,Factory,Create WIP
Peanut Coated Spanish Tomato,B: Transform->Pack (in-line),3,Sugar,rm,,0.04,1,Factory,Create WIP
Peanut Coated Spanish Tomato,B: Transform->Pack (in-line),4,Rice Atta,rm,,0.13,1,Factory,Create WIP
Peanut Coated Spanish Tomato,B: Transform->Pack (in-line),5,Maize Starch,rm,,0.04,1,Factory,Create WIP
Peanut Coated Spanish Tomato,B: Transform->Pack (in-line),6,Nachni Atta,rm,,0.01,1,Factory,Create WIP
Peanut Coated Spanish Tomato,B: Transform->Pack (in-line),7,PREGEFLO C100,rm,,0.06,1,Factory,Create WIP
Peanut Coated Spanish Tomato,B: Transform->Pack (in-line),8,SIDCOT STARCH,rm,,0.06,1,Factory,Create WIP
Peanut Coated Spanish Tomato,B: Transform->Pack (in-line),9,Peanuts,rm,,0.47,1,Factory,Create WIP
Peanut Coated Spanish Tomato,B: Transform->Pack (in-line),10,Palm Oil,rm,,0.119,1,Factory,Create WIP
Peanut Coated Spanish Tomato,B: Transform->Pack (in-line),11,Spanish Tomato Seasoning,rm,,0.05,1,Factory,Create WIP
Peanut Crackers Chipotle Honey Bulk,,1,Coated Peanut Base,fg,,0.9,1,Factory,Final FG (Sorting+Packing)
Peanut Crackers Chipotle Honey Bulk,,2,Palm Oil,rm,,0.04,1,Factory,Final FG (Sorting+Packing)
Peanut Crackers Chipotle Honey Bulk,,3,Chipotle Honey Seasoning,rm,,0.06,1,Factory,Final FG (Sorting+Packing)
Peanut Crackers Smokey BBQ Bulk,,1,Coated Peanut Base,fg,,0.9,1,Factory,Final FG (Sorting+Packing)
Peanut Crackers Smokey BBQ Bulk,,2,Smokey BBQ seasoning,rm,,0.06,1,Factory,Final FG (Sorting+Packing)
Peanut Crackers Smokey BBQ Bulk,,3,Sunflower Oil in KG,rm,,0.04,1,Factory,Final FG (Sorting+Packing)
Peanuts Coated Masala Loose,,1,Peanuts,rm,,0.899,1,Factory,Final FG (Sorting+Packing)
Peanuts Coated Masala Loose,,2,Masala Seasoning,rm,,0.065,1,Factory,Final FG (Sorting+Packing)
Peanuts Coated Masala Loose,,3,Palm Oil,rm,,0.036,1,Factory,Final FG (Sorting+Packing)
Pecan Grain Free Granola,,1,Pecan Nuts,rm,,0.515,1,Factory,Final FG (Sorting+Packing)
Pecan Grain Free Granola,,2,Dried Coconut Flakes [Khaman Srifal],rm,,0.068,1,Factory,Final FG (Sorting+Packing)
Pecan Grain Free Granola,,3,Flax Seeds (Alsi),rm,,0.003,1,Factory,Final FG (Sorting+Packing)
Pecan Grain Free Granola,,4,Urban Platter Organic Coconut Jaggery Sugar Powder 1 kg,rm,,0.045,1,Factory,Final FG (Sorting+Packing)
Pecan Grain Free Granola,,5,Refined Fine Powder Iodized Salt Prime,rm,,0.003,1,Factory,Final FG (Sorting+Packing)
Pecan Grain Free Granola,,6,Dalchini (Cinnamon) Powder,rm,,0.006,1,Factory,Final FG (Sorting+Packing)
Pecan Grain Free Granola,,7,Palm Oil,rm,,0.05,1,Factory,Final FG (Sorting+Packing)
Pecan Grain Free Granola,,8,Pure Maple Syrup,rm,,0.187,1,Factory,Final FG (Sorting+Packing)
Pecan Grain Free Granola,,9,Dried Blueberry,rm,,0.08,1,Factory,Final FG (Sorting+Packing)
Pecan Maple Glazed,,1,Pecan Nuts,rm,,0.73,1,Factory,Final FG (Sorting+Packing)
Pecan Maple Glazed,,2,Pure Maple Syrup,rm,,0.268,1,Factory,Final FG (Sorting+Packing)
Pecan Maple Glazed,,3,Refined Fine Powder Iodized Salt Prime,rm,,0.002,1,Factory,Final FG (Sorting+Packing)
Pecan Nuts,D: Pack-only,1,Pecan Nuts,rm,,1,1,Factory,Final FG (Sorting+Packing)
Pecan Nuts Kernel Split,,1,Pecan Nuts,rm,,1,1,Factory,Final FG (Sorting+Packing)
Pecannut Flavoured Rose Mary Loose,,1,Pecan Nuts,rm,,1,1,Factory,Final FG (Sorting+Packing)
Pecannut Flavoured Rose Mary Loose,,2,Refined Fine Powder Iodized Salt Prime,rm,,0.02,1,Factory,Final FG (Sorting+Packing)
Pecannut Flavoured Rose Mary Loose,,3,URBAN PLATTER ARABIC GUM POWDER,rm,,0.005,1,Factory,Final FG (Sorting+Packing)
Pecannut Flavoured Rose Mary Loose,,4,PM24-10Kg Candor Print LD Pouch (18.5x26) 10 Kg,pm,,0.1,1,PM Store,Final FG (packing)
Pecannut Flavoured Rose Mary Loose,,5,PM24-3 Ply Carton CF24 10 Kg (390x290x220mm) 10000 gm -Unprinted,pm,,0.1,1,PM Store,Final FG (packing)
Pecans Roasted and Salted,B: Transform->Pack (in-line),1,Pecan Nuts,rm,,1,1,Factory,Create WIP
Pecans Roasted and Salted,B: Transform->Pack (in-line),2,Refined Fine Powder Iodized Salt Prime,rm,,0.02,1,Factory,Create WIP
Pecans Roasted and Salted,B: Transform->Pack (in-line),3,PM24-3 Ply Carton CF24 10 Kg (390x290x220mm) 10000 gm -Unprinted,pm,,0.1,1,Factory,Final FG (packing)
Peper Garlic Cashew,B: Transform->Pack (in-line),1,Cashew 320,rm,,0.96,1,Factory,Create WIP
Peper Garlic Cashew,B: Transform->Pack (in-line),2,Onion garlic seasoning,rm,,0.04,1,Factory,Create WIP
Pepper Cashew,B: Transform->Pack (in-line),1,Cashew 320,rm,,0.94,1,Factory,Create WIP
Pepper Cashew,B: Transform->Pack (in-line),2,Black Pepper Seasoning,rm,,0.07,1,Factory,Create WIP
Pepper Cashew,B: Transform->Pack (in-line),3,PM24-3 Ply Carton CF24 10 Kg (390x290x220mm) 10000 gm -Unprinted,pm,,0.1,1,Factory,Final FG (packing)
Pepper Pista 100g Pet,B: Transform->Pack (in-line),1,California Pista Inshell,rm,,0.1,1,Factory,Create WIP
Pepper Pista 100g Pet,B: Transform->Pack (in-line),2,Black Pepper Seasoning,rm,,0.002,1,Factory,Create WIP
Pepper Pista 100g Pet,B: Transform->Pack (in-line),3,PM24-Pet 100 gm,pm,,1,1,Factory,Final FG (packing)
Pepper Pista 100g Pet,B: Transform->Pack (in-line),4,"PM24-Labels,Stickers, Cards",pm,,1,1,Factory,Final FG (packing)
Pepper Pista Inshell,B: Transform->Pack (in-line),1,California Pista Inshell,rm,,1,1,Factory,Create WIP
Pepper Pista Inshell,B: Transform->Pack (in-line),2,Black Pepper Seasoning,rm,,0.02,1,Factory,Create WIP
PEPPER SNACK MIX,B: Transform->Pack (in-line),1,American Almonds Running 25-27 count,rm,,0.188,1,Factory,Create WIP
PEPPER SNACK MIX,B: Transform->Pack (in-line),2,Cashew 320,rm,,0.097,1,Factory,Create WIP
PEPPER SNACK MIX,B: Transform->Pack (in-line),3,Pista Kernel,rm,,0.095,1,Factory,Create WIP
PEPPER SNACK MIX,B: Transform->Pack (in-line),4,Pumpkin Seed 12%,rm,,0.188,1,Factory,Create WIP
PEPPER SNACK MIX,B: Transform->Pack (in-line),5,Sunflower Seeds,rm,,0.186,1,Factory,Create WIP
PEPPER SNACK MIX,B: Transform->Pack (in-line),6,Dried Cranberry Sliced,rm,,0.141,1,Factory,Create WIP
PEPPER SNACK MIX,B: Transform->Pack (in-line),7,Dried Blueberry,rm,,0.029,1,Factory,Create WIP
PEPPER SNACK MIX,B: Transform->Pack (in-line),8,SUNFLOWER OIL,rm,,0.02,1,Factory,Create WIP
PEPPER SNACK MIX,B: Transform->Pack (in-line),9,Salt & Pepper Seasoning,rm,,0.045,1,Factory,Create WIP
PEPPER SNACK MIX,B: Transform->Pack (in-line),10,Black Pepper Seasoning,rm,,0.007,1,Factory,Create WIP
PEPPER SNACK MIX,B: Transform->Pack (in-line),11,PM24-3 Ply D Mart Carton Premia Party Mix 10000 gm,pm,,0.1,1,PM Store,Final FG (packing)
Peri Peri Cashew,C: Pack of existing SFG,1,Cashew 320,rm,,0.94,1,Factory,Final FG (Sorting+Packing)
Peri Peri Cashew,C: Pack of existing SFG,2,Peri Peri Marination Seasoning,rm,,0.07,1,Factory,Final FG (Sorting+Packing)
Peri Peri Cashew,C: Pack of existing SFG,3,PM24-3 Ply Carton CF24 10 Kg (390x290x220mm) 10000 gm -Unprinted,pm,,0.1,1,Factory,Final FG (packing)
Peri Peri Cashew Bulk,A: WIP producer (bulk),1,Cashew 320,rm,,1,1,Factory,Create WIP
Peri Peri Cashew Bulk,A: WIP producer (bulk),2,Peri Peri Marination Seasoning,rm,,0.04,1,Factory,Create WIP
Peri Peri Coated Peanuts 60gm,,1,Coated Peanut Base,fg,,0.0535,1,Factory,Final FG (Sorting+Packing)
Peri Peri Coated Peanuts 60gm,,2,SUNFLOWER OIL,rm,,0.003,1,Factory,Final FG (Sorting+Packing)
Peri Peri Coated Peanuts 60gm,,3,Peri Peri Marination Seasoning,rm,,0.0039,1,Factory,Final FG (Sorting+Packing)
Peri Peri Pecannut,B: Transform->Pack (in-line),1,Pecan Nuts,rm,,1,1,Factory,Create WIP
Peri Peri Pecannut,B: Transform->Pack (in-line),2,Peri Peri Marination Seasoning,rm,,0.006,1,Factory,Create WIP
Pine Nut Kernel,D: Pack-only,1,Pine Nut Kernel,rm,,1,1,Factory,Final FG (Sorting+Packing)
Pink Salt Almonds Bulk,A: WIP producer (bulk),1,American Almonds Running 25-27 count,rm,,1,1,Factory,Create WIP
Pink Salt Almonds Bulk,A: WIP producer (bulk),2,Pink Salt.,rm,,0.02,1,Factory,Create WIP
Pink Salt Pistachios 90gm,D: Pack-only,1,California Pista Inshell Pink Salted,fg,,0.09,1,Factory,Final FG (Sorting+Packing)
Pink Salt Pistachios 90gm,D: Pack-only,2,PM24-Vacuum Pouch-130 x190mm 100 gm,pm,,1,1,PM Store,Final FG (packing)
Pista Akbari Roasted and Salted,B: Transform->Pack (in-line),1,Pista Inshell Iranian 26-28,rm,,1.01,1,Factory,Create WIP
Pista Akbari Roasted and Salted,B: Transform->Pack (in-line),2,Refined Fine Powder Iodized Salt Prime,rm,,0.02,1,Factory,Create WIP
Pista Akbari Roasted and Salted,B: Transform->Pack (in-line),3,PM24-3 Ply Carton CF24 10 Kg (390x290x220mm) 10000 gm -Unprinted,pm,,0.1,1,Factory,Final FG (packing)
Pista Irani 101 Inshell Roasted and salted,B: Transform->Pack (in-line),1,Pista Irani 101 Inshell,rm,,1.01,1,Factory,Create WIP
Pista Irani 101 Inshell Roasted and salted,B: Transform->Pack (in-line),2,PM24-3 Ply Carton CF24 10 Kg (390x290x220mm) 10000 gm -Unprinted,pm,,0.1,1,Factory,Final FG (packing)
Pista Irani Inshell Roasted and Salted,B: Transform->Pack (in-line),1,Pista Irani Inshell,rm,,1,1,Factory,Create WIP
Pista Kernal Roasted and Salted,D: Pack-only,1,Pista Kernel,rm,,1,1,Factory,Final FG (Sorting+Packing)
Pista Kernal Roasted and Salted,D: Pack-only,2,PM24-5 Ply Carton CF24 10kg (390X290X220) (D Mart)-Unprinted,pm,,0.1,1,Factory,Final FG (packing)
Pista Kernel,D: Pack-only,1,Pista Kernel,rm,,1,1,Factory,Final FG (Sorting+Packing)
PISTA PERI PERI,B: Transform->Pack (in-line),1,California Pista Inshell,rm,,0.94,1,Factory,Create WIP
PISTA PERI PERI,B: Transform->Pack (in-line),2,Peri Peri Marination Seasoning,rm,,0.07,1,Factory,Create WIP
PISTA PERI PERI,B: Transform->Pack (in-line),3,PM24-3 Ply Carton CF24 10 Kg (390x290x220mm) 10000 gm -Unprinted,pm,,0.1,1,PM Store,Final FG (packing)
PISTA PERI PERI,B: Transform->Pack (in-line),4,PM24-10Kg Candor Print LD Pouch (18.5x26) 10 Kg,pm,,0.1,1,PM Store,Final FG (packing)
Pizza Flavoured Coated Peanuts 35gm,,1,Pizza Flavoured Coated Peanuts Bulk,rm,,0.035,1,Factory,Final FG (Sorting+Packing)
Pizza Flavoured Coated Peanuts Bulk,,1,Coated Peanut Base,fg,,0.8889,1,Factory,Final FG (Sorting+Packing)
Pizza Flavoured Coated Peanuts Bulk,,2,SUNFLOWER OIL,rm,,0.036,1,Factory,Final FG (Sorting+Packing)
Pizza Flavoured Coated Peanuts Bulk,,3,Pizza Seasoning,rm,,0.0756,1,Factory,Final FG (Sorting+Packing)
PL CALIFORNIA PRUNES 200G,D: Pack-only,1,Dried Prunes (Pitted),rm,,0.202,1,Factory,Final FG (Sorting+Packing)
PL CALIFORNIA PRUNES 200G,D: Pack-only,2,PM24-Prunes Pouch (Reliance-unbranded) 200 gm,pm,,1,1,Factory,Final FG (packing)
PL CALIFORNIA PRUNES 200G,D: Pack-only,3,PM24-3 Ply Carton CF24 10 Kg (390x290x220mm) 10000 gm-Printed,pm,,0.02,1,Factory,Final FG (packing)
PL CLASSIC DATES 500G,D: Pack-only,1,AL BARAKAH SAYER DATES THERMO(500GM X 16),rm,,0.5,1,Factory,Final FG (Sorting+Packing)
PL DRIED BLUEBERRIES 100G,D: Pack-only,1,Dried Blueberry,rm,,0.101,1,Factory,Final FG (Sorting+Packing)
PL DRIED BLUEBERRIES 100G,D: Pack-only,2,PM24-Blueberries Pouch (Reliance-unbranded) 100 gm,pm,,1,1,PM Store,Final FG (packing)
PL DRIED BLUEBERRIES 100G,D: Pack-only,3,PM24-3 Ply Carton CF21 Walnut Carton (445X310X305MM)-Unprinted,pm,,0.01,1,PM Store,Final FG (packing)
PL SLICED CRANBERRIES 100G,D: Pack-only,1,Dried Cranberry Sliced,rm,,0.101,1,Factory,Final FG (Sorting+Packing)
PL SLICED CRANBERRIES 100G,D: Pack-only,2,PM24-Cranberries Pouch (Reliance-unbranded) 100 gm,pm,,1,1,PM Store,Final FG (packing)
PL SLICED CRANBERRIES 100G,D: Pack-only,3,PM24-3 Ply Carton CF21 Walnut Carton (445X310X305MM)-Unprinted,pm,,0.01,1,PM Store,Final FG (packing)
PL TURKEY APRICOTS 200G,D: Pack-only,1,Turkey Apricot No 3,rm,,0.202,1,Factory,Final FG (Sorting+Packing)
PL TURKEY APRICOTS 200G,D: Pack-only,2,PM24-Turkey Apricots Pouch (Reliance-unbranded) 200 gm,pm,,1,1,PM Store,Final FG (packing)
PL TURKEY APRICOTS 200G,D: Pack-only,3,PM24-3 Ply Carton CF24 10 Kg (390x290x220mm) 10000 gm-Printed,pm,,0.02,1,PM Store,Final FG (packing)
PL ZAHIDI DATES 500G,D: Pack-only,1,Zahidi Dates,rm,,0.5,1,Factory,Final FG (Sorting+Packing)
PL ZAHIDI DATES 500G,D: Pack-only,2,PM24-Zahidi Dates Pouch (Reliance-unbranded) 500 gm,pm,,1,1,PM Store,Final FG (packing)
PL ZAHIDI DATES 500G,D: Pack-only,3,PM24-3 Ply Carton CF24 10 Kg (390x290x220mm) 10000 gm -Unprinted,pm,,0.05,1,PM Store,Final FG (packing)
Plain Almonds 75gm,,1,American Almonds Running 25-27 count,rm,,0.075,1,Factory,Final FG (Sorting+Packing)
Plain Almonds 75gm,,2,PM24-Pet 100 gm,pm,,1,1,PM Store,Final FG (packing)
Plain Coated Peanuts,B: Transform->Pack (in-line),1,Glucose Syrup / Liquid Glucose,rm,,0.11,1,Factory,Create WIP
Plain Coated Peanuts,B: Transform->Pack (in-line),2,Refined Fine Powder Iodized Salt Prime,rm,,0.02,1,Factory,Create WIP
Plain Coated Peanuts,B: Transform->Pack (in-line),3,Sugar,rm,,0.05,1,Factory,Create WIP
Plain Coated Peanuts,B: Transform->Pack (in-line),4,Rice Atta,rm,,0.14,1,Factory,Create WIP
Plain Coated Peanuts,B: Transform->Pack (in-line),5,Maize Starch,rm,,0.07,1,Factory,Create WIP
Plain Coated Peanuts,B: Transform->Pack (in-line),6,Nachni Atta,rm,,0.02,1,Factory,Create WIP
Plain Coated Peanuts,B: Transform->Pack (in-line),7,PREGEFLO C100,rm,,0.08,1,Factory,Create WIP
Plain Coated Peanuts,B: Transform->Pack (in-line),8,SIDCOT STARCH,rm,,0.08,1,Factory,Create WIP
Plain Coated Peanuts,B: Transform->Pack (in-line),9,Peanuts,rm,,0.52,1,Factory,Create WIP
Plain Coated Peanuts,B: Transform->Pack (in-line),10,Palm Oil,rm,,0.05,1,Factory,Create WIP
Plain Coated Peanuts,B: Transform->Pack (in-line),11,PM24-3 Ply Carton CF24 10 Kg (390x290x220mm) 10000 gm -Unprinted,pm,,0.1,1,PM Store,Final FG (packing)
Planck Foods Multi Millet 5 GC puffs 210g,B: Transform->Pack (in-line),1,Jowar Flakes,rm,,0.022,1,Factory,Create WIP
Planck Foods Multi Millet 5 GC puffs 210g,B: Transform->Pack (in-line),2,Rice Lahi,rm,,0.015,1,Factory,Create WIP
Planck Foods Multi Millet 5 GC puffs 210g,B: Transform->Pack (in-line),3,Ragi Puff,rm,,0.0189,1,Factory,Create WIP
Planck Foods Multi Millet 5 GC puffs 210g,B: Transform->Pack (in-line),4,Rajgira Puff (Lahi),rm,,0.0284,1,Factory,Create WIP
Planck Foods Multi Millet 5 GC puffs 210g,B: Transform->Pack (in-line),5,Pumpkin Seed 12%,rm,,0.0042,1,Factory,Create WIP
Planck Foods Multi Millet 5 GC puffs 210g,B: Transform->Pack (in-line),6,Sunflower Seeds Roasted and Salted,rm,,0.008,1,Factory,Create WIP
Planck Foods Multi Millet 5 GC puffs 210g,B: Transform->Pack (in-line),7,Water Melon Seed,rm,,0.0105,1,Factory,Create WIP
Planck Foods Multi Millet 5 GC puffs 210g,B: Transform->Pack (in-line),8,AL BARAKAH DATES SYRUP,rm,,0.105,1,Factory,Create WIP
"Popular Raisins, 500 g (B07GR3S1RR)",D: Pack-only,1,Indian Green Raisins,rm,,0.508,1,Factory,Final FG (Sorting+Packing)
"Popular Raisins, 500 g (B07GR3S1RR)",D: Pack-only,2,PM24-Vedaka Purple Plain Pouch  500 gm,pm,,1,1,PM Store,Final FG (packing)
"Popular Raisins, 500 g (B07GR3S1RR)",D: Pack-only,3,PM24-3 Ply Carton CF24 10 Kg (390x290x220mm) 10000 gm -Unprinted,pm,,0.05,1,PM Store,Final FG (packing)
Premia Almond Salted 100 Gm,C: Pack of existing SFG,1,Roasted & Salted Almonds Bulk,sfg,SFG0261,0.1,1,Factory,Final FG (opening RM)
Premia Almond Salted 100 Gm,C: Pack of existing SFG,2,PM24-D Mart Premia Almonds Salted Standy Pouch 100 gm,pm,,1,1,PM Store,Final FG (packing)
Premia Almond Salted 100 Gm,C: Pack of existing SFG,3,PM24-5ply Carton D mart Premia Almond Salted 2.4kg,pm,,0.021,1,PM Store,Final FG (packing)
PREMIA ALMONDS SMOKD-100G,C: Pack of existing SFG,1,Smoked Almonds Bulk,sfg,SFG0284,0.1,1,Factory,Final FG (opening RM)
PREMIA ALMONDS SMOKD-100G,C: Pack of existing SFG,2,PM24-5ply Carton D mart Premia Almond Smokes  2.4kg,pm,,0.021,1,PM Store,Final FG (packing)
PREMIA ALMONDS SMOKD-100G,C: Pack of existing SFG,3,PM24-D Mart Premia Smoked Almond 100 gm,pm,,1,1,PM Store,Final FG (packing)
Premia Breakfast Mix 100g (100005226),C: Pack of existing SFG,1,Premia Breakfast Mix Bulk,sfg,SFG0337,0.1,1,Factory,Final FG (opening RM)
Premia Breakfast Mix 100g (100005226),C: Pack of existing SFG,2,PM24-D Mart Premia Breakfast Mix Standy Pouch 100 gm,pm,,1,1,PM Store,Final FG (packing)
Premia Breakfast Mix 100g (100005226),C: Pack of existing SFG,3,PM24-5 Ply Carton Seeds Pouch 5 Kg,pm,,0.02,1,PM Store,Final FG (packing)
Premia Breakfast Mix Bulk,,1,Pista Kernel,rm,,0.1256,1,Factory,Final FG (Sorting+Packing)
Premia Breakfast Mix Bulk,,2,American Almonds Running 25-27 count,rm,,0.2493,1,Factory,Final FG (Sorting+Packing)
Premia Breakfast Mix Bulk,,3,Black Chia Seeds,rm,,0.2493,1,Factory,Final FG (Sorting+Packing)
Premia Breakfast Mix Bulk,,4,Pumpkin Seed ( 5% ),rm,,0.1879,1,Factory,Final FG (Sorting+Packing)
Premia Breakfast Mix Bulk,,5,Flax Seeds (Alsi),rm,,0.1879,1,Factory,Final FG (Sorting+Packing)
Premia Cashew Black Pepper 100 Gm,C: Pack of existing SFG,1,Black Pepper Cashew Bulk,sfg,SFG0024,0.1,1,Factory,Final FG (opening RM)
Premia Cashew Black Pepper 100 Gm,C: Pack of existing SFG,2,PM24-5ply Carton D mart Premia Cashew Black Pepper 2.4kg,pm,,0.021,1,PM Store,Final FG (packing)
Premia Cashew Black Pepper 100 Gm,C: Pack of existing SFG,3,PM24-D Mart Premia Black Pepper Cashew Pouch 100 gm,pm,,1,1,PM Store,Final FG (packing)
Premia Cashew Salted 100 Gm,D: Pack-only,1,Roasted & Salted Cashew Bulk,sfg,SFG0262,0.1,1,Factory,Final FG (opening RM)
Premia Cashew Salted 100 Gm,D: Pack-only,2,PM24-D Mart 210 ML EMPTY PET CANS - 100gm,pm,,1,1,Factory,Final FG (packing)
Premia Cashew Salted 100 Gm,D: Pack-only,3,PM24-D Mart INDUCTION WAD FOR 210 ML PET CANS- 100gm,pm,,1,1,Factory,Final FG (packing)
Premia Cashew Salted 100 Gm,D: Pack-only,4,PM24-D Mart Pet Caps For 210 ml Pet 100 gm,pm,,1,1,Factory,Final FG (packing)
Premia Cashew Salted 100 Gm,D: Pack-only,5,PM24-D Mart Premia Cashews Salted Label  100 gm,pm,,1,1,Factory,Final FG (packing)
Premia Cashew Salted 100 Gm,D: Pack-only,6,Roasted & Salted Cashew Bulk,sfg,SFG0262,0.1,1,Factory,Final FG (opening RM)
Premia Cashew Salted 100 Gm,D: Pack-only,7,PM24-D Mart Premia Cashews Salted Standy Pouch 100 gm.,pm,,1,1,PM Store,Final FG (packing)
Premia Cashew Salted 100 Gm,D: Pack-only,8,PM24-5ply Carton D mart Premia Cashew Salted 2.4kg,pm,,0.021,1,PM Store,Final FG (packing)
Premia Chatpata Cranberry 100gm,D: Pack-only,1,Dried Cranberry Sliced,rm,,0.098,1,Factory,Final FG (Sorting+Packing)
Premia Chatpata Cranberry 100gm,D: Pack-only,2,Chatpata Seasoning,rm,,0.007,1,Factory,Final FG (Sorting+Packing)
Premia Chatpata Cranberry 100gm,D: Pack-only,3,PM24-D Mart INDUCTION WAD FOR 210 ML PET CANS- 100gm,pm,,1,1,Factory,Final FG (packing)
Premia Chatpata Cranberry 100gm,D: Pack-only,4,PM24-D Mart Pet Caps For 210 ml Pet 100 gm,pm,,1,1,Factory,Final FG (packing)
Premia Chatpata Cranberry 100gm,D: Pack-only,5,PM24-D Mart Premia Cranberry Label 100 gm,pm,,1,1,Factory,Final FG (packing)
Premia Chatpata Cranberry 100gm,D: Pack-only,6,PM24-D Mart 210 ML EMPTY PET CANS - 100gm,pm,,1,1,Factory,Final FG (packing)
Premia Chatpata Cranberry 100gm,D: Pack-only,7,Dried Cranberry Sliced,rm,,0.087,1,Factory,Final FG (Sorting+Packing)
Premia Chatpata Cranberry 100gm,D: Pack-only,8,Chatpata Seasoning,rm,,0.013,1,Factory,Final FG (Sorting+Packing)
Premia Chatpata Cranberry 100gm,D: Pack-only,9,PM24-5ply Carton D mart Premia Cranberries Chatpata 2.4kg,pm,,0.042,1,PM Store,Final FG (packing)
Premia Chatpata Cranberry 100gm,D: Pack-only,10,PM24-D Mart Premia Cranberries Chatpata Standy Pouch 100g,pm,,1,1,PM Store,Final FG (packing)
Premia Indian Raisin 100gm,D: Pack-only,1,Indian Green Raisins,rm,,0.1,1,Factory,Final FG (Sorting+Packing)
Premia Indian Raisin 100gm,D: Pack-only,2,PM24-D Mart 210 ML EMPTY PET CANS - 100gm,pm,,1,1,Factory,Final FG (packing)
Premia Indian Raisin 100gm,D: Pack-only,3,PM24-D Mart INDUCTION WAD FOR 210 ML PET CANS- 100gm,pm,,1,1,Factory,Final FG (packing)
Premia Indian Raisin 100gm,D: Pack-only,4,PM24-D Mart Pet Caps For 210 ml Pet 100 gm,pm,,1,1,Factory,Final FG (packing)
Premia Indian Raisin 100gm,D: Pack-only,5,PM24-D Mart Premia Raisins Plain Label 100 gm,pm,,1,1,Factory,Final FG (packing)
Premia Indian Raisin 100gm,D: Pack-only,6,Indian Green Raisins,rm,,0.1,1,Factory,Final FG (Sorting+Packing)
Premia Nuts & Seeds Mix 100g (100005422),C: Pack of existing SFG,1,Premia Nuts & Seeds Mix Bulk,sfg,SFG0338,0.1,1,Factory,Final FG (opening RM)
Premia Nuts & Seeds Mix 100g (100005422),C: Pack of existing SFG,2,PM24- DMART Premia Nuts & Seeds Pouch 100 g,pm,,1,1,PM Store,Final FG (packing)
Premia Nuts & Seeds Mix 100g (100005422),C: Pack of existing SFG,3,PM24-5 Ply Carton CF24 10kg (390X290X220) (D Mart)-Unprinted,pm,,0.01,1,PM Store,Final FG (packing)
Premia Nuts & Seeds Mix Bulk,,1,American Almonds Running 25-27 count,rm,,0.1511,1,Factory,Final FG (Sorting+Packing)
Premia Nuts & Seeds Mix Bulk,,2,Pista Kernel,rm,,0.0517,1,Factory,Final FG (Sorting+Packing)
Premia Nuts & Seeds Mix Bulk,,3,Sunflower Seeds,rm,,0.2485,1,Factory,Final FG (Sorting+Packing)
Premia Nuts & Seeds Mix Bulk,,4,Pumpkin Seed ( 5% ),rm,,0.2485,1,Factory,Final FG (Sorting+Packing)
Premia Nuts & Seeds Mix Bulk,,5,Dried Cranberry Sliced,rm,,0.1262,1,Factory,Final FG (Sorting+Packing)
Premia Nuts & Seeds Mix Bulk,,6,Dried Blueberry,rm,,0.0249,1,Factory,Final FG (Sorting+Packing)
Premia Nuts & Seeds Mix Bulk,,7,Afghan Black Raisins Seedless 1*2,rm,,0.1491,1,Factory,Final FG (Sorting+Packing)
Premia Prunes 100gm,D: Pack-only,1,Dried Prunes (Pitted),rm,,0.1,1,Factory,Final FG (Sorting+Packing)
Premia Prunes 100gm,D: Pack-only,2,PM24-D Mart Premia Prunes 100 gm,pm,,1,1,Factory,Final FG (packing)
Premia Prunes 100gm,D: Pack-only,3,PM24-5 Ply Carton Blueberry & Cranberry Pouch 5 Kg,pm,,0.04,1,PM Store,Final FG (packing)
Premia Trail Mix 100g (100005227),C: Pack of existing SFG,1,Premia Trail Mix Bulk,sfg,SFG0339,0.1,1,Factory,Final FG (opening RM)
Premia Trail Mix 100g (100005227),C: Pack of existing SFG,2,PM24-D Mart Premia Trail Mix 100 gm,pm,,1,1,PM Store,Final FG (packing)
Premia Trail Mix 100g (100005227),C: Pack of existing SFG,3,PM24-5 Ply Carton Seeds Pouch 5 Kg,pm,,0.02,1,PM Store,Final FG (packing)
Premia Trail Mix Bulk,,1,American Almonds Running 25-27 count,rm,,0.2689,1,Factory,Final FG (Sorting+Packing)
Premia Trail Mix Bulk,,2,Cashew 320,rm,,0.2321,1,Factory,Final FG (Sorting+Packing)
Premia Trail Mix Bulk,,3,Pista Kernel,rm,,0.1044,1,Factory,Final FG (Sorting+Packing)
Premia Trail Mix Bulk,,4,Afghan Black Raisins Seedless 1*2,rm,,0.3946,1,Factory,Final FG (Sorting+Packing)
Premium Trail Mix 100gm,B: Transform->Pack (in-line),1,Pista Kernel,rm,,0.024,1,Factory,Create WIP
Premium Trail Mix 100gm,B: Transform->Pack (in-line),2,Macadamia Roasted - Size 4,rm,,0.0144,1,Factory,Create WIP
Premium Trail Mix 100gm,B: Transform->Pack (in-line),3,Pecan Nuts,rm,,0.0144,1,Factory,Create WIP
Premium Trail Mix 100gm,B: Transform->Pack (in-line),4,Cashew 240,rm,,0.0192,1,Factory,Create WIP
Premium Trail Mix 100gm,B: Transform->Pack (in-line),5,American Almonds Running 25-27 count,rm,,0.024,1,Factory,Create WIP
Premium Trail Mix 100gm,B: Transform->Pack (in-line),6,URBAN PLATTER ARABIC GUM POWDER,rm,,0.0002,1,Factory,Create WIP
Premium Trail Mix 100gm,B: Transform->Pack (in-line),7,Black Pepper Seasoning,rm,,0.0038,1,Factory,Create WIP
Premium Trail Mix 100gm,B: Transform->Pack (in-line),8,PM24-Pet 100 gm,pm,,1,1,PM Store,Final FG (packing)
Prunes 1KG (B07GR24VN1),D: Pack-only,1,Dried Prunes (Pitted),rm,,1.001,1,Factory,Final FG (Sorting+Packing)
Prunes 1KG (B07GR24VN1),D: Pack-only,2,PM24-Vedaka Red Zipper Pouch 1KG,pm,,1,1,Factory,Final FG (packing)
Prunes 1KG (B07GR24VN1),D: Pack-only,3,PM24-3 Ply Carton CF24 10 Kg (390x290x220mm) 10000 gm -Unprinted,pm,,0.1,1,Factory,Final FG (packing)
Prunes 200G (B07GQWRZKN),D: Pack-only,1,Dried Prunes (Pitted),rm,,0.202,1,Factory,Final FG (Sorting+Packing)
Prunes 200G (B07GQWRZKN),D: Pack-only,2,PM24-Vedaka Purple Pouch 200GM,pm,,1,1,Factory,Final FG (packing)
Prunes 200G (B07GQWRZKN),D: Pack-only,3,PM24-3 Ply Carton CF21 Walnut Carton (445X310X305MM)-Unprinted,pm,,0.02,1,Factory,Final FG (packing)
Prunes 500G (B07GQZSS53),D: Pack-only,1,Dried Prunes (Pitted),rm,,0.51,1,Factory,Final FG (Sorting+Packing)
Prunes 500G (B07GQZSS53),D: Pack-only,2,PM24-Vedaka Purple Zipper Pouch 500GM,pm,,1,1,PM Store,Final FG (packing)
Prunes 500G (B07GQZSS53),D: Pack-only,3,PM24-3 Ply Carton CF24 10 Kg (390x290x220mm) 10000 gm -Unprinted,pm,,0.05,1,PM Store,Final FG (packing)
Pudina Cashew,B: Transform->Pack (in-line),1,Cashew 320,rm,,0.982,1,Factory,Create WIP
Pudina Cashew,B: Transform->Pack (in-line),2,Pudina seasoning,rm,,0.035,1,Factory,Create WIP
Pudina Makhana,B: Transform->Pack (in-line),1,Makhana,rm,,1,1,Factory,Create WIP
Pudina Makhana,B: Transform->Pack (in-line),2,Pudina seasoning,rm,,0.08,1,Factory,Create WIP
Pudina Makhana,B: Transform->Pack (in-line),3,PM24-LD Pouch 300x400mm 1 Kg,pm,,1,1,PM Store,Final FG (packing)
Pudina Makhana,B: Transform->Pack (in-line),4,PM24-3 Ply Carton CF24 10 Kg (390x290x220mm) 10000 gm -Unprinted,pm,,0.1,1,PM Store,Final FG (packing)
Pudina Makhana 50gm,,1,Makhana,rm,,0.05,1,Factory,Final FG (Sorting+Packing)
Pudina Makhana 50gm,,2,Pudina seasoning,rm,,0.0075,1,Factory,Final FG (Sorting+Packing)
Pudina Makhana 50gm,,3,PM24 - Makhana Pet 55 gm,pm,,1,1,PM Store,Final FG (packing)
Pudina Makhana 50gm,,4,PM24-3 Ply Carton CF24 10 Kg (390x290x220mm) 10000 gm -Unprinted,pm,,0.002,1,PM Store,Final FG (packing)
Pumpkin Seed 200g (B07GQW1HJC),,1,Pumpkin Seed ( 5% ),rm,,0.2,1,Factory,Final FG (Sorting+Packing)
Pumpkin Seed 200g (B07GQW1HJC),,2,PM24-Vedaka Purple Pouch 200GM,pm,,1,1,PM Store,Final FG (packing)
Pumpkin Seeds 500G (B07GQWST7Y) FBA,D: Pack-only,1,Pumpkin Seeds Roasted,fg,,0.5,1,Factory,Final FG (Sorting+Packing)
Pumpkin Seeds 500G (B07GQWST7Y) FBA,D: Pack-only,2,PM24-Vedaka Purple Plain Pouch  500 gm,pm,,1,1,Factory,Final FG (packing)
Pumpkin Seeds 500G (B07GQWST7Y) FBA,D: Pack-only,3,PM24-5 Ply Carton CF24 10kg (390X290X220) (D Mart)-Unprinted,pm,,0.05,1,Factory,Final FG (packing)
Pumpkin Seeds Roasted,B: Transform->Pack (in-line),1,Pumpkin Seed ( 5% ),rm,,1.01,1,Factory,Create WIP
Pumpkin Seeds Roasted and Salted,B: Transform->Pack (in-line),1,Pumpkin Seed ( 5% ),rm,,0.9805,1,Factory,Create WIP
Pumpkin Seeds Roasted and Salted,B: Transform->Pack (in-line),2,Refined Fine Powder Iodized Salt Prime,rm,,0.019,1,Factory,Create WIP
Pumpkin Seeds Roasted and Salted,B: Transform->Pack (in-line),3,PM24-3 Ply Carton CF24 10 Kg (390x290x220mm) 10000 gm -Unprinted,pm,,0.1,1,Factory,Final FG (packing)
QWIKSNAX ALMONDS & CASHEWS MIX-25G,,1,American Almonds Running 25-27 count,rm,,0.0177,1,Factory,Final FG (Sorting+Packing)
QWIKSNAX ALMONDS & CASHEWS MIX-25G,,2,Cashew 320,rm,,0.0117,1,Factory,Final FG (Sorting+Packing)
QWIKSNAX ALMONDS & CASHEWS MIX-25G,,3,Refined Fine Powder Iodized Salt Prime,rm,,0.0006,1,Factory,Final FG (Sorting+Packing)
QWIKSNAX ALMONDS & CASHEWS MIX-25G,,4,PM24-Qwik Sanx Cashew & Almond Pouch Roll 25g,pm,,0.002,1,PM Store,Final FG (packing)
QWIKSNAX ALMONDS & CASHEWS MIX-25G,,5,PM24-D Mart Qwik Snax Monocarton,pm,,0.1,1,PM Store,Final FG (packing)
QWIKSNAX ALMONDS & CASHEWS MIX-25G,,6,PM24-5ply Carton D mart Qwik Snack Almonds Cashews Mix,pm,,0.0125,1,PM Store,Final FG (packing)
QWIKSNAX CRANBERRIES CHTPTA MIX-30G,,1,Dried Cranberry Sliced,rm,,0.0261,1,Factory,Final FG (Sorting+Packing)
QWIKSNAX CRANBERRIES CHTPTA MIX-30G,,2,Refined Fine Powder Iodized Salt Prime,rm,,0.0039,1,Factory,Final FG (Sorting+Packing)
QWIKSNAX CRANBERRIES CHTPTA MIX-30G,,3,PM24-Qwik Sanx Chatpata Cranberry 30g Pouch Roll,pm,,0.002,1,PM Store,Final FG (packing)
QWIKSNAX CRANBERRIES CHTPTA MIX-30G,,4,PM24-D Mart Qwik Snax Monocarton,pm,,0.1,1,PM Store,Final FG (packing)
QWIKSNAX CRANBERRIES CHTPTA MIX-30G,,5,PM24-5ply Carton D mart Qwik Snack Cranberry Chatpata,pm,,0.0125,1,PM Store,Final FG (packing)
Raisins 200G (B07GRBFFMR) FBA,D: Pack-only,1,Indian Green Raisins,rm,,0.2,1,Factory,Final FG (Sorting+Packing)
Red Dates Seedless 500 Gm,B: Transform->Pack (in-line),1,Wet Dates Seedless Khalas,rm,,0.575,1,Factory,Create WIP
Red Dates Seedless 500 Gm,B: Transform->Pack (in-line),2,PM24-Big Basket-Red Dates Pouch 500 gm,pm,,1,1,PM Store,Final FG (packing)
Red Dates Seedless 500 Gm,B: Transform->Pack (in-line),3,PM24-3 Ply Carton CF24 10 Kg (390x290x220mm) 10000 gm -Unprinted,pm,,0.05,1,PM Store,Final FG (packing)
Rhine Valley Almond & Coffee Date Bar 50gm,B: Transform->Pack (in-line),1,AL Barakah Date Paste,rm,,0.018,1,Factory,Create WIP
Rhine Valley Almond & Coffee Date Bar 50gm,B: Transform->Pack (in-line),2,American Almonds Tukda,rm,,0.016,1,Factory,Create WIP
Rhine Valley Almond & Coffee Date Bar 50gm,B: Transform->Pack (in-line),3,Cashew Tukda,rm,,0.013,1,Factory,Create WIP
Rhine Valley Almond & Coffee Date Bar 50gm,B: Transform->Pack (in-line),4,Coffee Beans,rm,,0.001,1,Factory,Create WIP
Rhine Valley Almond & Coffee Date Bar 50gm,B: Transform->Pack (in-line),5,COFFEE EXT AQU ALC - 4010000239,rm,,0.001,1,Factory,Create WIP
Rhine Valley Almond & Coffee Date Bar 50gm,B: Transform->Pack (in-line),6,Rhine Valley Almond & Coffee Date Bar 50gm,fg,,1,1,Factory,Create WIP
Rhine Valley Almond & Coffee Date Bar 50gm,B: Transform->Pack (in-line),7,PM24-Rhine Valley Almond & Coffee Bar Pouch Roll 50gm,pm,,0.1,1,Factory,Final FG (packing)
Rhine Valley Almond & Coffee Date Bar 50gm,B: Transform->Pack (in-line),8,PM24-5 Ply Carton CF24 10kg (390X290X220) (D Mart)-Unprinted,pm,,0.05,1,Factory,Final FG (packing)
Rhine Valley Almond & Cranberry Date Bar 50gm,B: Transform->Pack (in-line),1,AL Barakah Date Paste,rm,,0.0167,1,Factory,Create WIP
Rhine Valley Almond & Cranberry Date Bar 50gm,B: Transform->Pack (in-line),2,Almond Sliced,sfg,SFG0012,0.0167,1,Factory,Final FG (opening RM)
Rhine Valley Almond & Cranberry Date Bar 50gm,B: Transform->Pack (in-line),3,Cranberry Slice Apple Infused,rm,,0.0167,1,Factory,Create WIP
Rhine Valley Almond & Cranberry Date Bar 50gm,B: Transform->Pack (in-line),4,PM24-Cococart-Almond Cranberry Digital,pm,,0.002,1,Factory,Final FG (packing)
Rhine Valley Almond & Cranberry Date Bar 50gm,B: Transform->Pack (in-line),5,Cranberry Flavour 280619,rm,,0.0001,1,Factory,Create WIP
Rhine Valley Almond & Cranberry Date Bar 50gm,B: Transform->Pack (in-line),6,PM24-5 Ply Carton CF24 10kg (390X290X220) (D Mart)-Unprinted,pm,,0.005,1,Factory,Final FG (packing)
Rhine Valley Almond & Orange Dark Chocolate Date Bar 50gm,B: Transform->Pack (in-line),1,AL Barakah Date Paste,rm,,0.017,1,Factory,Create WIP
Rhine Valley Almond & Orange Dark Chocolate Date Bar 50gm,B: Transform->Pack (in-line),2,American Almonds Tukda,rm,,0.017,1,Factory,Create WIP
Rhine Valley Almond & Orange Dark Chocolate Date Bar 50gm,B: Transform->Pack (in-line),3,Orange Slice / Pieces,rm,,0.009,1,Factory,Create WIP
Rhine Valley Almond & Orange Dark Chocolate Date Bar 50gm,B: Transform->Pack (in-line),4,Morde Dark Chocolate - CHD45,rm,,0.007,1,Factory,Create WIP
Rhine Valley Almond & Orange Dark Chocolate Date Bar 50gm,B: Transform->Pack (in-line),5,PM24-Cococart-Almond And Orange Digital,pm,,0.002,1,Factory,Final FG (packing)
Rhine Valley Almond & Orange Dark Chocolate Date Bar 50gm,B: Transform->Pack (in-line),6,Orange Flavour 220509,rm,,0.0001,1,Factory,Create WIP
Rhine Valley Almond & Orange Dark Chocolate Date Bar 50gm,B: Transform->Pack (in-line),7,PM24-5 Ply Carton CF24 10kg (390X290X220) (D Mart)-Unprinted,pm,,0.05,1,Factory,Final FG (packing)
Rhine Valley Barbeque Trail Mix 100gm,B: Transform->Pack (in-line),1,American Almonds Running 25-27 count,rm,,0.013,1,Factory,Create WIP
Rhine Valley Barbeque Trail Mix 100gm,B: Transform->Pack (in-line),2,Cashew 320,rm,,0.0148,1,Factory,Create WIP
Rhine Valley Barbeque Trail Mix 100gm,B: Transform->Pack (in-line),3,Pecan Nuts,rm,,0.0093,1,Factory,Create WIP
Rhine Valley Barbeque Trail Mix 100gm,B: Transform->Pack (in-line),4,Pista Kernel,rm,,0.0093,1,Factory,Create WIP
Rhine Valley Barbeque Trail Mix 100gm,B: Transform->Pack (in-line),5,Pumpkin Seed 12%,rm,,0.0102,1,Factory,Create WIP
Rhine Valley Barbeque Trail Mix 100gm,B: Transform->Pack (in-line),6,Sunflower Seeds,rm,,0.0102,1,Factory,Create WIP
Rhine Valley Barbeque Trail Mix 100gm,B: Transform->Pack (in-line),7,Indian Green Raisins,rm,,0.0093,1,Factory,Create WIP
Rhine Valley Barbeque Trail Mix 100gm,B: Transform->Pack (in-line),8,Afghan Black Raisins Seedless 1*2,rm,,0.0093,1,Factory,Create WIP
Rhine Valley Barbeque Trail Mix 100gm,B: Transform->Pack (in-line),9,Cranberry Slice Apple Infused,rm,,0.0093,1,Factory,Create WIP
Rhine Valley Barbeque Trail Mix 100gm,B: Transform->Pack (in-line),10,Smokey BBQ seasoning,rm,,0.0056,1,Factory,Create WIP
Rhine Valley Barbeque Trail Mix 100gm,B: Transform->Pack (in-line),11,PM24-Rhine Valley Peri Peri Trail Mix 100 gm Pouch Digital,pm,,1,1,Factory,Final FG (packing)
Rhine Valley Barbeque Trail Mix 100gm,B: Transform->Pack (in-line),12,PM24-3 Ply Carton CF24 10 Kg (390x290x220mm) 10000 gm -Unprinted,pm,,0.01,1,Factory,Final FG (packing)
Rhine Valley Black Pepper Trail Mix 100gm,B: Transform->Pack (in-line),1,American Almonds Running 25-27 count,rm,,0.013,1,Factory,Create WIP
Rhine Valley Black Pepper Trail Mix 100gm,B: Transform->Pack (in-line),2,Cashew 320,rm,,0.0148,1,Factory,Create WIP
Rhine Valley Black Pepper Trail Mix 100gm,B: Transform->Pack (in-line),3,Pecan Nuts,rm,,0.0093,1,Factory,Create WIP
Rhine Valley Black Pepper Trail Mix 100gm,B: Transform->Pack (in-line),4,Pista Kernel,rm,,0.0093,1,Factory,Create WIP
Rhine Valley Black Pepper Trail Mix 100gm,B: Transform->Pack (in-line),5,Pumpkin Seed 12%,rm,,0.0102,1,Factory,Create WIP
Rhine Valley Black Pepper Trail Mix 100gm,B: Transform->Pack (in-line),6,Sunflower Seeds,rm,,0.0102,1,Factory,Create WIP
Rhine Valley Black Pepper Trail Mix 100gm,B: Transform->Pack (in-line),7,Indian Green Raisins,rm,,0.0093,1,Factory,Create WIP
Rhine Valley Black Pepper Trail Mix 100gm,B: Transform->Pack (in-line),8,Afghan Black Raisins Seedless 1*2,rm,,0.0093,1,Factory,Create WIP
Rhine Valley Black Pepper Trail Mix 100gm,B: Transform->Pack (in-line),9,Cranberry Slice Apple Infused,rm,,0.0093,1,Factory,Create WIP
Rhine Valley Black Pepper Trail Mix 100gm,B: Transform->Pack (in-line),10,Black Pepper Seasoning,rm,,0.0056,1,Factory,Create WIP
Rhine Valley Black Pepper Trail Mix 100gm,B: Transform->Pack (in-line),11,PM24-Rhine Valley Peri Peri Trail Mix 100 gm Pouch Digital,pm,,1,1,Factory,Final FG (packing)
Rhine Valley Black Pepper Trail Mix 100gm,B: Transform->Pack (in-line),12,PM24-3 Ply Carton CF24 10 Kg (390x290x220mm) 10000 gm -Unprinted,pm,,0.01,1,Factory,Final FG (packing)
Rhine Valley Fruit & Nut Date Bar 50gm,B: Transform->Pack (in-line),1,AL Barakah Date Paste,rm,,0.018,1,Factory,Create WIP
Rhine Valley Fruit & Nut Date Bar 50gm,B: Transform->Pack (in-line),2,Almond Sliced,sfg,SFG0012,0.01,1,Factory,Final FG (opening RM)
Rhine Valley Fruit & Nut Date Bar 50gm,B: Transform->Pack (in-line),3,Pista Kernal Tukda,rm,,0.005,1,Factory,Create WIP
Rhine Valley Fruit & Nut Date Bar 50gm,B: Transform->Pack (in-line),4,Cashew Tukda,rm,,0.006,1,Factory,Create WIP
Rhine Valley Fruit & Nut Date Bar 50gm,B: Transform->Pack (in-line),5,Cranberry Slice Apple Infused,rm,,0.004,1,Factory,Create WIP
Rhine Valley Fruit & Nut Date Bar 50gm,B: Transform->Pack (in-line),6,GREEK DARK SEEDLESS RAISINS (Black Currant),rm,,0.008,1,Factory,Create WIP
Rhine Valley Fruit & Nut Date Bar 50gm,B: Transform->Pack (in-line),7,PM24-Cococart-Fruit And Nut Digital,pm,,0.002,1,Factory,Final FG (packing)
Rhine Valley Fruit & Nut Date Bar 50gm,B: Transform->Pack (in-line),8,VANILLA LIQUID EXTRACT,rm,,0.0001,1,Factory,Create WIP
Rhine Valley Himalayan Pink Salt Trail Mix 100gm,B: Transform->Pack (in-line),1,American Almonds Running 25-27 count,rm,,0.013,1,Factory,Create WIP
Rhine Valley Himalayan Pink Salt Trail Mix 100gm,B: Transform->Pack (in-line),2,Cashew 320,rm,,0.0148,1,Factory,Create WIP
Rhine Valley Himalayan Pink Salt Trail Mix 100gm,B: Transform->Pack (in-line),3,Pecan Nuts,rm,,0.0093,1,Factory,Create WIP
Rhine Valley Himalayan Pink Salt Trail Mix 100gm,B: Transform->Pack (in-line),4,Pista Kernel,rm,,0.0093,1,Factory,Create WIP
Rhine Valley Himalayan Pink Salt Trail Mix 100gm,B: Transform->Pack (in-line),5,Pumpkin Seed 12%,rm,,0.0102,1,Factory,Create WIP
Rhine Valley Himalayan Pink Salt Trail Mix 100gm,B: Transform->Pack (in-line),6,Sunflower Seeds,rm,,0.0102,1,Factory,Create WIP
Rhine Valley Himalayan Pink Salt Trail Mix 100gm,B: Transform->Pack (in-line),7,Indian Green Raisins,rm,,0.0093,1,Factory,Create WIP
Rhine Valley Himalayan Pink Salt Trail Mix 100gm,B: Transform->Pack (in-line),8,Afghan Black Raisins Seedless 1*2,rm,,0.0093,1,Factory,Create WIP
Rhine Valley Himalayan Pink Salt Trail Mix 100gm,B: Transform->Pack (in-line),9,Cranberry Slice Apple Infused,rm,,0.0093,1,Factory,Create WIP
Rhine Valley Himalayan Pink Salt Trail Mix 100gm,B: Transform->Pack (in-line),10,Pink Salt.,rm,,0.0056,1,Factory,Create WIP
Rhine Valley Himalayan Pink Salt Trail Mix 100gm,B: Transform->Pack (in-line),11,PM24-Rhine Valley Peri Peri Trail Mix 100 gm Pouch Digital,pm,,1,1,Factory,Final FG (packing)
Rhine Valley Himalayan Pink Salt Trail Mix 100gm,B: Transform->Pack (in-line),12,PM24-3 Ply Carton CF24 10 Kg (390x290x220mm) 10000 gm -Unprinted,pm,,0.01,1,Factory,Final FG (packing)
Rhine Valley Masala Trail mix 100g,B: Transform->Pack (in-line),1,Millennium Nut Mix,fg,,0.099,1,Factory,Create WIP
Rhine Valley Masala Trail mix 100g,B: Transform->Pack (in-line),2,KHUS KHUS / POPPY SEEDS,rm,,0.001,1,Factory,Create WIP
Rhine Valley Masala Trail mix 100g,B: Transform->Pack (in-line),3,PM24-Rhine Valley Peri Peri Trail Mix 100 gm Pouch Digital,pm,,1,1,Factory,Final FG (packing)
Rhine Valley Masala Trail mix 100g,B: Transform->Pack (in-line),4,PM24-3 Ply Carton CF24 10 Kg (390x290x220mm) 10000 gm -Unprinted,pm,,0.01,1,Factory,Final FG (packing)
Rhine Valley Peri Peri Trail Mix 100gm,B: Transform->Pack (in-line),1,American Almonds Running 25-27 count,rm,,0.013,1,Factory,Create WIP
Rhine Valley Peri Peri Trail Mix 100gm,B: Transform->Pack (in-line),2,Cashew 320,rm,,0.0148,1,Factory,Create WIP
Rhine Valley Peri Peri Trail Mix 100gm,B: Transform->Pack (in-line),3,Pecan Nuts,rm,,0.0093,1,Factory,Create WIP
Rhine Valley Peri Peri Trail Mix 100gm,B: Transform->Pack (in-line),4,Pista Kernel,rm,,0.0093,1,Factory,Create WIP
Rhine Valley Peri Peri Trail Mix 100gm,B: Transform->Pack (in-line),5,Sunflower Seeds,rm,,0.0102,1,Factory,Create WIP
Rhine Valley Peri Peri Trail Mix 100gm,B: Transform->Pack (in-line),6,Afghan Raisins 1*2 Green round,rm,,0.0093,1,Factory,Create WIP
Rhine Valley Peri Peri Trail Mix 100gm,B: Transform->Pack (in-line),7,Afghan Black Raisins Seedless 1*2,rm,,0.0093,1,Factory,Create WIP
Rhine Valley Peri Peri Trail Mix 100gm,B: Transform->Pack (in-line),8,Dried Blueberry Apple Infused,rm,,0.0093,1,Factory,Create WIP
Rhine Valley Peri Peri Trail Mix 100gm,B: Transform->Pack (in-line),9,Peri Peri Marination Seasoning,rm,,0.0056,1,Factory,Create WIP
Rhine Valley Peri Peri Trail Mix 100gm,B: Transform->Pack (in-line),10,Pumpkin Seed 12%,rm,,0.0102,1,Factory,Create WIP
Rhine Valley Peri Peri Trail Mix 100gm,B: Transform->Pack (in-line),11,PM24-Rhine Valley Peri Peri Trail Mix 100 gm Pouch Digital,pm,,1,1,Factory,Final FG (packing)
Rhine Valley Peri Peri Trail Mix 100gm,B: Transform->Pack (in-line),12,PM24-3 Ply Carton CF24 10 Kg (390x290x220mm) 10000 gm -Unprinted,pm,,0.01,1,Factory,Final FG (packing)
"Rhine Valley Raspberry, Almond & Dark Chocolate Date Bar 50gm",B: Transform->Pack (in-line),1,AL Barakah Date Paste,rm,,0.018,1,Factory,Create WIP
"Rhine Valley Raspberry, Almond & Dark Chocolate Date Bar 50gm",B: Transform->Pack (in-line),2,American Almonds Tukda,rm,,0.024,1,Factory,Create WIP
"Rhine Valley Raspberry, Almond & Dark Chocolate Date Bar 50gm",B: Transform->Pack (in-line),3,Morde Dark Chocolate - CHD55,rm,,0.008,1,Factory,Create WIP
"Rhine Valley Raspberry, Almond & Dark Chocolate Date Bar 50gm",B: Transform->Pack (in-line),4,Raspberry Flavour 240323,rm,,0.0001,1,Factory,Create WIP
"Rhine Valley Raspberry, Almond & Dark Chocolate Date Bar 50gm",B: Transform->Pack (in-line),5,PM24-Cococart-Raspberry Almond Digital,pm,,0.0002,1,PM Store,Final FG (packing)
"Rhine Valley Raspberry, Almond & Dark Chocolate Date Bar 50gm",B: Transform->Pack (in-line),6,PM24-5 Ply Carton CF24 10kg (390X290X220) (D Mart)-Unprinted,pm,,0.005,1,PM Store,Final FG (packing)
Rhine Valley Rose & Pistachio Date Bar 50gm,B: Transform->Pack (in-line),1,AL Barakah Date Paste,rm,,0.017,1,Factory,Create WIP
Rhine Valley Rose & Pistachio Date Bar 50gm,B: Transform->Pack (in-line),2,American Almonds Tukda,rm,,0.018,1,Factory,Create WIP
Rhine Valley Rose & Pistachio Date Bar 50gm,B: Transform->Pack (in-line),3,California Pista Inshell,rm,,0.014,1,Factory,Create WIP
Rhine Valley Rose & Pistachio Date Bar 50gm,B: Transform->Pack (in-line),4,Rose Flavour 060721,rm,,0.0001,1,Factory,Create WIP
Rhine Valley Rose & Pistachio Date Bar 50gm,B: Transform->Pack (in-line),5,Rose Petals,rm,,0.0001,1,Factory,Create WIP
Rhine Valley Rose & Pistachio Date Bar 50gm,B: Transform->Pack (in-line),6,PM24-Rhine Valley Rose & Pistachio Bar Pouch Roll 50gm,pm,,0.002,1,Factory,Final FG (packing)
Rhine Valley Rose & Pistachio Date Bar 50gm,B: Transform->Pack (in-line),7,PM24-3 Ply Carton CF24 10 Kg (390x290x220mm) 10000 gm -Unprinted,pm,,0.005,1,Factory,Final FG (packing)
Roasted & Salted Almonds,C: Pack of existing SFG,1,American Almonds Running 25-27 count,rm,,1.01,1,Factory,Final FG (Sorting+Packing)
Roasted & Salted Almonds,C: Pack of existing SFG,2,Refined Fine Powder Iodized Salt Prime,rm,,0.02,1,Factory,Final FG (Sorting+Packing)
Roasted & Salted Almonds,C: Pack of existing SFG,3,PM24-3 Ply Carton CF24 10 Kg (390x290x220mm) 10000 gm -Unprinted,pm,,0.1,1,Factory,Final FG (packing)
Roasted & Salted Almonds 140g,C: Pack of existing SFG,1,Roasted & Salted Almonds Bulk,sfg,SFG0261,0.14,1,Factory,Final FG (opening RM)
Roasted & Salted Almonds 140g,C: Pack of existing SFG,2,PM24-Vacuum Pouch-130 x190mm 100 gm,pm,,1,1,PM Store,Final FG (packing)
Roasted & Salted Almonds 75g,C: Pack of existing SFG,1,Roasted & Salted Almonds Bulk,sfg,SFG0261,0.075,1,Factory,Final FG (opening RM)
Roasted & Salted Almonds 75g,C: Pack of existing SFG,2,PM24-Vacuum Pouch-130 x190mm 100 gm,pm,,1,1,PM Store,Final FG (packing)
Roasted & Salted Almonds 90g,C: Pack of existing SFG,1,Roasted & Salted Almonds Bulk,sfg,SFG0261,0.09,1,Factory,Final FG (opening RM)
Roasted & Salted Almonds 90g,C: Pack of existing SFG,2,PM24-Vacuum Pouch-130 x190mm 100 gm,pm,,1,1,PM Store,Final FG (packing)
Roasted & Salted Almonds Bulk,D: Pack-only,1,American Almonds Running 25-27 count,rm,,1,1,Factory,Final FG (Sorting+Packing)
Roasted & Salted Cashew,C: Pack of existing SFG,1,Roasted & Salted Cashew Bulk,sfg,SFG0262,1,1,Factory,Final FG (opening RM)
Roasted & Salted Cashew,C: Pack of existing SFG,2,PM24-3 Ply Carton CF24 10 Kg (390x290x220mm) 10000 gm -Unprinted,pm,,0.1,1,Factory,Final FG (packing)
Roasted & Salted Cashew,C: Pack of existing SFG,3,Cashew 210,rm,,0.9809,1,Factory,Final FG (Sorting+Packing)
Roasted & Salted Cashew,C: Pack of existing SFG,4,Pink Salt.,rm,,0.019,1,Factory,Final FG (Sorting+Packing)
Roasted & Salted Cashew,C: Pack of existing SFG,5,PM24-3 Ply Carton CF24 10 Kg (390x290x220mm) 10000 gm -Unprinted,pm,,0.1,1,Factory,Final FG (packing)
Roasted & Salted Cashew  140g,C: Pack of existing SFG,1,Roasted & Salted Cashew Bulk,sfg,SFG0262,0.14,1,Factory,Final FG (opening RM)
Roasted & Salted Cashew  140g,C: Pack of existing SFG,2,PM24-Vacuum Pouch-130 x190mm 100 gm,pm,,1,1,PM Store,Final FG (packing)
Roasted & Salted Cashew 75gm,C: Pack of existing SFG,1,Roasted & Salted Cashew Bulk,sfg,SFG0262,0.075,1,Factory,Final FG (opening RM)
Roasted & Salted Cashew 75gm,C: Pack of existing SFG,2,PM24-Vacuum Pouch-130 x190mm 100 gm,pm,,1,1,PM Store,Final FG (packing)
Roasted & Salted Cashew 90gm,C: Pack of existing SFG,1,Roasted & Salted Cashew Bulk,sfg,SFG0262,0.09,1,Factory,Final FG (opening RM)
Roasted & Salted Cashew 90gm,C: Pack of existing SFG,2,PM24-Vacuum Pouch-130 x190mm 100 gm,pm,,1,1,PM Store,Final FG (packing)
Roasted & Salted Cashew Bulk,A: WIP producer (bulk),1,Cashew 320,rm,,1,1,Factory,Create WIP
Roasted & Salted Cashew Bulk,A: WIP producer (bulk),2,Refined Fine Powder Iodized Salt Prime,rm,,0.02,1,Factory,Create WIP
Roasted & Salted Pecan Nuts 75gm,B: Transform->Pack (in-line),1,Pecan Nuts,rm,,0.075,1,Factory,Create WIP
Roasted & Salted Pecan Nuts 75gm,B: Transform->Pack (in-line),2,Refined Fine Powder Iodized Salt Prime,rm,,0.002,1,Factory,Create WIP
Roasted & Salted Pecan Nuts 75gm,B: Transform->Pack (in-line),3,PM24-Vacuum Pouch-130 x190mm 100 gm,pm,,1,1,PM Store,Final FG (packing)
Roasted & Salted Pista 230g,B: Transform->Pack (in-line),1,California Pista Inshell,rm,,0.23,1,Factory,Create WIP
Roasted & Salted Pista 230g,B: Transform->Pack (in-line),2,PM24-Pet Jar 250 gm,pm,,1,1,PM Store,Final FG (packing)
Roasted & Salted Pista 75gm,,1,California Pista Inshell,rm,,0.075,1,Factory,Final FG (Sorting+Packing)
Roasted & Salted Pista 75gm,,2,PM24-Pet 100 gm,pm,,1,1,PM Store,Final FG (packing)
Roasted Black Sesame (Kale Til) Seeds,B: Transform->Pack (in-line),1,Black Sesame seeds - Kali Til,rm,,1,1,Factory,Create WIP
Roasted Cashew Bulk,D: Pack-only,1,Cashew 320,rm,,1,1,Factory,Final FG (Sorting+Packing)
Roasted Flax Seeds,B: Transform->Pack (in-line),1,Flax Seeds (Alsi),rm,,1,1,Factory,Create WIP
Roasted Independence Almonds Bulk,D: Pack-only,1,Independence Almonds,rm,,1,1,Factory,Final FG (Sorting+Packing)
Roasted Makhana,B: Transform->Pack (in-line),1,Makhana 4+ Sutta,rm,,1,1,Factory,Create WIP
Roasted Peanuts,B: Transform->Pack (in-line),1,Peanuts,rm,,1,1,Factory,Create WIP
Roasted Peanuts Split,B: Transform->Pack (in-line),1,Roasted Peanuts,rm,,1,1,Factory,Create WIP
Roasted Peanuts Split,B: Transform->Pack (in-line),2,Salt,rm,,0.01,1,Factory,Create WIP
Roasted Poppy Seed,B: Transform->Pack (in-line),1,KHUS KHUS / POPPY SEEDS,rm,,1,1,Factory,Create WIP
Roasted Salted Flax Seeds,B: Transform->Pack (in-line),1,Flax Seeds (Alsi),rm,,1,1,Factory,Create WIP
Roasted Salted Flax Seeds,B: Transform->Pack (in-line),2,PM24-5 Ply Carton CF24 10kg (390X290X220) (D Mart)-Unprinted,pm,,0.1,1,Factory,Final FG (packing)
Roasted Salted Flax Seeds,B: Transform->Pack (in-line),3,PM24-10Kg Candor Print LD Pouch (18.5x26) 10 Kg,pm,,0.1,1,Factory,Final FG (packing)
Roasted White Sesame (Safed Til) Seeds,B: Transform->Pack (in-line),1,Sesame Seeds (White Til),rm,,1,1,Factory,Create WIP
Royal Delight Ajwa Dates 250 Gms,D: Pack-only,1,Ajwa Dates,rm,,0.25,1,Factory,Final FG (Sorting+Packing)
Royal Delight Ajwa Dates 250 Gms,D: Pack-only,2,PM24-Royal Delight Ajwa Pouch 250 gm,pm,,1,1,Factory,Final FG (packing)
Royal Delight Ajwa Dates 250 Gms,D: Pack-only,3,PM24-3 Ply Carton CF24 10 Kg (390x290x220mm) 10000 gm -Unprinted,pm,,0.025,1,Factory,Final FG (packing)
Royal Delight Ajwa Dates 500gm,,1,Ajwa Dates,rm,,0.5,1,Factory,Final FG (Sorting+Packing)
Royal Delight Ajwa Dates 500gm,,2,PM24-Royal Delight Ajwa Dates Top 500 gm,pm,,1,1,PM Store,Final FG (packing)
Royal Delight Ajwa Dates 500gm,,3,PM24-3 Ply Carton CF21 Walnut Carton (445X310X305MM)-Unprinted,pm,,0.05,1,PM Store,Final FG (packing)
Royal Delight Arabian Dates 200gm,D: Pack-only,1,AL BARAKAH FARD DATES STANDARD,rm,,0.2,1,Factory,Final FG (Sorting+Packing)
Royal Delight Arabian Dates 200gm,D: Pack-only,2,PM24-Royal Delight Arabian Dates Pouch (150mm x 225mm) 250 gm,pm,,1,1,PM Store,Final FG (packing)
Royal Delight Arabian Dates 200gm,D: Pack-only,3,PM24-3 Ply Carton CF24 10 Kg (390x290x220mm) 10000 gm-Printed,pm,,0.042,1,PM Store,Final FG (packing)
Royal Delight Arabian Dates 250g,D: Pack-only,1,Wet Dates Khalas,rm,,0.25,1,Factory,Final FG (Sorting+Packing)
Royal Delight Arabian Dates 250g,D: Pack-only,2,PM24-Royal Delight Arabian Dates Pouch (150mm x 225mm) 250 gm,pm,,1,1,Factory,Final FG (packing)
Royal Delight Arabian Dates 250g,D: Pack-only,3,PM24-3 Ply Carton CF24 10 Kg (390x290x220mm) 10000 gm-Printed,pm,,0.042,1,Factory,Final FG (packing)
Royal Delight Arabian Dates 300gm,,1,AL BARAKAH BARHI DATES 10KG,rm,,0.3,1,Factory,Final FG (Sorting+Packing)
Royal Delight Arabian Dates 300gm,,2,PM24-Royal Delight Arabian Dates Pouch (150mm x 225mm) 250 gm,pm,,1,1,PM Store,Final FG (packing)
Royal Delight Arabian Dates 300gm,,3,PM24-3 Ply Carton CF24 10 Kg (390x290x220mm) 10000 gm -Unprinted,pm,,0.036,1,PM Store,Final FG (packing)
Royal Delight Arabian Dates 500gm,D: Pack-only,1,AL BARAKAH BARHI DATES 10KG,rm,,0.5,1,Factory,Final FG (Sorting+Packing)
Royal Delight Arabian Dates 500gm,D: Pack-only,2,PM24-Royal Delight Arabian Dates 2 Ply Sealing Standy Zipper Pouch (240mmx185mm) 500 gm,pm,,1,1,Factory,Final FG (packing)
Royal Delight Arabian Dates 500gm,D: Pack-only,3,PM24-3 Ply Carton CF24 10 Kg (390x290x220mm) 10000 gm-Printed,pm,,0.05,1,Factory,Final FG (packing)
Royal Delight Assorted Dates 500gm,D: Pack-only,1,Medjoul Dates Large,rm,,0.15,1,Factory,Final FG (Sorting+Packing)
Royal Delight Assorted Dates 500gm,D: Pack-only,2,Wet Dates Safavi,rm,,0.15,1,Factory,Final FG (Sorting+Packing)
Royal Delight Assorted Dates 500gm,D: Pack-only,3,Deri Dates,rm,,0.2,1,Factory,Final FG (Sorting+Packing)
Royal Delight Assorted Dates 500gm,D: Pack-only,4,PM24-Royal Delight Assorted Dates Top 500 gm,pm,,1,1,PM Store,Final FG (packing)
Royal Delight Assorted Dates 500gm,D: Pack-only,5,PM24-Royal Delight Assorted Dates Top 500 gm,pm,,1,1,PM Store,Final FG (packing)
Royal Delight Assorted Dates 500gm,D: Pack-only,6,PM24-3 Ply Carton CF21 Walnut Carton (445X310X305MM)-Unprinted,pm,,0.05,1,PM Store,Final FG (packing)
Royal Delight Dates Ajwa 800g,D: Pack-only,1,Ajwa Dates,rm,,0.8,1,Factory,Final FG (Sorting+Packing)
Royal Delight Dates Ajwa 800g,D: Pack-only,2,PM24-Pet 800 gm Regular (cred),pm,,1,1,PM Store,Final FG (packing)
Royal Delight Dates Ajwa 800g,D: Pack-only,3,PM24-3 Ply Carton CF24 10 Kg (390x290x220mm) 10000 gm -Unprinted,pm,,0.08,1,PM Store,Final FG (packing)
Royal Delight Dates Medjool Medium 250g,D: Pack-only,1,Medjoul Dates Medium,rm,,0.25,1,Factory,Final FG (Sorting+Packing)
Royal Delight Dates Medjool Medium 250g,D: Pack-only,2,PM24-Royal DelightMedjoul Pouch 250 gm,pm,,1,1,PM Store,Final FG (packing)
Royal Delight Dates Medjool Medium 250g,D: Pack-only,3,PM24-3 Ply Carton CF24 10 Kg (390x290x220mm) 10000 gm -Unprinted,pm,,0.04,1,PM Store,Final FG (packing)
Royal Delight Kimia Dates 1kg,D: Pack-only,1,Mazafati Dates,rm,,1,1,Factory,Final FG (Sorting+Packing)
Royal Delight Kimia Dates 1kg,D: Pack-only,2,PM24-Royal Delight Kimia Dates Top 1000 gm,pm,,1,1,Factory,Final FG (packing)
Royal Delight Kimia Dates 1kg,D: Pack-only,3,PM24-Bottom Dates Plain 1 Kg,pm,,1,1,Factory,Final FG (packing)
Royal Delight Kimia Dates 1kg,D: Pack-only,4,PM24-3 Ply Carton CF24 10 Kg (390x290x220mm) 10000 gm-Printed,pm,,0.05,1,Factory,Final FG (packing)
Royal Delight Kimia Dates 1kg,D: Pack-only,5,"PM24-13""CT 303 Shrink Film ( For 500 gm) Cryovac® Brand, 11/12 Micron-1900 Mtr. 500 gm",pm,,0.0034,1,Factory,Final FG (packing)
Royal Delight Kimia Dates 350gm,D: Pack-only,1,Mazafati Dates,rm,,0.399,1,Factory,Final FG (Sorting+Packing)
Royal Delight Kimia Dates 350gm,D: Pack-only,2,PM24-Royal Delight Kimia Dates Top 1000 gm,pm,,1,1,Factory,Final FG (packing)
Royal Delight Kimia Dates 350gm,D: Pack-only,3,PM24-3 Ply Carton CF24 10 Kg (390x290x220mm) 10000 gm-Printed,pm,,0.042,1,Factory,Final FG (packing)
Royal Delight Mabroom Dates 250 Gms,D: Pack-only,1,Mabroom Dates,rm,,0.25,1,Factory,Final FG (Sorting+Packing)
Royal Delight Mabroom Dates 250 Gms,D: Pack-only,2,PM24-Royal Delight Mabroom Pouch 250 gm,pm,,1,1,Factory,Final FG (packing)
Royal Delight Mabroom Dates 250 Gms,D: Pack-only,3,PM24-3 Ply Carton CF24 10 Kg (390x290x220mm) 10000 gm -Unprinted,pm,,0.042,1,Factory,Final FG (packing)
Royal Delight Medjool Dates 800g,D: Pack-only,1,AL BARAKAH MEDJOOL WET DATES PREMIUM,rm,,0.81,1,Factory,Final FG (Sorting+Packing)
Royal Delight Medjool Dates 800g,D: Pack-only,2,PM24-Pet 800 gm Regular (cred),pm,,1,1,Factory,Final FG (packing)
Royal Delight Medjool Dates 800g,D: Pack-only,3,PM24-3 Ply Carton CF24 10 Kg (390x290x220mm) 10000 gm-Printed,pm,,0.08,1,Factory,Final FG (packing)
Royal Delight Medjoul Dates 250 Gms,D: Pack-only,1,Medjoul Dates Medium,rm,,0.26,1,Factory,Final FG (Sorting+Packing)
Royal Delight Medjoul Dates 250 Gms,D: Pack-only,2,PM24-Royal DelightMedjoul Pouch 250 gm,pm,,1,1,Factory,Final FG (packing)
Royal Delight Medjoul Dates 250 Gms,D: Pack-only,3,PM24-3 Ply Carton CF24 10 Kg (390x290x220mm) 10000 gm-Printed,pm,,0.025,1,Factory,Final FG (packing)
Royal delight Medjoul Dates 400gm,D: Pack-only,1,Medjoul Dates Medium,rm,,0.41,1,Factory,Final FG (Sorting+Packing)
Royal delight Medjoul Dates 400gm,D: Pack-only,2,PM24-Royal Delight Bottom Printed 500 gm,pm,,1,1,PM Store,Final FG (packing)
Royal delight Medjoul Dates 400gm,D: Pack-only,3,PM24-Royal Delight Medjool Dates Top (Brown) (Cred) 400 gm,pm,,1,1,PM Store,Final FG (packing)
Royal delight Medjoul Dates 400gm,D: Pack-only,4,PM24-3 Ply Carton CF24 10 Kg (390x290x220mm) 10000 gm-Printed,pm,,0.05,1,PM Store,Final FG (packing)
Royal Delight Oman Dates 1 Kgs,D: Pack-only,1,Oman Dates,rm,,1.08,1,Factory,Final FG (Sorting+Packing)
Royal Delight Oman Dates 1 Kgs,D: Pack-only,2,PM24-Pet 800 gm Regular (cred),pm,,1,1,PM Store,Final FG (packing)
Royal Delight Oman Dates 1 Kgs,D: Pack-only,3,PM24-3 Ply Carton CF24 10 Kg (390x290x220mm) 10000 gm-Printed,pm,,0.1,1,PM Store,Final FG (packing)
Royal Delight Oman Dates 400 Gms,D: Pack-only,1,Oman Dates,rm,,0.4,1,Factory,Final FG (Sorting+Packing)
Royal Delight Oman Dates 400 Gms,D: Pack-only,2,PM24-Royal Delight Oman Pouch 400 gm,pm,,1,1,Factory,Final FG (packing)
Royal Delight Oman Dates 400 Gms,D: Pack-only,3,PM24-3 Ply Carton CF24 10 Kg (390x290x220mm) 10000 gm-Printed,pm,,0.05,1,Factory,Final FG (packing)
Royal Delight Oriental Dates 500gm,,1,Deri Dates,rm,,0.5,1,Factory,Final FG (Sorting+Packing)
Royal Delight Oriental Dates 500gm,,2,PM24-Royal Delight Oriental Dates Top 500 gm,pm,,1,1,PM Store,Final FG (packing)
Royal Delight Oriental Dates 500gm,,3,PM24-3 Ply Carton CF21 Walnut Carton (445X310X305MM)-Unprinted,pm,,0.05,1,PM Store,Final FG (packing)
Royal Delight Safavi Dates 250 Gms,D: Pack-only,1,Wet Dates Safavi,rm,,0.26,1,Factory,Final FG (Sorting+Packing)
Royal Delight Safavi Dates 250 Gms,D: Pack-only,2,PM24-Royal Delight Safavi Pouch 250 gm,pm,,1,1,Factory,Final FG (packing)
Royal Delight Safavi Dates 250 Gms,D: Pack-only,3,PM24-3 Ply Carton CF24 10 Kg (390x290x220mm) 10000 gm-Printed,pm,,0.042,1,Factory,Final FG (packing)
Royal Delight Safavi Dates 500gm,,1,Wet Dates Safavi,rm,,0.5,1,Factory,Final FG (Sorting+Packing)
Royal Delight Safavi Dates 500gm,,2,PM24-Royal Delight Safavi Dates Top 500 gm,pm,,1,1,PM Store,Final FG (packing)
Royal Delight Safavi Dates 500gm,,3,PM24-3 Ply Carton CF21 Walnut Carton (445X310X305MM)-Unprinted,pm,,0.05,1,PM Store,Final FG (packing)
Royal Delight Safavi Dates 5kg,D: Pack-only,1,Wet Dates Safavi,rm,,5.1,1,Factory,Final FG (Sorting+Packing)
Royal Delight Safavi Dates 5kg,D: Pack-only,2,PM24-Royal Delight Safavi 5Kg Top,pm,,1,1,Factory,Final FG (packing)
Royal Delight Stuff Medjoul Dates 21 Pcs,B: Transform->Pack (in-line),1,Medjoul Dates Medium,rm,,0.525,1,Factory,Create WIP
Royal Delight Stuffed Medjoul Dates 12 Pcs,B: Transform->Pack (in-line),1,Medjoul Dates Large,rm,,0.252,1,Factory,Create WIP
Royal Delight Stuffed Medjoul Dates 12 Pcs,B: Transform->Pack (in-line),2,PM24-12 Dates Printed Box 12 pc,pm,,1,1,Factory,Final FG (packing)
Royal Delight Stuffed Medjoul Dates 12 Pcs,B: Transform->Pack (in-line),3,PM24-3 Ply Carton CF24 10 Kg (390x290x220mm) 10000 gm -Unprinted,pm,,0.033,1,Factory,Final FG (packing)
Royal Delight Stuffed Medjoul Dates 12 Pcs,B: Transform->Pack (in-line),4,American Almonds Running 25-27 count,rm,,0.004,1,Factory,Create WIP
Royal Delight Stuffed Medjoul Dates 12 Pcs,B: Transform->Pack (in-line),5,Pecan Nuts,rm,,0.004,1,Factory,Create WIP
Royal Delight Stuffed Medjoul Dates 12 Pcs,B: Transform->Pack (in-line),6,Hazelnut Kernal,rm,,0.004,1,Factory,Create WIP
Royal Delight Stuffed Medjoul Dates 12 Pcs,B: Transform->Pack (in-line),7,Dried Pomelo,rm,,0.004,1,Factory,Create WIP
Royal Delight Stuffed Medjoul Dates 12 Pcs,B: Transform->Pack (in-line),8,Orange Slice / Pieces,rm,,0.004,1,Factory,Create WIP
Royal Delight Stuffed Medjoul Dates 12 Pcs,B: Transform->Pack (in-line),9,PISTACHIO KERNEL-PISHORI,rm,,0.004,1,Factory,Create WIP
Royal Delight Stuffed Medjul Large Dates 12 Pieces,B: Transform->Pack (in-line),1,Medjoul Dates Large,rm,,0.252,1,Factory,Create WIP
Royal Delight Stuffed Medjul Large Dates 12 Pieces,B: Transform->Pack (in-line),2,American Almonds Running 25-27 count,rm,,0.004,1,Factory,Create WIP
Royal Delight Stuffed Medjul Large Dates 12 Pieces,B: Transform->Pack (in-line),3,Pecan Nuts,rm,,0.004,1,Factory,Create WIP
Royal Delight Stuffed Medjul Large Dates 12 Pieces,B: Transform->Pack (in-line),4,Hazelnut Kernal,rm,,0.004,1,Factory,Create WIP
Royal Delight Stuffed Medjul Large Dates 12 Pieces,B: Transform->Pack (in-line),5,Dried Pomelo,rm,,0.004,1,Factory,Create WIP
Royal Delight Stuffed Medjul Large Dates 12 Pieces,B: Transform->Pack (in-line),6,Dried Orange Peel,rm,,0.004,1,Factory,Create WIP
Royal Delight Stuffed Medjul Large Dates 12 Pieces,B: Transform->Pack (in-line),7,PISTACHIO KERNEL-PISHORI,rm,,0.004,1,Factory,Create WIP
Royal Delight Stuffed Medjul Large Dates 12 Pieces,B: Transform->Pack (in-line),8,PM24-12 Dates Printed Box 12 pc,pm,,1,1,Factory,Final FG (packing)
Royal Delight Stuffed Medjul Large Dates 12 Pieces,B: Transform->Pack (in-line),9,PM24-3 Ply Carton CF24 10 Kg (390x290x220mm) 10000 gm -Unprinted,pm,,0.028,1,Factory,Final FG (packing)
Royal Delight Zahidi Dates 900g,,1,Zahidi Dates,rm,,0.9,1,Factory,Final FG (Sorting+Packing)
Royal Delight Zahidi Dates 900g,,2,PM24-Royal Delight Zahidi dates Pouch 1kg,pm,,1,1,PM Store,Final FG (packing)
Royal Delight Zahidi Dates 900g,,3,PM24-3 Ply Carton CF24 10 Kg (390x290x220mm) 10000 gm -Unprinted,pm,,0.1,1,PM Store,Final FG (packing)
Royal Traditions Almond 100g,D: Pack-only,1,American Almonds Running 25-27 count,rm,,0.1,1,Factory,Final FG (Sorting+Packing)
Royal Traditions Almond 100g,D: Pack-only,2,PM24-D Mart Royal Traditional Almonds  100g (115x160mm) Pouch,pm,,1,1,PM Store,Final FG (packing)
Royal Traditions Almonds Salted 100g,C: Pack of existing SFG,1,Roasted & Salted Almonds Bulk,sfg,SFG0261,0.1,1,Factory,Final FG (opening RM)
Royal Traditions Almonds Salted 100g,C: Pack of existing SFG,2,PM24-D Mart Royal Traditional Almonds Salted 100g (115x160mm) Pouch,pm,,1,1,Factory,Final FG (packing)
Royal Traditions Cashew 100g,D: Pack-only,1,Cashew 320,rm,,0.1,1,Factory,Final FG (Sorting+Packing)
Royal Traditions Cashew 100g,D: Pack-only,2,PM24-D Mart Royal Traditional Cashew 100g (115x160mm) Pouch,pm,,1,1,PM Store,Final FG (packing)
Royal Traditions Cashew Black Pepper 100g,C: Pack of existing SFG,1,Black Pepper Cashew Bulk,sfg,SFG0024,0.1,1,Factory,Final FG (opening RM)
Royal Traditions Cashew Black Pepper 100g,C: Pack of existing SFG,2,PM24-D Mart Royal Traditional Cashew Black Pepper 100g (115x160mm) Pouch,pm,,1,1,Factory,Final FG (packing)
Royal Traditions Cashew Salted 100g,C: Pack of existing SFG,1,Roasted & Salted Cashew Bulk,sfg,SFG0262,0.1,1,Factory,Final FG (opening RM)
Royal Traditions Cashew Salted 100g,C: Pack of existing SFG,2,PM24-D Mart Royal Traditional Cashew Salted 100g (115x160mm) Pouch,pm,,1,1,Factory,Final FG (packing)
Royal Traditions Cranberries Chatpata 100g,D: Pack-only,1,Dried Cranberry Whole,rm,,0.1,1,Factory,Final FG (Sorting+Packing)
Royal Traditions Cranberries Chatpata 100g,D: Pack-only,2,PM24-D Mart Royal Traditional Cranberries 100g (115x160mm) Pouch,pm,,1,1,Factory,Final FG (packing)
Royal Traditions Mahotsav Dry Fruits 500gm,D: Pack-only,1,Royal Traditions Cashew Salted 100g,fg,,1,1,Factory,Final FG (Sorting+Packing)
Royal Traditions Mahotsav Dry Fruits 500gm,D: Pack-only,2,Royal Traditions Cashew Black Pepper 100g,fg,,1,1,Factory,Final FG (Sorting+Packing)
Royal Traditions Mahotsav Dry Fruits 500gm,D: Pack-only,3,Royal Traditions Plain Raisins 100g,fg,,1,1,Factory,Final FG (Sorting+Packing)
Royal Traditions Mahotsav Dry Fruits 500gm,D: Pack-only,4,PM24-Royal Tradition Mahotsav 500g,pm,,1,1,PM Store,Final FG (packing)
Royal Traditions Mahotsav Dry Fruits 500gm,D: Pack-only,5,PM24-Carton D Mart  Royal Traditions Mahotsav 500g x 10,pm,,1,1,PM Store,Final FG (packing)
Royal Traditions Mahotsav Dry Fruits 500gm,D: Pack-only,6,Royal Traditions Almonds Salted 100g,fg,,1,1,Factory,Final FG (Sorting+Packing)
Royal Traditions Mahotsav Dry Fruits 500gm,D: Pack-only,7,Royal Traditions Cranberries Chatpata 100g,fg,,1,1,Factory,Final FG (Sorting+Packing)
Royal Traditions Plain Raisins 100g,D: Pack-only,1,Indian Green Raisins,rm,,0.1,1,Factory,Final FG (Sorting+Packing)
Royal Traditions Plain Raisins 100g,D: Pack-only,2,PM24-D Mart Royal Traditional Raisin Plain 100g (115x160mm) Pouch,pm,,1,1,Factory,Final FG (packing)
ROYAL TRADITIONS SHUBHKAMNA-300G (14179),D: Pack-only,1,Royal Traditions Almonds Salted 100g,fg,,1,1,Factory,Final FG (Sorting+Packing)
ROYAL TRADITIONS SHUBHKAMNA-300G (14179),D: Pack-only,2,Royal Traditions Cashew Salted 100g,fg,,1,1,Factory,Final FG (Sorting+Packing)
ROYAL TRADITIONS SHUBHKAMNA-300G (14179),D: Pack-only,3,Royal Traditions Plain Raisins 100g,fg,,1,1,Factory,Final FG (Sorting+Packing)
ROYAL TRADITIONS SHUBHKAMNA-300G (14179),D: Pack-only,4,PM24-Royal Traditions Shubhkamna 300 g laptop pack,pm,,1,1,PM Store,Final FG (packing)
ROYAL TRADITIONS SHUBHKAMNA-300G (14179),D: Pack-only,5,PM24-Carton D Mart  Royal Traditions Shubhkamna 300g x 14,pm,,0.071,1,PM Store,Final FG (packing)
Royal Traditions Tyohar 400gm,D: Pack-only,1,Royal Traditions Cashew Salted 100g,fg,,1,1,Factory,Final FG (Sorting+Packing)
Royal Traditions Tyohar 400gm,D: Pack-only,2,Royal Traditions Plain Raisins 100g,fg,,1,1,Factory,Final FG (Sorting+Packing)
Royal Traditions Tyohar 400gm,D: Pack-only,3,Royal Traditions Cranberries Chatpata 100g,fg,,1,1,Factory,Final FG (Sorting+Packing)
Royal Traditions Tyohar 400gm,D: Pack-only,4,Royal Traditions Almonds Salted 100g,fg,,1,1,Factory,Final FG (Sorting+Packing)
Royal Traditions Tyohar 400gm,D: Pack-only,5,PM24-Royal Tradition Tyohaar 400g Laptop 400 Gm,pm,,1,1,PM Store,Final FG (packing)
Royal Traditions Tyohar 400gm,D: Pack-only,6,PM24-Carton D Mart  Royal Traditions Tyohar 400g x 14,pm,,1,1,PM Store,Final FG (packing)
Royal Traditions Utsav 300g,D: Pack-only,1,Royal Traditions Cashew Salted 100g,fg,,1,1,Factory,Final FG (Sorting+Packing)
Royal Traditions Utsav 300g,D: Pack-only,2,Royal Traditions Almonds Salted 100g,fg,,1,1,Factory,Final FG (Sorting+Packing)
Royal Traditions Utsav 300g,D: Pack-only,3,Royal Traditions Plain Raisins 100g,fg,,1,1,Factory,Final FG (Sorting+Packing)
Royal Traditions Utsav 300g,D: Pack-only,4,PM24-Royal Tradition Utsav 300g (with Bag)  300 Gm,pm,,1,1,PM Store,Final FG (packing)
Royal Traditions Utsav 300g,D: Pack-only,5,PM24-Carton D Mart  Royal Traditions Utsav 300g x 14,pm,,1,1,PM Store,Final FG (packing)
ROYAL TRADITON SNACK MASALA MIX 100G,B: Transform->Pack (in-line),1,American Almonds Running 25-27 count,rm,,0.0188,1,Factory,Create WIP
ROYAL TRADITON SNACK MASALA MIX 100G,B: Transform->Pack (in-line),2,Cashew 320,rm,,0.0097,1,Factory,Create WIP
ROYAL TRADITON SNACK MASALA MIX 100G,B: Transform->Pack (in-line),3,Pista Kernel,rm,,0.0095,1,Factory,Create WIP
ROYAL TRADITON SNACK MASALA MIX 100G,B: Transform->Pack (in-line),4,Pumpkin Seed 12%,rm,,0.0188,1,Factory,Create WIP
ROYAL TRADITON SNACK MASALA MIX 100G,B: Transform->Pack (in-line),5,Sunflower Seeds,rm,,0.0186,1,Factory,Create WIP
ROYAL TRADITON SNACK MASALA MIX 100G,B: Transform->Pack (in-line),6,Dried Cranberry Sliced,rm,,0.0141,1,Factory,Create WIP
ROYAL TRADITON SNACK MASALA MIX 100G,B: Transform->Pack (in-line),7,Dried Blueberry,rm,,0.0029,1,Factory,Create WIP
ROYAL TRADITON SNACK MASALA MIX 100G,B: Transform->Pack (in-line),8,SUNFLOWER OIL,rm,,0.002,1,Factory,Create WIP
ROYAL TRADITON SNACK MASALA MIX 100G,B: Transform->Pack (in-line),9,Salt & Pepper Seasoning,rm,,0.0045,1,Factory,Create WIP
ROYAL TRADITON SNACK MASALA MIX 100G,B: Transform->Pack (in-line),10,Black Pepper Seasoning,rm,,0.0007,1,Factory,Create WIP
ROYAL TRADITON SNACK MASALA MIX 100G,B: Transform->Pack (in-line),11,PM24-Dmart Royal Trad. Snack Mix -Masala Magic st. pouch100g,pm,,1,1,Factory,Final FG (packing)
ROYAL TRADITON SNACK MASALA MIX 100G,B: Transform->Pack (in-line),12,PM24-3 Ply Carton CF24 10 Kg (390x290x220mm) 10000 gm -Unprinted,pm,,0.01,1,Factory,Final FG (packing)
ROYAL TRADITON SNACK MIX CHATPATA-100G,B: Transform->Pack (in-line),1,American Almonds Running 25-27 count,rm,,0.0184,1,Factory,Create WIP
ROYAL TRADITON SNACK MIX CHATPATA-100G,B: Transform->Pack (in-line),2,Cashew 320,rm,,0.0094,1,Factory,Create WIP
ROYAL TRADITON SNACK MIX CHATPATA-100G,B: Transform->Pack (in-line),3,Pista Kernel,rm,,0.0094,1,Factory,Create WIP
ROYAL TRADITON SNACK MIX CHATPATA-100G,B: Transform->Pack (in-line),4,Pumpkin Seed 12%,rm,,0.0138,1,Factory,Create WIP
ROYAL TRADITON SNACK MIX CHATPATA-100G,B: Transform->Pack (in-line),5,Sunflower Seeds,rm,,0.0138,1,Factory,Create WIP
ROYAL TRADITON SNACK MIX CHATPATA-100G,B: Transform->Pack (in-line),6,Dried Cranberry Sliced,rm,,0.011,1,Factory,Create WIP
ROYAL TRADITON SNACK MIX CHATPATA-100G,B: Transform->Pack (in-line),7,Dried Blueberry,rm,,0.0028,1,Factory,Create WIP
ROYAL TRADITON SNACK MIX CHATPATA-100G,B: Transform->Pack (in-line),8,Afghan Black Raisins Seedless 1*2,rm,,0.0139,1,Factory,Create WIP
ROYAL TRADITON SNACK MIX CHATPATA-100G,B: Transform->Pack (in-line),9,SUNFLOWER OIL,rm,,0.003,1,Factory,Create WIP
ROYAL TRADITON SNACK MIX CHATPATA-100G,B: Transform->Pack (in-line),10,CHAT MASALA MDH,rm,,0.0028,1,Factory,Create WIP
ROYAL TRADITON SNACK MIX CHATPATA-100G,B: Transform->Pack (in-line),11,Dried Mango Powder - Amchur,rm,,0.0008,1,Factory,Create WIP
ROYAL TRADITON SNACK MIX CHATPATA-100G,B: Transform->Pack (in-line),12,PM24-Dmart Royal Trad. Snack Mix-Chatpata st. pouch100g,pm,,1,1,Factory,Final FG (packing)
ROYAL TRADITON SNACK MIX CHATPATA-100G,B: Transform->Pack (in-line),13,Anardana Churan,rm,,0.001,1,Factory,Create WIP
Safavi Dates Almond Praline Single Pc,,1,Wet Dates Safavi,rm,,0.01,1,Factory,Final FG (Sorting+Packing)
Safavi Dates Almond Praline Single Pc,,2,Diced Almond,rm,,0.003,1,Factory,Final FG (Sorting+Packing)
Safavi Dates Almond Praline Single Pc,,3,Sugar,rm,,0.002,1,Factory,Final FG (Sorting+Packing)
Safavi Dates Pistachio Praline Single Pc,,1,Wet Dates Safavi,rm,,0.01,1,Factory,Final FG (Sorting+Packing)
Safavi Dates Pistachio Praline Single Pc,,2,Pista Kernel,rm,,0.003,1,Factory,Final FG (Sorting+Packing)
Safavi Dates Pistachio Praline Single Pc,,3,Sugar,rm,,0.002,1,Factory,Final FG (Sorting+Packing)
Salt and Pepper Cashew Bulk,A: WIP producer (bulk),1,Cashew 320,rm,,1,1,Factory,Create WIP
Salt and Pepper Cashew Bulk,A: WIP producer (bulk),2,Salt & Pepper Seasoning,rm,,0.04,1,Factory,Create WIP
Salted Peanuts Split,,1,Peanut Spilit (Groundnut),rm,,0.981,1,Factory,Final FG (Sorting+Packing)
Salted Peanuts Split,,2,Pink Salt.,rm,,0.01,1,Factory,Final FG (Sorting+Packing)
Salted Peanuts Split,,3,Rice Bran Oil,rm,,0.009,1,Factory,Final FG (Sorting+Packing)
Salted Premium Nut Mix,B: Transform->Pack (in-line),1,Macadamia Roasted Salted - Size 1,rm,,0.2,1,Factory,Create WIP
Salted Premium Nut Mix,B: Transform->Pack (in-line),2,Brazil Nuts,rm,,0.2,1,Factory,Create WIP
Salted Premium Nut Mix,B: Transform->Pack (in-line),3,Pecan Nuts,rm,,0.2,1,Factory,Create WIP
Salted Premium Nut Mix,B: Transform->Pack (in-line),4,Cashew 210,rm,,0.2,1,Factory,Create WIP
Salted Premium Nut Mix,B: Transform->Pack (in-line),5,American Almonds Kernel 20-22 count,rm,,0.2,1,Factory,Create WIP
Salted Premium Nut Mix,B: Transform->Pack (in-line),6,PM24-LD Pouch 300x400mm 1 Kg,pm,,1,1,PM Store,Final FG (packing)
Sea Salt Dry - Roasted Macadamia Nuts- Size 1,D: Pack-only,1,Macadamia Roasted - Size 1,rm,,1,1,Factory,Final FG (Sorting+Packing)
Sea Salt Dry - Roasted Macadamia Nuts- Size 1,D: Pack-only,2,PM24-3 Ply Carton CF24 10 Kg (390x290x220mm) 10000 gm -Unprinted,pm,,0.1,1,Factory,Final FG (packing)
Seed Mix,B: Transform->Pack (in-line),1,Pumpkin Seed 12%,rm,,0.15,1,Factory,Create WIP
Seed Mix,B: Transform->Pack (in-line),2,Watermelon Seeds Roasted,rm,,0.05,1,Factory,Create WIP
Seed Mix,B: Transform->Pack (in-line),3,Sunflower Seeds,rm,,0.31,1,Factory,Create WIP
Seed Mix,B: Transform->Pack (in-line),4,Flax Seeds (Alsi),rm,,0.25,1,Factory,Create WIP
Seed Mix,B: Transform->Pack (in-line),5,Sesame Seeds (White Til),rm,,0.05,1,Factory,Create WIP
Seed Mix,B: Transform->Pack (in-line),6,Black Sesame seeds - Kali Til,rm,,0.05,1,Factory,Create WIP
Seed Mix,B: Transform->Pack (in-line),7,Black Chia Seeds,rm,,0.07,1,Factory,Create WIP
Seed Mix,B: Transform->Pack (in-line),8,Dill Seed - Suva,rm,,0.05,1,Factory,Create WIP
Seed Mix,B: Transform->Pack (in-line),9,Turmeric (Haldi) Powder,rm,,0.007,1,Factory,Create WIP
Seed Mix,B: Transform->Pack (in-line),10,Refined Fine Powder Iodized Salt Prime,rm,,0.015,1,Factory,Create WIP
Seed Trail Mix,B: Transform->Pack (in-line),1,Pumpkin Seed 12%,rm,,0.22,1,Factory,Create WIP
Seed Trail Mix,B: Transform->Pack (in-line),2,Sunflower Seeds,rm,,0.255,1,Factory,Create WIP
Seed Trail Mix,B: Transform->Pack (in-line),3,Water Melon Seed,rm,,0.1,1,Factory,Create WIP
Seed Trail Mix,B: Transform->Pack (in-line),4,Flax Seeds (Alsi),rm,,0.183,1,Factory,Create WIP
Seed Trail Mix,B: Transform->Pack (in-line),5,Sesame Seeds (White Til),rm,,0.05,1,Factory,Create WIP
Seed Trail Mix,B: Transform->Pack (in-line),6,Black Sesame seeds - Kali Til,rm,,0.1,1,Factory,Create WIP
Seed Trail Mix,B: Transform->Pack (in-line),7,Dill Seed - Suva,rm,,0.05,1,Factory,Create WIP
Seed Trail Mix,B: Transform->Pack (in-line),8,Black Chia Seeds,rm,,0.1,1,Factory,Create WIP
Seed Trail Mix,B: Transform->Pack (in-line),9,Turkey Apricot No 3,rm,,0.007,1,Factory,Create WIP
Seed Trail Mix,B: Transform->Pack (in-line),10,Refined Fine Powder Iodized Salt Prime,rm,,0.015,1,Factory,Create WIP
Seedy Sheid- Lime Chilly 33gm,B: Transform->Pack (in-line),1,Pumpkin Seed ( 5% ),rm,,0.0093,1,Factory,Create WIP
Seedy Sheid- Lime Chilly 33gm,B: Transform->Pack (in-line),2,Sunflower Seeds,rm,,0.0094,1,Factory,Create WIP
Seedy Sheid- Lime Chilly 33gm,B: Transform->Pack (in-line),3,Water Melon Seed,rm,,0.0078,1,Factory,Create WIP
Seedy Sheid- Lime Chilly 33gm,B: Transform->Pack (in-line),4,Sesame Seeds (White Til),rm,,0.0047,1,Factory,Create WIP
Seedy Sheid- Lime Chilly 33gm,B: Transform->Pack (in-line),5,URBAN PLATTER ARABIC GUM POWDER,rm,,0.0002,1,Factory,Create WIP
Seedy Sheid- Lime Chilly 33gm,B: Transform->Pack (in-line),6,Lime Chilli Seasoning,rm,,0.0016,1,Factory,Create WIP
Seedy Sheid- Lime Chilly 35gm,B: Transform->Pack (in-line),1,Pumpkin Seeds Roasted,fg,,0.0099,1,Factory,Create WIP
Seedy Sheid- Lime Chilly 35gm,B: Transform->Pack (in-line),2,Sunflower Seeds Roasted,fg,,0.0099,1,Factory,Create WIP
Seedy Sheid- Lime Chilly 35gm,B: Transform->Pack (in-line),3,Watermelon Seeds Roasted,rm,,0.008,1,Factory,Create WIP
Seedy Sheid- Lime Chilly 35gm,B: Transform->Pack (in-line),4,Sesame Seeds (White Til),rm,,0.005,1,Factory,Create WIP
Seedy Sheid- Lime Chilly 35gm,B: Transform->Pack (in-line),5,URBAN PLATTER ARABIC GUM POWDER,rm,,0.0002,1,Factory,Create WIP
Seedy Sheid- Lime Chilly 35gm,B: Transform->Pack (in-line),6,Lime Chilli Seasoning,rm,,0.0016,1,Factory,Create WIP
SHAHI UPHAR 300gm,D: Pack-only,1,Carnival Festive Salted Almonds (27-28 count) 100gm,fg,,1,1,Factory,Final FG (Sorting+Packing)
SHAHI UPHAR 300gm,D: Pack-only,2,PM24-5ply Diwali Uphar Carton,pm,,1,1,Factory,Final FG (packing)
SHAHI UPHAR 300gm,D: Pack-only,3,PM24-Hamper-Sahi Uphaar 300 Gm Chocolaty Non Printed,pm,,1,1,Factory,Final FG (packing)
SHAHI UPHAR 300gm,D: Pack-only,4,Carnival FestiveSalted Cashew (320) 100gm,fg,,1,1,Factory,Final FG (Sorting+Packing)
SHAHI UPHAR 300gm,D: Pack-only,5,Carnival Festive California Pista (21-26) 100gm,fg,,1,1,Factory,Final FG (Sorting+Packing)
SHUBHKAMANYEN 180gm,D: Pack-only,1,Carnival Festive Cashew (320) 80gm,fg,,1,1,Factory,Final FG (Sorting+Packing)
SHUBHKAMANYEN 180gm,D: Pack-only,2,Carnival Festive Indian Raisin 100gm,fg,,1,1,Factory,Final FG (Sorting+Packing)
SHUBHKAMANYEN 180gm,D: Pack-only,3,PM24-Hamper-Hardik Shubh 280 Gm Blue Printed,pm,,1,1,Factory,Final FG (packing)
SHUBHKAMANYEN 180gm,D: Pack-only,4,PM24-5ply Diwali Shubkamnaye Carton (2P- 370x305x215) 3600 gm,pm,,0.05,1,Factory,Final FG (packing)
SIGNATURE COLLECTIONS 600gm,D: Pack-only,1,Carnival Festive Almonds (27-28 count) 150gm,fg,,1,1,Factory,Final FG (Sorting+Packing)
SIGNATURE COLLECTIONS 600gm,D: Pack-only,2,Carnival Festive Indian Raisin 200gm,fg,,1,1,Factory,Final FG (Sorting+Packing)
SIGNATURE COLLECTIONS 600gm,D: Pack-only,3,Carnival Festive Cashew (320) 125gm,fg,,1,1,Factory,Final FG (Sorting+Packing)
SIGNATURE COLLECTIONS 600gm,D: Pack-only,4,Carnival Festive California Pista (21-26) 125gm,fg,,1,1,Factory,Final FG (Sorting+Packing)
SIGNATURE COLLECTIONS 600gm,D: Pack-only,5,PM24-Hamper-Signature Collection 600 Gm Chocolaty Printed,pm,,1,1,Factory,Final FG (packing)
SIGNATURE COLLECTIONS 600gm,D: Pack-only,6,PM24-5ply Diwali Signature Carton M4,pm,,1,1,Factory,Final FG (packing)
Single Safavi Stuffed Dates,B: Transform->Pack (in-line),1,Wet Dates Safavi,rm,,0.013,1,Factory,Create WIP
Single Safavi Stuffed Dates,B: Transform->Pack (in-line),2,American Almonds Running 25-27 count,rm,,0.004,1,Factory,Create WIP
Single Safavi Stuffed Dates,B: Transform->Pack (in-line),3,Wet Dates Safavi,rm,,0.013,1,Factory,Create WIP
Single Safavi Stuffed Dates,B: Transform->Pack (in-line),4,Almond Blanched Sliced,rm,,0.004,1,Factory,Create WIP
Single Safavi Stuffed Dates,B: Transform->Pack (in-line),5,Wet Dates Safavi,rm,,0.013,1,Factory,Create WIP
Single Safavi Stuffed Dates,B: Transform->Pack (in-line),6,Cashew Tukda,rm,,0.008,1,Factory,Create WIP
Single Safavi Stuffed Dates,B: Transform->Pack (in-line),7,Wet Dates Safavi,rm,,0.013,1,Factory,Create WIP
Single Safavi Stuffed Dates,B: Transform->Pack (in-line),8,Hazelnut Kernal,rm,,0.002,1,Factory,Create WIP
Single Safavi Stuffed Dates,B: Transform->Pack (in-line),9,Wet Dates Safavi,rm,,0.013,1,Factory,Create WIP
Single Safavi Stuffed Dates,B: Transform->Pack (in-line),10,Orange Peel,rm,,0.004,1,Factory,Create WIP
Single Safavi Stuffed Dates,B: Transform->Pack (in-line),11,Wet Dates Safavi,rm,,0.013,1,Factory,Create WIP
Single Safavi Stuffed Dates,B: Transform->Pack (in-line),12,Pecan Nuts,rm,,0.002,1,Factory,Create WIP
Single Safavi Stuffed Dates,B: Transform->Pack (in-line),13,Wet Dates Safavi,rm,,0.013,1,Factory,Create WIP
Single Safavi Stuffed Dates,B: Transform->Pack (in-line),14,Pista Kernel,rm,,0.004,1,Factory,Create WIP
Single Safavi Stuffed Dates,B: Transform->Pack (in-line),15,Wet Dates Safavi,rm,,0.013,1,Factory,Create WIP
Single Safavi Stuffed Dates,B: Transform->Pack (in-line),16,Dried Pomelo,rm,,0.004,1,Factory,Create WIP
Slivered Almonds,,1,American Almonds Tonch,rm,,1,1,Factory,Final FG (Sorting+Packing)
Slivered Almonds,,2,"PM24-Vacuum Pouch-390 x 575 mm, 60G-125 Micron 5000 gm",pm,,0.2,1,PM Store,Final FG (packing)
Slivered Almonds,,3,PM24-3 Ply Carton CF24 10 Kg (390x290x220mm) 10000 gm -Unprinted,pm,,0.1,1,PM Store,Final FG (packing)
Smoked Almonds,C: Pack of existing SFG,1,American Almonds Running 25-27 count,rm,,0.94,1,Factory,Final FG (Sorting+Packing)
Smoked Almonds,C: Pack of existing SFG,2,Smoke Seasoning,rm,,0.07,1,Factory,Final FG (Sorting+Packing)
Smoked Almonds,C: Pack of existing SFG,3,PM24-3 Ply Carton CF24 10 Kg (390x290x220mm) 10000 gm -Unprinted,pm,,0.1,1,Factory,Final FG (packing)
Smoked Almonds Bulk,A: WIP producer (bulk),1,American Almonds Running 25-27 count,rm,,1,1,Factory,Create WIP
Smoked Almonds Bulk,A: WIP producer (bulk),2,Smoke Seasoning,rm,,0.02,1,Factory,Create WIP
Smoked Paprika Pecan Nuts Loose,,1,Pecan Nuts,rm,,0.92,1,Factory,Final FG (Sorting+Packing)
Smoked Paprika Pecan Nuts Loose,,2,Smoke Seasoning,rm,,0.08,1,Factory,Final FG (Sorting+Packing)
Smoked Paprika Pecan Nuts Loose,,3,"PM24-Vacuum Pouch For 1 Kg-210 x 305mm, 16G-110 Micron (Solimo) 1000 gm",pm,,1,1,PM Store,Final FG (packing)
Smokey BBQ Cashew Bulk,A: WIP producer (bulk),1,Cashew 320,rm,,1,1,Factory,Create WIP
Smokey BBQ Cashew Bulk,A: WIP producer (bulk),2,Smokey BBQ seasoning,rm,,0.04,1,Factory,Create WIP
Smokey BBQ Coated Peanuts 200g,B: Transform->Pack (in-line),1,Glucose Syrup / Liquid Glucose,rm,,0.0992,1,Factory,Create WIP
Smokey BBQ Coated Peanuts 200g,B: Transform->Pack (in-line),2,Refined Fine Powder Iodized Salt Prime - TPL,rm,,0.002,1,Factory,Create WIP
Smokey BBQ Coated Peanuts 200g,B: Transform->Pack (in-line),3,Sugar,rm,,0.0067,1,Factory,Create WIP
Smokey BBQ Coated Peanuts 200g,B: Transform->Pack (in-line),4,Rice Atta,rm,,0.0281,1,Factory,Create WIP
Smokey BBQ Coated Peanuts 200g,B: Transform->Pack (in-line),5,Maize Starch,rm,,0.0089,1,Factory,Create WIP
Smokey BBQ Coated Peanuts 200g,B: Transform->Pack (in-line),6,Nachni Atta,rm,,0.0025,1,Factory,Create WIP
Smokey BBQ Coated Peanuts 200g,B: Transform->Pack (in-line),7,PREGEFLO C100,rm,,0.0125,1,Factory,Create WIP
Smokey BBQ Coated Peanuts 200g,B: Transform->Pack (in-line),8,SidCoat H,rm,,0.0125,1,Factory,Create WIP
Smokey BBQ Coated Peanuts 200g,B: Transform->Pack (in-line),9,Peanuts,rm,,0.0951,1,Factory,Create WIP
Smokey BBQ Coated Peanuts 200g,B: Transform->Pack (in-line),10,Smokey BBQ seasoning,rm,,0.0118,1,Factory,Create WIP
Smokey BBQ Coated Peanuts 70gm,B: Transform->Pack (in-line),1,Glucose Syrup / Liquid Glucose,rm,,0.007,1,Factory,Create WIP
Smokey BBQ Coated Peanuts 70gm,B: Transform->Pack (in-line),2,Refined Fine Powder Iodized Salt Prime,rm,,0.0007,1,Factory,Create WIP
Smokey BBQ Coated Peanuts 70gm,B: Transform->Pack (in-line),3,Sugar,rm,,0.0028,1,Factory,Create WIP
Smokey BBQ Coated Peanuts 70gm,B: Transform->Pack (in-line),4,Rice Atta,rm,,0.0091,1,Factory,Create WIP
Smokey BBQ Coated Peanuts 70gm,B: Transform->Pack (in-line),5,Maize Starch,rm,,0.0028,1,Factory,Create WIP
Smokey BBQ Coated Peanuts 70gm,B: Transform->Pack (in-line),6,Nachni Atta,rm,,0.0007,1,Factory,Create WIP
Smokey BBQ Coated Peanuts 70gm,B: Transform->Pack (in-line),7,PREGEFLO C100,rm,,0.0042,1,Factory,Create WIP
Smokey BBQ Coated Peanuts 70gm,B: Transform->Pack (in-line),8,SIDCOT STARCH,rm,,0.0042,1,Factory,Create WIP
Smokey BBQ Coated Peanuts 70gm,B: Transform->Pack (in-line),9,Peanuts,rm,,0.0329,1,Factory,Create WIP
Smokey BBQ Coated Peanuts 70gm,B: Transform->Pack (in-line),10,Palm Oil,rm,,0.002,1,Factory,Create WIP
Smokey BBQ Coated Peanuts 70gm,B: Transform->Pack (in-line),11,Smokey BBQ seasoning,rm,,0.0035,1,Factory,Create WIP
Snack Amor Black Pepper Cashew 170g,,1,BLACK PEPPER CASHEW,fg,,0.17,1,Factory,Final FG (Sorting+Packing)
snack amor Coated Peanuts Pudina Patakha 100g,C: Pack of existing SFG,1,Coated Peanuts Pudina Patakha Bulk,sfg,SFG0334,0.1,1,Factory,Final FG (opening RM)
snack amor Coated Peanuts Pudina Patakha 100g,C: Pack of existing SFG,2,PM24-Snack Amor Walnut 250 gm Pouch Digital,pm,,1,1,PM Store,Final FG (packing)
Snack Amor coated peanuts Tangy Thai 100g,,1,Coated Peanuts Thai Flavour Bulk,sfg,SFG0336,0.1,1,Factory,Final FG (opening RM)
Snack Amor Cranberry Slice 100 Gm,,1,Dried Cranberry Sliced,rm,,0.1,1,Factory,Final FG (Sorting+Packing)
Snack Amor Cranberry Slice 100 Gm,,2,PM24-3 Ply Carton CF24 10 Kg (390x290x220mm) 10000 gm -Unprinted,pm,,0.01,1,PM Store,Final FG (packing)
Snack Amor Diwali Gift Box 400gm,D: Pack-only,1,Carnival Festive Almonds (27-28 count) 100gm,fg,,1,1,Factory,Final FG (Sorting+Packing)
Snack Amor Diwali Gift Box 400gm,D: Pack-only,2,Carnival Festive Cashew (320) 100gm,fg,,1,1,Factory,Final FG (Sorting+Packing)
Snack Amor Diwali Gift Box 400gm,D: Pack-only,3,Carnival Festive Indian Raisin 100gm,fg,,1,1,Factory,Final FG (Sorting+Packing)
Snack Amor Diwali Gift Box 400gm,D: Pack-only,4,Carnival Festive California Pista (21-26) 100gm,fg,,1,1,Factory,Final FG (Sorting+Packing)
Snack Amor Diwali Gift Box 400gm,D: Pack-only,5,PM24-Hamper-Vedaka 4P Blissful Celebration(Rangoli-new),pm,,1,1,PM Store,Final FG (packing)
Snack Amor Diwali Gift Box 400gm,D: Pack-only,6,PM24-5 Ply Diwali Carton Vedaka Rangoli,pm,,0.05,1,PM Store,Final FG (packing)
Snack Amor Dried Apricot 200g,,1,Afghan Apricot 1*1,rm,,0.2,1,Factory,Final FG (Sorting+Packing)
Snack Amor Dried Blueberry 100g,,1,Dried Blueberry,rm,,0.1,1,Factory,Final FG (Sorting+Packing)
Snack Amor Dried Prunes 200g,,1,Dried Prunes (Pitted),rm,,0.2,1,Factory,Final FG (Sorting+Packing)
Snack Amor Fruit N Nut Mix 200g,,1,California Pista Inshell,rm,,0.02,1,Factory,Final FG (Sorting+Packing)
Snack Amor Fruit N Nut Mix 200g,,2,Afghan Black Raisins Seedless 1*2,rm,,0.08,1,Factory,Final FG (Sorting+Packing)
Snack Amor Fruit N Nut Mix 200g,,3,Roasted & Salted Almonds Bulk,sfg,SFG0261,0.054,1,Factory,Final FG (opening RM)
Snack Amor Fruit N Nut Mix 200g,,4,Roasted & Salted Cashew Bulk,sfg,SFG0262,0.046,1,Factory,Final FG (opening RM)
Snack Amor Kalmi Dates 250g,,1,Wet Dates Safavi,rm,,0.25,1,Factory,Final FG (Sorting+Packing)
Snack Amor Macadamia Nuts 100g,,1,Macadamia Roasted - Size 1,rm,,0.1,1,Factory,Final FG (Sorting+Packing)
Snack Amor Macadamia Nuts 50g,,1,Macadamia Roasted - Size 1,rm,,0.05,1,Factory,Final FG (Sorting+Packing)
Snack Amor Omani Dates 250 Gm,,1,Khaneizi Dates,rm,,0.25,1,Factory,Final FG (Sorting+Packing)
Snack Amor Omani Dates 250 Gm,,2,PM24-3 Ply Carton CF24 10 Kg (390x290x220mm) 10000 gm -Unprinted,pm,,0.025,1,PM Store,Final FG (packing)
Snack Amor Popcorn Makhana 55 Gm,B: Transform->Pack (in-line),1,Makhana,rm,,0.06,1,Factory,Create WIP
Snack Amor Popcorn Makhana 55 Gm,B: Transform->Pack (in-line),2,"PM24-Labels,Stickers, Cards",pm,,1,1,Factory,Final FG (packing)
Snack Amor Popcorn Makhana 55 Gm,B: Transform->Pack (in-line),3,PM24 - Makhana Pet 55 gm,pm,,1,1,Factory,Final FG (packing)
Snack Amor Popcorn Makhana 55 Gm,B: Transform->Pack (in-line),4,PM24-3 Ply Carton CF24 10 Kg (390x290x220mm) 10000 gm-Printed,pm,,0.04,1,Factory,Final FG (packing)
Snack Amor Roasted Cashew 170 Gm,C: Pack of existing SFG,1,Roasted Cashew Bulk,sfg,SFG0340,0.17,1,Factory,Final FG (opening RM)
Snack Amor Roasted Cashew 170 Gm,C: Pack of existing SFG,2,PM24-3 Ply Carton CF24 10 Kg (390x290x220mm) 10000 gm -Unprinted,pm,,0.017,1,PM Store,Final FG (packing)
"Snack Amor Seed Mix (Unroasted), 175g",,1,Flax Seeds (Alsi),rm,,0.0613,1,Factory,Final FG (Sorting+Packing)
"Snack Amor Seed Mix (Unroasted), 175g",,2,Sunflower Seeds,rm,,0.0438,1,Factory,Final FG (Sorting+Packing)
"Snack Amor Seed Mix (Unroasted), 175g",,3,Sesame Seeds (White Til),rm,,0.0438,1,Factory,Final FG (Sorting+Packing)
"Snack Amor Seed Mix (Unroasted), 175g",,4,Black Chia Seeds,rm,,0.0263,1,Factory,Final FG (Sorting+Packing)
"Snack Amor Seed Mix (Unroasted), 175g",,5,PM24-Snack Amor Roasted Cashew 170 gm Pouch Digital,pm,,1,1,PM Store,Final FG (packing)
"Snack Amor Seed Mix (Unroasted), 175g",,6,PM24-3 Ply Carton CF24 10 Kg (390x290x220mm) 10000 gm -Unprinted,pm,,0.02,1,PM Store,Final FG (packing)
Snack Amor Trail Mix 175g,,1,Water Melon Seed,rm,,0.0263,1,Factory,Final FG (Sorting+Packing)
Snack Amor Trail Mix 175g,,2,Dried Mango Loose,rm,,0.0263,1,Factory,Final FG (Sorting+Packing)
Snack Amor Trail Mix 175g,,3,Dried Pineapple,rm,,0.0175,1,Factory,Final FG (Sorting+Packing)
Snack Amor Trail Mix 175g,,4,American Almonds Running 25-27 count,rm,,0.0263,1,Factory,Final FG (Sorting+Packing)
Snack Amor Trail Mix 175g,,5,Cranberry Slice,rm,,0.0263,1,Factory,Final FG (Sorting+Packing)
Snack Amor Trail Mix 175g,,6,Pumpkin Seed ( 5% ),rm,,0.0263,1,Factory,Final FG (Sorting+Packing)
Snack Amor Trail Mix 175g,,7,Sunflower Seeds,rm,,0.0263,1,Factory,Final FG (Sorting+Packing)
Snack Amor Trail Mix 175g,,8,PM24-Snack Amor Roasted Cashew 170 gm Pouch Digital,pm,,1,1,PM Store,Final FG (packing)
SnackAmor Dried Blackcurrant 100g,,1,Dried Black Currant,rm,,0.1,1,Factory,Final FG (Sorting+Packing)
SnackAmor Masala Cranberry 150g,,1,Dried Cranberry Sliced,rm,,0.149,1,Factory,Final FG (Sorting+Packing)
SnackAmor Masala Cranberry 150g,,2,Masala Seasoning,rm,,0.004,1,Factory,Final FG (Sorting+Packing)
SnackAmor Paan Raisins 100g,,1,Indian Green Raisins,rm,,0.095,1,Factory,Final FG (Sorting+Packing)
SnackAmor Paan Raisins 100g,,2,Paan Seasoning AB319,rm,,0.005,1,Factory,Final FG (Sorting+Packing)
SnackAmor Roasted Chia Seeds 200g,,1,Black Chia Seeds,rm,,0.2,1,Factory,Final FG (Sorting+Packing)
SnackAmor Roasted Pumpkin Seeds 200g,,1,Pumpkin Seed ( 5% ),rm,,0.2,1,Factory,Final FG (Sorting+Packing)
SnackAmor Roasted Salted Almonds 170g,,1,Roasted & Salted Almonds Bulk,sfg,SFG0261,0.17,1,Factory,Final FG (opening RM)
SnackAmor Roasted Salted Pistachio 170g,,1,California Pista Inshell,rm,,0.17,1,Factory,Final FG (Sorting+Packing)
SnackAmor Seed Mix 175g,,1,Flax Seeds (Alsi),rm,,0.0613,1,Factory,Final FG (Sorting+Packing)
SnackAmor Seed Mix 175g,,2,Sunflower Seeds,rm,,0.0438,1,Factory,Final FG (Sorting+Packing)
SnackAmor Seed Mix 175g,,3,Sesame Seeds (White Til),rm,,0.0438,1,Factory,Final FG (Sorting+Packing)
SnackAmor Seed Mix 175g,,4,Black Chia Seeds,rm,,0.0263,1,Factory,Final FG (Sorting+Packing)
SnackAmor Seed Mix 175g,,5,PM24-3 Ply Carton CF24 10 Kg (390x290x220mm) 10000 gm -Unprinted,pm,,0.02,1,PM Store,Final FG (packing)
Snackania Afghan Black Raisins 230g,D: Pack-only,1,Afghan Black Raisins Seedless 1*2,rm,,0.23,1,Factory,Final FG (Sorting+Packing)
Snackania Afghan Green Raisins 230g,D: Pack-only,1,Afghan Shandukhani Green Raisins,rm,,0.23,1,Factory,Final FG (Sorting+Packing)
Snackania Afghan Green Raisins 230g,D: Pack-only,2,PM24-Snack Amor Walnut 250 gm Pouch Digital,pm,,1,1,Factory,Final FG (packing)
Snackania Afghan Green Raisins 230g,D: Pack-only,3,PM24-3 Ply Carton CF24 10 Kg (390x290x220mm) 10000 gm -Unprinted,pm,,0.025,1,Factory,Final FG (packing)
Snackania Ajwa Dates 480g,D: Pack-only,1,Ajwa Dates,rm,,0.48,1,Factory,Final FG (Sorting+Packing)
Snackania American Almonds 480g,D: Pack-only,1,American Almonds Running 25-27 count,rm,,0.48,1,Factory,Final FG (Sorting+Packing)
Snackania Blueberry 230g,D: Pack-only,1,Dried Blueberry,rm,,0.23,1,Factory,Final FG (Sorting+Packing)
Snackania California Pistachio Roasted & Salted 230g,B: Transform->Pack (in-line),1,California Pista Inshell,rm,,0.23,1,Factory,Create WIP
Snackania Cashew 480g,D: Pack-only,1,Cashew 320,rm,,0.48,1,Factory,Final FG (Sorting+Packing)
Snackania Chile Walnut Kernel 230g,D: Pack-only,1,Chilean Walnut Kernel 2 pcs,rm,,0.23,1,Factory,Final FG (Sorting+Packing)
Snackania Cocktail Mix 480g,B: Transform->Pack (in-line),1,Pista Kernel,rm,,0.15,1,Factory,Create WIP
Snackania Cocktail Mix 480g,B: Transform->Pack (in-line),2,Afghan Black Raisins Seedless 1*2,rm,,0.33,1,Factory,Create WIP
Snackania Cocktail Mix 480g,B: Transform->Pack (in-line),3,American Almonds Running 25-27 count,rm,,0.26,1,Factory,Create WIP
Snackania Cocktail Mix 480g,B: Transform->Pack (in-line),4,Cashew 320,rm,,0.26,1,Factory,Create WIP
Snackania Cranberry 230g,D: Pack-only,1,Dried Cranberry Sliced,rm,,0.23,1,Factory,Final FG (Sorting+Packing)
Snackania Fard Dates Premium 480g,D: Pack-only,1,AL BARAKAH FARD DATES STANDARD,rm,,0.48,1,Factory,Final FG (Sorting+Packing)
Snackania Green Chilli Cashew 230g,D: Pack-only,1,Cashew 320,rm,,0.23,1,Factory,Final FG (Sorting+Packing)
Snackania Irani Pistachio Roasted & Salted 230g,B: Transform->Pack (in-line),1,Pista Inshell Iranian 26-28,rm,,0.23,1,Factory,Create WIP
Snackania Khalas Dates 480g,D: Pack-only,1,Wet Dates Seedless Khalas,rm,,0.48,1,Factory,Final FG (Sorting+Packing)
Snackania Safavi Dates 480g,D: Pack-only,1,Wet Dates Safavi,rm,,0.48,1,Factory,Final FG (Sorting+Packing)
Snacktive Green Chilli Cashew 250 gm,B: Transform->Pack (in-line),1,Cashew 320,rm,,0.25,1,Factory,Create WIP
Snacktive Green Chilli Cashew 250 gm,B: Transform->Pack (in-line),2,Chilli Powder,rm,,0.06,1,Factory,Create WIP
Solimo Cashew 250g (B01LPY9PHI)-FBA,D: Pack-only,1,Cashew 240,rm,,0.26,1,Factory,Final FG (Sorting+Packing)
Solimo Cashew 250g (B01LPY9PHI)-FBA,D: Pack-only,2,PM24-3 Ply Carton CF21 Walnut Carton (445X310X305MM)-Unprinted,pm,,0.01,1,Factory,Final FG (packing)
Solimo Cashew 250g (B01LPY9PHI)-FBA,D: Pack-only,3,PM24-Vedaka Purple Zipper Pouch 250GM,pm,,1,1,Factory,Final FG (packing)
Solimo Cashew 250g (B01LPY9PHI)-FBA,D: Pack-only,4,PM24-Vacuum Pouch 180x240mm - 130 Micron 250 gm,pm,,1,1,Factory,Final FG (packing)
Solimo Cashew 500g (B01LPY9UG4) FBA,D: Pack-only,1,Cashew 240,rm,,0.52,1,Factory,Final FG (Sorting+Packing)
Solimo Cashew 500g (B01LPY9UG4) FBA,D: Pack-only,2,PM24-3 Ply Carton CF21 Walnut Carton (445X310X305MM)-Unprinted,pm,,0.01,1,PM Store,Final FG (packing)
Solimo Cashew 500g (B01LPY9UG4) FBA,D: Pack-only,3,PM24-Vedaka Red Zipper Pouch 500GM,pm,,1.01,1,PM Store,Final FG (packing)
Solimo Dates 500g (B085NTZMVR),D: Pack-only,1,Khaneizi Dates,rm,,0.515,1,Factory,Final FG (Sorting+Packing)
Solimo Dates 500g (B085NTZMVR),D: Pack-only,2,PM24-500 Gm Blister Top/Bottom 500 gm,pm,,1,1,Factory,Final FG (packing)
Solimo Dates 500g (B085NTZMVR),D: Pack-only,3,PM24-Laminated Center Sealing Pouch (8x10) 500 gm,pm,,1,1,Factory,Final FG (packing)
Solimo Dates 500g (B085NTZMVR),D: Pack-only,4,PM24-3 Ply Carton CF24 10 Kg (390x290x220mm) 10000 gm -Unprinted,pm,,0.05,1,Factory,Final FG (packing)
Solimo Fard Dates 500gm (B0CZ9MC4B3),D: Pack-only,1,AL BARAKAH FARD DATES STANDARD,rm,,0.5175,1,Factory,Final FG (Sorting+Packing)
Solimo Fard Dates 500gm (B0CZ9MC4B3),D: Pack-only,2,PM24-3 Ply Carton CF24 10 Kg (390x290x220mm) 10000 gm -Unprinted,pm,,0.05,1,PM Store,Final FG (packing)
Solimo Fard Dates 500gm (B0CZ9MC4B3),D: Pack-only,3,PM24-Vedaka Purple Zipper Pouch 500GM,pm,,1,1,PM Store,Final FG (packing)
Solimo Figs 500g (B084429DVD) FBA,D: Pack-only,1,Anjeer 1*2,rm,,0.51,1,Factory,Final FG (Sorting+Packing)
Solimo Figs 500g (B084429DVD) FBA,D: Pack-only,2,PM24-Vedaka Purple Zipper Pouch 500GM,pm,,1,1,PM Store,Final FG (packing)
Solimo Figs 500g (B084429DVD) FBA,D: Pack-only,3,PM24-3 Ply Carton CF21 Walnut Carton (445X310X305MM)-Unprinted,pm,,0.01,1,PM Store,Final FG (packing)
Solimo Preimum Almonds 1kg (B01LPY9P2I) - FBA,D: Pack-only,1,American Almonds Running 25-27 count,rm,,1,1,Factory,Final FG (Sorting+Packing)
Solimo Preimum Almonds 1kg (B01LPY9P2I) - FBA,D: Pack-only,2,PM24-Vedaka Red Zipper Pouch 1KG,pm,,1,1,Factory,Final FG (packing)
Solimo Premium Almonds 250g ( B01LPY9XY8 ),D: Pack-only,1,American Almonds Running 25-27 count,rm,,0.25,1,Factory,Final FG (Sorting+Packing)
Solimo Premium Almonds 250g ( B01LPY9XY8 ),D: Pack-only,2,PM24-3 Ply Carton CF21 Walnut Carton (445X310X305MM)-Unprinted,pm,,0.01,1,PM Store,Final FG (packing)
Solimo Premium Almonds 250g ( B01LPY9XY8 ),D: Pack-only,3,PM24-Vedaka Red Zipper Pouch 250GM,pm,,1.01,1,PM Store,Final FG (packing)
Solimo Premium Dried Apricots 500g 9B07PZWP8Z1,D: Pack-only,1,Turkey Apricot No 3,rm,,0.51,1,Factory,Final FG (Sorting+Packing)
Solimo Premium Dried Apricots 500g 9B07PZWP8Z1,D: Pack-only,2,PM24-Vedaka Purple Zipper Pouch 500GM,pm,,1,1,PM Store,Final FG (packing)
Solimo Premium Dried Apricots 500g 9B07PZWP8Z1,D: Pack-only,3,PM24-3 Ply Carton CF21 Walnut Carton (445X310X305MM)-Unprinted,pm,,0.03,1,PM Store,Final FG (packing)
Solimo Premium Hazelnuts 250g (B07MLDJKTP) FBA,D: Pack-only,1,Hazelnut Kernal,rm,,0.25,1,Factory,Final FG (Sorting+Packing)
Solimo Premium Hazelnuts 250g (B07MLDJKTP) FBA,D: Pack-only,2,PM24-Vedaka Purple Zipper Pouch 250GM,pm,,1,1,Factory,Final FG (packing)
Solimo Premium Macadamia Nuts 250g (B07MLD6WFQ),B: Transform->Pack (in-line),1,Macadamia Roasted - Size 0,rm,,0.25,1,Factory,Create WIP
Solimo Premium Macadamia Nuts 250g (B07MLD6WFQ),B: Transform->Pack (in-line),2,PM24-3 Ply Carton CF24 10 Kg (390x290x220mm) 10000 gm -Unprinted,pm,,0.025,1,PM Store,Final FG (packing)
Solimo Premium Macadamia Nuts 250g (B07MLD6WFQ),B: Transform->Pack (in-line),3,PM24-Vedaka Red Zipper Pouch 250GM,pm,,1,1,PM Store,Final FG (packing)
Solimo Premium Macadamia Nuts 250g (B07MLD6WFQ),B: Transform->Pack (in-line),4,PM24-Vacuum Pouch 180x240mm - 130 Micron 250 gm,pm,,1,1,PM Store,Final FG (packing)
"Solimo Premium Pecan Nuts, 250g (B07MF7K9HD)",D: Pack-only,1,Pecan Nuts,rm,,0.25,1,Factory,Final FG (Sorting+Packing)
"Solimo Premium Pecan Nuts, 250g (B07MF7K9HD)",D: Pack-only,2,PM24-3 Ply Carton CF21 Walnut Carton (445X310X305MM)-Unprinted,pm,,0.01,1,Factory,Final FG (packing)
"Solimo Premium Pecan Nuts, 250g (B07MF7K9HD)",D: Pack-only,3,PM24-Vacuum Pouch 180x240mm - 130 Micron 250 gm,pm,,1,1,Factory,Final FG (packing)
"Solimo Premium Pine Nuts, 250g (B07MF7FRRG)",D: Pack-only,1,Pine Nut Kernel,rm,,0.25,1,Factory,Final FG (Sorting+Packing)
"Solimo Premium Pine Nuts, 250g (B07MF7FRRG)",D: Pack-only,2,PM24-3 Ply Carton CF21 Walnut Carton (445X310X305MM)-Unprinted,pm,,0.01,1,PM Store,Final FG (packing)
"Solimo Premium Pine Nuts, 250g (B07MF7FRRG)",D: Pack-only,3,PM24-Vedaka Purple Zipper Pouch 250GM,pm,,1,1,PM Store,Final FG (packing)
Solimo Premium Pista Kernels - Plain 250g (B07Q1Z293G),D: Pack-only,1,Pista Kernel,rm,,0.25,1,Factory,Final FG (Sorting+Packing)
Solimo Premium Pista Kernels - Plain 250g (B07Q1Z293G),D: Pack-only,2,PM24-Vedaka Purple Zipper Pouch 250GM,pm,,1,1,PM Store,Final FG (packing)
Solimo Premium Pista Kernels - Plain 250g (B07Q1Z293G),D: Pack-only,3,PM24-3 Ply Carton CF21 Walnut Carton (445X310X305MM)-Unprinted,pm,,0.028,1,PM Store,Final FG (packing)
Solimo Premium Raisin 250g (B01LPYAB9O),D: Pack-only,1,Indian Long Green Raisins,rm,,0.25,1,Factory,Final FG (Sorting+Packing)
Solimo Premium Raisin 250g (B01LPYAB9O),D: Pack-only,2,PM24-3 Ply Carton CF21 Walnut Carton (445X310X305MM)-Unprinted,pm,,0.01,1,PM Store,Final FG (packing)
Solimo Premium Raisin 250g (B01LPYAB9O),D: Pack-only,3,PM24-Vedaka Red Zipper Pouch 250GM,pm,,1,1,PM Store,Final FG (packing)
"Solimo Premium Raisins, 500 g (B07RJXW87Z)",D: Pack-only,1,Indian Long Green Raisins,rm,,0.51,1,Factory,Final FG (Sorting+Packing)
"Solimo Premium Raisins, 500 g (B07RJXW87Z)",D: Pack-only,2,PM24-Vedaka Red Zipper Pouch 500GM,pm,,1,1,PM Store,Final FG (packing)
"Solimo Premium Raisins, 500 g (B07RJXW87Z)",D: Pack-only,3,PM24-5 Ply Carton CF24 10kg (390X290X220) (D Mart)-Unprinted,pm,,0.05,1,PM Store,Final FG (packing)
Solimo Premium Walnut Kernal 250g (B0754LKDJ4),D: Pack-only,1,Chilean Walnut Kernel 2 pcs,rm,,0.25,1,Factory,Final FG (Sorting+Packing)
Solimo Premium Walnut Kernal 250g (B0754LKDJ4),D: Pack-only,2,PM24-Vedaka Purple Zipper Pouch 250GM,pm,,1,1,Factory,Final FG (packing)
Solimo Premium Walnut Kernels - Broken 500g B07LF8HCLL,C: Pack of existing SFG,1,Chilean Walnut Kernel Quarter,sfg,SFG0333,0.51,1,Factory,Final FG (opening RM)
Solimo Premium Walnut Kernels - Broken 500g B07LF8HCLL,C: Pack of existing SFG,2,PM24-Vedaka Purple Zipper Pouch 500GM,pm,,1,1,PM Store,Final FG (packing)
Solimo Premium Walnut Kernels - Broken 500g B07LF8HCLL,C: Pack of existing SFG,3,PM24-5 Ply Carton CF24 10kg (390X290X220) (D Mart)-Unprinted,pm,,0.05,1,PM Store,Final FG (packing)
Solimo Premium Walnut Kernels 500g (B07LFH2JNR),D: Pack-only,1,Chilean Walnut Kernel 2 pcs,rm,,0.51,1,Factory,Final FG (Sorting+Packing)
Solimo Premium Walnut Kernels 500g (B07LFH2JNR),D: Pack-only,2,PM24-Vedaka Purple Zipper Pouch 500GM,pm,,1,1,PM Store,Final FG (packing)
Solimo Premium Walnut Kernels 500g (B07LFH2JNR),D: Pack-only,3,PM24-3 Ply Carton CF21 Walnut Carton (445X310X305MM)-Unprinted,pm,,0.05,1,PM Store,Final FG (packing)
Solimo Premium Walnut Kernels 500g (Pack of 2) B07LF8HGDB,D: Pack-only,1,Chilean Walnut Kernel 2 pcs,rm,,1.01,1,Factory,Final FG (Sorting+Packing)
Solimo Premium Walnut Kernels 500g (Pack of 2) B07LF8HGDB,D: Pack-only,2,PM24-Vedaka Purple Zipper Pouch 500GM,pm,,2,1,PM Store,Final FG (packing)
Solimo Premium Walnut Kernels 500g (Pack of 2) B07LF8HGDB,D: Pack-only,3,PM24-3 Ply Carton CF21 Walnut Carton (445X310X305MM)-Unprinted,pm,,0.1,1,PM Store,Final FG (packing)
Solimo Walnut Kernels – Broken 500g (Pack of 2) B07LFJZR4G,C: Pack of existing SFG,1,Chilean Walnut Kernel Quarter,sfg,SFG0333,1,1,Factory,Final FG (opening RM)
Solimo Walnut Kernels – Broken 500g (Pack of 2) B07LFJZR4G,C: Pack of existing SFG,2,PM24-Vedaka Purple Zipper Pouch 500GM,pm,,2,1,PM Store,Final FG (packing)
Solimo Walnut Kernels – Broken 500g (Pack of 2) B07LFJZR4G,C: Pack of existing SFG,3,PM24-3 Ply Carton CF21 Walnut Carton (445X310X305MM)-Unprinted,pm,,0.012,1,PM Store,Final FG (packing)
Sour & Cream Cashew Bulk,A: WIP producer (bulk),1,Cashew 320,rm,,1,1,Factory,Create WIP
Sour & Cream Cashew Bulk,A: WIP producer (bulk),2,Sour Cream And Seasoning,rm,,0.04,1,Factory,Create WIP
SPAR BANDHAN FESTIVE DRY FRUIT BOX 800G,D: Pack-only,1,American Almonds Running 25-27 count,rm,,0.2,1,Factory,Final FG (Sorting+Packing)
SPAR BANDHAN FESTIVE DRY FRUIT BOX 800G,D: Pack-only,2,Cashew 320,rm,,0.2,1,Factory,Final FG (Sorting+Packing)
SPAR BANDHAN FESTIVE DRY FRUIT BOX 800G,D: Pack-only,3,Indian Green Raisins,rm,,0.2,1,Factory,Final FG (Sorting+Packing)
SPAR BANDHAN FESTIVE DRY FRUIT BOX 800G,D: Pack-only,4,California Pista Inshell Roasted and Salted,fg,,0.2,1,Factory,Final FG (Sorting+Packing)
SPAR SELECT ALMONDS 500G,D: Pack-only,1,American Almonds Running 25-27 count,rm,,0.5,1,Factory,Final FG (Sorting+Packing)
Stuffed Dates 1kg,B: Transform->Pack (in-line),1,Egyptian Wet Dates 10kg,rm,,1,1,Factory,Create WIP
Stuffed Dates 1kg,B: Transform->Pack (in-line),2,American Almonds Running 25-27 count,rm,,0.1,1,Factory,Create WIP
Stuffed Dates 1kg,B: Transform->Pack (in-line),3,Medjoul Dates Medium,rm,,1,1,Factory,Create WIP
STUFFED DERI DATES WITH ALMOND SINGLE,,1,Deri Dates,rm,,0.013,1,Factory,Final FG (Sorting+Packing)
STUFFED DERI DATES WITH ALMOND SINGLE,,2,American Almonds Running 25-27 count,rm,,0.0015,1,Factory,Final FG (Sorting+Packing)
STUFFED FARD DATES WITH ALMOND SINGLE,,1,AL BARAKAH FARD DATES STANDARD,rm,,0.012,1,Factory,Final FG (Sorting+Packing)
STUFFED FARD DATES WITH ALMOND SINGLE,,2,American Almonds Running 25-27 count,rm,,0.0015,1,Factory,Final FG (Sorting+Packing)
Stuffed Medjoul Dates Large Single Pc,,1,Stuffed Medjoul Large Pc with Almond,fg,,1,1,Factory,Final FG (Sorting+Packing)
Stuffed Medjoul Dates Large Single Pc,,2,Stuffed Medjoul Large Pc with Cashew,fg,,1,1,Factory,Final FG (Sorting+Packing)
Stuffed Medjoul Dates Large Single Pc,,3,Stuffed Medjoul Large Pc with Dried Pomelo,fg,,1,1,Factory,Final FG (Sorting+Packing)
Stuffed Medjoul Dates Large Single Pc,,4,Stuffed Medjoul Large Pc with Hazel Nut,fg,,1,1,Factory,Final FG (Sorting+Packing)
Stuffed Medjoul Dates Large Single Pc,,5,Stuffed Medjoul Large Pc with Macadamia,fg,,1,1,Factory,Final FG (Sorting+Packing)
Stuffed Medjoul Dates Large Single Pc,,6,Stuffed Medjoul Large Pc with Orange Peel,fg,,1,1,Factory,Final FG (Sorting+Packing)
Stuffed Medjoul Dates Large Single Pc,,7,Stuffed Medjoul Large Pc with Pecan Nut,fg,,1,1,Factory,Final FG (Sorting+Packing)
Stuffed Medjoul Dates Large Single Pc,,8,Stuffed Medjoul Large Pc with Pista,fg,,1,1,Factory,Final FG (Sorting+Packing)
Stuffed Medjoul Large Pc,B: Transform->Pack (in-line),1,Medjoul Dates Large,rm,,1,1,Factory,Create WIP
Stuffed Medjoul Large Pc,B: Transform->Pack (in-line),2,Orange Peel,rm,,0.002,1,Factory,Create WIP
Stuffed Medjoul Large Pc,B: Transform->Pack (in-line),3,Dried Pomelo,rm,,0.002,1,Factory,Create WIP
Stuffed Medjoul Large Pc,B: Transform->Pack (in-line),4,Cashew 240,rm,,0.002,1,Factory,Create WIP
Stuffed Medjoul Large Pc,B: Transform->Pack (in-line),5,American Almonds Running 25-27 count,rm,,0.002,1,Factory,Create WIP
Stuffed Medjoul Large Pc with Almond,B: Transform->Pack (in-line),1,Medjoul Dates Large,rm,,0.028,1,Factory,Create WIP
Stuffed Medjoul Large Pc with Almond,B: Transform->Pack (in-line),2,American Almonds Running 25-27 count,rm,,0.005,1,Factory,Create WIP
Stuffed Medjoul Large Pc with Cashew,,1,Medjoul Dates Large,rm,,0.03,1,Factory,Final FG (Sorting+Packing)
Stuffed Medjoul Large Pc with Cashew,,2,Cashew 320,rm,,0.003,1,Factory,Final FG (Sorting+Packing)
Stuffed Medjoul Large Pc with Dried Pomelo,B: Transform->Pack (in-line),1,Medjoul Dates Large,rm,,0.028,1,Factory,Create WIP
Stuffed Medjoul Large Pc with Dried Pomelo,B: Transform->Pack (in-line),2,Dried Pomelo,rm,,0.005,1,Factory,Create WIP
Stuffed Medjoul Large Pc with Hazel Nut,B: Transform->Pack (in-line),1,Medjoul Dates Large,rm,,0.028,1,Factory,Create WIP
Stuffed Medjoul Large Pc with Hazel Nut,B: Transform->Pack (in-line),2,Hazelnut Kernal,rm,,0.005,1,Factory,Create WIP
Stuffed Medjoul Large Pc with Macadamia,B: Transform->Pack (in-line),1,Medjoul Dates Large,rm,,0.028,1,Factory,Create WIP
Stuffed Medjoul Large Pc with Macadamia,B: Transform->Pack (in-line),2,Macadamia Roasted - Size 4,rm,,0.005,1,Factory,Create WIP
Stuffed Medjoul Large Pc with Orange Peel,B: Transform->Pack (in-line),1,Medjoul Dates Large,rm,,0.028,1,Factory,Create WIP
Stuffed Medjoul Large Pc with Orange Peel,B: Transform->Pack (in-line),2,Orange Peel,rm,,0.005,1,Factory,Create WIP
Stuffed Medjoul Large Pc with Pecan Nut,B: Transform->Pack (in-line),1,Medjoul Dates Large,rm,,0.028,1,Factory,Create WIP
Stuffed Medjoul Large Pc with Pecan Nut,B: Transform->Pack (in-line),2,Pecan Nuts,rm,,0.005,1,Factory,Create WIP
Stuffed Medjoul Large Pc with Pista,B: Transform->Pack (in-line),1,Medjoul Dates Large,rm,,0.028,1,Factory,Create WIP
Stuffed Medjoul Large Pc with Pista,B: Transform->Pack (in-line),2,PISTACHIO KERNEL-PISHORI,rm,,0.005,1,Factory,Create WIP
Stuffed Medjoul Large with Ginger Single Pc,,1,Medjoul Dates Large,rm,,0.024,1,Factory,Final FG (Sorting+Packing)
Stuffed Medjoul Large with Ginger Single Pc,,2,Dried Ginger Cubes,rm,,0.003,1,Factory,Final FG (Sorting+Packing)
Sunflower Seed 100g (B07GR6G24J) FBA,B: Transform->Pack (in-line),1,Sunflower Seeds,rm,,0.1,1,Factory,Create WIP
Sunflower Seeds 200g (B07GQNLN8S) FBA,D: Pack-only,1,Sunflower Seeds Roasted,fg,,0.2,1,Factory,Final FG (Sorting+Packing)
Sunflower Seeds 200g (B07GQNLN8S) FBA,D: Pack-only,2,PM24-Vedaka Purpler Pouch Roll 200GM,pm,,0.004,1,Factory,Final FG (packing)
Sunflower Seeds 200g (B07GQNLN8S) FBA,D: Pack-only,3,PM24-3 Ply Carton CF24 10 Kg (390x290x220mm) 10000 gm -Unprinted,pm,,0.02,1,Factory,Final FG (packing)
Sunflower Seeds Roasted,B: Transform->Pack (in-line),1,Sunflower Seeds,rm,,1.01,1,Factory,Create WIP
Sunflower Seeds Roasted and Salted,B: Transform->Pack (in-line),1,Sunflower Seeds,rm,,0.9805,1,Factory,Create WIP
Sunflower Seeds Roasted and Salted,B: Transform->Pack (in-line),2,PM24-3 Ply Carton CF24 10 Kg (390x290x220mm) 10000 gm -Unprinted,pm,,0.1,1,Factory,Final FG (packing)
Sunflower Seeds Roasted and Salted,B: Transform->Pack (in-line),3,Refined Fine Powder Iodized Salt Prime,rm,,0.019,1,Factory,Create WIP
SUPREME 800gm,D: Pack-only,1,Carnival Festive Salted Cashew (320) 150gm,fg,,1,1,Factory,Final FG (Sorting+Packing)
SUPREME 800gm,D: Pack-only,2,PM24-Hamper-Octagon Box,pm,,1,1,Factory,Final FG (packing)
SUPREME 800gm,D: Pack-only,3,PM24-5ply Diwali Carton Supreme 579x470x318 (8000gm),pm,,0.2,1,Factory,Final FG (packing)
SUPREME 800gm,D: Pack-only,4,Carnival Nuts & Seed Mix 100gm,fg,,1,1,Factory,Final FG (Sorting+Packing)
SUPREME 800gm,D: Pack-only,5,Carnival Festive Chatpata Cranberry 100gm,fg,,1,1,Factory,Final FG (Sorting+Packing)
SUPREME 800gm,D: Pack-only,6,Carnival Festive California Pista (21-26) 150gm,fg,,1,1,Factory,Final FG (Sorting+Packing)
SUPREME 800gm,D: Pack-only,7,Carnival Festive Black Raisin Seedless 150gm,fg,,1,1,Factory,Final FG (Sorting+Packing)
SUPREME 800gm,D: Pack-only,8,Carnival Festive Salted Almonds (27-28 count) 150gm,fg,,1,1,Factory,Final FG (Sorting+Packing)
Sweet and Spicy Pecan,,1,Pecan Nuts,rm,,0.81,1,Factory,Final FG (Sorting+Packing)
Sweet and Spicy Pecan,,2,Amul Butter,rm,,0.061,1,Factory,Final FG (Sorting+Packing)
Sweet and Spicy Pecan,,3,JEERA (CUMIN SEEDS),rm,,0.011,1,Factory,Final FG (Sorting+Packing)
Sweet and Spicy Pecan,,4,Cayenne Pepper Powder,rm,,0.003,1,Factory,Final FG (Sorting+Packing)
Sweet and Spicy Pecan,,5,Refined Fine Powder Iodized Salt Prime,rm,,0.006,1,Factory,Final FG (Sorting+Packing)
Sweet and Spicy Pecan,,6,Sugar Powder,rm,,0.069,1,Factory,Final FG (Sorting+Packing)
Sweet and Spicy Pecan,,7,"Urban Platter Castor Sugar, 1kg",rm,,0.036,1,Factory,Final FG (Sorting+Packing)
Sweet and Spicy Pecan,,8,Tapioca Starch,rm,,0.004,1,Factory,Final FG (Sorting+Packing)
Sweet Chilli Macadamias 100gm,,1,Sweet Chilli Macadamia Nut,fg,,0.1,1,Factory,Final FG (Sorting+Packing)
Sweet Chilli Macadamias 100gm,,2,PM24-Australia Macadamia Sweet Chilli  Pouch,pm,,1,1,PM Store,Final FG (packing)
Sweet Chilli Macadamias 100gm,,3,PM24-3 Ply Carton CF24 10 Kg (390x290x220mm) 10000 gm -Unprinted,pm,,0.021,1,PM Store,Final FG (packing)
Tasties Brazil Nut - Gems Of South Africa 50 g,D: Pack-only,1,Brazil Nuts,rm,,0.05,1,Factory,Final FG (Sorting+Packing)
Tasties Brazil Nut - Gems Of South Africa 50 g,D: Pack-only,2,PM24-Tasties Generic Inner Pouch Roll 50/75 gm 190 mm(White N Red),pm,,0.003,1,Factory,Final FG (packing)
Tasties Brazil Nut - Gems Of South Africa 50 g,D: Pack-only,3,PM24-Tasties Brazil Nuts Monocarton 50 gm,pm,,1,1,Factory,Final FG (packing)
Tasties Chilli Almonds - Flavourful & Crunchy 75 g,C: Pack of existing SFG,1,Chilli Almonds Bulk,sfg,SFG0341,0.075,1,Factory,Final FG (opening RM)
Tasties Chilli Almonds - Flavourful & Crunchy 75 g,C: Pack of existing SFG,2,PM24-Tasties Generic Inner Pouch Roll 50/75 gm 190 mm(White N Red),pm,,0.002,1,Factory,Final FG (packing)
Tasties Chilli Almonds - Flavourful & Crunchy 75 g,C: Pack of existing SFG,3,PM24-Tasties Chilli Almonds Monocarton 75 gm,pm,,1,1,PM Store,Final FG (packing)
Tasties Chilli Almonds - Flavourful & Crunchy 75 g,C: Pack of existing SFG,4,PM24-3 ply Carton Tasties 12.5 x 6.75 x 8.5 mm (for monocarton),pm,,0.042,1,PM Store,Final FG (packing)
Tasties Chilli Garlic Cashew - Flavourful & Crunchy 75 g,C: Pack of existing SFG,1,Chilli Garlic Cashew Bulk,sfg,SFG0342,0.075,1,Factory,Final FG (opening RM)
Tasties Chilli Garlic Cashew - Flavourful & Crunchy 75 g,C: Pack of existing SFG,2,PM24-Tasties Generic Inner Pouch Roll 50/75 gm 190 mm(White N Red),pm,,0.002,1,Factory,Final FG (packing)
Tasties Chilli Garlic Cashew - Flavourful & Crunchy 75 g,C: Pack of existing SFG,3,PM24-Tasties Chilli Garlic Cashew-Flavourful & Crunchy 75 G,pm,,1,1,Factory,Final FG (packing)
Tasties Chilli Garlic Cashew - Flavourful & Crunchy 75 g,C: Pack of existing SFG,4,PM24-3 ply Carton Tasties 12.5 x 6.75 x 8.5 mm (for monocarton),pm,,0.042,1,Factory,Final FG (packing)
"Tasties Coated Peanuts - Pudina Patakha, Flavourful & Crispy 25 g",C: Pack of existing SFG,1,Coated Peanuts Pudina Patakha Bulk,sfg,SFG0334,0.025,10,Factory,Final FG (opening RM)
"Tasties Coated Peanuts - Pudina Patakha, Flavourful & Crispy 25 g",C: Pack of existing SFG,2,PM24 - Tasties Pudina Pathaka Peanut Pouch Roll 25 gm,pm,,0.02,10,PM Store,Final FG (packing)
"Tasties Coated Peanuts - Pudina Patakha, Flavourful & Crispy 25 g",C: Pack of existing SFG,3,PM24-3 ply Carton Tasties 12.5 x 6.75 x 8.5 mm (for monocarton),pm,,0.083,10,PM Store,Final FG (packing)
"Tasties Coated Peanuts - Tandoori Masala, Flavourful & Crispy 25 g",B: Transform->Pack (in-line),1,Glucose Syrup / Liquid Glucose,rm,,0.004,10,Factory,Create WIP
"Tasties Coated Peanuts - Tandoori Masala, Flavourful & Crispy 25 g",B: Transform->Pack (in-line),2,Sugar,rm,,0.002,10,Factory,Create WIP
"Tasties Coated Peanuts - Tandoori Masala, Flavourful & Crispy 25 g",B: Transform->Pack (in-line),3,Refined Fine Powder Iodized Salt Prime,rm,,0.001,10,Factory,Create WIP
"Tasties Coated Peanuts - Tandoori Masala, Flavourful & Crispy 25 g",B: Transform->Pack (in-line),4,Rice Atta,rm,,0.044,10,Factory,Create WIP
"Tasties Coated Peanuts - Tandoori Masala, Flavourful & Crispy 25 g",B: Transform->Pack (in-line),5,Maize Starch,rm,,0.012,10,Factory,Create WIP
"Tasties Coated Peanuts - Tandoori Masala, Flavourful & Crispy 25 g",B: Transform->Pack (in-line),6,Nachni Atta,rm,,0.004,10,Factory,Create WIP
"Tasties Coated Peanuts - Tandoori Masala, Flavourful & Crispy 25 g",B: Transform->Pack (in-line),7,Rajgira Atta,rm,,0.004,10,Factory,Create WIP
"Tasties Coated Peanuts - Tandoori Masala, Flavourful & Crispy 25 g",B: Transform->Pack (in-line),8,PREGEFLO CH 10 G,rm,,0.034,10,Factory,Create WIP
"Tasties Coated Peanuts - Tandoori Masala, Flavourful & Crispy 25 g",B: Transform->Pack (in-line),9,Peanuts,rm,,0.14,10,Factory,Create WIP
"Tasties Coated Peanuts - Tandoori Masala, Flavourful & Crispy 25 g",B: Transform->Pack (in-line),10,Palm Oil,rm,,0.006,10,Factory,Create WIP
"Tasties Coated Peanuts - Tandoori Masala, Flavourful & Crispy 25 g",B: Transform->Pack (in-line),11,Tandoori Masala,rm,,0.019,10,Factory,Create WIP
"Tasties Coated Peanuts - Tandoori Masala, Flavourful & Crispy 25 g",B: Transform->Pack (in-line),12,PM24 - Tasties Tandoori Masala Peanut Pouch Roll 25 gm,pm,,0.02,10,PM Store,Final FG (packing)
"Tasties Coated Peanuts - Tandoori Masala, Flavourful & Crispy 25 g",B: Transform->Pack (in-line),13,PM24-3 ply Carton Tasties 12.5 x 6.75 x 8.5 mm (for monocarton),pm,,0.833,10,PM Store,Final FG (packing)
"Tasties Coated Peanuts - Thai Spice, Flavourful & Crispy 25 g",B: Transform->Pack (in-line),1,Glucose Syrup / Liquid Glucose,rm,,0.004,10,Factory,Create WIP
"Tasties Coated Peanuts - Thai Spice, Flavourful & Crispy 25 g",B: Transform->Pack (in-line),2,Sugar,rm,,0.002,10,Factory,Create WIP
"Tasties Coated Peanuts - Thai Spice, Flavourful & Crispy 25 g",B: Transform->Pack (in-line),3,Refined Fine Powder Iodized Salt Prime,rm,,0.001,10,Factory,Create WIP
"Tasties Coated Peanuts - Thai Spice, Flavourful & Crispy 25 g",B: Transform->Pack (in-line),4,Rice Atta,rm,,0.044,10,Factory,Create WIP
"Tasties Coated Peanuts - Thai Spice, Flavourful & Crispy 25 g",B: Transform->Pack (in-line),5,Maize Starch,rm,,0.012,10,Factory,Create WIP
"Tasties Coated Peanuts - Thai Spice, Flavourful & Crispy 25 g",B: Transform->Pack (in-line),6,Nachni Atta,rm,,0.004,10,Factory,Create WIP
"Tasties Coated Peanuts - Thai Spice, Flavourful & Crispy 25 g",B: Transform->Pack (in-line),7,Rajgira Atta,rm,,0.004,10,Factory,Create WIP
"Tasties Coated Peanuts - Thai Spice, Flavourful & Crispy 25 g",B: Transform->Pack (in-line),8,PREGEFLO CH 10 G,rm,,0.034,10,Factory,Create WIP
"Tasties Coated Peanuts - Thai Spice, Flavourful & Crispy 25 g",B: Transform->Pack (in-line),9,Peanuts,rm,,0.14,10,Factory,Create WIP
"Tasties Coated Peanuts - Thai Spice, Flavourful & Crispy 25 g",B: Transform->Pack (in-line),10,Palm Oil,rm,,0.006,10,Factory,Create WIP
"Tasties Coated Peanuts - Thai Spice, Flavourful & Crispy 25 g",B: Transform->Pack (in-line),11,SWEET THAI CHILLI SEASONING,pm,,0.019,10,PM Store,Final FG (packing)
"Tasties Coated Peanuts - Thai Spice, Flavourful & Crispy 25 g",B: Transform->Pack (in-line),12,PM24 - Tasties Thai Spice Peanut Pouch Roll 25 gm,pm,,0.02,10,PM Store,Final FG (packing)
"Tasties Coated Peanuts - Thai Spice, Flavourful & Crispy 25 g",B: Transform->Pack (in-line),13,PM24-3 ply Carton Tasties 12.5 x 6.75 x 8.5 mm (for monocarton),pm,,0.008,10,PM Store,Final FG (packing)
Tasties Hazelnut - A Turkish Indulgence 50 g,D: Pack-only,1,Hazelnut Kernal,rm,,0.05,1,Factory,Final FG (Sorting+Packing)
Tasties Hazelnut - A Turkish Indulgence 50 g,D: Pack-only,2,PM24-Tasties Generic Inner Pouch Roll 50/75 gm 190 mm(White N Red),pm,,0.002,1,PM Store,Final FG (packing)
Tasties Hazelnut - A Turkish Indulgence 50 g,D: Pack-only,3,PM24-Tasties Hazelnut-A Turkish Indulgence 50 G,pm,,1,1,PM Store,Final FG (packing)
Tasties Hazelnut - A Turkish Indulgence 50 g,D: Pack-only,4,PM24-3 ply Carton Tasties 12.5 x 6.75 x 8.5 mm (for monocarton),pm,,0.042,1,PM Store,Final FG (packing)
Tasties Lemon Pepper Cashew - Flavourful & Crunchy 75 g,C: Pack of existing SFG,1,Lemon Pepper Cashew Bulk,sfg,SFG0177,0.075,1,Factory,Final FG (opening RM)
Tasties Lemon Pepper Cashew - Flavourful & Crunchy 75 g,C: Pack of existing SFG,2,PM24-Tasties Generic Inner Pouch Roll 50/75 gm 190 mm(White N Red),pm,,0.002,1,PM Store,Final FG (packing)
Tasties Lemon Pepper Cashew - Flavourful & Crunchy 75 g,C: Pack of existing SFG,3,PM24-Tasties Lemon Pepper Cashew-Flavourful & Crunchy 75 G,pm,,1,1,PM Store,Final FG (packing)
Tasties Lemon Pepper Cashew - Flavourful & Crunchy 75 g,C: Pack of existing SFG,4,PM24-3 ply Carton Tasties 12.5 x 6.75 x 8.5 mm (for monocarton),pm,,0.042,1,PM Store,Final FG (packing)
Tasties Macadamia Nuts - From South Africa 50 g,D: Pack-only,1,Macadamia Roasted - Size 1,rm,,0.05,1,Factory,Final FG (Sorting+Packing)
Tasties Macadamia Nuts - From South Africa 50 g,D: Pack-only,2,PM24-Tasties Generic Inner Pouch Roll 50/75 gm 190 mm(White N Red),pm,,0.002,1,Factory,Final FG (packing)
Tasties Macadamia Nuts - From South Africa 50 g,D: Pack-only,3,PM24-Tasties Macadamianuts Monocarton 50 gm,pm,,1,1,Factory,Final FG (packing)
Tasties Macadamia Nuts - From South Africa 50 g,D: Pack-only,4,PM24-3 ply Carton Tasties 12.5 x 6.75 x 8.5 mm (for monocarton),pm,,0.042,1,Factory,Final FG (packing)
Tasties Pecan Nuts - Iconic American Nut 50 g,D: Pack-only,1,Pecan Nuts,rm,,0.05,1,Factory,Final FG (Sorting+Packing)
Tasties Pecan Nuts - Iconic American Nut 50 g,D: Pack-only,2,PM24-Tasties Pecan Nuts-Iconic American Nut 50 G,pm,,1,1,PM Store,Final FG (packing)
Tasties Pecan Nuts - Iconic American Nut 50 g,D: Pack-only,3,PM24-Tasties Generic Inner Pouch Roll 50/75 gm 190 mm(White N Red),pm,,0.002,1,PM Store,Final FG (packing)
Tasties Pecan Nuts - Iconic American Nut 50 g,D: Pack-only,4,PM24-3 ply Carton Tasties 12.5 x 6.75 x 8.5 mm (for monocarton),pm,,0.042,1,PM Store,Final FG (packing)
Tasties Peri Peri Cashew - Flavourful & Crunchy 75 g,C: Pack of existing SFG,1,Peri Peri Cashew Bulk,sfg,SFG0235,0.075,1,Factory,Final FG (opening RM)
Tasties Peri Peri Cashew - Flavourful & Crunchy 75 g,C: Pack of existing SFG,2,PM24-Tasties Generic Inner Pouch Roll 50/75 gm 190 mm(White N Red),pm,,0.002,1,PM Store,Final FG (packing)
Tasties Peri Peri Cashew - Flavourful & Crunchy 75 g,C: Pack of existing SFG,3,PM24-Tasties Peri-Peri Cashew-Flavourful & Crunchy 75 G,pm,,1,1,PM Store,Final FG (packing)
Tasties Peri Peri Cashew - Flavourful & Crunchy 75 g,C: Pack of existing SFG,4,PM24-3 ply Carton Tasties 12.5 x 6.75 x 8.5 mm (for monocarton),pm,,0.042,1,PM Store,Final FG (packing)
Tasties Pink Salted Pistachio - Flavourful & Crunchy 75 g,D: Pack-only,1,California Pista Inshell Pink Salted,fg,,0.075,1,Factory,Final FG (Sorting+Packing)
Tasties Pink Salted Pistachio - Flavourful & Crunchy 75 g,D: Pack-only,2,PM24-Tasties Generic Inner Pouch Roll 50/75 gm 190 mm(White N Red),pm,,0.002,1,Factory,Final FG (packing)
Tasties Pink Salted Pistachio - Flavourful & Crunchy 75 g,D: Pack-only,3,PM24-Tasties Pink Salted Pistachio-Flavourful & Crunchy 75 G,pm,,1,1,Factory,Final FG (packing)
Tasties Pink Salted Pistachio - Flavourful & Crunchy 75 g,D: Pack-only,4,PM24-3 ply Carton Tasties 12.5 x 6.75 x 8.5 mm (for monocarton),pm,,1,1,Factory,Final FG (packing)
Tasties Roasted Almonds With Pink Salt - Flavourful & Crunchy 75 g,C: Pack of existing SFG,1,Pink Salt Almonds Bulk,sfg,SFG0237,0.075,1,Factory,Final FG (opening RM)
Tasties Roasted Almonds With Pink Salt - Flavourful & Crunchy 75 g,C: Pack of existing SFG,2,PM24-Tasties Generic Inner Pouch Roll 50/75 gm 190 mm(White N Red),pm,,0.002,1,PM Store,Final FG (packing)
Tasties Roasted Almonds With Pink Salt - Flavourful & Crunchy 75 g,C: Pack of existing SFG,3,PM24-Tasties Roasted Almonds With Pink Salt-Flavourful & Crunchy 75 G,pm,,1,1,PM Store,Final FG (packing)
Tasties Roasted Almonds With Pink Salt - Flavourful & Crunchy 75 g,C: Pack of existing SFG,4,PM24-3 ply Carton Tasties 12.5 x 6.75 x 8.5 mm (for monocarton),pm,,0.042,1,PM Store,Final FG (packing)
Tasties Smoked Almonds - Flavourful & Crunchy 75 g,C: Pack of existing SFG,1,Smoked Almonds Bulk,sfg,SFG0284,0.075,1,Factory,Final FG (opening RM)
Tasties Smoked Almonds - Flavourful & Crunchy 75 g,C: Pack of existing SFG,2,PM24-Tasties Generic Inner Pouch Roll 50/75 gm 190 mm(White N Red),pm,,0.002,1,PM Store,Final FG (packing)
Tasties Smoked Almonds - Flavourful & Crunchy 75 g,C: Pack of existing SFG,3,PM24-Tasties Smoked Almonds-Flavourful & Crunchy 75 G,pm,,1,1,PM Store,Final FG (packing)
Tasties Smoked Almonds - Flavourful & Crunchy 75 g,C: Pack of existing SFG,4,PM24-3 Ply Carton CF24 10 Kg (390x290x220mm) 10000 gm-Printed,pm,,0.042,1,PM Store,Final FG (packing)
Tasties Trail Mix - Mixed Berries 75 g,D: Pack-only,1,Dried Blueberry,rm,,0.015,1,Factory,Final FG (Sorting+Packing)
Tasties Trail Mix - Mixed Berries 75 g,D: Pack-only,2,Dried Cherry (Red),rm,,0.015,1,Factory,Final FG (Sorting+Packing)
Tasties Trail Mix - Mixed Berries 75 g,D: Pack-only,3,Dried Strawberry,rm,,0.015,1,Factory,Final FG (Sorting+Packing)
Tasties Trail Mix - Mixed Berries 75 g,D: Pack-only,4,Dried Cranberry Sliced,rm,,0.015,1,Factory,Final FG (Sorting+Packing)
Tasties Trail Mix - Mixed Berries 75 g,D: Pack-only,5,GREEK DARK SEEDLESS RAISINS (Black Currant),rm,,0.015,1,Factory,Final FG (Sorting+Packing)
Tasties Trail Mix - Mixed Berries 75 g,D: Pack-only,6,PM24-Tasties Generic Inner Pouch Roll 50/75 gm 190 mm(White N Red),pm,,0.002,1,PM Store,Final FG (packing)
Tasties Trail Mix - Mixed Berries 75 g,D: Pack-only,7,PM24-Tasties Mixed Berries Trail Mix 75 G,pm,,1,1,PM Store,Final FG (packing)
Tasties Trail Mix - Mixed Berries 75 g,D: Pack-only,8,PM24-3 ply Carton Tasties 12.5 x 6.75 x 8.5 mm (for monocarton),pm,,0.042,1,PM Store,Final FG (packing)
Tasties Trail Mix - Mixed Dry Fruits 75 g,D: Pack-only,1,Anjeer 1*2,rm,,0.015,1,Factory,Final FG (Sorting+Packing)
Tasties Trail Mix - Mixed Dry Fruits 75 g,D: Pack-only,2,Cashew 320,rm,,0.015,1,Factory,Final FG (Sorting+Packing)
Tasties Trail Mix - Mixed Dry Fruits 75 g,D: Pack-only,3,American Almonds Running 25-27 count,rm,,0.015,1,Factory,Final FG (Sorting+Packing)
Tasties Trail Mix - Mixed Dry Fruits 75 g,D: Pack-only,4,Indian Green Raisins,rm,,0.015,1,Factory,Final FG (Sorting+Packing)
Tasties Trail Mix - Mixed Dry Fruits 75 g,D: Pack-only,5,Red Kharik Dry Dates,rm,,0.015,1,Factory,Final FG (Sorting+Packing)
Tasties Trail Mix - Mixed Dry Fruits 75 g,D: Pack-only,6,PM24-Tasties Generic Inner Pouch Roll 50/75 gm 190 mm(White N Red),pm,,0.002,1,PM Store,Final FG (packing)
Tasties Trail Mix - Mixed Dry Fruits 75 g,D: Pack-only,7,PM24-Tasties Mixed Dry Fruits Trail Mix 75 G,pm,,1,1,PM Store,Final FG (packing)
Tasties Trail Mix - Mixed Dry Fruits 75 g,D: Pack-only,8,PM24-3 ply Carton Tasties 12.5 x 6.75 x 8.5 mm (for monocarton),pm,,0.042,1,PM Store,Final FG (packing)
Tasties Trail Mix - Wholesome Nut Mix 75 g,D: Pack-only,1,Cashew 320,rm,,0.0188,1,Factory,Final FG (Sorting+Packing)
Tasties Trail Mix - Wholesome Nut Mix 75 g,D: Pack-only,2,American Almonds Running 25-27 count,rm,,0.0188,1,Factory,Final FG (Sorting+Packing)
Tasties Trail Mix - Wholesome Nut Mix 75 g,D: Pack-only,3,Pista Kernel,rm,,0.015,1,Factory,Final FG (Sorting+Packing)
Tasties Trail Mix - Wholesome Nut Mix 75 g,D: Pack-only,4,Pecan Nuts,rm,,0.015,1,Factory,Final FG (Sorting+Packing)
Tasties Trail Mix - Wholesome Nut Mix 75 g,D: Pack-only,5,Hazelnut Kernal,rm,,0.008,1,Factory,Final FG (Sorting+Packing)
Tasties Trail Mix - Wholesome Nut Mix 75 g,D: Pack-only,6,PM24-Tasties Generic Inner Pouch Roll 50/75 gm 190 mm(White N Red),pm,,0.002,1,PM Store,Final FG (packing)
Tasties Trail Mix - Wholesome Nut Mix 75 g,D: Pack-only,7,PM24-Tasties Trail Mix-Wholesome Monocarton 75 gm,pm,,1,1,PM Store,Final FG (packing)
Tasties Trail Mix - Wholesome Nut Mix 75 g,D: Pack-only,8,PM24-3 ply Carton Tasties 12.5 x 6.75 x 8.5 mm (for monocarton),pm,,0.042,1,PM Store,Final FG (packing)
Thai Chilly Coated Peanuts 60gm,,1,Coated Peanut Base,fg,,0.0536,1,Factory,Final FG (Sorting+Packing)
Thai Chilly Coated Peanuts 60gm,,2,SUNFLOWER OIL,rm,,0.003,1,Factory,Final FG (Sorting+Packing)
Thai Chilly Coated Peanuts 60gm,,3,SWEET THAI CHILLI SEASONING,rm,,0.0039,1,Factory,Final FG (Sorting+Packing)
Trail Mix,B: Transform->Pack (in-line),1,Macadamia Kernel ( Kg ),rm,,0.28,1,Factory,Create WIP
Trail Mix,B: Transform->Pack (in-line),2,American Almonds (23-25 Count),rm,,0.24,1,Factory,Create WIP
Trail Mix,B: Transform->Pack (in-line),3,Cashew 320,rm,,0.19,1,Factory,Create WIP
Trail Mix,B: Transform->Pack (in-line),4,Pista Kernal Roasted and Salted,fg,,0.23,1,Factory,Create WIP
Trail Mix,B: Transform->Pack (in-line),5,Powder Black Pepper spices,rm,,0.003,1,Factory,Create WIP
Trail Mix,B: Transform->Pack (in-line),6,CHEESE SEASONING,rm,,0.003,1,Factory,Create WIP
Trail Mix,B: Transform->Pack (in-line),7,Glues / Gum,pm,,0.005,1,Factory,Final FG (packing)
Trail Mix,B: Transform->Pack (in-line),8,American Almonds (23-25 Count),rm,,0.13,1,Factory,Create WIP
Trail Mix,B: Transform->Pack (in-line),9,Cashew 240,rm,,0.148,1,Factory,Create WIP
Trail Mix,B: Transform->Pack (in-line),10,Pecan Nuts,rm,,0.093,1,Factory,Create WIP
Trail Mix,B: Transform->Pack (in-line),11,Pista Kernel,rm,,0.093,1,Factory,Create WIP
Trail Mix,B: Transform->Pack (in-line),12,Pumpkin Seed 12%,rm,,0.102,1,Factory,Create WIP
Trail Mix,B: Transform->Pack (in-line),13,Sunflower Seeds,rm,,0.102,1,Factory,Create WIP
Trail Mix,B: Transform->Pack (in-line),14,Indian Green Raisins,rm,,0.093,1,Factory,Create WIP
Trail Mix,B: Transform->Pack (in-line),15,Indian Black Raisins,rm,,0.093,1,Factory,Create WIP
Trail Mix,B: Transform->Pack (in-line),16,Dried Cranberry Sliced,rm,,0.093,1,Factory,Create WIP
Trail Mix,B: Transform->Pack (in-line),17,Peri Peri Marination Seasoning,rm,,0.056,1,Factory,Create WIP
Trail Mix - Every Health,B: Transform->Pack (in-line),1,Anjeer 1*2,rm,,0.2,1,Factory,Create WIP
Trail Mix - Every Health,B: Transform->Pack (in-line),2,Roasted & Salted Almonds,fg,,0.35,1,Factory,Create WIP
Trail Mix - Every Health,B: Transform->Pack (in-line),3,Pista Kernal Roasted and Salted,fg,,0.25,1,Factory,Create WIP
Trail Mix - Every Health,B: Transform->Pack (in-line),4,Macadamia Kernel ( Kg ),rm,,0.2,1,Factory,Create WIP
Trail Mix Bulk,B: Transform->Pack (in-line),1,American Almonds Running 25-27 count,rm,,0.278,1,Factory,Create WIP
Trail Mix Bulk,B: Transform->Pack (in-line),2,Cashew 320,rm,,0.238,1,Factory,Create WIP
Trail Mix Bulk,B: Transform->Pack (in-line),3,Pista Kernel,rm,,0.108,1,Factory,Create WIP
Trail Mix Bulk,B: Transform->Pack (in-line),4,Afghan Black Raisins Seedless 1*2,rm,,0.408,1,Factory,Create WIP
Trail Mix Bulk,B: Transform->Pack (in-line),5,PM24-10X12 Plain Pouch 1000 gm,pm,,1,1,PM Store,Final FG (packing)
Trail Mix Bulk,B: Transform->Pack (in-line),6,PM24-5 Ply Carton CF24 10kg (390X290X220) (D Mart)-Unprinted,pm,,0.1,1,PM Store,Final FG (packing)
Turkey Apricot No 1,D: Pack-only,1,Turkey Apricot No 1,rm,,1,1,Factory,Final FG (Sorting+Packing)
UP Berry Mix,,1,Dried Strawberry,rm,,0.2,1,Factory,Final FG (Sorting+Packing)
UP Berry Mix,,2,Dried Cranberry Sliced,rm,,0.35,1,Factory,Final FG (Sorting+Packing)
UP Berry Mix,,3,Dried Goji Berry,rm,,0.15,1,Factory,Final FG (Sorting+Packing)
UP Berry Mix,,4,Dried Blueberry,rm,,0.1,1,Factory,Final FG (Sorting+Packing)
UP Berry Mix,,5,Dried Black Currant,rm,,0.2,1,Factory,Final FG (Sorting+Packing)
UP Berry Mix,,6,"PM24-Vacuum Pouch For 1 Kg-210 x 305mm, 16G-110 Micron (Solimo) 1000 gm",pm,,1,1,PM Store,Final FG (packing)
UP Berry Mix,,7,PM24-3 Ply Carton CF24 10 Kg (390x290x220mm) 10000 gm -Unprinted,pm,,0.1,1,PM Store,Final FG (packing)
UP Trail Mix Brazil Nut Based,,1,Brazil Nuts,rm,,0.15,1,Factory,Final FG (Sorting+Packing)
UP Trail Mix Brazil Nut Based,,2,Roasted & Salted Almonds Bulk,sfg,SFG0261,0.4,1,Factory,Final FG (opening RM)
UP Trail Mix Brazil Nut Based,,3,Roasted & Salted Cashew Bulk,sfg,SFG0262,0.25,1,Factory,Final FG (opening RM)
UP Trail Mix Brazil Nut Based,,4,Pecan Nuts,rm,,0.1,1,Factory,Final FG (Sorting+Packing)
UP Trail Mix Brazil Nut Based,,5,Pista Kernel,rm,,0.1,1,Factory,Final FG (Sorting+Packing)
UP Trail Mix Brazil Nut Based,,6,"PM24-Vacuum Pouch For 1 Kg-210 x 305mm, 16G-110 Micron (Solimo) 1000 gm",pm,,1,1,PM Store,Final FG (packing)
UP Trail Mix Brazil Nut Based,,7,PM24-3 Ply Carton CF24 10 Kg (390x290x220mm) 10000 gm -Unprinted,pm,,0.1,1,PM Store,Final FG (packing)
UP Trail Mix Edamame Babsed,,1,Edamame Beans,rm,,0.35,1,Factory,Final FG (Sorting+Packing)
UP Trail Mix Edamame Babsed,,2,Roasted & Salted Cashew Bulk,sfg,SFG0262,0.25,1,Factory,Final FG (opening RM)
UP Trail Mix Edamame Babsed,,3,Roasted & Salted Almonds Bulk,sfg,SFG0261,0.25,1,Factory,Final FG (opening RM)
UP Trail Mix Edamame Babsed,,4,Pista Kernel,rm,,0.15,1,Factory,Final FG (Sorting+Packing)
UP Trail Mix Edamame Babsed,,5,"PM24-Vacuum Pouch For 1 Kg-210 x 305mm, 16G-110 Micron (Solimo) 1000 gm",pm,,1,1,PM Store,Final FG (packing)
UP Trail Mix Edamame Babsed,,6,PM24-3 Ply Carton CF24 10 Kg (390x290x220mm) 10000 gm -Unprinted,pm,,0.1,1,PM Store,Final FG (packing)
UP Trail Mix Tandoori Tikka,,1,Roasted & Salted Almonds Bulk,sfg,SFG0261,0.148,1,Factory,Final FG (opening RM)
UP Trail Mix Tandoori Tikka,,2,Roasted & Salted Cashew Bulk,sfg,SFG0262,0.148,1,Factory,Final FG (opening RM)
UP Trail Mix Tandoori Tikka,,3,Afghan Black Raisins Seedless 1*2,rm,,0.25,1,Factory,Final FG (Sorting+Packing)
UP Trail Mix Tandoori Tikka,,4,Dried Cranberry Sliced,rm,,0.25,1,Factory,Final FG (Sorting+Packing)
UP Trail Mix Tandoori Tikka,,5,Pumpkin Seed ( 5% ),rm,,0.1,1,Factory,Final FG (Sorting+Packing)
UP Trail Mix Tandoori Tikka,,6,SUNFLOWER OIL,rm,,0.04,1,Factory,Final FG (Sorting+Packing)
UP Trail Mix Tandoori Tikka,,7,Tandoori Masala,rm,,0.05,1,Factory,Final FG (Sorting+Packing)
UP Trail Mix Tandoori Tikka,,8,Refined Fine Powder Iodized Salt Prime,rm,,0.009,1,Factory,Final FG (Sorting+Packing)
UP Trail Mix Tandoori Tikka,,9,Sugar Powder,rm,,0.01,1,Factory,Final FG (Sorting+Packing)
UP Trail Mix Tandoori Tikka,,10,"PM24-Vacuum Pouch For 1 Kg-210 x 305mm, 16G-110 Micron (Solimo) 1000 gm",pm,,1,1,PM Store,Final FG (packing)
UP Trail Mix Tandoori Tikka,,11,PM24-3 Ply Carton CF24 10 Kg (390x290x220mm) 10000 gm -Unprinted,pm,,0.1,1,PM Store,Final FG (packing)
Urban Platter Almond Blueberry Bar 45g,B: Transform->Pack (in-line),1,BLANCHED ALMOND FLOUR,rm,,1.4445,100,Factory,Create WIP
Urban Platter Almond Blueberry Bar 45g,B: Transform->Pack (in-line),2,OATS,rm,,0.409,100,Factory,Create WIP
Urban Platter Almond Blueberry Bar 45g,B: Transform->Pack (in-line),3,Rajgira Puff (Lahi),rm,,0.081,100,Factory,Create WIP
Urban Platter Almond Blueberry Bar 45g,B: Transform->Pack (in-line),4,AL BARAKAH DATE PASTE (1 KG packing),rm,,0.927,100,Factory,Create WIP
Urban Platter Almond Blueberry Bar 45g,B: Transform->Pack (in-line),5,Almond Sliced,sfg,SFG0012,0.207,100,Factory,Final FG (opening RM)
Urban Platter Almond Blueberry Bar 45g,B: Transform->Pack (in-line),6,Dried Blueberry,rm,,0.4095,100,Factory,Create WIP
Urban Platter Almond Blueberry Bar 45g,B: Transform->Pack (in-line),7,Rice Bran Oil,rm,,0.081,100,Factory,Create WIP
Urban Platter Chocolate Vanilla Bar 45g,B: Transform->Pack (in-line),1,OATS,rm,,0.095,10,Factory,Create WIP
Urban Platter Chocolate Vanilla Bar 45g,B: Transform->Pack (in-line),2,Rajgira Puff (Lahi),rm,,0.0212,10,Factory,Create WIP
Urban Platter Chocolate Vanilla Bar 45g,B: Transform->Pack (in-line),3,Ragi Puff,rm,,0.0212,10,Factory,Create WIP
Urban Platter Chocolate Vanilla Bar 45g,B: Transform->Pack (in-line),4,Cocoa Powder,rm,,0.0104,10,Factory,Create WIP
Urban Platter Chocolate Vanilla Bar 45g,B: Transform->Pack (in-line),5,Choco Chips,rm,,0.0225,10,Factory,Create WIP
Urban Platter Chocolate Vanilla Bar 45g,B: Transform->Pack (in-line),6,Vanilla Flavour,rm,,0.0041,10,Factory,Create WIP
Urban Platter Chocolate Vanilla Bar 45g,B: Transform->Pack (in-line),7,AL BARAKAH DATE PASTE (1 KG packing),rm,,0.2129,10,Factory,Create WIP
Urban Platter Cranberry Orange Bar 45g,B: Transform->Pack (in-line),1,BLANCHED ALMOND FLOUR,rm,,0.2115,10,Factory,Create WIP
Urban Platter Cranberry Orange Bar 45g,B: Transform->Pack (in-line),2,OATS,rm,,0.006,10,Factory,Create WIP
Urban Platter Cranberry Orange Bar 45g,B: Transform->Pack (in-line),3,Rajgira Puff (Lahi),rm,,0.0329,10,Factory,Create WIP
Urban Platter Cranberry Orange Bar 45g,B: Transform->Pack (in-line),4,Dried Cranberry Sliced,rm,,0.0306,10,Factory,Create WIP
Urban Platter Cranberry Orange Bar 45g,B: Transform->Pack (in-line),5,Cocoa Powder,rm,,0.0149,10,Factory,Create WIP
Urban Platter Cranberry Orange Bar 45g,B: Transform->Pack (in-line),6,AL BARAKAH DATE PASTE (1 KG packing),rm,,0.0617,10,Factory,Create WIP
Urban Platter Mocha Bar 45g,B: Transform->Pack (in-line),1,OATS,rm,,0.063,10,Factory,Create WIP
Urban Platter Mocha Bar 45g,B: Transform->Pack (in-line),2,Slivered Almonds,rm,,0.0108,10,Factory,Create WIP
Urban Platter Mocha Bar 45g,B: Transform->Pack (in-line),3,AL BARAKAH DATE PASTE (1 KG packing),rm,,0.1746,10,Factory,Create WIP
Urban Platter Mocha Bar 45g,B: Transform->Pack (in-line),4,Cocoa Powder,rm,,0.0212,10,Factory,Create WIP
Urban Platter Mocha Bar 45g,B: Transform->Pack (in-line),5,Choco Chips,rm,,0.0212,10,Factory,Create WIP
Urban Platter Mocha Bar 45g,B: Transform->Pack (in-line),6,COFFEE EXT AQU ALC - 4010000239,rm,,0.0054,10,Factory,Create WIP
Urban Platter Mocha Bar 45g,B: Transform->Pack (in-line),7,BLANCHED ALMOND FLOUR,rm,,0.0531,10,Factory,Create WIP
Urban Platter Mocha Bar 45g,B: Transform->Pack (in-line),8,Vanilla Flavour,rm,,0.0054,10,Factory,Create WIP
Urban Platter Panchmewa,D: Pack-only,1,American Almonds Running 25-27 count,rm,,0.3,1,Factory,Final FG (Sorting+Packing)
Urban Platter Panchmewa,D: Pack-only,2,Cashew 320,rm,,0.25,1,Factory,Final FG (Sorting+Packing)
Urban Platter Panchmewa,D: Pack-only,3,Indian Green Raisins,rm,,0.15,1,Factory,Final FG (Sorting+Packing)
Urban Platter Panchmewa,D: Pack-only,4,Peanut Spilit (Groundnut),rm,,0.15,1,Factory,Final FG (Sorting+Packing)
Urban Platter Panchmewa,D: Pack-only,5,Red Kharik Dry Dates,rm,,0.15,1,Factory,Final FG (Sorting+Packing)
Urban Platter Panchmewa,D: Pack-only,6,"PM24-Vacuum Pouch-390 x 575 mm, 60G-125 Micron 5000 gm",pm,,0.2,1,PM Store,Final FG (packing)
Urban Platter Panchmewa,D: Pack-only,7,PM24-3 Ply Carton CF24 10 Kg (390x290x220mm) 10000 gm -Unprinted,pm,,0.1,1,PM Store,Final FG (packing)
Vedaka Almonds 100g (B07GQZ7ZTZ) FBA,C: Pack of existing SFG,1,Roasted Independence Almonds Bulk,sfg,SFG0343,0.1,1,Factory,Final FG (opening RM)
Vedaka Almonds 100g (B07GQZ7ZTZ) FBA,C: Pack of existing SFG,2,PM24-Vedaka Purple Pouch 100GM,pm,,1,1,PM Store,Final FG (packing)
Vedaka Almonds 100g (B07GQZ7ZTZ) FBA,C: Pack of existing SFG,3,PM24-3 Ply Carton CF24 10 Kg (390x290x220mm) 10000 gm-Printed,pm,,0.013,1,PM Store,Final FG (packing)
Vedaka Almonds 1kg (B07GQNM6N2),C: Pack of existing SFG,1,Roasted Independence Almonds Bulk,sfg,SFG0343,1,1,Factory,Final FG (opening RM)
Vedaka Almonds 500g (B07GQNQNJG),C: Pack of existing SFG,1,Roasted Independence Almonds Bulk,sfg,SFG0343,0.5,1,Factory,Final FG (opening RM)
"Vedaka Almonds, Raisins, Cashews, and Pista (4 X 200 gm)B0BVVV1SMF",D: Pack-only,1,Indian Green Raisins,rm,,0.2,1,Factory,Final FG (Sorting+Packing)
"Vedaka Almonds, Raisins, Cashews, and Pista (4 X 200 gm)B0BVVV1SMF",D: Pack-only,2,American Almonds Running 25-27 count,rm,,0.2,1,Factory,Final FG (Sorting+Packing)
"Vedaka Almonds, Raisins, Cashews, and Pista (4 X 200 gm)B0BVVV1SMF",D: Pack-only,3,Cashew 320,rm,,0.2,1,Factory,Final FG (Sorting+Packing)
"Vedaka Almonds, Raisins, Cashews, and Pista (4 X 200 gm)B0BVVV1SMF",D: Pack-only,4,California Pista Inshell,rm,,0.2,1,Factory,Final FG (Sorting+Packing)
"Vedaka Almonds, Raisins, Cashews, and Pista (4 X 200 gm)B0BVVV1SMF",D: Pack-only,5,PM24-Vedaka Purple Zipper Pouch 200GM,pm,,4,1,PM Store,Final FG (packing)
"Vedaka Almonds, Raisins, Cashews, and Pista (4 X 200 gm)B0BVVV1SMF",D: Pack-only,6,PM24-3 Ply Carton CF24 10 Kg (390x290x220mm) 10000 gm -Unprinted,pm,,0.08,1,PM Store,Final FG (packing)
Vedaka Black pepper Cashew 200g (B0BTHWW69R),C: Pack of existing SFG,1,Black Pepper Cashew Bulk,sfg,SFG0024,0.2,1,Factory,Final FG (opening RM)
Vedaka Black pepper Cashew 200g (B0BTHWW69R),C: Pack of existing SFG,2,PM24-3 Ply Carton CF24 10 Kg (390x290x220mm) 10000 gm -Unprinted,pm,,0.025,1,PM Store,Final FG (packing)
Vedaka Black Raisins - 500g (B0D9P37XTT),D: Pack-only,1,Afghan Black Raisins Seedless 1*1,rm,,0.5,1,Factory,Final FG (Sorting+Packing)
Vedaka Black Raisins - 500g (B0D9P37XTT),D: Pack-only,2,PM24-Vedaka Purple Plain Pouch  500 gm,pm,,1,1,PM Store,Final FG (packing)
Vedaka Black Raisins - 500g (B0D9P37XTT),D: Pack-only,3,PM24-3 Ply Carton CF24 10 Kg (390x290x220mm) 10000 gm -Unprinted,pm,,0.05,1,PM Store,Final FG (packing)
Vedaka Broken Cashew 1kg (B0D9NZYHDC),B: Transform->Pack (in-line),1,Cashew Tukda,rm,,1,1,Factory,Create WIP
Vedaka Broken Cashew 1kg (B0D9NZYHDC),B: Transform->Pack (in-line),2,PM24-3 Ply Carton CF24 10 Kg (390x290x220mm) 10000 gm -Unprinted,pm,,0.1,1,Factory,Final FG (packing)
Vedaka Broken Cashew 1kg (B0D9NZYHDC),B: Transform->Pack (in-line),3,PM24-Vedaka Red Zipper Pouch 1KG,pm,,1,1,Factory,Final FG (packing)
Vedaka Cashew 200g (B07GQZSS48),D: Pack-only,1,Cashew 320,rm,,0.2,1,Factory,Final FG (Sorting+Packing)
Vedaka Cashew 200g (B07GQZSS48),D: Pack-only,2,PM24-Vedaka Purple Pouch 200GM,pm,,1,1,Factory,Final FG (packing)
Vedaka Cashew 200g (B07GQZSS48),D: Pack-only,3,PM24-3 Ply Carton CF21 Walnut Carton (445X310X305MM)-Unprinted,pm,,0.02,1,Factory,Final FG (packing)
Vedaka Cashews - Broken 500g (B0D9NYHTG1),B: Transform->Pack (in-line),1,Cashew Tukda,rm,,0.5,1,Factory,Create WIP
Vedaka Cashews - Broken 500g (B0D9NYHTG1),B: Transform->Pack (in-line),2,PM24-Vedaka Red Zipper Pouch 500GM,pm,,1,1,Factory,Final FG (packing)
Vedaka Cashews - Broken 500g (B0D9NYHTG1),B: Transform->Pack (in-line),3,PM24-5 Ply Carton CF24 10kg (390X290X220) (D Mart)-Unprinted,pm,,0.05,1,Factory,Final FG (packing)
Vedaka Chia Seeds 1kg ( B0D9P16WZQ ),,1,Black Chia Seeds,rm,,1,1,Factory,Final FG (Sorting+Packing)
Vedaka Chia Seeds 1kg ( B0D9P16WZQ ),,2,PM24-Vedaka Purple Plain Pouch  1 Kg,pm,,1,1,PM Store,Final FG (packing)
Vedaka Chia Seeds 1kg ( B0D9P16WZQ ),,3,PM24-3 Ply Carton CF24 10 Kg (390x290x220mm) 10000 gm -Unprinted,pm,,0.1,1,PM Store,Final FG (packing)
Vedaka Dried Figs - 250g (B0D9NZ5GFV),D: Pack-only,1,Anjeer 1*2,rm,,0.25,1,Factory,Final FG (Sorting+Packing)
Vedaka Dried Sweetened Blueberries 100gm (B07GR24VMZ),,1,Dried Blueberry,rm,,0.1,1,Factory,Final FG (Sorting+Packing)
Vedaka Dried Sweetened Blueberries 100gm (B07GR24VMZ),,2,PM24-Vedaka Purple Pouch 100GM,pm,,1,1,Factory,Final FG (packing)
Vedaka Dried Sweetened Blueberries 100gm (B07GR24VMZ),,3,PM24-3 Ply Carton CF24 10 Kg (390x290x220mm) 10000 gm -Unprinted,pm,,0.01,1,Factory,Final FG (packing)
Vedaka Dry Dates powder 250gm (B0DRDCLY1Q),D: Pack-only,1,AL BARAKAH DEHYDRATED DATE POWDER - BULK PACK 10KG,rm,,0.25,1,Factory,Final FG (Sorting+Packing)
Vedaka Dry Dates powder 250gm (B0DRDCLY1Q),D: Pack-only,2,PM24-Vedaka Purple Zipper Pouch 250GM,pm,,1,1,Factory,Final FG (packing)
Vedaka Dry Dates powder 250gm (B0DRDCLY1Q),D: Pack-only,3,PM24-3 Ply Carton CF24 10 Kg (390x290x220mm) 10000 gm -Unprinted,pm,,0.025,1,Factory,Final FG (packing)
Vedaka Dry Dates powder 500g (B0DRD9F8G2),D: Pack-only,1,AL BARAKAH DEHYDRATED DATE POWDER - BULK PACK 10KG,rm,,0.5,1,Factory,Final FG (Sorting+Packing)
Vedaka Dry Dates powder 500g (B0DRD9F8G2),D: Pack-only,2,PM24-Vedaka Purple Zipper Pouch 500GM,pm,,1,1,PM Store,Final FG (packing)
Vedaka Dry Dates powder 500g (B0DRD9F8G2),D: Pack-only,3,PM24-3 Ply Carton CF24 10 Kg (390x290x220mm) 10000 gm -Unprinted,pm,,0.05,1,PM Store,Final FG (packing)
Vedaka Dry Fruit Combo - Almonds and Cashews (2 X 200 gm) (B0BVVRS2N7),D: Pack-only,1,Independence Almonds,rm,,0.2,1,Factory,Final FG (Sorting+Packing)
Vedaka Dry Fruit Combo - Almonds and Cashews (2 X 200 gm) (B0BVVRS2N7),D: Pack-only,2,Cashew 320,rm,,0.2,1,Factory,Final FG (Sorting+Packing)
Vedaka Dry Fruit Combo - Almonds and Cashews (2 X 200 gm) (B0BVVRS2N7),D: Pack-only,3,PM24-Vedaka Purple Zipper Pouch 200GM,pm,,1,1,PM Store,Final FG (packing)
Vedaka Dry Fruit Combo - Almonds and Cashews (2 X 200 gm) (B0BVVRS2N7),D: Pack-only,4,PM24-3 Ply Carton CF24 10 Kg (390x290x220mm) 10000 gm -Unprinted,pm,,0.04,1,PM Store,Final FG (packing)
Vedaka Dry Fruit Combo - Almonds and Raisins (2 X 200 gm) (B0BTHYWT53),D: Pack-only,1,Independence Almonds,rm,,0.2,1,Factory,Final FG (Sorting+Packing)
Vedaka Dry Fruit Combo - Almonds and Raisins (2 X 200 gm) (B0BTHYWT53),D: Pack-only,2,Indian Green Raisins,rm,,0.2,1,Factory,Final FG (Sorting+Packing)
Vedaka Dry Fruit Combo - Almonds and Raisins (2 X 200 gm) (B0BTHYWT53),D: Pack-only,3,PM24-Vedaka Purple Pouch 200GM,pm,,2,1,PM Store,Final FG (packing)
Vedaka Dry Fruit Combo - Almonds and Raisins (2 X 200 gm) (B0BTHYWT53),D: Pack-only,4,PM24-3 Ply Carton CF24 10 Kg (390x290x220mm) 10000 gm -Unprinted,pm,,0.04,1,PM Store,Final FG (packing)
Vedaka Dry Fruit Combo - Raisins and Cashews (2 X 200 gm) (B0BVVVGN99),D: Pack-only,1,Indian Green Raisins,rm,,0.2,1,Factory,Final FG (Sorting+Packing)
Vedaka Dry Fruit Combo - Raisins and Cashews (2 X 200 gm) (B0BVVVGN99),D: Pack-only,2,Cashew 320,rm,,0.2,1,Factory,Final FG (Sorting+Packing)
Vedaka Dry Fruit Combo - Raisins and Cashews (2 X 200 gm) (B0BVVVGN99),D: Pack-only,3,PM24-Vedaka Purple Zipper Pouch 200GM,pm,,2,1,Factory,Final FG (packing)
Vedaka Dry Fruit Combo - Raisins and Cashews (2 X 200 gm) (B0BVVVGN99),D: Pack-only,4,PM24-3 Ply Carton CF24 10 Kg (390x290x220mm) 10000 gm -Unprinted,pm,,0.04,1,Factory,Final FG (packing)
Vedaka Fard Dates (Omani) - (500gm x 2) (B0D9NZY7RK),D: Pack-only,1,AL BARAKAH FARD DATES STANDARD,rm,,1,1,Factory,Final FG (Sorting+Packing)
Vedaka Fard Dates (Omani) - (500gm x 2) (B0D9NZY7RK),D: Pack-only,2,PM24-Vedaka Purple Plain Pouch  1 Kg,pm,,2,1,Factory,Final FG (packing)
Vedaka Fard Dates (Omani) - (500gm x 2) (B0D9NZY7RK),D: Pack-only,3,PM24-Vedaka Red Zipper Pouch 1KG,pm,,1,1,Factory,Final FG (packing)
Vedaka Fard Dates (Omani) - (500gm x 2) (B0D9NZY7RK),D: Pack-only,4,PM24-5 Ply Carton CF24 10kg (390X290X220) (D Mart)-Unprinted,pm,,0.1,1,Factory,Final FG (packing)
Vedaka Fresh Dates 500g (102219254),D: Pack-only,1,Khaneizi Dates,rm,,0.5,1,Factory,Final FG (Sorting+Packing)
Vedaka Fresh Dates 500g (102219254),D: Pack-only,2,PM24-Vedaka Purple Zipper Pouch 500GM,pm,,1,1,Factory,Final FG (packing)
Vedaka Fresh Dates 500g (102219254),D: Pack-only,3,PM24-5 Ply Carton CF24 10kg (390X290X220) (D Mart)-Unprinted,pm,,0.05,1,Factory,Final FG (packing)
Vedaka Fresh Dates 500gm (Pack of 2) [B0D9P11T76],D: Pack-only,1,Khaneizi Dates,rm,,1,1,Factory,Final FG (Sorting+Packing)
Vedaka Fresh Dates 500gm (Pack of 2) [B0D9P11T76],D: Pack-only,2,PM24-Vedaka Purple Pouch 100GM,pm,,2,1,Factory,Final FG (packing)
Vedaka Fresh Dates 500gm (Pack of 2) [B0D9P11T76],D: Pack-only,3,PM24-5 Ply Carton CF24 10kg (390X290X220) (D Mart)-Unprinted,pm,,0.1,1,Factory,Final FG (packing)
Vedaka Healthy Seed Mix 200gm(B0B69L57PV),B: Transform->Pack (in-line),1,Sunflower Seeds,rm,,0.04,1,Factory,Create WIP
Vedaka Healthy Seed Mix 200gm(B0B69L57PV),B: Transform->Pack (in-line),2,Water Melon Seed,rm,,0.036,1,Factory,Create WIP
Vedaka Healthy Seed Mix 200gm(B0B69L57PV),B: Transform->Pack (in-line),3,Pumpkin Seed ( 5% ),rm,,0.036,1,Factory,Create WIP
Vedaka Healthy Seed Mix 200gm(B0B69L57PV),B: Transform->Pack (in-line),4,Flax Seeds (Alsi),rm,,0.044,1,Factory,Create WIP
Vedaka Healthy Seed Mix 200gm(B0B69L57PV),B: Transform->Pack (in-line),5,Black Chia Seeds,rm,,0.044,1,Factory,Create WIP
Vedaka Healthy Seed Mix 200gm(B0B69L57PV),B: Transform->Pack (in-line),6,PM24-Pet Jar 250 gm,pm,,1,1,PM Store,Final FG (packing)
Vedaka Healthy Seed Mix 200gm(B0B69L57PV),B: Transform->Pack (in-line),7,PM24-5 Ply Carton CF24 10kg (390X290X220) (D Mart)-Unprinted,pm,,0.02,1,PM Store,Final FG (packing)
Vedaka Munakka Raisins (Abjosh) 500gm,,1,Afghan Munakka / Abjosh 1X1,rm,,0.5,1,Factory,Final FG (Sorting+Packing)
Vedaka Munakka Raisins (Abjosh) 500gm,,2,PM24-Vedaka Purple Zipper Pouch 500GM,pm,,1,1,PM Store,Final FG (packing)
Vedaka Peri Peri Cashew 200g (B0BVVRRYVC),C: Pack of existing SFG,1,Peri Peri Cashew Bulk,sfg,SFG0235,0.2,1,Factory,Final FG (opening RM)
Vedaka Peri Peri Cashew 200g (B0BVVRRYVC),C: Pack of existing SFG,2,PM24-3 Ply Carton CF24 10 Kg (390x290x220mm) 10000 gm-Printed,pm,,0.04,1,PM Store,Final FG (packing)
Vedaka Popular Cashew Broken 100g FBA(B07GR3S1RL),B: Transform->Pack (in-line),1,Cashew Tukda,rm,,0.1,1,Factory,Create WIP
Vedaka Popular Cashew Broken 100g FBA(B07GR3S1RL),B: Transform->Pack (in-line),2,PM24-3 Ply Carton CF24 10 Kg (390x290x220mm) 10000 gm-Printed,pm,,0.01,1,Factory,Final FG (packing)
Vedaka Popular Cashew Broken 100g FBA(B07GR3S1RL),B: Transform->Pack (in-line),3,PM24-Vedaka Purple Pouch Roll 100GM,pm,,0.003,1,Factory,Final FG (packing)
Vedaka Popular Cashew Broken 200g FBA(B07GQWS1BS),B: Transform->Pack (in-line),1,Cashew Tukda,rm,,0.2,1,Factory,Create WIP
Vedaka Popular Cashew Broken 200g FBA(B07GQWS1BS),B: Transform->Pack (in-line),2,PM24-Vedaka Purple Pouch 200GM,pm,,1,1,Factory,Final FG (packing)
Vedaka Popular Cashew Broken 200g FBA(B07GQWS1BS),B: Transform->Pack (in-line),3,PM24-5 Ply Carton CF24 10kg (390X290X220) (D Mart)-Unprinted,pm,,0.02,1,Factory,Final FG (packing)
"Vedaka Popular Raisins, 1 kg (B07GR82XJR)",D: Pack-only,1,Indian Green Raisins,rm,,1,1,Factory,Final FG (Sorting+Packing)
"Vedaka Popular Raisins, 1 kg (B07GR82XJR)",D: Pack-only,2,PM24-Vedaka Purple Zipper Pouch 1 Kg,pm,,1,1,PM Store,Final FG (packing)
"Vedaka Popular Raisins, 100 g (B07GRBFFMS)",D: Pack-only,1,Indian Green Raisins,rm,,0.1,1,Factory,Final FG (Sorting+Packing)
"Vedaka Popular Raisins, 100 g (B07GRBFFMS)",D: Pack-only,2,PM24-Vedaka Purple Pouch 100GM,pm,,1,1,Factory,Final FG (packing)
"Vedaka Popular Raisins, 100 g (B07GRBFFMS)",D: Pack-only,3,PM24-3 Ply Carton CF24 10 Kg (390x290x220mm) 10000 gm -Unprinted,pm,,0.01,1,Factory,Final FG (packing)
Vedaka Premium Black Raisins 100g B07GQVNVV8,D: Pack-only,1,Afghan Black Raisins Seedless 1*1,rm,,0.1,1,Factory,Final FG (Sorting+Packing)
Vedaka Premium Black Raisins 100g B07GQVNVV8,D: Pack-only,2,PM24-3 Ply Carton CF24 10 Kg (390x290x220mm) 10000 gm-Printed,pm,,0.01,1,Factory,Final FG (packing)
Vedaka Premium Black Raisins 200g (B07GR346FX),D: Pack-only,1,Afghan Black Raisins Seedless 1*2,rm,,0.2,1,Factory,Final FG (Sorting+Packing)
Vedaka Premium Black Raisins 200g (B07GR346FX),D: Pack-only,2,PM24-3 Ply Carton CF24 10 Kg (390x290x220mm) 10000 gm-Printed,pm,,0.02,1,PM Store,Final FG (packing)
Vedaka Premium Blueberries 1kg (B07GR82XK8),D: Pack-only,1,Dried Blueberry,rm,,1.01,1,Factory,Final FG (Sorting+Packing)
Vedaka Premium Blueberries 1kg (B07GR82XK8),D: Pack-only,2,PM24-3 Ply Carton CF24 10 Kg (390x290x220mm) 10000 gm-Printed,pm,,0.01,1,Factory,Final FG (packing)
Vedaka Premium Blueberries 1kg (B07GR82XK8),D: Pack-only,3,PM24-Vedaka Premium 1Kg Pouch(190mmx260mm) 1000 gm,pm,,1,1,Factory,Final FG (packing)
Vedaka Premium Blueberries 200g (B07GQWST7K),D: Pack-only,1,Dried Blueberry,rm,,0.2015,1,Factory,Final FG (Sorting+Packing)
Vedaka Premium Blueberries 200g (B07GQWST7K),D: Pack-only,2,PM24-Vedaka Purple Pouch 200GM,pm,,1,1,PM Store,Final FG (packing)
Vedaka Premium Blueberries 200g (B07GQWST7K),D: Pack-only,3,PM24-3 Ply Carton CF24 10 Kg (390x290x220mm) 10000 gm -Unprinted,pm,,0.02,1,PM Store,Final FG (packing)
Vedaka Premium Dry Fruits Combo 1000 gm Gift Box ( B0BBDP8GR2 ),D: Pack-only,1,Dried Cranberry Whole,rm,,0.2,1,Factory,Final FG (Sorting+Packing)
Vedaka Premium Dry Fruits Combo 1000 gm Gift Box ( B0BBDP8GR2 ),D: Pack-only,2,Independence Almonds,rm,,0.2,1,Factory,Final FG (Sorting+Packing)
Vedaka Premium Dry Fruits Combo 1000 gm Gift Box ( B0BBDP8GR2 ),D: Pack-only,3,Indian Green Raisins,rm,,0.2,1,Factory,Final FG (Sorting+Packing)
Vedaka Premium Dry Fruits Combo 1000 gm Gift Box ( B0BBDP8GR2 ),D: Pack-only,4,Cashew 320,rm,,0.2,1,Factory,Final FG (Sorting+Packing)
Vedaka Premium Dry Fruits Combo 1000 gm Gift Box ( B0BBDP8GR2 ),D: Pack-only,5,California Pista Inshell Roasted and Salted,fg,,0.2,1,Factory,Final FG (Sorting+Packing)
Vedaka Premium Dry Fruits Combo 1000 gm Gift Box ( B0BBDP8GR2 ),D: Pack-only,6,PM24-Vedaka Purple Pouch 200GM,pm,,5,1,Factory,Final FG (packing)
Vedaka Premium Flavored Dry Fruits 500 gm Gift Box (B0CGVC7DF2),B: Transform->Pack (in-line),1,Cashew 320,rm,,0.15,1,Factory,Create WIP
Vedaka Premium Flavored Dry Fruits 500 gm Gift Box (B0CGVC7DF2),B: Transform->Pack (in-line),2,American Almonds Running 25-27 count,rm,,0.15,1,Factory,Create WIP
Vedaka Premium Flavored Dry Fruits 500 gm Gift Box (B0CGVC7DF2),B: Transform->Pack (in-line),3,Black Pepper Seasoning,rm,,0.01,1,Factory,Create WIP
Vedaka Premium Flavored Dry Fruits 500 gm Gift Box (B0CGVC7DF2),B: Transform->Pack (in-line),4,Indian Black Raisins,rm,,0.2,1,Factory,Create WIP
Vedaka Premium Flavored Dry Fruits 500 gm Gift Box (B0CGVC7DF2),B: Transform->Pack (in-line),5,PM24-Hamper-Vedaka Season Greeting Blue Box 800 gm,pm,,1,1,Factory,Final FG (packing)
Vedaka Premium Flavored Dry Fruits 500 gm Gift Box (B0CGVC7DF2),B: Transform->Pack (in-line),6,PM24-5 Ply Diwali Carton Vedaka Common,pm,,0.15,1,Factory,Final FG (packing)
Vedaka Premium Inshell Walnuts 500g (Pack of 2)B07MSXKDNQ,D: Pack-only,1,Chilean Walnut Inshell,rm,,1.01,1,Factory,Final FG (Sorting+Packing)
Vedaka Premium Inshell Walnuts 500g (Pack of 2)B07MSXKDNQ,D: Pack-only,2,PM24-Vedaka Purple Plain Pouch  500 gm,pm,,2,1,PM Store,Final FG (packing)
Vedaka Premium Inshell Walnuts 500g (Pack of 2)B07MSXKDNQ,D: Pack-only,3,PM24-3 Ply Carton CF21 Walnut Carton (445X310X305MM)-Unprinted,pm,,0.1,1,PM Store,Final FG (packing)
Vedaka Premium Inshell Walnuts 500g(B07LFJZR46),D: Pack-only,1,Chilean Walnut Inshell,rm,,0.51,1,Factory,Final FG (Sorting+Packing)
Vedaka Premium Inshell Walnuts 500g(B07LFJZR46),D: Pack-only,2,PM24-Vedaka Red Zipper Pouch 500GM,pm,,1,1,Factory,Final FG (packing)
Vedaka Premium Inshell Walnuts 500g(B07LFJZR46),D: Pack-only,3,PM24-3 Ply Carton CF21 Walnut Carton (445X310X305MM)-Unprinted,pm,,0.05,1,Factory,Final FG (packing)
Vedaka Premium Raw Pumpkin Seeds (B0D9NZ6BHJ),,1,Pumpkin Seed ( 5% ),rm,,1,1,Factory,Final FG (Sorting+Packing)
Vedaka Premium Raw Pumpkin Seeds (B0D9NZ6BHJ),,2,PM24-Vedaka Purple Plain Pouch  1 Kg,pm,,1,1,PM Store,Final FG (packing)
Vedaka Premium Raw Pumpkin Seeds (B0D9NZ6BHJ),,3,PM24-3 Ply Carton CF24 10 Kg (390x290x220mm) 10000 gm -Unprinted,pm,,0.1,1,PM Store,Final FG (packing)
Vedaka Premium Roasted and Salted Almonds 200g B07GR346FM,D: Pack-only,1,American Almonds Running 25-27 count,rm,,0.2,1,Factory,Final FG (Sorting+Packing)
Vedaka Premium Roasted and Salted Almonds 200g B07GR346FM,D: Pack-only,2,PM24-3 Ply Carton CF24 10 Kg (390x290x220mm) 10000 gm-Printed,pm,,0.02,1,Factory,Final FG (packing)
Vedaka Premium Roasted and Salted Almonds100g B07GQQJP1N,D: Pack-only,1,American Almonds Running 25-27 count,rm,,0.1,1,Factory,Final FG (Sorting+Packing)
Vedaka Premium Roasted and Salted Almonds100g B07GQQJP1N,D: Pack-only,2,PM24-3 Ply Carton CF24 10 Kg (390x290x220mm) 10000 gm-Printed,pm,,0.01,1,Factory,Final FG (packing)
Vedaka Premium Sunflower Seeds 500g (B07GR2G67L),B: Transform->Pack (in-line),1,Sunflower Seeds,rm,,0.5,1,Factory,Create WIP
Vedaka Premium Sunflower Seeds 500g (B07GR2G67L),B: Transform->Pack (in-line),2,PM24-Vedaka Purple Zipper Pouch 500GM,pm,,1,1,Factory,Final FG (packing)
Vedaka Premium Sunflower Seeds 500g (B07GR2G67L),B: Transform->Pack (in-line),3,PM24-3 Ply Carton CF24 10 Kg (390x290x220mm) 10000 gm -Unprinted,pm,,0.05,1,Factory,Final FG (packing)
Vedaka Premium Whole Cranberries 100g B07GR24VMV,D: Pack-only,1,Dried Cranberry Whole,rm,,0.1,1,Factory,Final FG (Sorting+Packing)
Vedaka Premium Whole Cranberries 100g B07GR24VMV,D: Pack-only,2,PM24-Vedaka Purple Pouch 100GM,pm,,1,1,Factory,Final FG (packing)
Vedaka Premium Whole Cranberries 100g B07GR24VMV,D: Pack-only,3,PM24-5 Ply Carton CF24 10kg (390X290X220) (D Mart)-Unprinted,pm,,0.01,1,Factory,Final FG (packing)
Vedaka Premium Whole Cranberries 1kg (B07GR8351K),D: Pack-only,1,Dried Cranberry Whole,rm,,1.01,1,Factory,Final FG (Sorting+Packing)
Vedaka Premium Whole Cranberries 200g (B07GR2G678),D: Pack-only,1,Dried Cranberry Whole,rm,,0.2,1,Factory,Final FG (Sorting+Packing)
Vedaka Premium Whole Cranberries 200g (B07GR2G678),D: Pack-only,2,PM24-Vedaka Purple Pouch 200GM,pm,,1,1,Factory,Final FG (packing)
Vedaka Premium Whole Cranberries 200g (B07GR2G678),D: Pack-only,3,PM24-3 Ply Carton CF24 10 Kg (390x290x220mm) 10000 gm -Unprinted,pm,,0.02,1,Factory,Final FG (packing)
Vedaka Premium Whole Cranberries 500g (B07GQS1669),D: Pack-only,1,Dried Cranberry Whole,rm,,0.51,1,Factory,Final FG (Sorting+Packing)
Vedaka Premium Whole Cranberries 500g (B07GQS1669),D: Pack-only,2,PM24-Vedaka Purple Zipper Pouch 500GM,pm,,1,1,Factory,Final FG (packing)
Vedaka Premium Whole Cranberries 500g (B07GQS1669),D: Pack-only,3,PM24-3 Ply Carton CF24 10 Kg (390x290x220mm) 10000 gm -Unprinted,pm,,0.05,1,Factory,Final FG (packing)
Vedaka Raw Flaxseed 1kg (B0D9NZS3JT),D: Pack-only,1,Flax Seeds (Alsi),rm,,1,1,Factory,Final FG (Sorting+Packing)
Vedaka Roasted & Salted California Pistachios 250gm,,1,California Pista Inshell,rm,,0.25,1,Factory,Final FG (Sorting+Packing)
Vedaka Roasted & Salted California Pistachios 250gm,,2,PM24-Vedaka Purple Zipper Pouch 250GM,pm,,1,1,PM Store,Final FG (packing)
Vedaka Roasted and Salted California Pistachios 500g (B0D9NY8F36),D: Pack-only,1,California Pista Inshell Roasted and Salted,fg,,0.5,1,Factory,Final FG (Sorting+Packing)
Vedaka Salted Peanuts - 200g (B0CZ9GZ9F2),B: Transform->Pack (in-line),1,Peanut Spilit (Groundnut),rm,,0.196,1,Factory,Create WIP
Vedaka Salted Peanuts - 200g (B0CZ9GZ9F2),B: Transform->Pack (in-line),2,PM24-3 Ply Carton CF24 10 Kg (390x290x220mm) 10000 gm-Printed,pm,,0.02,1,PM Store,Final FG (packing)
Vedaka Salted Peanuts - 200g (B0CZ9GZ9F2),B: Transform->Pack (in-line),3,PM24-Vedaka Purple Pouch 200GM,pm,,1,1,PM Store,Final FG (packing)
Vedaka Salted Peanuts - 200g (B0CZ9GZ9F2),B: Transform->Pack (in-line),4,Refined Fine Powder Iodized Salt Prime,rm,,0.003,1,Factory,Create WIP
Vedaka Salted Peanuts 200 gm (102219262),B: Transform->Pack (in-line),1,Peanuts,rm,,0.2,1,Factory,Create WIP
Vedaka Salted Peanuts 200 gm (102219262),B: Transform->Pack (in-line),2,Vedaka Salted Peanuts - 200g (B0CZ9GZ9F2),fg,,1,1,Factory,Create WIP
Vedaka Salted Peanuts 200 gm (102219262),B: Transform->Pack (in-line),3,Salt,rm,,0.01,1,Factory,Create WIP
Vedaka Turkish Dried Apricots (500gm x 2) (B0D9P1DS9Q),D: Pack-only,1,Turkey Apricot No 3,rm,,1,1,Factory,Final FG (Sorting+Packing)
Vedaka Turkish Dried Apricots (500gm x 2) (B0D9P1DS9Q),D: Pack-only,2,PM24-3 Ply Carton CF24 10 Kg (390x290x220mm) 10000 gm -Unprinted,pm,,0.01,1,PM Store,Final FG (packing)
Vedaka Turkish Dried Apricots (500gm x 2) (B0D9P1DS9Q),D: Pack-only,3,PM24-Vedaka Purple Zipper Pouch 500GM,pm,,2,1,PM Store,Final FG (packing)
Vedaka Whole California Pista Kernels 500gm [B0D9NY1V9X],D: Pack-only,1,Pista Kernel,rm,,0.5,1,Factory,Final FG (Sorting+Packing)
Vedaka Whole Cashews (Grade W320) 1kg (B0D9NY9M32),D: Pack-only,1,Cashew 320,rm,,1,1,Factory,Final FG (Sorting+Packing)
Vedaka Whole Cashews (Grade W320) 1kg (B0D9NY9M32),D: Pack-only,2,PM24-Vedaka Red Zipper Pouch 1KG,pm,,1,1,Factory,Final FG (packing)
Walnut Flavoured Salt & Pepper (Quarters) Loose,B: Transform->Pack (in-line),1,Chilean Walnut Kernel Quarter,sfg,SFG0333,0.926,1,Factory,Final FG (opening RM)
Walnut Flavoured Salt & Pepper (Quarters) Loose,B: Transform->Pack (in-line),2,Salt & Pepper Seasoning,rm,,0.0647,1,Factory,Create WIP
Walnut Flavoured Salt & Pepper (Quarters) Loose,B: Transform->Pack (in-line),3,URBAN PLATTER ARABIC GUM POWDER,rm,,0.0093,1,Factory,Create WIP
Walnut Flavoured Salt & Pepper (Quarters) Loose,B: Transform->Pack (in-line),4,"PM24-Vacuum Pouch For 1 Kg-210 x 305mm, 16G-110 Micron (Solimo) 1000 gm",pm,,1,1,PM Store,Final FG (packing)
Walnut Tukda,D: Pack-only,1,Walnut Tukda,rm,,1.03,1,Factory,Final FG (Sorting+Packing)
Wasabi Makhana,D: Pack-only,1,Makhana,rm,,1,1,Factory,Final FG (Sorting+Packing)
Watermelon Seeds Roasted,B: Transform->Pack (in-line),1,Water Melon Seed,rm,,1.01,1,Factory,Create WIP
Wheat Starch - TPL,D: Pack-only,1,Wheat Starch - TPL,rm,,1,1,Factory,Final FG (Sorting+Packing)
White Almond Draggies,B: Transform->Pack (in-line),1,American Almonds Running 25-27 count,rm,,0.3318,1,Factory,Create WIP
White Almond Draggies,B: Transform->Pack (in-line),2,White Compound Chocolate,rm,,0.6636,1,Factory,Create WIP
White Almond Draggies,B: Transform->Pack (in-line),3,CAPOL 425M,rm,,0.0023,1,Factory,Create WIP
White Almond Draggies,B: Transform->Pack (in-line),4,CAPOL 254N,rm,,0.0023,1,Factory,Create WIP
White Almond Draggies,B: Transform->Pack (in-line),5,PM24-3 Ply Carton CF24 10 Kg (390x290x220mm) 10000 gm -Unprinted,pm,,0.1,1,Factory,Final FG (packing)
Wholesome millet laddu bar (semi finished),,1,American Almonds Tukda,rm,,0.0457,1,Factory,Final FG (Sorting+Packing)
Wholesome millet laddu bar (semi finished),,2,Cashew Tukda,rm,,0.0543,1,Factory,Final FG (Sorting+Packing)
Wholesome millet laddu bar (semi finished),,3,Peanut Spilit (Groundnut),rm,,0.0514,1,Factory,Final FG (Sorting+Packing)
Wholesome millet laddu bar (semi finished),,4,Pista Kernel,rm,,0.0114,1,Factory,Final FG (Sorting+Packing)
Wholesome millet laddu bar (semi finished),,5,COCONUT POWDER,rm,,0.0314,1,Factory,Final FG (Sorting+Packing)
Wholesome millet laddu bar (semi finished),,6,Cardamom Powder,pm,,0.0057,1,Factory,Final FG (packing)
Wholesome millet laddu bar (semi finished),,7,AL Barakah Date Paste,rm,,0.2086,1,Factory,Final FG (Sorting+Packing)
Wholesome millet laddu bar (semi finished),,8,Desi Ghee,rm,,0.0457,1,Factory,Final FG (Sorting+Packing)
Wholesome millet laddu bar (semi finished),,9,Pumpkin Seed ( 5% ),rm,,0.0257,1,Factory,Final FG (Sorting+Packing)
Wholesome millet laddu bar (semi finished),,10,Sesame Seeds (White Til),rm,,0.02,1,Factory,Final FG (Sorting+Packing)
Wholesome millet laddu bar (semi finished),,11,Ragi Puff,rm,,0.0857,1,Factory,Final FG (Sorting+Packing)
Wholesome millet laddu bar (semi finished),,12,BAJRI AATA,rm,,0.0857,1,Factory,Final FG (Sorting+Packing)
Wholesome millet laddu bar (semi finished),,13,AL BARAKAH FARD DATES STANDARD,rm,,0.3286,1,Factory,Final FG (Sorting+Packing)
Wholesome millet laddu bar 35gm,B: Transform->Pack (in-line),1,American Almonds Tukda,rm,,0.0016,1,Factory,Create WIP
Wholesome millet laddu bar 35gm,B: Transform->Pack (in-line),2,Cashew Tukda,rm,,0.0019,1,Factory,Create WIP
Wholesome millet laddu bar 35gm,B: Transform->Pack (in-line),3,Peanut Spilit (Groundnut),rm,,0.0018,1,Factory,Create WIP
Wholesome millet laddu bar 35gm,B: Transform->Pack (in-line),4,Pista Kernel,rm,,0.0004,1,Factory,Create WIP
Wholesome millet laddu bar 35gm,B: Transform->Pack (in-line),5,COCONUT POWDER,rm,,0.0011,1,Factory,Create WIP
Wholesome millet laddu bar 35gm,B: Transform->Pack (in-line),6,Cardamom Powder,pm,,0.0002,1,Factory,Final FG (packing)
Wholesome millet laddu bar 35gm,B: Transform->Pack (in-line),7,AL Barakah Date Paste,rm,,0.0077,1,Factory,Create WIP
Wholesome millet laddu bar 35gm,B: Transform->Pack (in-line),8,Desi Ghee,rm,,0.0016,1,Factory,Create WIP
Wholesome millet laddu bar 35gm,B: Transform->Pack (in-line),9,Pumpkin Seed ( 5% ),rm,,0.0009,1,Factory,Create WIP
Wholesome millet laddu bar 35gm,B: Transform->Pack (in-line),10,Sesame Seeds (White Til),rm,,0.0007,1,Factory,Create WIP
Wholesome millet laddu bar 35gm,B: Transform->Pack (in-line),11,Ragi Puff,rm,,0.003,1,Factory,Create WIP
Wholesome millet laddu bar 35gm,B: Transform->Pack (in-line),12,BAJRI AATA,rm,,0.003,1,Factory,Create WIP
Wholesome millet laddu bar 35gm,B: Transform->Pack (in-line),13,AL BARAKAH FARD DATES STANDARD,rm,,0.0115,1,Factory,Create WIP
Wholesome millet laddu bar 35gm,B: Transform->Pack (in-line),14,PM24-Empl-Wholesome Millet pouch roll,pm,,0.0015,1,PM Store,Final FG (packing)
Wholesome Millet LadduBar Pack of 6,D: Pack-only,1,Wholesome millet laddu bar 35gm,fg,,6,1,Factory,Final FG (Sorting+Packing)
Wholesome Millet LadduBar Pack of 6,D: Pack-only,2,PM24-Empl-Wholesome Millet mono carton,pm,,1,1,PM Store,Final FG (packing)
Wholesome Millet LadduBar Pack of 6,D: Pack-only,3,PM24-3 Ply Carton CF21 Walnut Carton (445X310X305MM)-Printed,pm,,0.02,1,PM Store,Final FG (packing)
YUMASANA CASHEWS- BARBEQUE 150g,C: Pack of existing SFG,1,Barbeque Cashew Bulk,sfg,SFG0019,0.15,1,Factory,Final FG (opening RM)
YUMASANA CASHEWS- BARBEQUE 150g,C: Pack of existing SFG,2,PM24-Yumasana Cashew Barbeque Standy Pouch,pm,,1,1,Factory,Final FG (packing)
YUMASANA CASHEWS- BARBEQUE 150g,C: Pack of existing SFG,3,PM24-3 Ply Carton CF24 10 Kg (390x290x220mm) 10000 gm -Unprinted,pm,,0.015,1,Factory,Final FG (packing)
YUMASANA CASHEWS- PEPPER 150g,C: Pack of existing SFG,1,Black Pepper Cashew Bulk,sfg,SFG0024,0.15,1,Factory,Final FG (opening RM)
YUMASANA CASHEWS- PEPPER 150g,C: Pack of existing SFG,2,PM24-Yumasana Cashew Pepper Standy Pouch,pm,,1,1,Factory,Final FG (packing)
YUMASANA CASHEWS- PEPPER 150g,C: Pack of existing SFG,3,PM24-3 Ply Carton CF24 10 Kg (390x290x220mm) 10000 gm -Unprinted,pm,,0.015,1,Factory,Final FG (packing)
YUMASANA CASHEWS- SALTED 150g,C: Pack of existing SFG,1,Roasted & Salted Cashew Bulk,sfg,SFG0262,0.15,1,Factory,Final FG (opening RM)
YUMASANA CASHEWS- SALTED 150g,C: Pack of existing SFG,2,PM24-Yumasana Cashew Salted Standy Pouch,pm,,1,1,Factory,Final FG (packing)
YUMASANA CASHEWS- SALTED 150g,C: Pack of existing SFG,3,PM24-3 Ply Carton CF24 10 Kg (390x290x220mm) 10000 gm -Unprinted,pm,,0.015,1,Factory,Final FG (packing)
YUMASANA CASHEWS- SOUR CREAM 150g,C: Pack of existing SFG,1,Sour & Cream Cashew Bulk,sfg,SFG0293,0.15,1,Factory,Final FG (opening RM)
YUMASANA CASHEWS- SOUR CREAM 150g,C: Pack of existing SFG,2,PM24-Yumasana Cashew Sour Cream Standy Pouch,pm,,1,1,Factory,Final FG (packing)
YUMASANA CASHEWS- SOUR CREAM 150g,C: Pack of existing SFG,3,PM24-3 Ply Carton CF24 10 Kg (390x290x220mm) 10000 gm -Unprinted,pm,,0.015,1,Factory,Final FG (packing)
YUMASANA COATED PEANUTS - BARB EQUE 150g,B: Transform->Pack (in-line),1,Glucose Syrup / Liquid Glucose,rm,,0.09,6,Factory,Create WIP
YUMASANA COATED PEANUTS - BARB EQUE 150g,B: Transform->Pack (in-line),2,Refined Fine Powder Iodized Salt Prime,rm,,0.009,6,Factory,Create WIP
YUMASANA COATED PEANUTS - BARB EQUE 150g,B: Transform->Pack (in-line),3,Sugar,rm,,0.036,6,Factory,Create WIP
YUMASANA COATED PEANUTS - BARB EQUE 150g,B: Transform->Pack (in-line),4,Rice Atta,rm,,0.117,6,Factory,Create WIP
YUMASANA COATED PEANUTS - BARB EQUE 150g,B: Transform->Pack (in-line),5,Maize Starch,rm,,0.036,6,Factory,Create WIP
YUMASANA COATED PEANUTS - BARB EQUE 150g,B: Transform->Pack (in-line),6,Nachni Atta,rm,,0.009,6,Factory,Create WIP
YUMASANA COATED PEANUTS - BARB EQUE 150g,B: Transform->Pack (in-line),7,PM24-Yumasana Coated Peanut Barbeque Standy Pouch,pm,,1,6,Factory,Final FG (packing)
YUMASANA COATED PEANUTS - BARB EQUE 150g,B: Transform->Pack (in-line),8,PM24-3 Ply Carton CF24 10 Kg (390x290x220mm) 10000 gm -Unprinted,pm,,0.1,6,Factory,Final FG (packing)
YUMASANA COATED PEANUTS - BARB EQUE 150g,B: Transform->Pack (in-line),9,PREGEFLO C100,rm,,0.054,6,Factory,Create WIP
YUMASANA COATED PEANUTS - BARB EQUE 150g,B: Transform->Pack (in-line),10,SIDCOT STARCH,rm,,0.054,6,Factory,Create WIP
YUMASANA COATED PEANUTS - BARB EQUE 150g,B: Transform->Pack (in-line),11,Peanuts,rm,,0.423,6,Factory,Create WIP
YUMASANA COATED PEANUTS - BARB EQUE 150g,B: Transform->Pack (in-line),12,Palm Oil,rm,,0.027,6,Factory,Create WIP
YUMASANA COATED PEANUTS - BARB EQUE 150g,B: Transform->Pack (in-line),13,Barbeque seasoning,rm,,0.045,6,Factory,Create WIP
YUMASANA COATED PEANUTS - CHILLI GARLIC 150g,B: Transform->Pack (in-line),1,Glucose Syrup / Liquid Glucose,rm,,0.09,6,Factory,Create WIP
YUMASANA COATED PEANUTS - CHILLI GARLIC 150g,B: Transform->Pack (in-line),2,Refined Fine Powder Iodized Salt Prime,rm,,0.009,6,Factory,Create WIP
YUMASANA COATED PEANUTS - CHILLI GARLIC 150g,B: Transform->Pack (in-line),3,Sugar,rm,,0.036,6,Factory,Create WIP
YUMASANA COATED PEANUTS - CHILLI GARLIC 150g,B: Transform->Pack (in-line),4,Rice Atta,rm,,0.117,6,Factory,Create WIP
YUMASANA COATED PEANUTS - CHILLI GARLIC 150g,B: Transform->Pack (in-line),5,Maize Starch,rm,,0.036,6,Factory,Create WIP
YUMASANA COATED PEANUTS - CHILLI GARLIC 150g,B: Transform->Pack (in-line),6,Nachni Atta,rm,,0.009,6,Factory,Create WIP
YUMASANA COATED PEANUTS - CHILLI GARLIC 150g,B: Transform->Pack (in-line),7,PM24-Yumasana Coated Peanut Chilli Garlic Standy Pouch,pm,,1,6,Factory,Final FG (packing)
YUMASANA COATED PEANUTS - CHILLI GARLIC 150g,B: Transform->Pack (in-line),8,PM24-3 Ply Carton CF24 10 Kg (390x290x220mm) 10000 gm -Unprinted,pm,,0.015,6,Factory,Final FG (packing)
YUMASANA COATED PEANUTS - CHILLI GARLIC 150g,B: Transform->Pack (in-line),9,PREGEFLO C100,rm,,0.054,6,Factory,Create WIP
YUMASANA COATED PEANUTS - CHILLI GARLIC 150g,B: Transform->Pack (in-line),10,SIDCOT STARCH,rm,,0.054,6,Factory,Create WIP
YUMASANA COATED PEANUTS - CHILLI GARLIC 150g,B: Transform->Pack (in-line),11,Peanuts,rm,,0.423,6,Factory,Create WIP
YUMASANA COATED PEANUTS - CHILLI GARLIC 150g,B: Transform->Pack (in-line),12,Palm Oil,rm,,0.027,6,Factory,Create WIP
YUMASANA COATED PEANUTS - CHILLI GARLIC 150g,B: Transform->Pack (in-line),13,Chilli Garlic Masala Seasoning,rm,,0.045,6,Factory,Create WIP
YUMASANA COATED PEANUTS - PERI PERI 150g,B: Transform->Pack (in-line),1,Glucose Syrup / Liquid Glucose,rm,,0.09,6,Factory,Create WIP
YUMASANA COATED PEANUTS - PERI PERI 150g,B: Transform->Pack (in-line),2,Refined Fine Powder Iodized Salt Prime,rm,,0.009,6,Factory,Create WIP
YUMASANA COATED PEANUTS - PERI PERI 150g,B: Transform->Pack (in-line),3,Sugar,rm,,0.036,6,Factory,Create WIP
YUMASANA COATED PEANUTS - PERI PERI 150g,B: Transform->Pack (in-line),4,Rice Atta,rm,,0.117,6,Factory,Create WIP
YUMASANA COATED PEANUTS - PERI PERI 150g,B: Transform->Pack (in-line),5,Maize Starch,rm,,0.036,6,Factory,Create WIP
YUMASANA COATED PEANUTS - PERI PERI 150g,B: Transform->Pack (in-line),6,Nachni Atta,rm,,0.009,6,Factory,Create WIP
YUMASANA COATED PEANUTS - PERI PERI 150g,B: Transform->Pack (in-line),7,PM24-Yumasana Coated Peanut Peri Peri Standy Pouch,pm,,1,6,Factory,Final FG (packing)
YUMASANA COATED PEANUTS - PERI PERI 150g,B: Transform->Pack (in-line),8,PM24-3 Ply Carton CF24 10 Kg (390x290x220mm) 10000 gm -Unprinted,pm,,0.015,6,Factory,Final FG (packing)
YUMASANA COATED PEANUTS - PERI PERI 150g,B: Transform->Pack (in-line),9,PREGEFLO C100,rm,,0.054,6,Factory,Create WIP
YUMASANA COATED PEANUTS - PERI PERI 150g,B: Transform->Pack (in-line),10,SIDCOT STARCH,rm,,0.054,6,Factory,Create WIP
YUMASANA COATED PEANUTS - PERI PERI 150g,B: Transform->Pack (in-line),11,Peanuts,rm,,0.423,6,Factory,Create WIP
YUMASANA COATED PEANUTS - PERI PERI 150g,B: Transform->Pack (in-line),12,Palm Oil,rm,,0.027,6,Factory,Create WIP
YUMASANA COATED PEANUTS - PERI PERI 150g,B: Transform->Pack (in-line),13,Peri Peri Marination Seasoning,rm,,0.045,6,Factory,Create WIP
YUMASANA COATED PEANUTS - THAI CHILLI 150g,B: Transform->Pack (in-line),1,Glucose Syrup / Liquid Glucose,rm,,0.09,6,Factory,Create WIP
YUMASANA COATED PEANUTS - THAI CHILLI 150g,B: Transform->Pack (in-line),2,Refined Fine Powder Iodized Salt Prime,rm,,0.009,6,Factory,Create WIP
YUMASANA COATED PEANUTS - THAI CHILLI 150g,B: Transform->Pack (in-line),3,Sugar,rm,,0.036,6,Factory,Create WIP
YUMASANA COATED PEANUTS - THAI CHILLI 150g,B: Transform->Pack (in-line),4,Rice Atta,rm,,0.117,6,Factory,Create WIP
YUMASANA COATED PEANUTS - THAI CHILLI 150g,B: Transform->Pack (in-line),5,Maize Starch,rm,,0.036,6,Factory,Create WIP
YUMASANA COATED PEANUTS - THAI CHILLI 150g,B: Transform->Pack (in-line),6,Nachni Atta,rm,,0.009,6,Factory,Create WIP
YUMASANA COATED PEANUTS - THAI CHILLI 150g,B: Transform->Pack (in-line),7,PM24-Yumasana Coated Peanut Thai Chilli Standy Pouch,pm,,1,6,Factory,Final FG (packing)
YUMASANA COATED PEANUTS - THAI CHILLI 150g,B: Transform->Pack (in-line),8,PM24-3 Ply Carton CF24 10 Kg (390x290x220mm) 10000 gm -Unprinted,pm,,0.015,6,Factory,Final FG (packing)
YUMASANA COATED PEANUTS - THAI CHILLI 150g,B: Transform->Pack (in-line),9,PREGEFLO C100,rm,,0.054,6,Factory,Create WIP
YUMASANA COATED PEANUTS - THAI CHILLI 150g,B: Transform->Pack (in-line),10,SIDCOT STARCH,rm,,0.054,6,Factory,Create WIP
YUMASANA COATED PEANUTS - THAI CHILLI 150g,B: Transform->Pack (in-line),11,Peanuts,rm,,0.423,6,Factory,Create WIP
YUMASANA COATED PEANUTS - THAI CHILLI 150g,B: Transform->Pack (in-line),12,Palm Oil,rm,,0.027,6,Factory,Create WIP
YUMASANA COATED PEANUTS - THAI CHILLI 150g,B: Transform->Pack (in-line),13,SWEET THAI CHILLI SEASONING,rm,,0.045,6,Factory,Create WIP
YUMSANA CHOCO HAZELNUT SPREAD 340GM,D: Pack-only,1,Hazelnut Chocolate Spread,rm,,0.34,1,Factory,Final FG (Sorting+Packing)
Zorro Maple Glazed Pecans 100g,B: Transform->Pack (in-line),1,Pecan Nuts,rm,,0.073,1,Factory,Create WIP
Zorro Maple Glazed Pecans 100g,B: Transform->Pack (in-line),2,Pure Maple Syrup,rm,,0.0268,1,Factory,Create WIP
Zorro Maple Glazed Pecans 100g,B: Transform->Pack (in-line),3,Refined Fine Powder Iodized Salt Prime,rm,,0.0002,1,Factory,Create WIP
Zorro Pecan 100g,D: Pack-only,1,Pecan Nuts,rm,,0.1,1,Factory,Final FG (Sorting+Packing)
Zorro Pecan Grain Free Granola 100g,B: Transform->Pack (in-line),1,Pecan Nuts,rm,,0.0515,1,Factory,Create WIP
Zorro Pecan Grain Free Granola 100g,B: Transform->Pack (in-line),2,Dried Coconut Flakes [Khaman Srifal],rm,,0.0068,1,Factory,Create WIP
Zorro Pecan Grain Free Granola 100g,B: Transform->Pack (in-line),3,Flax Seeds (Alsi),rm,,0.0003,1,Factory,Create WIP
Zorro Pecan Grain Free Granola 100g,B: Transform->Pack (in-line),4,Urban Platter Organic Coconut Jaggery Sugar Powder 1 kg,rm,,0.0045,1,Factory,Create WIP
Zorro Pecan Grain Free Granola 100g,B: Transform->Pack (in-line),5,Refined Fine Powder Iodized Salt Prime,rm,,0.0003,1,Factory,Create WIP
Zorro Pecan Grain Free Granola 100g,B: Transform->Pack (in-line),6,Dalchini (Cinnamon) Powder,rm,,0.0006,1,Factory,Create WIP
Zorro Pecan Grain Free Granola 100g,B: Transform->Pack (in-line),7,Palm Oil,rm,,0.005,1,Factory,Create WIP
Zorro Pecan Grain Free Granola 100g,B: Transform->Pack (in-line),8,Pure Maple Syrup,rm,,0.0187,1,Factory,Create WIP
Zorro Pecan Grain Free Granola 100g,B: Transform->Pack (in-line),9,Dried Blueberry,rm,,0.0085,1,Factory,Create WIP
Zorro Roasted & Lightly Salted Pecans 100g,B: Transform->Pack (in-line),1,Pecan Nuts,rm,,0.0968,1,Factory,Create WIP
Zorro Roasted & Lightly Salted Pecans 100g,B: Transform->Pack (in-line),2,Rice Bran Oil,rm,,0.0024,1,Factory,Create WIP
Zorro Roasted & Lightly Salted Pecans 100g,B: Transform->Pack (in-line),3,Refined Fine Powder Iodized Salt Prime,rm,,0.0008,1,Factory,Create WIP
Zorro Sweet & Spicy Pecan 100g,B: Transform->Pack (in-line),1,Pecan Nuts,rm,,0.081,1,Factory,Create WIP
Zorro Sweet & Spicy Pecan 100g,B: Transform->Pack (in-line),2,Amul Butter,rm,,0.0061,1,Factory,Create WIP
Zorro Sweet & Spicy Pecan 100g,B: Transform->Pack (in-line),3,JEERA (CUMIN SEEDS),rm,,0.0011,1,Factory,Create WIP
Zorro Sweet & Spicy Pecan 100g,B: Transform->Pack (in-line),4,Cayenne Pepper Powder,rm,,0.0003,1,Factory,Create WIP
Zorro Sweet & Spicy Pecan 100g,B: Transform->Pack (in-line),5,Refined Fine Powder Iodized Salt Prime,rm,,0.0006,1,Factory,Create WIP
Zorro Sweet & Spicy Pecan 100g,B: Transform->Pack (in-line),6,Sugar Powder,rm,,0.0069,1,Factory,Create WIP
Zorro Sweet & Spicy Pecan 100g,B: Transform->Pack (in-line),7,"Urban Platter Castor Sugar, 1kg",rm,,0.0036,1,Factory,Create WIP
Zorro Sweet & Spicy Pecan 100g,B: Transform->Pack (in-line),8,Tapioca Starch,rm,,0.0004,1,Factory,Create WIP
