article,entity,raw_process_category,cycle_archetype,stage_seq,stage_bucket,stage_label,create_wip_operation,input_code,input_kind,output_code,output_kind
3 Jar Jute Bag Gift Hamper,cfpl,Flavouring + Packaging,D: Pack-only,1,Final FG,Sorting + Packing,,RM,RM,FG,FG
3pcs date balls with blister,cfpl,Sorting + Blending + Bar Forming + Packaging,B: Transform->Pack (in-line),1,Create WIP,Create WIP: Blend & Form,Blend & Form,RM,RM,SFG0135,SFG
3pcs date balls with blister,cfpl,Sorting + Blending + Bar Forming + Packaging,B: Transform->Pack (in-line),2,Final FG,Packing,,SFG0135,SFG,FG,FG
4 PET WOODEN BOX WITH LID HAMPER,cfpl,Flavouring + Packaging,D: Pack-only,1,Final FG,Sorting + Packing,,RM,RM,FG,FG
5 Grain Cereal 35gm,cfpl,Sorting + Blending + Bar Forming + Packaging,B: Transform->Pack (in-line),1,Create WIP,Create WIP: Blend & Form,Blend & Form,RM,RM,SFG0001,SFG
5 Grain Cereal 35gm,cfpl,Sorting + Blending + Bar Forming + Packaging,B: Transform->Pack (in-line),2,Final FG,Packing,,SFG0001,SFG,FG,FG
5 Grain Cereal 50 GM,cfpl,Sorting + Roasting + Packaging,B: Transform->Pack (in-line),1,Create WIP,Create WIP: Roasting,Roasting,RM,RM,SFG0002,SFG
5 Grain Cereal 50 GM,cfpl,Sorting + Roasting + Packaging,B: Transform->Pack (in-line),2,Final FG,Packing,,SFG0002,SFG,FG,FG
AL BARAKAH DATES SYRUP (400G Packing),cfpl,Sorting + Packaging,D: Pack-only,1,Final FG,Sorting + Packing,,RM,RM,FG,FG
AL BARAKAH FARD DATES PREMIUM - 500g,cfpl,Sorting + Packaging,D: Pack-only,1,Final FG,Sorting + Packing,,RM,RM,FG,FG
AL BARAKAH KHALAS DATES 1KG,cfpl,Sorting + Packaging,D: Pack-only,1,Final FG,Sorting + Packing,,RM,RM,FG,FG
AL BARAKAH KHALAS DATES 500 Gm,cfpl,Sorting + Packaging,D: Pack-only,1,Final FG,Sorting + Packing,,RM,RM,FG,FG
AL BARAKAH KHALAS DATES SEEDLESS 350GM,cfpl,De-seeding + Packaging,B: Transform->Pack (in-line),1,Create WIP,Create WIP: De-Seeding,De-Seeding,RM,RM,SFG0005,SFG
AL BARAKAH KHALAS DATES SEEDLESS 350GM,cfpl,De-seeding + Packaging,B: Transform->Pack (in-line),2,Final FG,Packing,,SFG0005,SFG,FG,FG
AL BARAKAH PREMIUM SEEDLESS DATES 500G,cfpl,De-seeding + Packaging,B: Transform->Pack (in-line),1,Create WIP,Create WIP: De-Seeding,De-Seeding,RM,RM,SFG0006,SFG
AL BARAKAH PREMIUM SEEDLESS DATES 500G,cfpl,De-seeding + Packaging,B: Transform->Pack (in-line),2,Final FG,Packing,,SFG0006,SFG,FG,FG
AL BARAKAH SAFAVI DATES 500gm,cfpl,Sorting + Packaging,D: Pack-only,1,Final FG,Sorting + Packing,,RM,RM,FG,FG
Abjosh (Munakka) 100gm,cfpl,Sorting + Packaging,D: Pack-only,1,Final FG,Sorting + Packing,,RM,RM,FG,FG
Afghan Black Raisins Seedless 1*1,cfpl,Sorting (Bulk Packaging,D: Pack-only,1,Final FG,Sorting + Packing,,RM,RM,FG,FG
Afghan Raisins 1*1 Green round,cfpl,Sorting (Bulk Packaging,D: Pack-only,1,Final FG,Sorting + Packing,,RM,RM,FG,FG
Al Barakah Ajwa Dates 400gm,cfpl,Sorting + Packaging,D: Pack-only,1,Final FG,Sorting + Packing,,RM,RM,FG,FG
Al Barakah Dates Arabian 400g,cfpl,Sorting + Packaging,D: Pack-only,1,Final FG,Sorting + Packing,,RM,RM,FG,FG
Al Barakah Dates Arabian 500g,cfpl,Sorting + Packaging,D: Pack-only,1,Final FG,Sorting + Packing,,RM,RM,FG,FG
Al Barakah Dates Golden 500g,cfpl,Sorting + Packaging,D: Pack-only,1,Final FG,Sorting + Packing,,RM,RM,FG,FG
Al Barakah Dates Oman Seedless 1kg,cfpl,De-seeding + Packaging,B: Transform->Pack (in-line),1,Create WIP,Create WIP: De-Seeding,De-Seeding,RM,RM,SFG0003,SFG
Al Barakah Dates Oman Seedless 1kg,cfpl,De-seeding + Packaging,B: Transform->Pack (in-line),2,Final FG,Packing,,SFG0003,SFG,FG,FG
Al Barakah Dates Safavi 400g,cfpl,Sorting + Packaging,D: Pack-only,1,Final FG,Sorting + Packing,,RM,RM,FG,FG
Al Barakah Dates Safavi Seedless 400g,cfpl,De-seeding + Packaging,B: Transform->Pack (in-line),1,Create WIP,Create WIP: De-Seeding,De-Seeding,RM,RM,SFG0004,SFG
Al Barakah Dates Safavi Seedless 400g,cfpl,De-seeding + Packaging,B: Transform->Pack (in-line),2,Final FG,Packing,,SFG0004,SFG,FG,FG
Al Barakah Dehydrated Date Powder 250g,cfpl,Packaging,D: Pack-only,1,Final FG,Sorting + Packing,,RM,RM,FG,FG
Al Barakah Emirate Dates 500gm,cfpl,Sorting + Packaging,D: Pack-only,1,Final FG,Sorting + Packing,,RM,RM,FG,FG
Al Barakah Fard Dates 400g,cfpl,Sorting + Packaging,D: Pack-only,1,Final FG,Sorting + Packing,,RM,RM,FG,FG
Al Barakah Khalas Dates 400g,cfpl,Sorting + Packaging,D: Pack-only,1,Final FG,Sorting + Packing,,RM,RM,FG,FG
Al Barakah Khanezi Dates 500 GM,cfpl,Sorting + Packaging,D: Pack-only,1,Final FG,Sorting + Packing,,RM,RM,FG,FG
Al Barakah Khenaizi Dates 400g,cfpl,Sorting + Packaging,D: Pack-only,1,Final FG,Sorting + Packing,,RM,RM,FG,FG
Al Barakah Kimia Dates 500 Gm,cfpl,Sorting + Packaging,D: Pack-only,1,Final FG,Sorting + Packing,,RM,RM,FG,FG
Al Barakah Medjoul Dates 500Gm,cfpl,Sorting + Packaging,D: Pack-only,1,Final FG,Sorting + Packing,,RM,RM,FG,FG
Al Barakah Oman Dates 400g,cfpl,Sorting + Packaging,D: Pack-only,1,Final FG,Sorting + Packing,,RM,RM,FG,FG
Al Barakah Oman Dates 500gm Tub,cfpl,Sorting + Packaging,D: Pack-only,1,Final FG,Sorting + Packing,,RM,RM,FG,FG
Al Barakah Premium Medjool 800gm,cfpl,Sorting + Packaging,D: Pack-only,1,Final FG,Sorting + Packing,,RM,RM,FG,FG
Almond Apricot and Seeds Date Balls 48 gms,cfpl,Sorting + Blending + Bar Forming + Packaging,B: Transform->Pack (in-line),1,Create WIP,Create WIP: Blend & Form,Blend & Form,RM,RM,SFG0007,SFG
Almond Apricot and Seeds Date Balls 48 gms,cfpl,Sorting + Blending + Bar Forming + Packaging,B: Transform->Pack (in-line),2,Final FG,Packing,,SFG0007,SFG,FG,FG
Almond Blanched Sliced,cfpl,Sorting + Blanching + Slicing/Dicing/Slivering (Bulk Packaging,C: Pack of existing SFG,1,Final FG,Packing,,SFG0008,SFG,FG,FG
"Almond Blanched, whole",cfpl,Sorting + Blanching (Bulk Packaging,A: WIP producer (bulk),1,Create WIP,Create WIP: Blanching,Blanching,RM,RM,SFG0008,SFG
"Almond Blanched, whole",cfpl,Sorting + Blanching (Bulk Packaging,A: WIP producer (bulk),2,Final FG,Packing,,SFG0008,SFG,FG,FG
Almond Cranberry Black currant and seeds Date Balls 48 gms,cfpl,Sorting + Blending + Bar Forming + Packaging,B: Transform->Pack (in-line),1,Create WIP,Create WIP: Blend & Form,Blend & Form,RM,RM,SFG0009,SFG
Almond Cranberry Black currant and seeds Date Balls 48 gms,cfpl,Sorting + Blending + Bar Forming + Packaging,B: Transform->Pack (in-line),2,Final FG,Packing,,SFG0009,SFG,FG,FG
Almond Kernal 150gm,cfpl,Sorting + Packaging,D: Pack-only,1,Final FG,Sorting + Packing,,RM,RM,FG,FG
Almond Kernal 450gm,cfpl,Sorting + Packaging,D: Pack-only,1,Final FG,Sorting + Packing,,RM,RM,FG,FG
Almond Masala,cfpl,Flavouring (Bulk Packaging,B: Transform->Pack (in-line),1,Create WIP,Create WIP: Roast & Flavour/Salt,Roast & Flavour/Salt,RM,RM,SFG0010,SFG
Almond Masala,cfpl,Flavouring (Bulk Packaging,B: Transform->Pack (in-line),2,Final FG,Packing,,SFG0010,SFG,FG,FG
Almond Peri Peri,cfpl,Flavouring (Bulk Packaging,B: Transform->Pack (in-line),1,Create WIP,Create WIP: Roast & Flavour/Salt,Roast & Flavour/Salt,RM,RM,SFG0011,SFG
Almond Peri Peri,cfpl,Flavouring (Bulk Packaging,B: Transform->Pack (in-line),2,Final FG,Packing,,SFG0011,SFG,FG,FG
Almond Roasted,cfpl,Sorting + Roasting (Bulk Packaging,D: Pack-only,1,Final FG,Sorting + Packing,,RM,RM,FG,FG
Almond Selected 230g,cfpl,Sorting + Packaging,D: Pack-only,1,Final FG,Sorting + Packing,,RM,RM,FG,FG
Almond Sliced,cfpl,Sorting + Blanching + Slicing/Dicing/Slivering (Bulk Packaging,A: WIP producer (bulk),1,Create WIP,Create WIP: Blanch & Slice,Blanch & Slice,RM,RM,SFG0012,SFG
Almond Sliced,cfpl,Sorting + Blanching + Slicing/Dicing/Slivering (Bulk Packaging,A: WIP producer (bulk),2,Final FG,Packing,,SFG0012,SFG,FG,FG
Almonds Kernel Cube Cut,cfpl,Sorting + Blanching + Slicing/Dicing/Slivering (Bulk Packaging,B: Transform->Pack (in-line),1,Create WIP,Create WIP: Blanch & Slice,Blanch & Slice,RM,RM,SFG0013,SFG
Almonds Kernel Cube Cut,cfpl,Sorting + Blanching + Slicing/Dicing/Slivering (Bulk Packaging,B: Transform->Pack (in-line),2,Final FG,Packing,,SFG0013,SFG,FG,FG
Amary Dates 250g (1356293),cfpl,Sorting + Packaging,D: Pack-only,1,Final FG,Sorting + Packing,,RM,RM,FG,FG
Amazon Brand - Vedaka Premium Dry Fruits Combo 400 gm Gift Box ( B0BBDJMLYR ),cfpl,Sorting + Roasting + Packaging,D: Pack-only,1,Final FG,Sorting + Packing,,RM,RM,FG,FG
Amazon Brand - Vedaka Raw Sunflower Seeds 1 Kg B0D9P1N25J,cfpl,Sorting + Roasting + Packaging,B: Transform->Pack (in-line),1,Create WIP,Create WIP: Roasting,Roasting,RM,RM,SFG0014,SFG
Amazon Brand - Vedaka Raw Sunflower Seeds 1 Kg B0D9P1N25J,cfpl,Sorting + Roasting + Packaging,B: Transform->Pack (in-line),2,Final FG,Packing,,SFG0014,SFG,FG,FG
Amazon Brand Nuts Berries and Seed Mix 200g (B0B69J57QV),cfpl,Sorting + Roasting + Packaging,B: Transform->Pack (in-line),1,Create WIP,Create WIP: Roasting,Roasting,RM,RM,SFG0015,SFG
Amazon Brand Nuts Berries and Seed Mix 200g (B0B69J57QV),cfpl,Sorting + Roasting + Packaging,B: Transform->Pack (in-line),2,Final FG,Packing,,SFG0015,SFG,FG,FG
Amazon Brand Vedaka Dryfruits and Berries Mix 200g (B0B69KXW9J),cfpl,Sorting + Roasting + Packaging,B: Transform->Pack (in-line),1,Create WIP,Create WIP: Roasting,Roasting,RM,RM,SFG0016,SFG
Amazon Brand Vedaka Dryfruits and Berries Mix 200g (B0B69KXW9J),cfpl,Sorting + Roasting + Packaging,B: Transform->Pack (in-line),2,Final FG,Packing,,SFG0016,SFG,FG,FG
Amazon Brand Vedaka Dryfruits and Nut Mix 200g (B0B69KB4GB),cfpl,Sorting + Roasting + Packaging,B: Transform->Pack (in-line),1,Create WIP,Create WIP: Roasting,Roasting,RM,RM,SFG0017,SFG
Amazon Brand Vedaka Dryfruits and Nut Mix 200g (B0B69KB4GB),cfpl,Sorting + Roasting + Packaging,B: Transform->Pack (in-line),2,Final FG,Packing,,SFG0017,SFG,FG,FG
Amazon Brand- Vedaka Dry Dates powder 200g,cfpl,Packaging,D: Pack-only,1,Final FG,Sorting + Packing,,RM,RM,FG,FG
American Almonds (23-25 Count),cfpl,Sorting (Bulk Packaging,D: Pack-only,1,Final FG,Sorting + Packing,,RM,RM,FG,FG
American Almonds (24-25 Count),cfpl,Sorting (Bulk Packaging,D: Pack-only,1,Final FG,Sorting + Packing,,RM,RM,FG,FG
American Almonds Running 25-27 count,cfpl,Sorting (Bulk Packaging,D: Pack-only,1,Final FG,Sorting + Packing,,RM,RM,FG,FG
American Almonds Tukda,cfpl,Sorting + Blanching + Slicing/Dicing/Slivering (Bulk Packaging,D: Pack-only,1,Final FG,Sorting + Packing,,RM,RM,FG,FG
Anjeer (Figs),cfpl,Sorting (Bulk Packaging,D: Pack-only,1,Final FG,Sorting + Packing,,RM,RM,FG,FG
Anjeer 1*2 75gm,cfpl,Sorting + Packaging,D: Pack-only,1,Final FG,Sorting + Packing,,RM,RM,FG,FG
Antioxidant Mix 33gm,cfpl,Sorting + Roasting + Packaging,B: Transform->Pack (in-line),1,Create WIP,Create WIP: Roasting,Roasting,RM,RM,SFG0018,SFG
Antioxidant Mix 33gm,cfpl,Sorting + Roasting + Packaging,B: Transform->Pack (in-line),2,Final FG,Packing,,SFG0018,SFG,FG,FG
Antioxidant Mix 35gm,cfpl,Sorting + Roasting + Packaging,B: Transform->Pack (in-line),1,Create WIP,Create WIP: Roasting,Roasting,RM,RM,SFG0018,SFG
Antioxidant Mix 35gm,cfpl,Sorting + Roasting + Packaging,B: Transform->Pack (in-line),2,Final FG,Packing,,SFG0018,SFG,FG,FG
Apricot Kernel,cfpl,Sorting (Bulk Packaging,D: Pack-only,1,Final FG,Sorting + Packing,,RM,RM,FG,FG
Ar Barakah Fard Dates 1kg,cfpl,Sorting + Packaging,D: Pack-only,1,Final FG,Sorting + Packing,,RM,RM,FG,FG
Azmah Dates 500 Gms (110002703),cfpl,Sorting + Packaging,D: Pack-only,1,Final FG,Sorting + Packing,,RM,RM,FG,FG
BB Royal Ajwa Dates 500g,cfpl,Sorting + Packaging,D: Pack-only,1,Final FG,Sorting + Packing,,RM,RM,FG,FG
BB Royal Black Current 250g,cfpl,Sorting + Packaging,D: Pack-only,1,Final FG,Sorting + Packing,,RM,RM,FG,FG
BB Royal Dates - Ajwa 250g,cfpl,Sorting + Packaging,D: Pack-only,1,Final FG,Sorting + Packing,,RM,RM,FG,FG
BB Royal Dates - Deri 500 g,cfpl,Sorting + Packaging,D: Pack-only,1,Final FG,Sorting + Packing,,RM,RM,FG,FG
BB Royal Dates - Golden 500 g,cfpl,Sorting + Packaging,D: Pack-only,1,Final FG,Sorting + Packing,,RM,RM,FG,FG
BB Royal Dates - Mazafati 250g,cfpl,Sorting + Packaging,D: Pack-only,1,Final FG,Sorting + Packing,,RM,RM,FG,FG
BB Royal Dates - Medjool 250g,cfpl,Sorting + Packaging,D: Pack-only,1,Final FG,Sorting + Packing,,RM,RM,FG,FG
BB Royal Dates - Omani 250g,cfpl,Sorting + Packaging,D: Pack-only,1,Final FG,Sorting + Packing,,RM,RM,FG,FG
"BB Royal Dates - Red, Seedless 250 g",cfpl,De-seeding + Packaging,B: Transform->Pack (in-line),1,Create WIP,Create WIP: De-Seeding,De-Seeding,RM,RM,SFG0022,SFG
"BB Royal Dates - Red, Seedless 250 g",cfpl,De-seeding + Packaging,B: Transform->Pack (in-line),2,Final FG,Packing,,SFG0022,SFG,FG,FG
BB Royal Dates - Safawi 250g,cfpl,Sorting + Packaging,D: Pack-only,1,Final FG,Sorting + Packing,,RM,RM,FG,FG
BB Royal Dates - Zahidi 500 g,cfpl,Sorting + Packaging,D: Pack-only,1,Final FG,Sorting + Packing,,RM,RM,FG,FG
BB Royal Dried Blue Berries 100g,cfpl,Sorting + Packaging,D: Pack-only,1,Final FG,Sorting + Packing,,RM,RM,FG,FG
BB Royal Dried Blue Berries 250g,cfpl,Sorting + Packaging,D: Pack-only,1,Final FG,Sorting + Packing,,RM,RM,FG,FG
BB Royal Dried Cran Berries 100g,cfpl,Sorting + Packaging,D: Pack-only,1,Final FG,Sorting + Packing,,RM,RM,FG,FG
BB Royal Dried Cran Berry 250g,cfpl,Sorting + Packaging,D: Pack-only,1,Final FG,Sorting + Packing,,RM,RM,FG,FG
BB Royal Mazafati Dates 500g,cfpl,Sorting + Packaging,D: Pack-only,1,Final FG,Sorting + Packing,,RM,RM,FG,FG
BB Royal Medjool Dates 500g,cfpl,Sorting + Packaging,D: Pack-only,1,Final FG,Sorting + Packing,,RM,RM,FG,FG
BB Royal Red Dates - With Seeds 500gm,cfpl,Sorting + Packaging,D: Pack-only,1,Final FG,Sorting + Packing,,RM,RM,FG,FG
BB Royal Safavi Dates 500g,cfpl,Sorting + Packaging,D: Pack-only,1,Final FG,Sorting + Packing,,RM,RM,FG,FG
BBroyal Black Current 100g,cfpl,Sorting + Packaging,D: Pack-only,1,Final FG,Sorting + Packing,,RM,RM,FG,FG
BLACK PEPPER CASHEW,cfpl,Flavouring (Bulk Packaging,C: Pack of existing SFG,1,Final FG,Packing,,SFG0024,SFG,FG,FG
BLISSFUL CELEBRATION 360gm,cfpl,Flavouring + Packaging,D: Pack-only,1,Final FG,Sorting + Packing,,RM,RM,FG,FG
Banarasi Box Hamper 03,cfpl,Flavouring + Packaging,D: Pack-only,1,Final FG,Sorting + Packing,,RM,RM,FG,FG
Barbeque Almonds,cfpl,Flavouring (Bulk Packaging,D: Pack-only,1,Final FG,Sorting + Packing,,RM,RM,FG,FG
Barbeque Cashew,cfpl,Flavouring (Bulk Packaging,C: Pack of existing SFG,1,Final FG,Packing,,SFG0019,SFG,FG,FG
Barbeque Cashew Bulk,cfpl,Flavouring + Roasting +Bulk Packaging,A: WIP producer (bulk),1,Create WIP,Create WIP: Roast & Flavour/Salt,Roast & Flavour/Salt,RM,RM,SFG0019,SFG
Barbeque Cashew Bulk,cfpl,Flavouring + Roasting +Bulk Packaging,A: WIP producer (bulk),2,Final FG,Packing,,SFG0019,SFG,FG,FG
Barbeque Macadamia,cfpl,Flavouring + Packaging,B: Transform->Pack (in-line),1,Create WIP,Create WIP: Roast & Flavour/Salt,Roast & Flavour/Salt,RM,RM,SFG0020,SFG
Barbeque Macadamia,cfpl,Flavouring + Packaging,B: Transform->Pack (in-line),2,Final FG,Packing,,SFG0020,SFG,FG,FG
Barbeque Makhana,cfpl,Flavouring + Packaging,B: Transform->Pack (in-line),1,Create WIP,Create WIP: Roast & Flavour/Salt,Roast & Flavour/Salt,RM,RM,SFG0021,SFG
Barbeque Makhana,cfpl,Flavouring + Packaging,B: Transform->Pack (in-line),2,Final FG,Packing,,SFG0021,SFG,FG,FG
Bb Royal Omani Dates 500gm,cfpl,Sorting + Packaging,D: Pack-only,1,Final FG,Sorting + Packing,,RM,RM,FG,FG
Berry Mix,cfpl,Sorting (Bulk Packaging,D: Pack-only,1,Final FG,Sorting + Packing,,RM,RM,FG,FG
Black Pepper Almonds,cfpl,Flavouring (Bulk Packaging,B: Transform->Pack (in-line),1,Create WIP,Create WIP: Roast & Flavour/Salt,Roast & Flavour/Salt,RM,RM,SFG0023,SFG
Black Pepper Almonds,cfpl,Flavouring (Bulk Packaging,B: Transform->Pack (in-line),2,Final FG,Packing,,SFG0023,SFG,FG,FG
Black Pepper Cashew Bulk,cfpl,Flavouring + Roasting +Bulk Packaging,A: WIP producer (bulk),1,Create WIP,Create WIP: Roast & Flavour/Salt,Roast & Flavour/Salt,RM,RM,SFG0024,SFG
Black Pepper Cashew Bulk,cfpl,Flavouring + Roasting +Bulk Packaging,A: WIP producer (bulk),2,Final FG,Packing,,SFG0024,SFG,FG,FG
Black Pepper Macadamia Trail Mix,cfpl,Flavouring (Bulk Packaging,B: Transform->Pack (in-line),1,Create WIP,Create WIP: Roast & Flavour/Salt,Roast & Flavour/Salt,RM,RM,SFG0025,SFG
Black Pepper Macadamia Trail Mix,cfpl,Flavouring (Bulk Packaging,B: Transform->Pack (in-line),2,Final FG,Packing,,SFG0025,SFG,FG,FG
Black Pepper Nutty Seed Mix 250gm,cfpl,Flavouring + Packaging,B: Transform->Pack (in-line),1,Create WIP,Create WIP: Roast & Flavour/Salt,Roast & Flavour/Salt,RM,RM,SFG0026,SFG
Black Pepper Nutty Seed Mix 250gm,cfpl,Flavouring + Packaging,B: Transform->Pack (in-line),2,Final FG,Packing,,SFG0026,SFG,FG,FG
Black Pepper Pecannut,cfpl,Flavouring (Bulk Packaging,B: Transform->Pack (in-line),1,Create WIP,Create WIP: Roast & Flavour/Salt,Roast & Flavour/Salt,RM,RM,SFG0027,SFG
Black Pepper Pecannut,cfpl,Flavouring (Bulk Packaging,B: Transform->Pack (in-line),2,Final FG,Packing,,SFG0027,SFG,FG,FG
Blackcurrant Date Balls 48 gms,cfpl,Sorting + Blending + Bar Forming + Packaging,B: Transform->Pack (in-line),1,Create WIP,Create WIP: Blend & Form,Blend & Form,RM,RM,SFG0028,SFG
Blackcurrant Date Balls 48 gms,cfpl,Sorting + Blending + Bar Forming + Packaging,B: Transform->Pack (in-line),2,Final FG,Packing,,SFG0028,SFG,FG,FG
Blueberries 230g,cfpl,Sorting + Packaging,D: Pack-only,1,Final FG,Sorting + Packing,,RM,RM,FG,FG
Blueberries 75gm,cfpl,Sorting + Packaging,D: Pack-only,1,Final FG,Sorting + Packing,,RM,RM,FG,FG
Booster Berries 33gm,cfpl,Sorting + Packaging,D: Pack-only,1,Final FG,Sorting + Packing,,RM,RM,FG,FG
Booster Berries 35gm,cfpl,Sorting + Packaging,D: Pack-only,1,Final FG,Sorting + Packing,,RM,RM,FG,FG
Brazil Nuts,cfpl,Sorting (Bulk Packaging,D: Pack-only,1,Final FG,Sorting + Packing,,RM,RM,FG,FG
Breakfast Mix Bulk,cfpl,Flavouring + Roasting,B: Transform->Pack (in-line),1,Create WIP,Create WIP: Roast & Flavour/Salt,Roast & Flavour/Salt,RM,RM,SFG0029,SFG
Breakfast Mix Bulk,cfpl,Flavouring + Roasting,B: Transform->Pack (in-line),2,Final FG,Packing,,SFG0029,SFG,FG,FG
CA GOA PRE CASHEW 230GM/P,cfpl,Sorting + Packaging,D: Pack-only,1,Final FG,Sorting + Packing,,RM,RM,FG,FG
CA INDIAN PREMIUM QUALITY RAISINS 150/P,cfpl,Sorting + Packaging,D: Pack-only,1,Final FG,Sorting + Packing,,RM,RM,FG,FG
CA PREMIUM ALMOND CALIFORNIA 218GM/P,cfpl,Sorting + Packaging,D: Pack-only,1,Final FG,Sorting + Packing,,RM,RM,FG,FG
CA PREMIUM DRY CANBERRY 230GM/P,cfpl,Sorting + Packaging,D: Pack-only,1,Final FG,Sorting + Packing,,RM,RM,FG,FG
CA PREMIUM PINSHROSTSALTIRANIPISTA15 /P,cfpl,Sorting + Packaging,D: Pack-only,1,Final FG,Sorting + Packing,,RM,RM,FG,FG
CA WALNUT CHILE (VACUUM PACKING)250GM /P,cfpl,Sorting + Packaging,D: Pack-only,1,Final FG,Sorting + Packing,,RM,RM,FG,FG
CARNIVAL Mayur Ratna Big 520g,cfpl,Flavouring + Packaging,D: Pack-only,1,Final FG,Sorting + Packing,,RM,RM,FG,FG
CARNIVAL Mayur Ratna Big 520gm,cfpl,Flavouring + Packaging,D: Pack-only,1,Final FG,Sorting + Packing,,RM,RM,FG,FG
CARNIVAL Mayur Ratna Small 360g,cfpl,Flavouring + Packaging,D: Pack-only,1,Final FG,Sorting + Packing,,RM,RM,FG,FG
CARNIVAL Mayur Ratna Small 360gm,cfpl,Flavouring + Packaging,D: Pack-only,1,Final FG,Sorting + Packing,,RM,RM,FG,FG
CARNIVAL RAISIN IDNIAN GREEN/GOLDEN ROUND 1KG,cfpl,Sorting + Packaging,D: Pack-only,1,Final FG,Sorting + Packing,,RM,RM,FG,FG
CARNIVAL Royal divine 550g,cfpl,Flavouring + Packaging,D: Pack-only,1,Final FG,Sorting + Packing,,RM,RM,FG,FG
CARNIVAL Utsav 700g,cfpl,Flavouring + Packaging,D: Pack-only,1,Final FG,Sorting + Packing,,RM,RM,FG,FG
CCD Energy Bar with Jaggery,cfpl,Sorting + Blending + Bar Forming + Packaging,B: Transform->Pack (in-line),1,Create WIP,Create WIP: Blend & Form,Blend & Form,RM,RM,SFG0096,SFG
CCD Energy Bar with Jaggery,cfpl,Sorting + Blending + Bar Forming + Packaging,B: Transform->Pack (in-line),2,Final FG,Packing,,SFG0096,SFG,FG,FG
CELEBRATING MOMENTS 300gm,cfpl,Flavouring + Packaging,D: Pack-only,1,Final FG,Sorting + Packing,,RM,RM,FG,FG
CELEBRATION SLEEK BOX 300gm,cfpl,Flavouring + Packaging,D: Pack-only,1,Final FG,Sorting + Packing,,RM,RM,FG,FG
CELEBRATIONS 550gm,cfpl,Flavouring + Packaging,D: Pack-only,1,Final FG,Sorting + Packing,,RM,RM,FG,FG
CHATPATA SNACK MIX,cfpl,Flavouring (Bulk Packaging,B: Transform->Pack (in-line),1,Create WIP,Create WIP: Roast & Flavour/Salt,Roast & Flavour/Salt,RM,RM,SFG0099,SFG
CHATPATA SNACK MIX,cfpl,Flavouring (Bulk Packaging,B: Transform->Pack (in-line),2,Final FG,Packing,,SFG0099,SFG,FG,FG
CLASSIC WOODEN BOX 480gm,cfpl,Flavouring + Packaging,D: Pack-only,1,Final FG,Sorting + Packing,,RM,RM,FG,FG
CURATE BLUEBERRIES 200G,cfpl,Sorting + Packaging,D: Pack-only,1,Final FG,Sorting + Packing,,RM,RM,FG,FG
CURATE DATE BITES ASRTD RO/CA IND 420G,cfpl,Sorting + Blending + Bar Forming + Packaging,D: Pack-only,1,Final FG,Sorting + Packing,,RM,RM,FG,FG
CURATE DATE BITES IND 210G,cfpl,Sorting + Blending + Bar Forming + Packaging,B: Transform->Pack (in-line),1,Create WIP,Create WIP: Blend & Form,Blend & Form,RM,RM,SFG0122,SFG
CURATE DATE BITES IND 210G,cfpl,Sorting + Blending + Bar Forming + Packaging,B: Transform->Pack (in-line),2,Final FG,Packing,,SFG0122,SFG,FG,FG
CURATE DATE BITES ROSE IND 210G,cfpl,Sorting + Blending + Bar Forming + Packaging,B: Transform->Pack (in-line),1,Create WIP,Create WIP: Blend & Form,Blend & Form,RM,RM,SFG0123,SFG
CURATE DATE BITES ROSE IND 210G,cfpl,Sorting + Blending + Bar Forming + Packaging,B: Transform->Pack (in-line),2,Final FG,Packing,,SFG0123,SFG,FG,FG
CURATE DATE BITES ROSE IND 360G,cfpl,Sorting + Blending + Bar Forming + Packaging,B: Transform->Pack (in-line),1,Create WIP,Create WIP: Blend & Form,Blend & Form,RM,RM,SFG0123,SFG
CURATE DATE BITES ROSE IND 360G,cfpl,Sorting + Blending + Bar Forming + Packaging,B: Transform->Pack (in-line),2,Final FG,Packing,,SFG0123,SFG,FG,FG
CURATE MACADEMIA NUTS 200G,cfpl,Sorting + Roasting + Packaging,D: Pack-only,1,Final FG,Sorting + Packing,,RM,RM,FG,FG
CURATE MAMRA ALMOND 500G,cfpl,Sorting + Packaging,D: Pack-only,1,Final FG,Sorting + Packing,,RM,RM,FG,FG
CURATE WHOLE CRANBERRIES 200G,cfpl,Sorting + Packaging,D: Pack-only,1,Final FG,Sorting + Packing,,RM,RM,FG,FG
Cafe Galleria Walnut Kernel 250g,cfpl,Sorting + Packaging,D: Pack-only,1,Final FG,Sorting + Packing,,RM,RM,FG,FG
Cafe Galleries  Pepper Pista Inshell 250gm,cfpl,Flavouring + Packaging,D: Pack-only,1,Final FG,Sorting + Packing,,RM,RM,FG,FG
Cafe Galleries American Almond 25-27count - 250gm,cfpl,Sorting + Packaging,D: Pack-only,1,Final FG,Sorting + Packing,,RM,RM,FG,FG
Cafe Galleries American Pista Inshell Regular 250gm,cfpl,Sorting + Packaging,D: Pack-only,1,Final FG,Sorting + Packing,,RM,RM,FG,FG
Cafe Galleries American Pista Inshell Selected 250g,cfpl,Sorting + Packaging,D: Pack-only,1,Final FG,Sorting + Packing,,RM,RM,FG,FG
Cafe Galleries Blueberry 250g,cfpl,Sorting + Packaging,D: Pack-only,1,Final FG,Sorting + Packing,,RM,RM,FG,FG
Cafe Galleries Brazil Nuts 250g,cfpl,Sorting + Packaging,D: Pack-only,1,Final FG,Sorting + Packing,,RM,RM,FG,FG
Cafe Galleries Cashew 180 - 250gm,cfpl,Sorting + Packaging,D: Pack-only,1,Final FG,Sorting + Packing,,RM,RM,FG,FG
Cafe Galleries Cashew 180 - 500gm,cfpl,Sorting + Packaging,D: Pack-only,1,Final FG,Sorting + Packing,,RM,RM,FG,FG
Cafe Galleries Cashew 210 - 250gm,cfpl,Sorting + Packaging,D: Pack-only,1,Final FG,Sorting + Packing,,RM,RM,FG,FG
Cafe Galleries Cashew 210 - 500g,cfpl,Sorting + Packaging,D: Pack-only,1,Final FG,Sorting + Packing,,RM,RM,FG,FG
Cafe Galleries Cashew 240 - 250g,cfpl,Sorting + Packaging,D: Pack-only,1,Final FG,Sorting + Packing,,RM,RM,FG,FG
Cafe Galleries Cashew 240 - 500gm,cfpl,Sorting + Packaging,D: Pack-only,1,Final FG,Sorting + Packing,,RM,RM,FG,FG
Cafe Galleries Cashew 320 - 250gm,cfpl,Sorting + Packaging,D: Pack-only,1,Final FG,Sorting + Packing,,RM,RM,FG,FG
Cafe Galleries Cashew Black Pepper 250 Gm,cfpl,Sorting + Packaging,C: Pack of existing SFG,1,Final FG,Packing,,SFG0024,SFG,FG,FG
Cafe Galleries Cashew Salted 180 250g,cfpl,Sorting + Packaging,D: Pack-only,1,Final FG,Sorting + Packing,,RM,RM,FG,FG
Cafe Galleries Chia seeds 250g,cfpl,Sorting + Packaging,D: Pack-only,1,Final FG,Sorting + Packing,,RM,RM,FG,FG
"Cafe Galleries Cocktail Mix 250g(Almond,Cashew,Pista,Black Raisins)",cfpl,Sorting + Packaging,D: Pack-only,1,Final FG,Sorting + Packing,,RM,RM,FG,FG
Cafe Galleries Cranberry Whole 250g,cfpl,Sorting + Packaging,D: Pack-only,1,Final FG,Sorting + Packing,,RM,RM,FG,FG
Cafe Galleries Flax seeds 250g,cfpl,Sorting + Roasting + Packaging,D: Pack-only,1,Final FG,Sorting + Packing,,RM,RM,FG,FG
Cafe Galleries Hazelnuts 250g,cfpl,Sorting + Packaging,D: Pack-only,1,Final FG,Sorting + Packing,,RM,RM,FG,FG
Cafe Galleries Healthy Mewa Mix 250g,cfpl,Sorting + Roasting + Packaging,B: Transform->Pack (in-line),1,Create WIP,Create WIP: Roasting,Roasting,RM,RM,SFG0030,SFG
Cafe Galleries Healthy Mewa Mix 250g,cfpl,Sorting + Roasting + Packaging,B: Transform->Pack (in-line),2,Final FG,Packing,,SFG0030,SFG,FG,FG
Cafe Galleries Macadamia Nut Salted 250g,cfpl,Sorting + Roasting + Packaging,B: Transform->Pack (in-line),1,Create WIP,Create WIP: Roasting,Roasting,RM,RM,SFG0031,SFG
Cafe Galleries Macadamia Nut Salted 250g,cfpl,Sorting + Roasting + Packaging,B: Transform->Pack (in-line),2,Final FG,Packing,,SFG0031,SFG,FG,FG
Cafe Galleries Premium Cocktail Mix 250g,cfpl,Sorting + Roasting + Packaging,B: Transform->Pack (in-line),1,Create WIP,Create WIP: Roasting,Roasting,RM,RM,SFG0032,SFG
Cafe Galleries Premium Cocktail Mix 250g,cfpl,Sorting + Roasting + Packaging,B: Transform->Pack (in-line),2,Final FG,Packing,,SFG0032,SFG,FG,FG
Cafe Galleries Pumpkin Seeds 250g,cfpl,Sorting + Roasting + Packaging,B: Transform->Pack (in-line),1,Create WIP,Create WIP: Roasting,Roasting,RM,RM,SFG0033,SFG
Cafe Galleries Pumpkin Seeds 250g,cfpl,Sorting + Roasting + Packaging,B: Transform->Pack (in-line),2,Final FG,Packing,,SFG0033,SFG,FG,FG
Cafe Galleries Salted Cashew 210- 250gm,cfpl,Sorting + Packaging,C: Pack of existing SFG,1,Final FG,Packing,,SFG0262,SFG,FG,FG
Cafe Galleries Salted Pumpkin Seeds 250g,cfpl,Flavouring + Packaging,B: Transform->Pack (in-line),1,Create WIP,Create WIP: Roast & Flavour/Salt,Roast & Flavour/Salt,RM,RM,SFG0034,SFG
Cafe Galleries Salted Pumpkin Seeds 250g,cfpl,Flavouring + Packaging,B: Transform->Pack (in-line),2,Final FG,Packing,,SFG0034,SFG,FG,FG
"Cafe Galleries Seeds Mix, 250g",cfpl,Sorting + Roasting + Packaging,B: Transform->Pack (in-line),1,Create WIP,Create WIP: Roasting,Roasting,RM,RM,SFG0035,SFG
"Cafe Galleries Seeds Mix, 250g",cfpl,Sorting + Roasting + Packaging,B: Transform->Pack (in-line),2,Final FG,Packing,,SFG0035,SFG,FG,FG
Cafe Galleries Selected American Almond 18 count - 250gm,cfpl,Sorting + Packaging,D: Pack-only,1,Final FG,Sorting + Packing,,RM,RM,FG,FG
Cafe Galleries Selected American Almond 20-22 count - 250gm,cfpl,Sorting + Packaging,D: Pack-only,1,Final FG,Sorting + Packing,,RM,RM,FG,FG
Cafe Galleries Slice Cranberry 250g,cfpl,Sorting + Blanching + Slicing/Dicing/Slivering + Packaging,D: Pack-only,1,Final FG,Sorting + Packing,,RM,RM,FG,FG
Cafe Galleries Sunflower Seeds - 250gm,cfpl,Sorting + Roasting + Packaging,B: Transform->Pack (in-line),1,Create WIP,Create WIP: Roasting,Roasting,RM,RM,SFG0036,SFG
Cafe Galleries Sunflower Seeds - 250gm,cfpl,Sorting + Roasting + Packaging,B: Transform->Pack (in-line),2,Final FG,Packing,,SFG0036,SFG,FG,FG
California Pista Inshell Black Pepper,cfpl,Flavouring (Bulk Packaging,B: Transform->Pack (in-line),1,Create WIP,Create WIP: Roast & Flavour/Salt,Roast & Flavour/Salt,RM,RM,SFG0037,SFG
California Pista Inshell Black Pepper,cfpl,Flavouring (Bulk Packaging,B: Transform->Pack (in-line),2,Final FG,Packing,,SFG0037,SFG,FG,FG
California Pista Inshell Pink Salted,cfpl,Flavouring (Bulk Packaging,B: Transform->Pack (in-line),1,Create WIP,Create WIP: Roast & Flavour/Salt,Roast & Flavour/Salt,RM,RM,SFG0038,SFG
California Pista Inshell Pink Salted,cfpl,Flavouring (Bulk Packaging,B: Transform->Pack (in-line),2,Final FG,Packing,,SFG0038,SFG,FG,FG
California Pista Inshell Roasted and Salted,cfpl,Flavouring (Bulk Packaging,B: Transform->Pack (in-line),1,Create WIP,Create WIP: Roast & Flavour/Salt,Roast & Flavour/Salt,RM,RM,SFG0039,SFG
California Pista Inshell Roasted and Salted,cfpl,Flavouring (Bulk Packaging,B: Transform->Pack (in-line),2,Final FG,Packing,,SFG0039,SFG,FG,FG
Caramel Pecannut,cfpl,Flavouring (Bulk Packaging,B: Transform->Pack (in-line),1,Create WIP,Create WIP: Roast & Flavour/Salt,Roast & Flavour/Salt,RM,RM,SFG0040,SFG
Caramel Pecannut,cfpl,Flavouring (Bulk Packaging,B: Transform->Pack (in-line),2,Final FG,Packing,,SFG0040,SFG,FG,FG
Carnial Almond Dragees 100gm,cfpl,Sorting + Roasting + Chocolate + Packaging,B: Transform->Pack (in-line),1,Create WIP,Create WIP: Roasting + Enrobe / Choco-Coat,Roasting + Enrobe / Choco-Coat,RM,RM,SFG0041,SFG
Carnial Almond Dragees 100gm,cfpl,Sorting + Roasting + Chocolate + Packaging,B: Transform->Pack (in-line),2,Final FG,Packing,,SFG0041,SFG,FG,FG
Carnival Afghan Apricot 250gm,cfpl,Sorting + Packaging,D: Pack-only,1,Final FG,Sorting + Packing,,RM,RM,FG,FG
Carnival Almond Choco Bite (Dark Chocolate) 100g,cfpl,Sorting + Roasting + Chocolate + Packaging,B: Transform->Pack (in-line),1,Create WIP,Create WIP: Roasting + Enrobe / Choco-Coat,Roasting + Enrobe / Choco-Coat,RM,RM,SFG0042,SFG
Carnival Almond Choco Bite (Dark Chocolate) 100g,cfpl,Sorting + Roasting + Chocolate + Packaging,B: Transform->Pack (in-line),2,Final FG,Packing,,SFG0042,SFG,FG,FG
Carnival Almond Choco Bite (Milk Chocolate) 100g,cfpl,Sorting + Roasting + Chocolate + Packaging,B: Transform->Pack (in-line),1,Create WIP,Create WIP: Roasting + Enrobe / Choco-Coat,Roasting + Enrobe / Choco-Coat,RM,RM,SFG0042,SFG
Carnival Almond Choco Bite (Milk Chocolate) 100g,cfpl,Sorting + Roasting + Chocolate + Packaging,B: Transform->Pack (in-line),2,Final FG,Packing,,SFG0042,SFG,FG,FG
Carnival Almond Choco Bite (White Chocolate) 100g,cfpl,Sorting + Roasting + Chocolate + Packaging,B: Transform->Pack (in-line),1,Create WIP,Create WIP: Roasting + Enrobe / Choco-Coat,Roasting + Enrobe / Choco-Coat,RM,RM,SFG0042,SFG
Carnival Almond Choco Bite (White Chocolate) 100g,cfpl,Sorting + Roasting + Chocolate + Packaging,B: Transform->Pack (in-line),2,Final FG,Packing,,SFG0042,SFG,FG,FG
Carnival Almond Smoked Paprika 100g,cfpl,Flavouring + Packaging,D: Pack-only,1,Final FG,Sorting + Packing,,RM,RM,FG,FG
Carnival Almond Smoked Paprika 200g,cfpl,Flavouring + Packaging,B: Transform->Pack (in-line),1,Create WIP,Create WIP: Roast & Flavour/Salt,Roast & Flavour/Salt,RM,RM,SFG0043,SFG
Carnival Almond Smoked Paprika 200g,cfpl,Flavouring + Packaging,B: Transform->Pack (in-line),2,Final FG,Packing,,SFG0043,SFG,FG,FG
Carnival Almonds - Indepance 200g Mono Carton,cfpl,Sorting + Packaging,D: Pack-only,1,Final FG,Sorting + Packing,,RM,RM,FG,FG
Carnival Almonds - Independence 200g,cfpl,Sorting + Packaging,D: Pack-only,1,Final FG,Sorting + Packing,,RM,RM,FG,FG
Carnival Almonds 250 Gm,cfpl,Sorting + Packaging,D: Pack-only,1,Final FG,Sorting + Packing,,RM,RM,FG,FG
Carnival Almonds Independence 1Kg,cfpl,Sorting + Packaging,D: Pack-only,1,Final FG,Sorting + Packing,,RM,RM,FG,FG
Carnival Apricot Turkey 1x2 300gm,cfpl,Sorting + Packaging,D: Pack-only,1,Final FG,Sorting + Packing,,RM,RM,FG,FG
Carnival Arabian 350gm,cfpl,Sorting + Packaging,D: Pack-only,1,Final FG,Sorting + Packing,,RM,RM,FG,FG
Carnival Barbeque Cashew 100gm,cfpl,Sorting + Packaging,C: Pack of existing SFG,1,Final FG,Packing,,SFG0019,SFG,FG,FG
Carnival Barbeque Cashew 200gm,cfpl,Sorting + Packaging,C: Pack of existing SFG,1,Final FG,Packing,,SFG0019,SFG,FG,FG
Carnival Barbeque Makhana 125 Gm,cfpl,Flavouring + Packaging,B: Transform->Pack (in-line),1,Create WIP,Create WIP: Roast & Flavour/Salt,Roast & Flavour/Salt,RM,RM,SFG0044,SFG
Carnival Barbeque Makhana 125 Gm,cfpl,Flavouring + Packaging,B: Transform->Pack (in-line),2,Final FG,Packing,,SFG0044,SFG,FG,FG
Carnival Barbeque Makhana 55g,cfpl,Flavouring + Packaging,B: Transform->Pack (in-line),1,Create WIP,Create WIP: Roast & Flavour/Salt,Roast & Flavour/Salt,RM,RM,SFG0044,SFG
Carnival Barbeque Makhana 55g,cfpl,Flavouring + Packaging,B: Transform->Pack (in-line),2,Final FG,Packing,,SFG0044,SFG,FG,FG
Carnival Berry Barbeque Trail Mix 200g,cfpl,Flavouring + Packaging,B: Transform->Pack (in-line),1,Create WIP,Create WIP: Roast & Flavour/Salt,Roast & Flavour/Salt,RM,RM,SFG0045,SFG
Carnival Berry Barbeque Trail Mix 200g,cfpl,Flavouring + Packaging,B: Transform->Pack (in-line),2,Final FG,Packing,,SFG0045,SFG,FG,FG
Carnival Black Pepper Makhana 125 Gm,cfpl,Flavouring + Packaging,B: Transform->Pack (in-line),1,Create WIP,Create WIP: Roast & Flavour/Salt,Roast & Flavour/Salt,RM,RM,SFG0046,SFG
Carnival Black Pepper Makhana 125 Gm,cfpl,Flavouring + Packaging,B: Transform->Pack (in-line),2,Final FG,Packing,,SFG0046,SFG,FG,FG
Carnival Black Pepper Makhana 55g,cfpl,Flavouring + Packaging,B: Transform->Pack (in-line),1,Create WIP,Create WIP: Roast & Flavour/Salt,Roast & Flavour/Salt,RM,RM,SFG0046,SFG
Carnival Black Pepper Makhana 55g,cfpl,Flavouring + Packaging,B: Transform->Pack (in-line),2,Final FG,Packing,,SFG0046,SFG,FG,FG
Carnival Black Pepper Pistachio 80g,cfpl,Flavouring + Packaging,D: Pack-only,1,Final FG,Sorting + Packing,,RM,RM,FG,FG
Carnival Blueberries Dried - 250G,cfpl,Sorting + Packaging,D: Pack-only,1,Final FG,Sorting + Packing,,RM,RM,FG,FG
Carnival Blueberry 100g,cfpl,Sorting + Packaging,D: Pack-only,1,Final FG,Sorting + Packing,,RM,RM,FG,FG
Carnival California Almonds Independence 1kg,cfpl,Sorting + Packaging,D: Pack-only,1,Final FG,Sorting + Packing,,RM,RM,FG,FG
Carnival California Pista Roasted and Salted 800g,cfpl,Flavouring + Packaging,B: Transform->Pack (in-line),1,Create WIP,Create WIP: Roast & Flavour/Salt,Roast & Flavour/Salt,RM,RM,SFG0047,SFG
Carnival California Pista Roasted and Salted 800g,cfpl,Flavouring + Packaging,B: Transform->Pack (in-line),2,Final FG,Packing,,SFG0047,SFG,FG,FG
Carnival California Pistachio 200g,cfpl,Sorting + Packaging,D: Pack-only,1,Final FG,Sorting + Packing,,RM,RM,FG,FG
Carnival California Pitted Prunes 300 Gms,cfpl,Sorting + Packaging,D: Pack-only,1,Final FG,Sorting + Packing,,RM,RM,FG,FG
Carnival Caramel Sesame Walnut 150g,cfpl,Flavouring + Packaging,B: Transform->Pack (in-line),1,Create WIP,Create WIP: Roast & Flavour/Salt,Roast & Flavour/Salt,RM,RM,SFG0048,SFG
Carnival Caramel Sesame Walnut 150g,cfpl,Flavouring + Packaging,B: Transform->Pack (in-line),2,Final FG,Packing,,SFG0048,SFG,FG,FG
Carnival Caramel Sesame Walnut 70g,cfpl,Flavouring + Packaging,B: Transform->Pack (in-line),1,Create WIP,Create WIP: Roast & Flavour/Salt,Roast & Flavour/Salt,RM,RM,SFG0048,SFG
Carnival Caramel Sesame Walnut 70g,cfpl,Flavouring + Packaging,B: Transform->Pack (in-line),2,Final FG,Packing,,SFG0048,SFG,FG,FG
Carnival Cashew (400 - 450) 200g Mono Carton,cfpl,Sorting + Packaging,D: Pack-only,1,Final FG,Sorting + Packing,,RM,RM,FG,FG
Carnival Cashew Roasted And Salted 250g,cfpl,Sorting + Packaging,C: Pack of existing SFG,1,Final FG,Packing,,SFG0262,SFG,FG,FG
Carnival Chatpata Black Raisins 100g,cfpl,Flavouring + Packaging,B: Transform->Pack (in-line),1,Create WIP,Create WIP: Roast & Flavour/Salt,Roast & Flavour/Salt,RM,RM,SFG0049,SFG
Carnival Chatpata Black Raisins 100g,cfpl,Flavouring + Packaging,B: Transform->Pack (in-line),2,Final FG,Packing,,SFG0049,SFG,FG,FG
Carnival Chatpata Cranberry 100G,cfpl,Flavouring + Packaging,D: Pack-only,1,Final FG,Sorting + Packing,,RM,RM,FG,FG
Carnival Chatpata Cranberry 250gm,cfpl,Flavouring + Packaging,D: Pack-only,1,Final FG,Sorting + Packing,,RM,RM,FG,FG
Carnival Chatpata Prunes 100gm,cfpl,Flavouring + Packaging,D: Pack-only,1,Final FG,Sorting + Packing,,RM,RM,FG,FG
Carnival Cheese Cashew 100g,cfpl,Flavouring + Packaging,B: Transform->Pack (in-line),1,Create WIP,Create WIP: Roast & Flavour/Salt,Roast & Flavour/Salt,RM,RM,SFG0050,SFG
Carnival Cheese Cashew 100g,cfpl,Flavouring + Packaging,B: Transform->Pack (in-line),2,Final FG,Packing,,SFG0050,SFG,FG,FG
Carnival Cheese Cashew 230g,cfpl,Flavouring + Packaging,B: Transform->Pack (in-line),1,Create WIP,Create WIP: Roast & Flavour/Salt,Roast & Flavour/Salt,RM,RM,SFG0050,SFG
Carnival Cheese Cashew 230g,cfpl,Flavouring + Packaging,B: Transform->Pack (in-line),2,Final FG,Packing,,SFG0050,SFG,FG,FG
Carnival Cheese Makhana 125g,cfpl,Flavouring + Packaging,B: Transform->Pack (in-line),1,Create WIP,Create WIP: Roast & Flavour/Salt,Roast & Flavour/Salt,RM,RM,SFG0051,SFG
Carnival Cheese Makhana 125g,cfpl,Flavouring + Packaging,B: Transform->Pack (in-line),2,Final FG,Packing,,SFG0051,SFG,FG,FG
Carnival Cheese Makhana 55g,cfpl,Flavouring + Packaging,B: Transform->Pack (in-line),1,Create WIP,Create WIP: Roast & Flavour/Salt,Roast & Flavour/Salt,RM,RM,SFG0051,SFG
Carnival Cheese Makhana 55g,cfpl,Flavouring + Packaging,B: Transform->Pack (in-line),2,Final FG,Packing,,SFG0051,SFG,FG,FG
Carnival Choco Orange Walnut 150gm,cfpl,Flavouring + Packaging,B: Transform->Pack (in-line),1,Create WIP,Create WIP: Roast & Flavour/Salt,Roast & Flavour/Salt,RM,RM,SFG0052,SFG
Carnival Choco Orange Walnut 150gm,cfpl,Flavouring + Packaging,B: Transform->Pack (in-line),2,Final FG,Packing,,SFG0052,SFG,FG,FG
Carnival Classic Almonds 100g,cfpl,Sorting + Packaging,D: Pack-only,1,Final FG,Sorting + Packing,,RM,RM,FG,FG
Carnival Classic Almonds 250g,cfpl,Sorting + Packaging,D: Pack-only,1,Final FG,Sorting + Packing,,RM,RM,FG,FG
Carnival Classic Anjeer 250g,cfpl,Sorting + Packaging,D: Pack-only,1,Final FG,Sorting + Packing,,RM,RM,FG,FG
Carnival Classic Cashew 250 Gms,cfpl,Sorting + Packaging,D: Pack-only,1,Final FG,Sorting + Packing,,RM,RM,FG,FG
Carnival Classic Chia Seeds 100gm,cfpl,Sorting + Packaging,D: Pack-only,1,Final FG,Sorting + Packing,,RM,RM,FG,FG
Carnival Classic Date Bites 357gm,cfpl,Sorting + Blending + Bar Forming + Packaging,B: Transform->Pack (in-line),1,Create WIP,Create WIP: Blend & Form,Blend & Form,RM,RM,SFG0053,SFG
Carnival Classic Date Bites 357gm,cfpl,Sorting + Blending + Bar Forming + Packaging,B: Transform->Pack (in-line),2,Final FG,Packing,,SFG0053,SFG,FG,FG
Carnival Classic Hazelnut 250 GMS,cfpl,Sorting + Packaging,D: Pack-only,1,Final FG,Sorting + Packing,,RM,RM,FG,FG
Carnival Classic Indian Kishmish 500 Gms,cfpl,Sorting + Packaging,D: Pack-only,1,Final FG,Sorting + Packing,,RM,RM,FG,FG
Carnival Classic Indian Raisins 250g,cfpl,Sorting + Packaging,D: Pack-only,1,Final FG,Sorting + Packing,,RM,RM,FG,FG
Carnival Classic Irani Pistachio Salted 80g,cfpl,Flavouring + Packaging,D: Pack-only,1,Final FG,Sorting + Packing,,RM,RM,FG,FG
Carnival Classic Pumpkin Seeds 100g,cfpl,Sorting + Roasting + Packaging,B: Transform->Pack (in-line),1,Create WIP,Create WIP: Roasting,Roasting,RM,RM,SFG0054,SFG
Carnival Classic Pumpkin Seeds 100g,cfpl,Sorting + Roasting + Packaging,B: Transform->Pack (in-line),2,Final FG,Packing,,SFG0054,SFG,FG,FG
Carnival Classic Sunflower Seeds 100G,cfpl,Sorting + Roasting + Packaging,B: Transform->Pack (in-line),1,Create WIP,Create WIP: Roasting,Roasting,RM,RM,SFG0055,SFG
Carnival Classic Sunflower Seeds 100G,cfpl,Sorting + Roasting + Packaging,B: Transform->Pack (in-line),2,Final FG,Packing,,SFG0055,SFG,FG,FG
Carnival Cocktail Mix 100g,cfpl,Flavouring + Packaging,B: Transform->Pack (in-line),1,Create WIP,Create WIP: Roast & Flavour/Salt,Roast & Flavour/Salt,RM,RM,SFG0056,SFG
Carnival Cocktail Mix 100g,cfpl,Flavouring + Packaging,B: Transform->Pack (in-line),2,Final FG,Packing,,SFG0056,SFG,FG,FG
Carnival Cocktail Mix 200g,cfpl,Flavouring + Packaging,B: Transform->Pack (in-line),1,Create WIP,Create WIP: Roast & Flavour/Salt,Roast & Flavour/Salt,RM,RM,SFG0056,SFG
Carnival Cocktail Mix 200g,cfpl,Flavouring + Packaging,B: Transform->Pack (in-line),2,Final FG,Packing,,SFG0056,SFG,FG,FG
Carnival Cocktail Mix 250g,cfpl,Flavouring + Packaging,B: Transform->Pack (in-line),1,Create WIP,Create WIP: Roast & Flavour/Salt,Roast & Flavour/Salt,RM,RM,SFG0056,SFG
Carnival Cocktail Mix 250g,cfpl,Flavouring + Packaging,B: Transform->Pack (in-line),2,Final FG,Packing,,SFG0056,SFG,FG,FG
Carnival Cocktail Mix Plain Pouch 100g,cfpl,Flavouring + Packaging,B: Transform->Pack (in-line),1,Create WIP,Create WIP: Roast & Flavour/Salt,Roast & Flavour/Salt,RM,RM,SFG0057,SFG
Carnival Cocktail Mix Plain Pouch 100g,cfpl,Flavouring + Packaging,B: Transform->Pack (in-line),2,Final FG,Packing,,SFG0057,SFG,FG,FG
Carnival Cranberry Flavoured Chatpata 200g,cfpl,Flavouring + Packaging,D: Pack-only,1,Final FG,Sorting + Packing,,RM,RM,FG,FG
Carnival Cranberry Sliced 250 Gms,cfpl,Sorting + Blanching + Slicing/Dicing/Slivering + Packaging,D: Pack-only,1,Final FG,Sorting + Packing,,RM,RM,FG,FG
Carnival Cranberry Whole - 100gm,cfpl,Sorting + Packaging,D: Pack-only,1,Final FG,Sorting + Packing,,RM,RM,FG,FG
Carnival Cranberry Whole 250G,cfpl,Sorting + Packaging,D: Pack-only,1,Final FG,Sorting + Packing,,RM,RM,FG,FG
Carnival Crunchy Caramel Trail Mix 100g,cfpl,Flavouring + Packaging,B: Transform->Pack (in-line),1,Create WIP,Create WIP: Roast & Flavour/Salt,Roast & Flavour/Salt,RM,RM,SFG0058,SFG
Carnival Crunchy Caramel Trail Mix 100g,cfpl,Flavouring + Packaging,B: Transform->Pack (in-line),2,Final FG,Packing,,SFG0058,SFG,FG,FG
Carnival Crunchy Caramel Trail Mix 200g,cfpl,Flavouring + Packaging,B: Transform->Pack (in-line),1,Create WIP,Create WIP: Roast & Flavour/Salt,Roast & Flavour/Salt,RM,RM,SFG0058,SFG
Carnival Crunchy Caramel Trail Mix 200g,cfpl,Flavouring + Packaging,B: Transform->Pack (in-line),2,Final FG,Packing,,SFG0058,SFG,FG,FG
Carnival Crunchy Caramel Trail Mix 250g,cfpl,Flavouring + Packaging,B: Transform->Pack (in-line),1,Create WIP,Create WIP: Roast & Flavour/Salt,Roast & Flavour/Salt,RM,RM,SFG0058,SFG
Carnival Crunchy Caramel Trail Mix 250g,cfpl,Flavouring + Packaging,B: Transform->Pack (in-line),2,Final FG,Packing,,SFG0058,SFG,FG,FG
Carnival Deluxe Seeded Black Raisin 250gm,cfpl,Sorting + Packaging,D: Pack-only,1,Final FG,Sorting + Packing,,RM,RM,FG,FG
Carnival Dried Blueberry 250g,cfpl,Sorting + Packaging,D: Pack-only,1,Final FG,Sorting + Packing,,RM,RM,FG,FG
Carnival Dried Blueberry 250g - Tub,cfpl,Sorting + Packaging,D: Pack-only,1,Final FG,Sorting + Packing,,RM,RM,FG,FG
Carnival Dried Cranberry Whole 100g (PP),cfpl,Sorting + Packaging,D: Pack-only,1,Final FG,Sorting + Packing,,RM,RM,FG,FG
Carnival Dried Cranberry Whole 250g - Tub,cfpl,Sorting + Packaging,D: Pack-only,1,Final FG,Sorting + Packing,,RM,RM,FG,FG
Carnival Festive Almonds (27-28 count) 100gm,cfpl,Sorting + Packaging,D: Pack-only,1,Final FG,Sorting + Packing,,RM,RM,FG,FG
Carnival Festive Almonds (27-28 count) 125gm,cfpl,Sorting + Packaging,D: Pack-only,1,Final FG,Sorting + Packing,,RM,RM,FG,FG
Carnival Festive Almonds (27-28 count) 150gm,cfpl,Sorting + Packaging,D: Pack-only,1,Final FG,Sorting + Packing,,RM,RM,FG,FG
Carnival Festive Almonds (27-28 count) 200gm,cfpl,Sorting + Packaging,D: Pack-only,1,Final FG,Sorting + Packing,,RM,RM,FG,FG
Carnival Festive Black Raisin Seedless 150gm,cfpl,De-seeding + Packaging,B: Transform->Pack (in-line),1,Create WIP,Create WIP: De-Seeding,De-Seeding,RM,RM,SFG0059,SFG
Carnival Festive Black Raisin Seedless 150gm,cfpl,De-seeding + Packaging,B: Transform->Pack (in-line),2,Final FG,Packing,,SFG0059,SFG,FG,FG
Carnival Festive California Pista (21-26) 100gm,cfpl,Flavouring + Packaging,B: Transform->Pack (in-line),1,Create WIP,Create WIP: Roast & Flavour/Salt,Roast & Flavour/Salt,RM,RM,SFG0060,SFG
Carnival Festive California Pista (21-26) 100gm,cfpl,Flavouring + Packaging,B: Transform->Pack (in-line),2,Final FG,Packing,,SFG0060,SFG,FG,FG
Carnival Festive California Pista (21-26) 125gm,cfpl,Flavouring + Packaging,D: Pack-only,1,Final FG,Sorting + Packing,,RM,RM,FG,FG
Carnival Festive California Pista (21-26) 150gm,cfpl,Flavouring + Packaging,D: Pack-only,1,Final FG,Sorting + Packing,,RM,RM,FG,FG
Carnival Festive California Pista (21-26) 200gm,cfpl,Flavouring + Packaging,D: Pack-only,1,Final FG,Sorting + Packing,,RM,RM,FG,FG
Carnival Festive California Pista (21-26) 80gm,cfpl,Flavouring + Packaging,B: Transform->Pack (in-line),1,Create WIP,Create WIP: Roast & Flavour/Salt,Roast & Flavour/Salt,RM,RM,SFG0060,SFG
Carnival Festive California Pista (21-26) 80gm,cfpl,Flavouring + Packaging,B: Transform->Pack (in-line),2,Final FG,Packing,,SFG0060,SFG,FG,FG
Carnival Festive Cashew (320) 100gm,cfpl,Sorting + Packaging,D: Pack-only,1,Final FG,Sorting + Packing,,RM,RM,FG,FG
Carnival Festive Cashew (320) 125gm,cfpl,Sorting + Packaging,D: Pack-only,1,Final FG,Sorting + Packing,,RM,RM,FG,FG
Carnival Festive Cashew (320) 150gm,cfpl,Sorting + Packaging,D: Pack-only,1,Final FG,Sorting + Packing,,RM,RM,FG,FG
Carnival Festive Cashew (320) 200gm,cfpl,Sorting + Packaging,D: Pack-only,1,Final FG,Sorting + Packing,,RM,RM,FG,FG
Carnival Festive Cashew (320) 80gm,cfpl,Sorting + Packaging,D: Pack-only,1,Final FG,Sorting + Packing,,RM,RM,FG,FG
Carnival Festive Chatpata Cranberry 100gm,cfpl,Flavouring + Packaging,D: Pack-only,1,Final FG,Sorting + Packing,,RM,RM,FG,FG
Carnival Festive Chatpata Cranberry 120g,cfpl,Flavouring + Packaging,D: Pack-only,1,Final FG,Sorting + Packing,,RM,RM,FG,FG
Carnival Festive Chatpata Cranberry 250gm,cfpl,Flavouring + Packaging,D: Pack-only,1,Final FG,Sorting + Packing,,RM,RM,FG,FG
Carnival Festive Chatpata Cranberry 80gm,cfpl,Flavouring + Packaging,B: Transform->Pack (in-line),1,Create WIP,Create WIP: Roast & Flavour/Salt,Roast & Flavour/Salt,RM,RM,SFG0061,SFG
Carnival Festive Chatpata Cranberry 80gm,cfpl,Flavouring + Packaging,B: Transform->Pack (in-line),2,Final FG,Packing,,SFG0061,SFG,FG,FG
Carnival Festive Crunchy Caramel Trail Mix 250g,cfpl,Flavouring + Packaging,B: Transform->Pack (in-line),1,Create WIP,Create WIP: Roast & Flavour/Salt,Roast & Flavour/Salt,RM,RM,SFG0062,SFG
Carnival Festive Crunchy Caramel Trail Mix 250g,cfpl,Flavouring + Packaging,B: Transform->Pack (in-line),2,Final FG,Packing,,SFG0062,SFG,FG,FG
Carnival Festive Flavoured Cashew (320) 100gm,cfpl,Flavouring + Packaging,D: Pack-only,1,Final FG,Sorting + Packing,,RM,RM,FG,FG
Carnival Festive Flavoured Cashew (320) 80gm,cfpl,Flavouring + Packaging,D: Pack-only,1,Final FG,Sorting + Packing,,RM,RM,FG,FG
Carnival Festive Indian Raisin 100gm,cfpl,Sorting + Packaging,D: Pack-only,1,Final FG,Sorting + Packing,,RM,RM,FG,FG
Carnival Festive Indian Raisin 150gm,cfpl,Sorting + Packaging,D: Pack-only,1,Final FG,Sorting + Packing,,RM,RM,FG,FG
Carnival Festive Indian Raisin 175gm,cfpl,Sorting + Packaging,D: Pack-only,1,Final FG,Sorting + Packing,,RM,RM,FG,FG
Carnival Festive Indian Raisin 200gm,cfpl,Sorting + Packaging,D: Pack-only,1,Final FG,Sorting + Packing,,RM,RM,FG,FG
Carnival Festive Indian Raisin 250gm,cfpl,Sorting + Packaging,D: Pack-only,1,Final FG,Sorting + Packing,,RM,RM,FG,FG
Carnival Festive Nuts & Seeds Mix 120g,cfpl,Sorting + Roasting + Packaging,B: Transform->Pack (in-line),1,Create WIP,Create WIP: Roasting,Roasting,RM,RM,SFG0063,SFG
Carnival Festive Nuts & Seeds Mix 120g,cfpl,Sorting + Roasting + Packaging,B: Transform->Pack (in-line),2,Final FG,Packing,,SFG0063,SFG,FG,FG
Carnival Festive Paan Cranberry 125gm,cfpl,Flavouring + Packaging,B: Transform->Pack (in-line),1,Create WIP,Create WIP: Roast & Flavour/Salt,Roast & Flavour/Salt,RM,RM,SFG0064,SFG
Carnival Festive Paan Cranberry 125gm,cfpl,Flavouring + Packaging,B: Transform->Pack (in-line),2,Final FG,Packing,,SFG0064,SFG,FG,FG
Carnival Festive Paan Raisin 125gm,cfpl,Flavouring + Packaging,B: Transform->Pack (in-line),1,Create WIP,Create WIP: Roast & Flavour/Salt,Roast & Flavour/Salt,RM,RM,SFG0065,SFG
Carnival Festive Paan Raisin 125gm,cfpl,Flavouring + Packaging,B: Transform->Pack (in-line),2,Final FG,Packing,,SFG0065,SFG,FG,FG
Carnival Festive Salted Almonds (27-28 Count) 230gm,cfpl,Flavouring + Packaging,B: Transform->Pack (in-line),1,Create WIP,Create WIP: Roast & Flavour/Salt,Roast & Flavour/Salt,RM,RM,SFG0066,SFG
Carnival Festive Salted Almonds (27-28 Count) 230gm,cfpl,Flavouring + Packaging,B: Transform->Pack (in-line),2,Final FG,Packing,,SFG0066,SFG,FG,FG
Carnival Festive Salted Almonds (27-28 count) 100gm,cfpl,Flavouring + Packaging,B: Transform->Pack (in-line),1,Create WIP,Create WIP: Roast & Flavour/Salt,Roast & Flavour/Salt,RM,RM,SFG0066,SFG
Carnival Festive Salted Almonds (27-28 count) 100gm,cfpl,Flavouring + Packaging,B: Transform->Pack (in-line),2,Final FG,Packing,,SFG0066,SFG,FG,FG
Carnival Festive Salted Almonds (27-28 count) 150gm,cfpl,Flavouring + Packaging,B: Transform->Pack (in-line),1,Create WIP,Create WIP: Roast & Flavour/Salt,Roast & Flavour/Salt,RM,RM,SFG0066,SFG
Carnival Festive Salted Almonds (27-28 count) 150gm,cfpl,Flavouring + Packaging,B: Transform->Pack (in-line),2,Final FG,Packing,,SFG0066,SFG,FG,FG
Carnival Festive Salted Almonds (27-28 count) 80gm,cfpl,Flavouring + Packaging,D: Pack-only,1,Final FG,Sorting + Packing,,RM,RM,FG,FG
Carnival Festive Salted Cashew (320) 150gm,cfpl,Flavouring + Packaging,D: Pack-only,1,Final FG,Sorting + Packing,,RM,RM,FG,FG
Carnival Festive Salted Cashew (320) 230gm,cfpl,Flavouring + Packaging,B: Transform->Pack (in-line),1,Create WIP,Create WIP: Roast & Flavour/Salt,Roast & Flavour/Salt,RM,RM,SFG0067,SFG
Carnival Festive Salted Cashew (320) 230gm,cfpl,Flavouring + Packaging,B: Transform->Pack (in-line),2,Final FG,Packing,,SFG0067,SFG,FG,FG
Carnival Festive Seedless Black Raisin 200gm,cfpl,De-seeding + Packaging,B: Transform->Pack (in-line),1,Create WIP,Create WIP: De-Seeding,De-Seeding,RM,RM,SFG0068,SFG
Carnival Festive Seedless Black Raisin 200gm,cfpl,De-seeding + Packaging,B: Transform->Pack (in-line),2,Final FG,Packing,,SFG0068,SFG,FG,FG
Carnival FestiveSalted Cashew (320) 100gm,cfpl,Flavouring + Packaging,B: Transform->Pack (in-line),1,Create WIP,Create WIP: Roast & Flavour/Salt,Roast & Flavour/Salt,RM,RM,SFG0069,SFG
Carnival FestiveSalted Cashew (320) 100gm,cfpl,Flavouring + Packaging,B: Transform->Pack (in-line),2,Final FG,Packing,,SFG0069,SFG,FG,FG
Carnival Flax Seeds 100G,cfpl,Sorting + Roasting + Packaging,B: Transform->Pack (in-line),1,Create WIP,Create WIP: Roasting,Roasting,RM,RM,SFG0070,SFG
Carnival Flax Seeds 100G,cfpl,Sorting + Roasting + Packaging,B: Transform->Pack (in-line),2,Final FG,Packing,,SFG0070,SFG,FG,FG
Carnival Ganpati Date Mewa Box 242g,cfpl,Sorting + Blending + Bar Forming + Packaging,B: Transform->Pack (in-line),1,Create WIP,Create WIP: Blend & Form,Blend & Form,RM,RM,SFG0071,SFG
Carnival Ganpati Date Mewa Box 242g,cfpl,Sorting + Blending + Bar Forming + Packaging,B: Transform->Pack (in-line),2,Final FG,Packing,,SFG0071,SFG,FG,FG
Carnival Green Chilli Cashew 100g,cfpl,Sorting + Packaging,D: Pack-only,1,Final FG,Sorting + Packing,,RM,RM,FG,FG
Carnival Green Chilli Cashew 230g,cfpl,Sorting + Packaging,C: Pack of existing SFG,1,Final FG,Packing,,SFG0169,SFG,FG,FG
Carnival Himalayan Salt & Pepper Pistachios 25g,cfpl,Flavouring + Packaging,B: Transform->Pack (in-line),1,Create WIP,Create WIP: Roast & Flavour/Salt,Roast & Flavour/Salt,RM,RM,SFG0072,SFG
Carnival Himalayan Salt & Pepper Pistachios 25g,cfpl,Flavouring + Packaging,B: Transform->Pack (in-line),2,Final FG,Packing,,SFG0072,SFG,FG,FG
Carnival Honey Roasted Almonds 100G,cfpl,Flavouring + Packaging,B: Transform->Pack (in-line),1,Create WIP,Create WIP: Roast & Flavour/Salt,Roast & Flavour/Salt,RM,RM,SFG0073,SFG
Carnival Honey Roasted Almonds 100G,cfpl,Flavouring + Packaging,B: Transform->Pack (in-line),2,Final FG,Packing,,SFG0073,SFG,FG,FG
Carnival Indian Green Raisins 200g,cfpl,Sorting + Packaging,D: Pack-only,1,Final FG,Sorting + Packing,,RM,RM,FG,FG
Carnival Indian Kishmish 100g,cfpl,Sorting + Packaging,D: Pack-only,1,Final FG,Sorting + Packing,,RM,RM,FG,FG
Carnival Iranian Pistachio 250 Gm,cfpl,Sorting + Packaging,D: Pack-only,1,Final FG,Sorting + Packing,,RM,RM,FG,FG
Carnival Jumbo Salted Cashew with Skin 200g,cfpl,Flavouring + Packaging,D: Pack-only,1,Final FG,Sorting + Packing,,RM,RM,FG,FG
Carnival Macadamia 200gm,cfpl,Sorting + Packaging,D: Pack-only,1,Final FG,Sorting + Packing,,RM,RM,FG,FG
Carnival Madhur Mahotsav DF Box 4P 400g,cfpl,Flavouring + Packaging,D: Pack-only,1,Final FG,Sorting + Packing,,RM,RM,FG,FG
Carnival Magic Moments 4P 600gm,cfpl,Sorting + Packaging,D: Pack-only,1,Final FG,Sorting + Packing,,RM,RM,FG,FG
Carnival Mangalmay Utsav DF Box 6P 600g,cfpl,Flavouring + Packaging,D: Pack-only,1,Final FG,Sorting + Packing,,RM,RM,FG,FG
Carnival Mocha Mojo Trail Mix 100g,cfpl,Flavouring + Packaging,B: Transform->Pack (in-line),1,Create WIP,Create WIP: Roast & Flavour/Salt,Roast & Flavour/Salt,RM,RM,SFG0074,SFG
Carnival Mocha Mojo Trail Mix 100g,cfpl,Flavouring + Packaging,B: Transform->Pack (in-line),2,Final FG,Packing,,SFG0074,SFG,FG,FG
Carnival Mocha Mojo Trail Mix 200g,cfpl,Flavouring + Packaging,B: Transform->Pack (in-line),1,Create WIP,Create WIP: Roast & Flavour/Salt,Roast & Flavour/Salt,RM,RM,SFG0074,SFG
Carnival Mocha Mojo Trail Mix 200g,cfpl,Flavouring + Packaging,B: Transform->Pack (in-line),2,Final FG,Packing,,SFG0074,SFG,FG,FG
Carnival Mocha Mojo Trail Mix 250g,cfpl,Flavouring + Packaging,B: Transform->Pack (in-line),1,Create WIP,Create WIP: Roast & Flavour/Salt,Roast & Flavour/Salt,RM,RM,SFG0074,SFG
Carnival Mocha Mojo Trail Mix 250g,cfpl,Flavouring + Packaging,B: Transform->Pack (in-line),2,Final FG,Packing,,SFG0074,SFG,FG,FG
Carnival Nuts & Seed Mix 100gm,cfpl,Sorting + Roasting + Packaging,B: Transform->Pack (in-line),1,Create WIP,Create WIP: Roasting,Roasting,RM,RM,SFG0075,SFG
Carnival Nuts & Seed Mix 100gm,cfpl,Sorting + Roasting + Packaging,B: Transform->Pack (in-line),2,Final FG,Packing,,SFG0075,SFG,FG,FG
Carnival Oman Dates 250g,cfpl,Sorting + Packaging,D: Pack-only,1,Final FG,Sorting + Packing,,RM,RM,FG,FG
Carnival Pan Raisin 125g,cfpl,Flavouring + Packaging,B: Transform->Pack (in-line),1,Create WIP,Create WIP: Roast & Flavour/Salt,Roast & Flavour/Salt,RM,RM,SFG0076,SFG
Carnival Pan Raisin 125g,cfpl,Flavouring + Packaging,B: Transform->Pack (in-line),2,Final FG,Packing,,SFG0076,SFG,FG,FG
Carnival Pepper Cashew 100G,cfpl,Flavouring + Packaging,B: Transform->Pack (in-line),1,Create WIP,Create WIP: Roast & Flavour/Salt,Roast & Flavour/Salt,RM,RM,SFG0077,SFG
Carnival Pepper Cashew 100G,cfpl,Flavouring + Packaging,B: Transform->Pack (in-line),2,Final FG,Packing,,SFG0077,SFG,FG,FG
Carnival Pepper Cashew 125gm,cfpl,Flavouring + Packaging,B: Transform->Pack (in-line),1,Create WIP,Create WIP: Roast & Flavour/Salt,Roast & Flavour/Salt,RM,RM,SFG0077,SFG
Carnival Pepper Cashew 125gm,cfpl,Flavouring + Packaging,B: Transform->Pack (in-line),2,Final FG,Packing,,SFG0077,SFG,FG,FG
Carnival Pepper Cashew 200G,cfpl,Flavouring + Packaging,B: Transform->Pack (in-line),1,Create WIP,Create WIP: Roast & Flavour/Salt,Roast & Flavour/Salt,RM,RM,SFG0077,SFG
Carnival Pepper Cashew 200G,cfpl,Flavouring + Packaging,B: Transform->Pack (in-line),2,Final FG,Packing,,SFG0077,SFG,FG,FG
Carnival Pepper Pistachios 200G,cfpl,Flavouring + Packaging,B: Transform->Pack (in-line),1,Create WIP,Create WIP: Roast & Flavour/Salt,Roast & Flavour/Salt,RM,RM,SFG0078,SFG
Carnival Pepper Pistachios 200G,cfpl,Flavouring + Packaging,B: Transform->Pack (in-line),2,Final FG,Packing,,SFG0078,SFG,FG,FG
Carnival Peri Peri Cashew 100 Gms,cfpl,Flavouring + Packaging,D: Pack-only,1,Final FG,Sorting + Packing,,RM,RM,FG,FG
Carnival Peri Peri Cashew 150gm,cfpl,Sorting + Packaging,C: Pack of existing SFG,1,Final FG,Packing,,SFG0235,SFG,FG,FG
Carnival Peri Peri Cashew 200gm,cfpl,Sorting + Packaging,C: Pack of existing SFG,1,Final FG,Packing,,SFG0235,SFG,FG,FG
Carnival Peri Peri Makhana 125g,cfpl,Flavouring + Packaging,B: Transform->Pack (in-line),1,Create WIP,Create WIP: Roast & Flavour/Salt,Roast & Flavour/Salt,RM,RM,SFG0079,SFG
Carnival Peri Peri Makhana 125g,cfpl,Flavouring + Packaging,B: Transform->Pack (in-line),2,Final FG,Packing,,SFG0079,SFG,FG,FG
Carnival Peri Peri Makhana 55g,cfpl,Flavouring + Packaging,B: Transform->Pack (in-line),1,Create WIP,Create WIP: Roast & Flavour/Salt,Roast & Flavour/Salt,RM,RM,SFG0079,SFG
Carnival Peri Peri Makhana 55g,cfpl,Flavouring + Packaging,B: Transform->Pack (in-line),2,Final FG,Packing,,SFG0079,SFG,FG,FG
Carnival Peri Peri Walnut 150g,cfpl,Flavouring + Packaging,B: Transform->Pack (in-line),1,Create WIP,Create WIP: Roast & Flavour/Salt,Roast & Flavour/Salt,RM,RM,SFG0080,SFG
Carnival Peri Peri Walnut 150g,cfpl,Flavouring + Packaging,B: Transform->Pack (in-line),2,Final FG,Packing,,SFG0080,SFG,FG,FG
Carnival Pine Nut 100 Gms,cfpl,Sorting + Packaging,D: Pack-only,1,Final FG,Sorting + Packing,,RM,RM,FG,FG
Carnival Pitted Prunes 250g,cfpl,Sorting + Packaging,D: Pack-only,1,Final FG,Sorting + Packing,,RM,RM,FG,FG
Carnival Popcorn Makhana 125g,cfpl,Flavouring + Packaging,B: Transform->Pack (in-line),1,Create WIP,Create WIP: Roast & Flavour/Salt,Roast & Flavour/Salt,RM,RM,SFG0081,SFG
Carnival Popcorn Makhana 125g,cfpl,Flavouring + Packaging,B: Transform->Pack (in-line),2,Final FG,Packing,,SFG0081,SFG,FG,FG
Carnival Popcorn Makhana 55gm,cfpl,Flavouring + Packaging,B: Transform->Pack (in-line),1,Create WIP,Create WIP: Roast & Flavour/Salt,Roast & Flavour/Salt,RM,RM,SFG0081,SFG
Carnival Popcorn Makhana 55gm,cfpl,Flavouring + Packaging,B: Transform->Pack (in-line),2,Final FG,Packing,,SFG0081,SFG,FG,FG
"Carnival Premium Brazil Nuts, 250 Gms",cfpl,Sorting + Packaging,D: Pack-only,1,Final FG,Sorting + Packing,,RM,RM,FG,FG
Carnival Premium Cocktail Mix 100g,cfpl,Flavouring + Packaging,B: Transform->Pack (in-line),1,Create WIP,Create WIP: Roast & Flavour/Salt,Roast & Flavour/Salt,RM,RM,SFG0082,SFG
Carnival Premium Cocktail Mix 100g,cfpl,Flavouring + Packaging,B: Transform->Pack (in-line),2,Final FG,Packing,,SFG0082,SFG,FG,FG
Carnival Premium Cocktail Mix 250 Gms,cfpl,Flavouring + Packaging,B: Transform->Pack (in-line),1,Create WIP,Create WIP: Roast & Flavour/Salt,Roast & Flavour/Salt,RM,RM,SFG0082,SFG
Carnival Premium Cocktail Mix 250 Gms,cfpl,Flavouring + Packaging,B: Transform->Pack (in-line),2,Final FG,Packing,,SFG0082,SFG,FG,FG
Carnival Premium Kesar 0.5 Gms,cfpl,Sorting + Packaging,D: Pack-only,1,Final FG,Sorting + Packing,,RM,RM,FG,FG
Carnival Premium Macadamia Nut 250 Gms,cfpl,Sorting + Packaging,D: Pack-only,1,Final FG,Sorting + Packing,,RM,RM,FG,FG
Carnival Premium Pecan Nuts 200g Mono Carton,cfpl,Flavouring + Packaging,D: Pack-only,1,Final FG,Sorting + Packing,,RM,RM,FG,FG
Carnival Premium Pecan Nuts 250 Gms,cfpl,Flavouring + Packaging,D: Pack-only,1,Final FG,Sorting + Packing,,RM,RM,FG,FG
Carnival Premium Walnut Kernels 250 Gms,cfpl,Sorting + Packaging,D: Pack-only,1,Final FG,Sorting + Packing,,RM,RM,FG,FG
Carnival Pudina Almonds 125g,cfpl,Flavouring + Packaging,B: Transform->Pack (in-line),1,Create WIP,Create WIP: Roast & Flavour/Salt,Roast & Flavour/Salt,RM,RM,SFG0083,SFG
Carnival Pudina Almonds 125g,cfpl,Flavouring + Packaging,B: Transform->Pack (in-line),2,Final FG,Packing,,SFG0083,SFG,FG,FG
Carnival Pudina Makhana 125 Gm,cfpl,Flavouring + Packaging,B: Transform->Pack (in-line),1,Create WIP,Create WIP: Roast & Flavour/Salt,Roast & Flavour/Salt,RM,RM,SFG0084,SFG
Carnival Pudina Makhana 125 Gm,cfpl,Flavouring + Packaging,B: Transform->Pack (in-line),2,Final FG,Packing,,SFG0084,SFG,FG,FG
Carnival Raisin Black Seeded 250gm,cfpl,Sorting + Packaging,D: Pack-only,1,Final FG,Sorting + Packing,,RM,RM,FG,FG
Carnival Raisins Black Chatpata 200g,cfpl,Flavouring + Packaging,D: Pack-only,1,Final FG,Sorting + Packing,,RM,RM,FG,FG
Carnival Roasted & Salted Almonds 100g,cfpl,Flavouring + Packaging,B: Transform->Pack (in-line),1,Create WIP,Create WIP: Roast & Flavour/Salt,Roast & Flavour/Salt,RM,RM,SFG0085,SFG
Carnival Roasted & Salted Almonds 100g,cfpl,Flavouring + Packaging,B: Transform->Pack (in-line),2,Final FG,Packing,,SFG0085,SFG,FG,FG
Carnival Roasted & Salted Almonds 230g,cfpl,Flavouring + Packaging,B: Transform->Pack (in-line),1,Create WIP,Create WIP: Roast & Flavour/Salt,Roast & Flavour/Salt,RM,RM,SFG0085,SFG
Carnival Roasted & Salted Almonds 230g,cfpl,Flavouring + Packaging,B: Transform->Pack (in-line),2,Final FG,Packing,,SFG0085,SFG,FG,FG
Carnival Roasted & Salted Almonds 250g,cfpl,Flavouring + Packaging,B: Transform->Pack (in-line),1,Create WIP,Create WIP: Roast & Flavour/Salt,Roast & Flavour/Salt,RM,RM,SFG0085,SFG
Carnival Roasted & Salted Almonds 250g,cfpl,Flavouring + Packaging,B: Transform->Pack (in-line),2,Final FG,Packing,,SFG0085,SFG,FG,FG
Carnival Roasted & Salted Cashew 100g,cfpl,Flavouring + Packaging,B: Transform->Pack (in-line),1,Create WIP,Create WIP: Roast & Flavour/Salt,Roast & Flavour/Salt,RM,RM,SFG0086,SFG
Carnival Roasted & Salted Cashew 100g,cfpl,Flavouring + Packaging,B: Transform->Pack (in-line),2,Final FG,Packing,,SFG0086,SFG,FG,FG
Carnival Roasted & Salted Cashew 230g,cfpl,Flavouring + Packaging,B: Transform->Pack (in-line),1,Create WIP,Create WIP: Roast & Flavour/Salt,Roast & Flavour/Salt,RM,RM,SFG0086,SFG
Carnival Roasted & Salted Cashew 230g,cfpl,Flavouring + Packaging,B: Transform->Pack (in-line),2,Final FG,Packing,,SFG0086,SFG,FG,FG
Carnival Roasted & Salted Pistachio 100g,cfpl,Flavouring + Packaging,D: Pack-only,1,Final FG,Sorting + Packing,,RM,RM,FG,FG
Carnival Roasted & Salted Pistachio 200g,cfpl,Flavouring + Packaging,B: Transform->Pack (in-line),1,Create WIP,Create WIP: Roast & Flavour/Salt,Roast & Flavour/Salt,RM,RM,SFG0087,SFG
Carnival Roasted & Salted Pistachio 200g,cfpl,Flavouring + Packaging,B: Transform->Pack (in-line),2,Final FG,Packing,,SFG0087,SFG,FG,FG
Carnival Roasted & Salted Pistachio 250g,cfpl,Flavouring + Packaging,D: Pack-only,1,Final FG,Sorting + Packing,,RM,RM,FG,FG
Carnival Roasted Macadamia Nuts 250g,cfpl,Sorting + Roasting + Packaging,D: Pack-only,1,Final FG,Sorting + Packing,,RM,RM,FG,FG
Carnival Salt & Pepper Walnut 150g,cfpl,Flavouring + Packaging,B: Transform->Pack (in-line),1,Create WIP,Create WIP: Roast & Flavour/Salt,Roast & Flavour/Salt,RM,RM,SFG0088,SFG
Carnival Salt & Pepper Walnut 150g,cfpl,Flavouring + Packaging,B: Transform->Pack (in-line),2,Final FG,Packing,,SFG0088,SFG,FG,FG
Carnival Salted Caramel Pecannuts 80g,cfpl,Flavouring + Packaging,B: Transform->Pack (in-line),1,Create WIP,Create WIP: Roast & Flavour/Salt,Roast & Flavour/Salt,RM,RM,SFG0089,SFG
Carnival Salted Caramel Pecannuts 80g,cfpl,Flavouring + Packaging,B: Transform->Pack (in-line),2,Final FG,Packing,,SFG0089,SFG,FG,FG
Carnival Shubhakamnayein 3P 300g,cfpl,Flavouring + Packaging,D: Pack-only,1,Final FG,Sorting + Packing,,RM,RM,FG,FG
Carnival Simply Thandai 100g,cfpl,Flavouring + Packaging,B: Transform->Pack (in-line),1,Create WIP,Create WIP: Roast & Flavour/Salt,Roast & Flavour/Salt,RM,RM,SFG0090,SFG
Carnival Simply Thandai 100g,cfpl,Flavouring + Packaging,B: Transform->Pack (in-line),2,Final FG,Packing,,SFG0090,SFG,FG,FG
Carnival Simply Thandai Mix 200gm,cfpl,Flavouring + Packaging,B: Transform->Pack (in-line),1,Create WIP,Create WIP: Roast & Flavour/Salt,Roast & Flavour/Salt,RM,RM,SFG0091,SFG
Carnival Simply Thandai Mix 200gm,cfpl,Flavouring + Packaging,B: Transform->Pack (in-line),2,Final FG,Packing,,SFG0091,SFG,FG,FG
Carnival Smoked Almonds 100gm,cfpl,Flavouring + Packaging,B: Transform->Pack (in-line),1,Create WIP,Create WIP: Roast & Flavour/Salt,Roast & Flavour/Salt,RM,RM,SFG0092,SFG
Carnival Smoked Almonds 100gm,cfpl,Flavouring + Packaging,B: Transform->Pack (in-line),2,Final FG,Packing,,SFG0092,SFG,FG,FG
Carnival Smoked Almonds 200g,cfpl,Flavouring + Packaging,D: Pack-only,1,Final FG,Sorting + Packing,,RM,RM,FG,FG
Carnival Spanish Tomato Cashew 100G,cfpl,Flavouring + Packaging,D: Pack-only,1,Final FG,Sorting + Packing,,RM,RM,FG,FG
Carnival Walnut Kernal 2pc 200gm,cfpl,Sorting + Packaging,D: Pack-only,1,Final FG,Sorting + Packing,,RM,RM,FG,FG
Cashew 100g (B07GQZSS49) FBA,cfpl,Sorting + Packaging,D: Pack-only,1,Final FG,Sorting + Packing,,RM,RM,FG,FG
Cashew 180,cfpl,Sorting (Bulk Packaging,D: Pack-only,1,Final FG,Sorting + Packing,,RM,RM,FG,FG
Cashew 230gm,cfpl,Sorting + Packaging,D: Pack-only,1,Final FG,Sorting + Packing,,RM,RM,FG,FG
Cashew 240,cfpl,Sorting (Bulk Packaging,D: Pack-only,1,Final FG,Sorting + Packing,,RM,RM,FG,FG
Cashew 240 230g,cfpl,Sorting + Packaging,D: Pack-only,1,Final FG,Sorting + Packing,,RM,RM,FG,FG
Cashew 320,cfpl,Sorting (Bulk Packaging,D: Pack-only,1,Final FG,Sorting + Packing,,RM,RM,FG,FG
Cashew 500g (B07GQW1HHN),cfpl,Sorting + Packaging,D: Pack-only,1,Final FG,Sorting + Packing,,RM,RM,FG,FG
Cashew Jumbo with Skin Roasted and Salted,cfpl,Flavouring (Bulk Packaging,B: Transform->Pack (in-line),1,Create WIP,Create WIP: Roast & Flavour/Salt,Roast & Flavour/Salt,RM,RM,SFG0093,SFG
Cashew Jumbo with Skin Roasted and Salted,cfpl,Flavouring (Bulk Packaging,B: Transform->Pack (in-line),2,Final FG,Packing,,SFG0093,SFG,FG,FG
Cashew Masala,cfpl,Flavouring (Bulk Packaging,B: Transform->Pack (in-line),1,Create WIP,Create WIP: Roast & Flavour/Salt,Roast & Flavour/Salt,RM,RM,SFG0094,SFG
Cashew Masala,cfpl,Flavouring (Bulk Packaging,B: Transform->Pack (in-line),2,Final FG,Packing,,SFG0094,SFG,FG,FG
Cashew Pink salt,cfpl,Flavouring (Bulk Packaging,B: Transform->Pack (in-line),1,Create WIP,Create WIP: Roast & Flavour/Salt,Roast & Flavour/Salt,RM,RM,SFG0095,SFG
Cashew Pink salt,cfpl,Flavouring (Bulk Packaging,B: Transform->Pack (in-line),2,Final FG,Packing,,SFG0095,SFG,FG,FG
Cashew Roasted,cfpl,Flavouring (Bulk Packaging,D: Pack-only,1,Final FG,Sorting + Packing,,RM,RM,FG,FG
Cashew Wasabi,cfpl,Sorting (Bulk Packaging,D: Pack-only,1,Final FG,Sorting + Packing,,RM,RM,FG,FG
Celebration Sleek Box 200g,cfpl,Flavouring + Packaging,D: Pack-only,1,Final FG,Sorting + Packing,,RM,RM,FG,FG
Celebration Sleek Box Hamper 01,cfpl,Flavouring + Packaging,D: Pack-only,1,Final FG,Sorting + Packing,,RM,RM,FG,FG
Celebration Sleek Box Hamper 02,cfpl,Flavouring + Packaging,D: Pack-only,1,Final FG,Sorting + Packing,,RM,RM,FG,FG
Chatpata Black Raisin,cfpl,Flavouring (Bulk Packaging,B: Transform->Pack (in-line),1,Create WIP,Create WIP: Roast & Flavour/Salt,Roast & Flavour/Salt,RM,RM,SFG0097,SFG
Chatpata Black Raisin,cfpl,Flavouring (Bulk Packaging,B: Transform->Pack (in-line),2,Final FG,Packing,,SFG0097,SFG,FG,FG
Chatpata Cranberry,cfpl,Flavouring + Packaging,D: Pack-only,1,Final FG,Sorting + Packing,,RM,RM,FG,FG
Chatpata Cranberry 75gm,cfpl,Flavouring + Packaging,D: Pack-only,1,Final FG,Sorting + Packing,,RM,RM,FG,FG
Chatpata Seasoning,cfpl,Flavouring (Bulk Packaging,B: Transform->Pack (in-line),1,Create WIP,Create WIP: Roast & Flavour/Salt,Roast & Flavour/Salt,RM,RM,SFG0098,SFG
Chatpata Seasoning,cfpl,Flavouring (Bulk Packaging,B: Transform->Pack (in-line),2,Final FG,Packing,,SFG0098,SFG,FG,FG
Cheese Cashew,cfpl,Flavouring (Bulk Packaging,B: Transform->Pack (in-line),1,Create WIP,Create WIP: Roast & Flavour/Salt,Roast & Flavour/Salt,RM,RM,SFG0100,SFG
Cheese Cashew,cfpl,Flavouring (Bulk Packaging,B: Transform->Pack (in-line),2,Final FG,Packing,,SFG0100,SFG,FG,FG
Cheese Makhana,cfpl,Flavouring (Bulk Packaging,B: Transform->Pack (in-line),1,Create WIP,Create WIP: Roast & Flavour/Salt,Roast & Flavour/Salt,RM,RM,SFG0101,SFG
Cheese Makhana,cfpl,Flavouring (Bulk Packaging,B: Transform->Pack (in-line),2,Final FG,Packing,,SFG0101,SFG,FG,FG
Chia Seeds 100G (B07GQZCP91),cfpl,Sorting + Packaging,D: Pack-only,1,Final FG,Sorting + Packing,,RM,RM,FG,FG
Chia Seeds 200G (B07GQQLZPD),cfpl,Sorting + Packaging,D: Pack-only,1,Final FG,Sorting + Packing,,RM,RM,FG,FG
Chia Seeds 500G (B07GQZSJFH),cfpl,Sorting + Packaging,D: Pack-only,1,Final FG,Sorting + Packing,,RM,RM,FG,FG
Chilean  Walnut Kernel 2pc 230g,cfpl,Sorting + Packaging,D: Pack-only,1,Final FG,Sorting + Packing,,RM,RM,FG,FG
Chilean Walnut Kernel 2 pcs,cfpl,Sorting (Bulk Packaging,D: Pack-only,1,Final FG,Sorting + Packing,,RM,RM,FG,FG
Chilean Walnut Kernel Quarter,cfpl,Sorting (Bulk Packaging,A: WIP producer (bulk),1,Create WIP,Create WIP: (pack of existing SFG),(pack of existing SFG),RM,RM,SFG0333,SFG
Chilean Walnut Kernel Quarter,cfpl,Sorting (Bulk Packaging,A: WIP producer (bulk),2,Final FG,Packing,,SFG0333,SFG,FG,FG
Chilean Walnut Kernel Quarter BBQ,cfpl,Flavouring (Bulk Packaging,B: Transform->Pack (in-line),1,Create WIP,Create WIP: Roast & Flavour/Salt,Roast & Flavour/Salt,RM,RM,SFG0102,SFG
Chilean Walnut Kernel Quarter BBQ,cfpl,Flavouring (Bulk Packaging,B: Transform->Pack (in-line),2,Final FG,Packing,,SFG0102,SFG,FG,FG
Chilean Walnut Kernel Quarter caramel,cfpl,Flavouring (Bulk Packaging,B: Transform->Pack (in-line),1,Create WIP,Create WIP: Roast & Flavour/Salt,Roast & Flavour/Salt,RM,RM,SFG0103,SFG
Chilean Walnut Kernel Quarter caramel,cfpl,Flavouring (Bulk Packaging,B: Transform->Pack (in-line),2,Final FG,Packing,,SFG0103,SFG,FG,FG
Chilean Walnut Kernel Quarter lemon pepper,cfpl,Flavouring (Bulk Packaging,B: Transform->Pack (in-line),1,Create WIP,Create WIP: Roast & Flavour/Salt,Roast & Flavour/Salt,RM,RM,SFG0104,SFG
Chilean Walnut Kernel Quarter lemon pepper,cfpl,Flavouring (Bulk Packaging,B: Transform->Pack (in-line),2,Final FG,Packing,,SFG0104,SFG,FG,FG
Chilean Walnut Kernel Quarter pepper,cfpl,Flavouring (Bulk Packaging,B: Transform->Pack (in-line),1,Create WIP,Create WIP: Roast & Flavour/Salt,Roast & Flavour/Salt,RM,RM,SFG0105,SFG
Chilean Walnut Kernel Quarter pepper,cfpl,Flavouring (Bulk Packaging,B: Transform->Pack (in-line),2,Final FG,Packing,,SFG0105,SFG,FG,FG
Chilean Walnut Kernel Quarter peri peri,cfpl,Flavouring (Bulk Packaging,B: Transform->Pack (in-line),1,Create WIP,Create WIP: Roast & Flavour/Salt,Roast & Flavour/Salt,RM,RM,SFG0106,SFG
Chilean Walnut Kernel Quarter peri peri,cfpl,Flavouring (Bulk Packaging,B: Transform->Pack (in-line),2,Final FG,Packing,,SFG0106,SFG,FG,FG
Chilli Almonds Bulk,cfpl,Flavouring + Roasting +Bulk Packaging,D: Pack-only,1,Final FG,Sorting + Packing,,RM,RM,FG,FG
Chilli Garlic Cashew Bulk,cfpl,Flavouring + Roasting +Bulk Packaging,D: Pack-only,1,Final FG,Sorting + Packing,,RM,RM,FG,FG
Chilli Garlic Masala Seasoning,cfpl,Flavouring (Bulk Packaging,B: Transform->Pack (in-line),1,Create WIP,Create WIP: Roast & Flavour/Salt,Roast & Flavour/Salt,RM,RM,SFG0107,SFG
Chilli Garlic Masala Seasoning,cfpl,Flavouring (Bulk Packaging,B: Transform->Pack (in-line),2,Final FG,Packing,,SFG0107,SFG,FG,FG
Chipotle Honey Coated Peanuts 200g,cfpl,Flavouring + Packaging,B: Transform->Pack (in-line),1,Create WIP,Create WIP: Roast & Flavour/Salt,Roast & Flavour/Salt,RM,RM,SFG0108,SFG
Chipotle Honey Coated Peanuts 200g,cfpl,Flavouring + Packaging,B: Transform->Pack (in-line),2,Final FG,Packing,,SFG0108,SFG,FG,FG
Chipotle Honey Coated Peanuts 70gm,cfpl,Flavouring + Packaging,B: Transform->Pack (in-line),1,Create WIP,Create WIP: Roast & Flavour/Salt,Roast & Flavour/Salt,RM,RM,SFG0108,SFG
Chipotle Honey Coated Peanuts 70gm,cfpl,Flavouring + Packaging,B: Transform->Pack (in-line),2,Final FG,Packing,,SFG0108,SFG,FG,FG
Choco Crunch Energy Bar 38gm,cfpl,Sorting + Blending + Bar Forming + Packaging,B: Transform->Pack (in-line),1,Create WIP,Create WIP: Blend & Form,Blend & Form,RM,RM,SFG0109,SFG
Choco Crunch Energy Bar 38gm,cfpl,Sorting + Blending + Bar Forming + Packaging,B: Transform->Pack (in-line),2,Final FG,Packing,,SFG0109,SFG,FG,FG
Chocolate Coated Almond Dragees 50gm,cfpl,Sorting + Roasting + Chocolate + Packaging,B: Transform->Pack (in-line),1,Create WIP,Create WIP: Roasting + Enrobe / Choco-Coat,Roasting + Enrobe / Choco-Coat,RM,RM,SFG0110,SFG
Chocolate Coated Almond Dragees 50gm,cfpl,Sorting + Roasting + Chocolate + Packaging,B: Transform->Pack (in-line),2,Final FG,Packing,,SFG0110,SFG,FG,FG
Chocolate Coated Blueberries Dragees 50gm,cfpl,Sorting + Roasting + Chocolate + Packaging,B: Transform->Pack (in-line),1,Create WIP,Create WIP: Roasting + Enrobe / Choco-Coat,Roasting + Enrobe / Choco-Coat,RM,RM,SFG0111,SFG
Chocolate Coated Blueberries Dragees 50gm,cfpl,Sorting + Roasting + Chocolate + Packaging,B: Transform->Pack (in-line),2,Final FG,Packing,,SFG0111,SFG,FG,FG
Classic Flavour Date Mewa 18gm,cfpl,Sorting + Blending + Bar Forming + Packaging,B: Transform->Pack (in-line),1,Create WIP,Create WIP: Blend & Form,Blend & Form,RM,RM,SFG0112,SFG
Classic Flavour Date Mewa 18gm,cfpl,Sorting + Blending + Bar Forming + Packaging,B: Transform->Pack (in-line),2,Final FG,Packing,,SFG0112,SFG,FG,FG
Coated Peanuts,cfpl,Flavouring (Bulk Packaging,B: Transform->Pack (in-line),1,Create WIP,Create WIP: Roast & Flavour/Salt,Roast & Flavour/Salt,RM,RM,SFG0113,SFG
Coated Peanuts,cfpl,Flavouring (Bulk Packaging,B: Transform->Pack (in-line),2,Final FG,Packing,,SFG0113,SFG,FG,FG
Coated Peanuts - Magic Masala 1Kg,cfpl,Flavouring + Packaging,B: Transform->Pack (in-line),1,Create WIP,Create WIP: Roast & Flavour/Salt,Roast & Flavour/Salt,RM,RM,SFG0114,SFG
Coated Peanuts - Magic Masala 1Kg,cfpl,Flavouring + Packaging,B: Transform->Pack (in-line),2,Final FG,Packing,,SFG0114,SFG,FG,FG
Cocktail Mix,cfpl,Flavouring (Bulk Packaging,B: Transform->Pack (in-line),1,Create WIP,Create WIP: Roast & Flavour/Salt,Roast & Flavour/Salt,RM,RM,SFG0115,SFG
Cocktail Mix,cfpl,Flavouring (Bulk Packaging,B: Transform->Pack (in-line),2,Final FG,Packing,,SFG0115,SFG,FG,FG
Cocktail Mix 230g,cfpl,Flavouring + Packaging,B: Transform->Pack (in-line),1,Create WIP,Create WIP: Roast & Flavour/Salt,Roast & Flavour/Salt,RM,RM,SFG0115,SFG
Cocktail Mix 230g,cfpl,Flavouring + Packaging,B: Transform->Pack (in-line),2,Final FG,Packing,,SFG0115,SFG,FG,FG
Cocoa Peanut Date Balls 48 gms,cfpl,Sorting + Blending + Bar Forming + Packaging,B: Transform->Pack (in-line),1,Create WIP,Create WIP: Blend & Form,Blend & Form,RM,RM,SFG0116,SFG
Cocoa Peanut Date Balls 48 gms,cfpl,Sorting + Blending + Bar Forming + Packaging,B: Transform->Pack (in-line),2,Final FG,Packing,,SFG0116,SFG,FG,FG
Coconut Laddubar Mini 9g,cfpl,Sorting + Blending + Bar Forming + Packaging,B: Transform->Pack (in-line),1,Create WIP,Create WIP: Blend & Form,Blend & Form,RM,RM,SFG0117,SFG
Coconut Laddubar Mini 9g,cfpl,Sorting + Blending + Bar Forming + Packaging,B: Transform->Pack (in-line),2,Final FG,Packing,,SFG0117,SFG,FG,FG
Coffee Laddoo 18gm,cfpl,Sorting + Blending + Bar Forming + Packaging,B: Transform->Pack (in-line),1,Create WIP,Create WIP: Blend & Form,Blend & Form,RM,RM,SFG0118,SFG
Coffee Laddoo 18gm,cfpl,Sorting + Blending + Bar Forming + Packaging,B: Transform->Pack (in-line),2,Final FG,Packing,,SFG0118,SFG,FG,FG
Coffee Laddoo Semi Finished,cfpl,Sorting + Blending + Bar Forming + Packaging,B: Transform->Pack (in-line),1,Create WIP,Create WIP: Blend & Form,Blend & Form,RM,RM,SFG0119,SFG
Coffee Laddoo Semi Finished,cfpl,Sorting + Blending + Bar Forming + Packaging,B: Transform->Pack (in-line),2,Final FG,Packing,,SFG0119,SFG,FG,FG
Cranberry Date Balls 48 gms,cfpl,Sorting + Blending + Bar Forming + Packaging,B: Transform->Pack (in-line),1,Create WIP,Create WIP: Blend & Form,Blend & Form,RM,RM,SFG0120,SFG
Cranberry Date Balls 48 gms,cfpl,Sorting + Blending + Bar Forming + Packaging,B: Transform->Pack (in-line),2,Final FG,Packing,,SFG0120,SFG,FG,FG
Cranberry Whole 230g,cfpl,Sorting + Packaging,D: Pack-only,1,Final FG,Sorting + Packing,,RM,RM,FG,FG
Crunchy Caramel Trail Mix,cfpl,Flavouring + Packaging,B: Transform->Pack (in-line),1,Create WIP,Create WIP: Roast & Flavour/Salt,Roast & Flavour/Salt,RM,RM,SFG0121,SFG
Crunchy Caramel Trail Mix,cfpl,Flavouring + Packaging,B: Transform->Pack (in-line),2,Final FG,Packing,,SFG0121,SFG,FG,FG
Crunchy Caramel Trail Mix 230g,cfpl,Flavouring + Packaging,B: Transform->Pack (in-line),1,Create WIP,Create WIP: Roast & Flavour/Salt,Roast & Flavour/Salt,RM,RM,SFG0121,SFG
Crunchy Caramel Trail Mix 230g,cfpl,Flavouring + Packaging,B: Transform->Pack (in-line),2,Final FG,Packing,,SFG0121,SFG,FG,FG
Curate Anjeer 200g,cfpl,Sorting + Packaging,D: Pack-only,1,Final FG,Sorting + Packing,,RM,RM,FG,FG
Curate Cashews 200g,cfpl,Sorting + Packaging,D: Pack-only,1,Final FG,Sorting + Packing,,RM,RM,FG,FG
Curate Cashews 500g,cfpl,Sorting + Packaging,D: Pack-only,1,Final FG,Sorting + Packing,,RM,RM,FG,FG
Curate Mamra Almonds 200g,cfpl,Sorting + Packaging,D: Pack-only,1,Final FG,Sorting + Packing,,RM,RM,FG,FG
Curate Oriental Dates 500gm,cfpl,Sorting + Packaging,D: Pack-only,1,Final FG,Sorting + Packing,,RM,RM,FG,FG
Curate Pista Pishori 200g,cfpl,Flavouring + Packaging,B: Transform->Pack (in-line),1,Create WIP,Create WIP: Roast & Flavour/Salt,Roast & Flavour/Salt,RM,RM,SFG0124,SFG
Curate Pista Pishori 200g,cfpl,Flavouring + Packaging,B: Transform->Pack (in-line),2,Final FG,Packing,,SFG0124,SFG,FG,FG
Curate Prunes 200g,cfpl,Sorting + Packaging,D: Pack-only,1,Final FG,Sorting + Packing,,RM,RM,FG,FG
Curate Roasted Hazelnuts 200g,cfpl,Sorting + Roasting + Packaging,B: Transform->Pack (in-line),1,Create WIP,Create WIP: Roasting,Roasting,RM,RM,SFG0125,SFG
Curate Roasted Hazelnuts 200g,cfpl,Sorting + Roasting + Packaging,B: Transform->Pack (in-line),2,Final FG,Packing,,SFG0125,SFG,FG,FG
Curate Roasted Hazelnuts 550g Jr,cfpl,Sorting + Roasting + Packaging,B: Transform->Pack (in-line),1,Create WIP,Create WIP: Roasting,Roasting,RM,RM,SFG0125,SFG
Curate Roasted Hazelnuts 550g Jr,cfpl,Sorting + Roasting + Packaging,B: Transform->Pack (in-line),2,Final FG,Packing,,SFG0125,SFG,FG,FG
Daily Mewa Healthy Mix,cfpl,Flavouring (Bulk Packaging,B: Transform->Pack (in-line),1,Create WIP,Create WIP: Roast & Flavour/Salt,Roast & Flavour/Salt,RM,RM,SFG0126,SFG
Daily Mewa Healthy Mix,cfpl,Flavouring (Bulk Packaging,B: Transform->Pack (in-line),2,Final FG,Packing,,SFG0126,SFG,FG,FG
Dark Almond Draggies,cfpl,Sorting + Roasting + Chocolate (Bulk Packaging,B: Transform->Pack (in-line),1,Create WIP,Create WIP: Roasting + Enrobe / Choco-Coat,Roasting + Enrobe / Choco-Coat,RM,RM,SFG0127,SFG
Dark Almond Draggies,cfpl,Sorting + Roasting + Chocolate (Bulk Packaging,B: Transform->Pack (in-line),2,Final FG,Packing,,SFG0127,SFG,FG,FG
Dark Chocolate Coated Almond Stuffed Khalas Single,cfpl,De-Seeding+Sorting+Stuffing+Enrobing+Flow Wrap+Sorting+Master Carton,B: Transform->Pack (in-line),1,Create WIP,Create WIP: De-Seeding + Stuffing + Enrobe / Choco-Coat,De-Seeding + Stuffing + Enrobe / Choco-Coat,RM,RM,SFG0128,SFG
Dark Chocolate Coated Almond Stuffed Khalas Single,cfpl,De-Seeding+Sorting+Stuffing+Enrobing+Flow Wrap+Sorting+Master Carton,B: Transform->Pack (in-line),2,Final FG,Packing,,SFG0128,SFG,FG,FG
Dark Chocolate Coated Cashew Stuffed Khalas Single,cfpl,De-Seeding+Sorting+Stuffing+Enrobing+Flow Wrap+Sorting+Master Carton,B: Transform->Pack (in-line),1,Create WIP,Create WIP: De-Seeding + Stuffing + Enrobe / Choco-Coat,De-Seeding + Stuffing + Enrobe / Choco-Coat,RM,RM,SFG0129,SFG
Dark Chocolate Coated Cashew Stuffed Khalas Single,cfpl,De-Seeding+Sorting+Stuffing+Enrobing+Flow Wrap+Sorting+Master Carton,B: Transform->Pack (in-line),2,Final FG,Packing,,SFG0129,SFG,FG,FG
Dark Chocolate Coated Macadamia 110g,cfpl,Sorting + Roasting + Chocolate + Packaging,B: Transform->Pack (in-line),1,Create WIP,Create WIP: Roasting + Enrobe / Choco-Coat,Roasting + Enrobe / Choco-Coat,RM,RM,SFG0130,SFG
Dark Chocolate Coated Macadamia 110g,cfpl,Sorting + Roasting + Chocolate + Packaging,B: Transform->Pack (in-line),2,Final FG,Packing,,SFG0130,SFG,FG,FG
Date Balls Coated Coconut (22G X 3),cfpl,Sorting + Blending + Bar Forming + Packaging,B: Transform->Pack (in-line),1,Create WIP,Create WIP: Blend & Form,Blend & Form,RM,RM,SFG0131,SFG
Date Balls Coated Coconut (22G X 3),cfpl,Sorting + Blending + Bar Forming + Packaging,B: Transform->Pack (in-line),2,Final FG,Packing,,SFG0131,SFG,FG,FG
Date Balls Coated Dark (22g x 3),cfpl,Sorting + Blending + Bar Forming + Packaging,B: Transform->Pack (in-line),1,Create WIP,Create WIP: Blend & Form,Blend & Form,RM,RM,SFG0132,SFG
Date Balls Coated Dark (22g x 3),cfpl,Sorting + Blending + Bar Forming + Packaging,B: Transform->Pack (in-line),2,Final FG,Packing,,SFG0132,SFG,FG,FG
Date Balls Coated Milk (22g x 3),cfpl,Sorting + Blending + Bar Forming + Packaging,B: Transform->Pack (in-line),1,Create WIP,Create WIP: Blend & Form,Blend & Form,RM,RM,SFG0133,SFG
Date Balls Coated Milk (22g x 3),cfpl,Sorting + Blending + Bar Forming + Packaging,B: Transform->Pack (in-line),2,Final FG,Packing,,SFG0133,SFG,FG,FG
Date Balls Coated White (22g x 3),cfpl,Sorting + Blending + Bar Forming + Packaging,B: Transform->Pack (in-line),1,Create WIP,Create WIP: Blend & Form,Blend & Form,RM,RM,SFG0134,SFG
Date Balls Coated White (22g x 3),cfpl,Sorting + Blending + Bar Forming + Packaging,B: Transform->Pack (in-line),2,Final FG,Packing,,SFG0134,SFG,FG,FG
Date Bites 9gm,cfpl,Sorting + Blending + Bar Forming + Packaging,B: Transform->Pack (in-line),1,Create WIP,Create WIP: Blend & Form,Blend & Form,RM,RM,SFG0136,SFG
Date Bites 9gm,cfpl,Sorting + Blending + Bar Forming + Packaging,B: Transform->Pack (in-line),2,Final FG,Packing,,SFG0136,SFG,FG,FG
Date Mewa Bon Bon Laddu (18g x 3),cfpl,Sorting + Blending + Bar Forming + Packaging,D: Pack-only,1,Final FG,Sorting + Packing,,RM,RM,FG,FG
Date Mewa Festive Gifting & Feast Parcel 500gm,cfpl,Sorting + Blending + Bar Forming + Packaging,B: Transform->Pack (in-line),1,Create WIP,Create WIP: Blend & Form,Blend & Form,RM,RM,SFG0137,SFG
Date Mewa Festive Gifting & Feast Parcel 500gm,cfpl,Sorting + Blending + Bar Forming + Packaging,B: Transform->Pack (in-line),2,Final FG,Packing,,SFG0137,SFG,FG,FG
Date Mewa Ladu 18gm,cfpl,Sorting + Blending + Bar Forming + Packaging,B: Transform->Pack (in-line),1,Create WIP,Create WIP: Blend & Form,Blend & Form,RM,RM,SFG0138,SFG
Date Mewa Ladu 18gm,cfpl,Sorting + Blending + Bar Forming + Packaging,B: Transform->Pack (in-line),2,Final FG,Packing,,SFG0138,SFG,FG,FG
Dates Delight Khajur Pak 375gm,cfpl,Sorting + Blending + Bar Forming + Packaging,B: Transform->Pack (in-line),1,Create WIP,Create WIP: Blend & Form,Blend & Form,RM,RM,SFG0139,SFG
Dates Delight Khajur Pak 375gm,cfpl,Sorting + Blending + Bar Forming + Packaging,B: Transform->Pack (in-line),2,Final FG,Packing,,SFG0139,SFG,FG,FG
Dates Mewa Assorted 210gm,cfpl,Sorting + Blending + Bar Forming + Packaging,B: Transform->Pack (in-line),1,Create WIP,Create WIP: Blend & Form,Blend & Form,RM,RM,SFG0140,SFG
Dates Mewa Assorted 210gm,cfpl,Sorting + Blending + Bar Forming + Packaging,B: Transform->Pack (in-line),2,Final FG,Packing,,SFG0140,SFG,FG,FG
Dates Mewa Classic 210gm,cfpl,Sorting + Blending + Bar Forming + Packaging,B: Transform->Pack (in-line),1,Create WIP,Create WIP: Blend & Form,Blend & Form,RM,RM,SFG0141,SFG
Dates Mewa Classic 210gm,cfpl,Sorting + Blending + Bar Forming + Packaging,B: Transform->Pack (in-line),2,Final FG,Packing,,SFG0141,SFG,FG,FG
Dehydrated Ginger,cfpl,Sorting (Bulk Packaging,D: Pack-only,1,Final FG,Sorting + Packing,,RM,RM,FG,FG
Delmonte Cranberries 130gm,cfpl,Sorting + Blanching + Slicing/Dicing/Slivering + Packaging,D: Pack-only,1,Final FG,Sorting + Packing,,RM,RM,FG,FG
Delmonte Prunes 130g,cfpl,Sorting + Packaging,D: Pack-only,1,Final FG,Sorting + Packing,,RM,RM,FG,FG
Delmonte Prunes 130g [1 Case x 40 unit],cfpl,Sorting + Packaging,D: Pack-only,1,Final FG,Sorting + Packing,,RM,RM,FG,FG
Delmonte Prunes 340g,cfpl,Sorting + Packaging,D: Pack-only,1,Final FG,Sorting + Packing,,RM,RM,FG,FG
Delmonte Prunes 340g [1 Case x 20 unit],cfpl,Sorting + Packaging,D: Pack-only,1,Final FG,Sorting + Packing,,RM,RM,FG,FG
Delmonte Royal Arabian dates 200g,cfpl,Sorting + Packaging,D: Pack-only,1,Final FG,Sorting + Packing,,RM,RM,FG,FG
Delmonte Royal Arabian dates 200g [1 Case x 36 unit] Promo,cfpl,Sorting + Packaging,D: Pack-only,1,Final FG,Sorting + Packing,,RM,RM,FG,FG
Delmonte Royal Arabian dates 500g,cfpl,Sorting + Packaging,D: Pack-only,1,Final FG,Sorting + Packing,,RM,RM,FG,FG
Delmonte Royal Arabian dates 500g [1 Case x 24 unit] Non-Promo,cfpl,Sorting + Packaging,D: Pack-only,1,Final FG,Sorting + Packing,,RM,RM,FG,FG
Delmonte Royal Arabian dates 500g [1 Case x 24 unit] Promo,cfpl,Sorting + Packaging,D: Pack-only,1,Final FG,Sorting + Packing,,RM,RM,FG,FG
Delmonte Royal Fard Dates 200gm,cfpl,Sorting + Packaging,D: Pack-only,1,Final FG,Sorting + Packing,,RM,RM,FG,FG
Delmonte Royal Fard Dates 200gm [1 Case x 36 unit] Non-Promo,cfpl,Sorting + Packaging,D: Pack-only,1,Final FG,Sorting + Packing,,RM,RM,FG,FG
Delmonte Royal Fard Dates 200gm [1 Case x 36 unit] Promo,cfpl,Sorting + Packaging,D: Pack-only,1,Final FG,Sorting + Packing,,RM,RM,FG,FG
Delmonte Royal Fard Dates 500gm,cfpl,Sorting + Packaging,D: Pack-only,1,Final FG,Sorting + Packing,,RM,RM,FG,FG
Delmonte Royal Fard Dates 500gm [1 Case x 24 unit] Non-Promo,cfpl,Sorting + Packaging,D: Pack-only,1,Final FG,Sorting + Packing,,RM,RM,FG,FG
Delmonte Royal Fard Dates 500gm [1 Case x 24 unit] Promo,cfpl,Sorting + Packaging,D: Pack-only,1,Final FG,Sorting + Packing,,RM,RM,FG,FG
Deri Dates 250g (1359841),cfpl,Sorting + Packaging,D: Pack-only,1,Final FG,Sorting + Packing,,RM,RM,FG,FG
Diced Almond,cfpl,Sorting + Blanching + Slicing/Dicing/Slivering (Bulk Packaging,B: Transform->Pack (in-line),1,Create WIP,Create WIP: Blanch & Slice,Blanch & Slice,RM,RM,SFG0142,SFG
Diced Almond,cfpl,Sorting + Blanching + Slicing/Dicing/Slivering (Bulk Packaging,B: Transform->Pack (in-line),2,Final FG,Packing,,SFG0142,SFG,FG,FG
Dr Batra#s Hair Health Protein Bar 35gm,cfpl,Sorting + Blending + Bar Forming + Packaging,B: Transform->Pack (in-line),1,Create WIP,Create WIP: Blend & Form,Blend & Form,RM,RM,SFG0143,SFG
Dr Batra#s Hair Health Protein Bar 35gm,cfpl,Sorting + Blending + Bar Forming + Packaging,B: Transform->Pack (in-line),2,Final FG,Packing,,SFG0143,SFG,FG,FG
Dragees Dark Cranberry,cfpl,Sorting + Roasting + Chocolate (Bulk Packaging,B: Transform->Pack (in-line),1,Create WIP,Create WIP: Roasting + Enrobe / Choco-Coat,Roasting + Enrobe / Choco-Coat,RM,RM,SFG0144,SFG
Dragees Dark Cranberry,cfpl,Sorting + Roasting + Chocolate (Bulk Packaging,B: Transform->Pack (in-line),2,Final FG,Packing,,SFG0144,SFG,FG,FG
Dragees Milk Cranberry,cfpl,Sorting + Roasting + Chocolate (Bulk Packaging,B: Transform->Pack (in-line),1,Create WIP,Create WIP: Roasting + Enrobe / Choco-Coat,Roasting + Enrobe / Choco-Coat,RM,RM,SFG0145,SFG
Dragees Milk Cranberry,cfpl,Sorting + Roasting + Chocolate (Bulk Packaging,B: Transform->Pack (in-line),2,Final FG,Packing,,SFG0145,SFG,FG,FG
Dragees White Cranberry,cfpl,Sorting + Roasting + Chocolate (Bulk Packaging,B: Transform->Pack (in-line),1,Create WIP,Create WIP: Roasting + Enrobe / Choco-Coat,Roasting + Enrobe / Choco-Coat,RM,RM,SFG0146,SFG
Dragees White Cranberry,cfpl,Sorting + Roasting + Chocolate (Bulk Packaging,B: Transform->Pack (in-line),2,Final FG,Packing,,SFG0146,SFG,FG,FG
Drangees Dark Almond,cfpl,Sorting + Roasting + Chocolate (Bulk Packaging,B: Transform->Pack (in-line),1,Create WIP,Create WIP: Roasting + Enrobe / Choco-Coat,Roasting + Enrobe / Choco-Coat,RM,RM,SFG0147,SFG
Drangees Dark Almond,cfpl,Sorting + Roasting + Chocolate (Bulk Packaging,B: Transform->Pack (in-line),2,Final FG,Packing,,SFG0147,SFG,FG,FG
Dried Blueberry 100gm,cfpl,Sorting + Packaging,D: Pack-only,1,Final FG,Sorting + Packing,,RM,RM,FG,FG
Dried Cranberry 100gm,cfpl,Sorting + Packaging,D: Pack-only,1,Final FG,Sorting + Packing,,RM,RM,FG,FG
Dried Cranberry Sliced,cfpl,Sorting + Blanching + Slicing/Dicing/Slivering + Packaging,D: Pack-only,1,Final FG,Sorting + Packing,,RM,RM,FG,FG
Dried Cranberry Whole,cfpl,Sorting (Bulk Packaging,D: Pack-only,1,Final FG,Sorting + Packing,,RM,RM,FG,FG
Dried Kiwi,cfpl,Sorting (Bulk Packaging,D: Pack-only,1,Final FG,Sorting + Packing,,RM,RM,FG,FG
Dried Mango Loose,cfpl,Sorting (Bulk Packaging,D: Pack-only,1,Final FG,Sorting + Packing,,RM,RM,FG,FG
Dried Masala Kiwi,cfpl,Flavouring (Bulk Packaging,D: Pack-only,1,Final FG,Sorting + Packing,,RM,RM,FG,FG
Dried Masala Mango,cfpl,Flavouring (Bulk Packaging,B: Transform->Pack (in-line),1,Create WIP,Create WIP: Roast & Flavour/Salt,Roast & Flavour/Salt,RM,RM,SFG0148,SFG
Dried Masala Mango,cfpl,Flavouring (Bulk Packaging,B: Transform->Pack (in-line),2,Final FG,Packing,,SFG0148,SFG,FG,FG
Dried Masala Pineapple,cfpl,Flavouring (Bulk Packaging,B: Transform->Pack (in-line),1,Create WIP,Create WIP: Roast & Flavour/Salt,Roast & Flavour/Salt,RM,RM,SFG0149,SFG
Dried Masala Pineapple,cfpl,Flavouring (Bulk Packaging,B: Transform->Pack (in-line),2,Final FG,Packing,,SFG0149,SFG,FG,FG
Dried Prunes (Pitted),cfpl,Sorting + Packaging,D: Pack-only,1,Final FG,Sorting + Packing,,RM,RM,FG,FG
Dried Raspberry,cfpl,Sorting (Bulk Packaging,D: Pack-only,1,Final FG,Sorting + Packing,,RM,RM,FG,FG
Dry Fruit Hamper,cfpl,Flavouring + Packaging,B: Transform->Pack (in-line),1,Create WIP,Create WIP: Roast & Flavour/Salt,Roast & Flavour/Salt,RM,RM,SFG0150,SFG
Dry Fruit Hamper,cfpl,Flavouring + Packaging,B: Transform->Pack (in-line),2,Final FG,Packing,,SFG0150,SFG,FG,FG
Dryfruit Instant Energy LadduBar Pack of 5,cfpl,Sorting + Blending + Bar Forming + Packaging,B: Transform->Pack (in-line),1,Create WIP,Create WIP: Blend & Form,Blend & Form,RM,RM,SFG0153,SFG
Dryfruit Instant Energy LadduBar Pack of 5,cfpl,Sorting + Blending + Bar Forming + Packaging,B: Transform->Pack (in-line),2,Final FG,Packing,,SFG0153,SFG,FG,FG
Dryfruit Instant Energy Laddubar Bites 9gm,cfpl,Sorting + Blending + Bar Forming + Packaging,B: Transform->Pack (in-line),1,Create WIP,Create WIP: Blend & Form,Blend & Form,RM,RM,SFG0152,SFG
Dryfruit Instant Energy Laddubar Bites 9gm,cfpl,Sorting + Blending + Bar Forming + Packaging,B: Transform->Pack (in-line),2,Final FG,Packing,,SFG0152,SFG,FG,FG
Dryfruit instant Energy laddu Bar 35gm,cfpl,Sorting + Blending + Bar Forming + Packaging,B: Transform->Pack (in-line),1,Create WIP,Create WIP: Blend & Form,Blend & Form,RM,RM,SFG0151,SFG
Dryfruit instant Energy laddu Bar 35gm,cfpl,Sorting + Blending + Bar Forming + Packaging,B: Transform->Pack (in-line),2,Final FG,Packing,,SFG0151,SFG,FG,FG
Energy Bar - Choco Crunch 30gm,cfpl,Sorting + Blending + Bar Forming + Packaging,B: Transform->Pack (in-line),1,Create WIP,Create WIP: Blend & Form,Blend & Form,RM,RM,SFG0154,SFG
Energy Bar - Choco Crunch 30gm,cfpl,Sorting + Blending + Bar Forming + Packaging,B: Transform->Pack (in-line),2,Final FG,Packing,,SFG0154,SFG,FG,FG
Energy Bar - Fig & Dates 30gm,cfpl,Sorting + Blending + Bar Forming + Packaging,B: Transform->Pack (in-line),1,Create WIP,Create WIP: Blend & Form,Blend & Form,RM,RM,SFG0155,SFG
Energy Bar - Fig & Dates 30gm,cfpl,Sorting + Blending + Bar Forming + Packaging,B: Transform->Pack (in-line),2,Final FG,Packing,,SFG0155,SFG,FG,FG
Energy Bar - Hazelnut Magic 30gm,cfpl,Sorting + Blending + Bar Forming + Packaging,B: Transform->Pack (in-line),1,Create WIP,Create WIP: Blend & Form,Blend & Form,RM,RM,SFG0156,SFG
Energy Bar - Hazelnut Magic 30gm,cfpl,Sorting + Blending + Bar Forming + Packaging,B: Transform->Pack (in-line),2,Final FG,Packing,,SFG0156,SFG,FG,FG
Energy Bar - Oats & Apricot 30gm,cfpl,Sorting + Blending + Bar Forming + Packaging,B: Transform->Pack (in-line),1,Create WIP,Create WIP: Blend & Form,Blend & Form,RM,RM,SFG0157,SFG
Energy Bar - Oats & Apricot 30gm,cfpl,Sorting + Blending + Bar Forming + Packaging,B: Transform->Pack (in-line),2,Final FG,Packing,,SFG0157,SFG,FG,FG
Energy Bars Oats and Dates (Pack of 6) 210gm,cfpl,Sorting + Blending + Bar Forming + Packaging,B: Transform->Pack (in-line),1,Create WIP,Create WIP: Blend & Form,Blend & Form,RM,RM,SFG0158,SFG
Energy Bars Oats and Dates (Pack of 6) 210gm,cfpl,Sorting + Blending + Bar Forming + Packaging,B: Transform->Pack (in-line),2,Final FG,Packing,,SFG0158,SFG,FG,FG
Extra Cheese Seasoning (UNC) 1Kg,cfpl,Flavouring (Bulk Packaging,B: Transform->Pack (in-line),1,Create WIP,Create WIP: Roast & Flavour/Salt,Roast & Flavour/Salt,RM,RM,SFG0159,SFG
Extra Cheese Seasoning (UNC) 1Kg,cfpl,Flavouring (Bulk Packaging,B: Transform->Pack (in-line),2,Final FG,Packing,,SFG0159,SFG,FG,FG
Extra Cheese Seasoning Extreme,cfpl,Flavouring (Bulk Packaging,B: Transform->Pack (in-line),1,Create WIP,Create WIP: Roast & Flavour/Salt,Roast & Flavour/Salt,RM,RM,SFG0160,SFG
Extra Cheese Seasoning Extreme,cfpl,Flavouring (Bulk Packaging,B: Transform->Pack (in-line),2,Final FG,Packing,,SFG0160,SFG,FG,FG
Extra Cheese Seasoning-UNC( Malaysian) 15kg,cfpl,Flavouring (Bulk Packaging,B: Transform->Pack (in-line),1,Create WIP,Create WIP: Roast & Flavour/Salt,Roast & Flavour/Salt,RM,RM,SFG0161,SFG
Extra Cheese Seasoning-UNC( Malaysian) 15kg,cfpl,Flavouring (Bulk Packaging,B: Transform->Pack (in-line),2,Final FG,Packing,,SFG0161,SFG,FG,FG
Extra Cheese Seasoning-UNC( Malaysian) 1kg,cfpl,Flavouring (Bulk Packaging,B: Transform->Pack (in-line),1,Create WIP,Create WIP: Roast & Flavour/Salt,Roast & Flavour/Salt,RM,RM,SFG0161,SFG
Extra Cheese Seasoning-UNC( Malaysian) 1kg,cfpl,Flavouring (Bulk Packaging,B: Transform->Pack (in-line),2,Final FG,Packing,,SFG0161,SFG,FG,FG
Extreme Cheese Seasoning( Malaysian) 1kg,cfpl,Flavouring (Bulk Packaging,B: Transform->Pack (in-line),1,Create WIP,Create WIP: Roast & Flavour/Salt,Roast & Flavour/Salt,RM,RM,SFG0162,SFG
Extreme Cheese Seasoning( Malaysian) 1kg,cfpl,Flavouring (Bulk Packaging,B: Transform->Pack (in-line),2,Final FG,Packing,,SFG0162,SFG,FG,FG
Ez Almond California Bold Loose,cfpl,Sorting + Packaging,D: Pack-only,1,Final FG,Sorting + Packing,,RM,RM,FG,FG
Ez Almond California Regular Loose,cfpl,Sorting + Packaging,D: Pack-only,1,Final FG,Sorting + Packing,,RM,RM,FG,FG
Ez Almond Mammra Regular Loose,cfpl,Sorting + Packaging,D: Pack-only,1,Final FG,Sorting + Packing,,RM,RM,FG,FG
Ez Almond Mamra Regular Loose (1459019),cfpl,Sorting + Packaging,D: Pack-only,1,Final FG,Sorting + Packing,,RM,RM,FG,FG
Ez Almond Rstd Salted Loose,cfpl,Sorting + Packaging,C: Pack of existing SFG,1,Final FG,Packing,,SFG0261,SFG,FG,FG
Ez Anjeer Small Loose,cfpl,Sorting + Packaging,D: Pack-only,1,Final FG,Sorting + Packing,,RM,RM,FG,FG
Ez Black Raisin Loose (1459026),cfpl,Sorting + Packaging,D: Pack-only,1,Final FG,Sorting + Packing,,RM,RM,FG,FG
Ez Black Raisin Seedless Loose,cfpl,Sorting + Packaging,D: Pack-only,1,Final FG,Sorting + Packing,,RM,RM,FG,FG
Ez Blue Berry Loose,cfpl,Sorting + Packaging,D: Pack-only,1,Final FG,Sorting + Packing,,RM,RM,FG,FG
Ez Cashew 210 Loose,cfpl,Sorting + Packaging,D: Pack-only,1,Final FG,Sorting + Packing,,RM,RM,FG,FG
Ez Cashew 240 Loose,cfpl,Sorting + Packaging,D: Pack-only,1,Final FG,Sorting + Packing,,RM,RM,FG,FG
Ez Cashew 320 Loose,cfpl,Sorting + Packaging,D: Pack-only,1,Final FG,Sorting + Packing,,RM,RM,FG,FG
Ez Cashew 4pc Loose,cfpl,Sorting + Packaging,D: Pack-only,1,Final FG,Sorting + Packing,,RM,RM,FG,FG
Ez Cashew Roasted Salted Loose,cfpl,Sorting + Roasting + Packaging,D: Pack-only,1,Final FG,Sorting + Packing,,RM,RM,FG,FG
Ez Chilean Walnut Giri Regular Loose,cfpl,Sorting + Packaging,D: Pack-only,1,Final FG,Sorting + Packing,,RM,RM,FG,FG
Ez Chilean Walnut Giri Small Loose (1459038),cfpl,Sorting + Packaging,D: Pack-only,1,Final FG,Sorting + Packing,,RM,RM,FG,FG
Ez Cranberry Loose,cfpl,Sorting + Packaging,D: Pack-only,1,Final FG,Sorting + Packing,,RM,RM,FG,FG
Ez Dried Apricot Loose,cfpl,Sorting + Packaging,D: Pack-only,1,Final FG,Sorting + Packing,,RM,RM,FG,FG
Ez Green Pista Loose (1459047),cfpl,Sorting + Packaging,D: Pack-only,1,Final FG,Sorting + Packing,,RM,RM,FG,FG
Ez Honey Amla Loose (1459048),cfpl,Sorting + Packaging,D: Pack-only,1,Final FG,Sorting + Packing,,RM,RM,FG,FG
Ez Khurmani Wet Apricot Loose (1459052),cfpl,Sorting + Packaging,D: Pack-only,1,Final FG,Sorting + Packing,,RM,RM,FG,FG
Ez Kishmish Afghani Loose,cfpl,Sorting + Packaging,D: Pack-only,1,Final FG,Sorting + Packing,,RM,RM,FG,FG
Ez Mix Dry Fruit Regular Loose (1459062),cfpl,Sorting + Packaging,D: Pack-only,1,Final FG,Sorting + Packing,,RM,RM,FG,FG
Ez Munakka Loose,cfpl,Sorting + Packaging,D: Pack-only,1,Final FG,Sorting + Packing,,RM,RM,FG,FG
Ez Pista Roasted Salted Akbari Loose,cfpl,Sorting + Packaging,D: Pack-only,1,Final FG,Sorting + Packing,,RM,RM,FG,FG
Ez Pista Roasted Salted Irani Loose,cfpl,Sorting + Packaging,D: Pack-only,1,Final FG,Sorting + Packing,,RM,RM,FG,FG
Ez Walnut Broken Loose,cfpl,Sorting + Packaging,D: Pack-only,1,Final FG,Sorting + Packing,,RM,RM,FG,FG
Ez Walnut Whole Loose,cfpl,Sorting + Packaging,D: Pack-only,1,Final FG,Sorting + Packing,,RM,RM,FG,FG
FABSTA ALMOND 100G,cfpl,Sorting + Packaging,D: Pack-only,1,Final FG,Sorting + Packing,,RM,RM,FG,FG
FABSTA ALMOND 200G,cfpl,Sorting + Packaging,D: Pack-only,1,Final FG,Sorting + Packing,,RM,RM,FG,FG
FABSTA ALMOND 500G,cfpl,Sorting + Packaging,D: Pack-only,1,Final FG,Sorting + Packing,,RM,RM,FG,FG
FABSTA ALMOND REGULAR 100G,cfpl,Sorting + Packaging,D: Pack-only,1,Final FG,Sorting + Packing,,RM,RM,FG,FG
FABSTA ALMOND REGULAR 200G,cfpl,Sorting + Packaging,D: Pack-only,1,Final FG,Sorting + Packing,,RM,RM,FG,FG
FABSTA ALMOND REGULAR 500G,cfpl,Sorting + Packaging,D: Pack-only,1,Final FG,Sorting + Packing,,RM,RM,FG,FG
FABSTA Apricots Dry 100gm,cfpl,Sorting + Packaging,D: Pack-only,1,Final FG,Sorting + Packing,,RM,RM,FG,FG
FABSTA BLACK RAISINS 100G (1455547),cfpl,Sorting + Packaging,D: Pack-only,1,Final FG,Sorting + Packing,,RM,RM,FG,FG
FABSTA BLACK RAISINS 200G,cfpl,Sorting + Packaging,D: Pack-only,1,Final FG,Sorting + Packing,,RM,RM,FG,FG
FABSTA BLACK RAISINS 500G,cfpl,Sorting + Packaging,D: Pack-only,1,Final FG,Sorting + Packing,,RM,RM,FG,FG
FABSTA CASHEWNUT 240 COUNT 200g,cfpl,Sorting + Packaging,D: Pack-only,1,Final FG,Sorting + Packing,,RM,RM,FG,FG
FABSTA CASHEWNUT BROKEN 200G,cfpl,Sorting + Blanching + Slicing/Dicing/Slivering + Packaging,B: Transform->Pack (in-line),1,Create WIP,Create WIP: Blanch & Slice,Blanch & Slice,RM,RM,SFG0163,SFG
FABSTA CASHEWNUT BROKEN 200G,cfpl,Sorting + Blanching + Slicing/Dicing/Slivering + Packaging,B: Transform->Pack (in-line),2,Final FG,Packing,,SFG0163,SFG,FG,FG
FABSTA INDIAN RAISINS 200G,cfpl,Sorting + Packaging,D: Pack-only,1,Final FG,Sorting + Packing,,RM,RM,FG,FG
FABSTA INDIAN RAISINS 500G,cfpl,Sorting + Packaging,D: Pack-only,1,Final FG,Sorting + Packing,,RM,RM,FG,FG
FABSTA PISTA CALIFORNIA 200G,cfpl,Sorting + Packaging,D: Pack-only,1,Final FG,Sorting + Packing,,RM,RM,FG,FG
FABSTA Raisins Indian 100 Gm,cfpl,Sorting + Packaging,D: Pack-only,1,Final FG,Sorting + Packing,,RM,RM,FG,FG
FABSTA WALNUT SPLIT 250G,cfpl,Sorting + Packaging,D: Pack-only,1,Final FG,Sorting + Packing,,RM,RM,FG,FG
FABSTA Walnut Split 100gm,cfpl,Sorting + Packaging,D: Pack-only,1,Final FG,Sorting + Packing,,RM,RM,FG,FG
FESTIVE GREETING 560gm,cfpl,Flavouring (Bulk Packaging,D: Pack-only,1,Final FG,Sorting + Packing,,RM,RM,FG,FG
FIESTA DryFruit Box 800gm,cfpl,Flavouring (Bulk Packaging,D: Pack-only,1,Final FG,Sorting + Packing,,RM,RM,FG,FG
FNP Almonds 26-29 - Salted & Roasted 50 gm,cfpl,Sorting + Packaging,C: Pack of existing SFG,1,Final FG,Packing,,SFG0261,SFG,FG,FG
FNP Choco Almonds 50gm,cfpl,Sorting + Roasting + Chocolate + Packaging,B: Transform->Pack (in-line),1,Create WIP,Create WIP: Roasting + Enrobe / Choco-Coat,Roasting + Enrobe / Choco-Coat,RM,RM,SFG0164,SFG
FNP Choco Almonds 50gm,cfpl,Sorting + Roasting + Chocolate + Packaging,B: Transform->Pack (in-line),2,Final FG,Packing,,SFG0164,SFG,FG,FG
FNP Choco Berry Bites 50gm,cfpl,Sorting + Blending + Bar Forming + Packaging,B: Transform->Pack (in-line),1,Create WIP,Create WIP: Blend & Form,Blend & Form,RM,RM,SFG0165,SFG
FNP Choco Berry Bites 50gm,cfpl,Sorting + Blending + Bar Forming + Packaging,B: Transform->Pack (in-line),2,Final FG,Packing,,SFG0165,SFG,FG,FG
FNP Fiery Almonds Sizzlin Peri Peri 50gm,cfpl,Flavouring + Packaging,D: Pack-only,1,Final FG,Sorting + Packing,,RM,RM,FG,FG
FNP Indian Raisins 70 gm,cfpl,Sorting + Packaging,D: Pack-only,1,Final FG,Sorting + Packing,,RM,RM,FG,FG
FNP Pistachios Salted & Roasted 50 gm,cfpl,Flavouring + Packaging,B: Transform->Pack (in-line),1,Create WIP,Create WIP: Roast & Flavour/Salt,Roast & Flavour/Salt,RM,RM,SFG0166,SFG
FNP Pistachios Salted & Roasted 50 gm,cfpl,Flavouring + Packaging,B: Transform->Pack (in-line),2,Final FG,Packing,,SFG0166,SFG,FG,FG
FNP Salt & Pepper Cashew 50gm,cfpl,Sorting + Packaging,C: Pack of existing SFG,1,Final FG,Packing,,SFG0278,SFG,FG,FG
FNP Smokin Sweet N Smoky BBQ Almond 50gm,cfpl,Flavouring + Packaging,D: Pack-only,1,Final FG,Sorting + Packing,,RM,RM,FG,FG
FNP Smokin Sweet N Smoky BBQ Cashew 50g,cfpl,Sorting + Packaging,C: Pack of existing SFG,1,Final FG,Packing,,SFG0285,SFG,FG,FG
Fabsta Anjeer 200gm,cfpl,Sorting + Packaging,D: Pack-only,1,Final FG,Sorting + Packing,,RM,RM,FG,FG
Fabsta Figs Regular 500gm,cfpl,Sorting + Packaging,D: Pack-only,1,Final FG,Sorting + Packing,,RM,RM,FG,FG
Fabsta Rstd Flax Seeds 100g,cfpl,Sorting + Roasting + Packaging,D: Pack-only,1,Final FG,Sorting + Packing,,RM,RM,FG,FG
Fabsta Rstd Melon Seeds 100g,cfpl,Sorting + Roasting + Packaging,D: Pack-only,1,Final FG,Sorting + Packing,,RM,RM,FG,FG
Fabsta Rstd Pumpkin Seeds 100g,cfpl,Sorting + Roasting + Packaging,D: Pack-only,1,Final FG,Sorting + Packing,,RM,RM,FG,FG
Fabsta Rstd Sunflower Seeds 100g,cfpl,Sorting + Roasting + Packaging,D: Pack-only,1,Final FG,Sorting + Packing,,RM,RM,FG,FG
Fabsta Walnut Split 500g,cfpl,Sorting + Packaging,D: Pack-only,1,Final FG,Sorting + Packing,,RM,RM,FG,FG
Fan Bag 300g,cfpl,Sorting + Packaging,D: Pack-only,1,Final FG,Sorting + Packing,,RM,RM,FG,FG
Fardh Dates,cfpl,Sorting (Bulk Packaging,D: Pack-only,1,Final FG,Sorting + Packing,,RM,RM,FG,FG
Festive Box - Magic Moments 600g,cfpl,Flavouring (Bulk Packaging,D: Pack-only,1,Final FG,Sorting + Packing,,RM,RM,FG,FG
Festive Box - Supreme 1000g,cfpl,Flavouring (Bulk Packaging,D: Pack-only,1,Final FG,Sorting + Packing,,RM,RM,FG,FG
Festive Hamper 01,cfpl,Flavouring + Packaging,D: Pack-only,1,Final FG,Sorting + Packing,,RM,RM,FG,FG
Festive Hamper 02,cfpl,Flavouring + Packaging,D: Pack-only,1,Final FG,Sorting + Packing,,RM,RM,FG,FG
Festive Hamper 03,cfpl,Flavouring + Packaging,D: Pack-only,1,Final FG,Sorting + Packing,,RM,RM,FG,FG
Flaxseeds 200G (B07GR346G4),cfpl,Sorting + Roasting + Packaging,D: Pack-only,1,Final FG,Sorting + Packing,,RM,RM,FG,FG
Flaxseeds 500G (B07GQZ7ZVT),cfpl,Sorting + Roasting + Packaging,D: Pack-only,1,Final FG,Sorting + Packing,,RM,RM,FG,FG
Floppy Bag Gift Hamper,cfpl,Flavouring + Packaging,D: Pack-only,1,Final FG,Sorting + Packing,,RM,RM,FG,FG
Foodsquare Truffle Laquered Nuts (Bulk),cfpl,Sorting (Bulk Packaging,D: Pack-only,1,Final FG,Sorting + Packing,,RM,RM,FG,FG
Foodsquare Truffle Laquered Nuts 200gm,cfpl,Sorting + Packaging,D: Pack-only,1,Final FG,Sorting + Packing,,RM,RM,FG,FG
Forsi Coctail Mix,cfpl,Sorting + Packaging,D: Pack-only,1,Final FG,Sorting + Packing,,RM,RM,FG,FG
Forsi Panchmewa,cfpl,Sorting + Packaging,D: Pack-only,1,Final FG,Sorting + Packing,,RM,RM,FG,FG
GOOD LIFE ARABIAN DATES 500 g,cfpl,Sorting + Packaging,D: Pack-only,1,Final FG,Sorting + Packing,,RM,RM,FG,FG
GOOD LIFE CHIA SEED 100G,cfpl,Sorting + Packaging,D: Pack-only,1,Final FG,Sorting + Packing,,RM,RM,FG,FG
GOOD LIFE FARD DATES 500 g,cfpl,Sorting + Packaging,D: Pack-only,1,Final FG,Sorting + Packing,,RM,RM,FG,FG
GOOD LIFE FLAX SEED 100G,cfpl,Sorting + Roasting + Packaging,D: Pack-only,1,Final FG,Sorting + Packing,,RM,RM,FG,FG
GOOD LIFE PUMPKIN SEED 100G,cfpl,Sorting + Roasting + Packaging,D: Pack-only,1,Final FG,Sorting + Packing,,RM,RM,FG,FG
GOOD LIFE SUNFLOWER SEED 100G,cfpl,Sorting + Roasting + Packaging,D: Pack-only,1,Final FG,Sorting + Packing,,RM,RM,FG,FG
Gondh Dryfruit Laddu Bar 35gm,cfpl,Sorting + Blending + Bar Forming + Packaging,B: Transform->Pack (in-line),1,Create WIP,Create WIP: Blend & Form,Blend & Form,RM,RM,SFG0167,SFG
Gondh Dryfruit Laddu Bar 35gm,cfpl,Sorting + Blending + Bar Forming + Packaging,B: Transform->Pack (in-line),2,Final FG,Packing,,SFG0167,SFG,FG,FG
Gondh Dryfruit LadduBar Pack of 6,cfpl,Sorting + Blending + Bar Forming + Packaging,B: Transform->Pack (in-line),1,Create WIP,Create WIP: Blend & Form,Blend & Form,RM,RM,SFG0168,SFG
Gondh Dryfruit LadduBar Pack of 6,cfpl,Sorting + Blending + Bar Forming + Packaging,B: Transform->Pack (in-line),2,Final FG,Packing,,SFG0168,SFG,FG,FG
Good Health Dry Fruit Box 750 g,cfpl,Sorting + Packaging,D: Pack-only,1,Final FG,Sorting + Packing,,RM,RM,FG,FG
Green Chilli Cashew Bulk,cfpl,Flavouring + Roasting +Bulk Packaging,A: WIP producer (bulk),1,Create WIP,Create WIP: Roast & Flavour/Salt,Roast & Flavour/Salt,RM,RM,SFG0169,SFG
Green Chilli Cashew Bulk,cfpl,Flavouring + Roasting +Bulk Packaging,A: WIP producer (bulk),2,Final FG,Packing,,SFG0169,SFG,FG,FG
Green Chilly Cashew,cfpl,Flavouring (Bulk Packaging,D: Pack-only,1,Final FG,Sorting + Packing,,RM,RM,FG,FG
Green Leafy Trunk Gift Hamper,cfpl,Flavouring + Packaging,D: Pack-only,1,Final FG,Sorting + Packing,,RM,RM,FG,FG
Greendot Coated Peanuts,cfpl,Flavouring (Bulk Packaging,B: Transform->Pack (in-line),1,Create WIP,Create WIP: Roast & Flavour/Salt,Roast & Flavour/Salt,RM,RM,SFG0170,SFG
Greendot Coated Peanuts,cfpl,Flavouring (Bulk Packaging,B: Transform->Pack (in-line),2,Final FG,Packing,,SFG0170,SFG,FG,FG
Grey Carry All Basket Hamper,cfpl,Flavouring + Packaging,D: Pack-only,1,Final FG,Sorting + Packing,,RM,RM,FG,FG
H Finest Turkey Appricot 300g(1340538),cfpl,Sorting + Packaging,D: Pack-only,1,Final FG,Sorting + Packing,,RM,RM,FG,FG
HA AJWA DATES 300GM (1357012),cfpl,Sorting + Packaging,D: Pack-only,1,Final FG,Sorting + Packing,,RM,RM,FG,FG
HA ALMOND MAMRA 100g (1340535),cfpl,Sorting + Packaging,D: Pack-only,1,Final FG,Sorting + Packing,,RM,RM,FG,FG
HA APRICOT - JARDALOO 200g (1340540),cfpl,Sorting + Packaging,D: Pack-only,1,Final FG,Sorting + Packing,,RM,RM,FG,FG
HA BLACK CURRENT 250g (1340541),cfpl,Sorting + Packaging,D: Pack-only,1,Final FG,Sorting + Packing,,RM,RM,FG,FG
HA MABOROOM DATES 300GM (1357011),cfpl,Sorting + Packaging,D: Pack-only,1,Final FG,Sorting + Packing,,RM,RM,FG,FG
HA SEGAI DATES 300GM (1357010),cfpl,Sorting + Packaging,D: Pack-only,1,Final FG,Sorting + Packing,,RM,RM,FG,FG
HA SINDUKANI RAISIN 250GM,cfpl,Sorting + Packaging,D: Pack-only,1,Final FG,Sorting + Packing,,RM,RM,FG,FG
HA SUKHRY DATES 300GM (1357013),cfpl,Sorting + Packaging,D: Pack-only,1,Final FG,Sorting + Packing,,RM,RM,FG,FG
HARDIK SHUBHKAMANYEN 280gm,cfpl,Flavouring (Bulk Packaging,D: Pack-only,1,Final FG,Sorting + Packing,,RM,RM,FG,FG
HOH Panch Mewa Mix Loose,cfpl,Sorting + Roasting (Bulk Packaging,B: Transform->Pack (in-line),1,Create WIP,Create WIP: Roasting,Roasting,RM,RM,SFG0174,SFG
HOH Panch Mewa Mix Loose,cfpl,Sorting + Roasting (Bulk Packaging,B: Transform->Pack (in-line),2,Final FG,Packing,,SFG0174,SFG,FG,FG
HOH Raksha Bandhan Box 190 Gm,cfpl,Flavouring (Bulk Packaging,D: Pack-only,1,Final FG,Sorting + Packing,,RM,RM,FG,FG
HOH Raksha Bandhan Box 268g,cfpl,Flavouring (Bulk Packaging,D: Pack-only,1,Final FG,Sorting + Packing,,RM,RM,FG,FG
Ha Akbari Pista 200g (1357005),cfpl,Sorting + Packaging,D: Pack-only,1,Final FG,Sorting + Packing,,RM,RM,FG,FG
Ha Almond Mamro 250g (1340532),cfpl,Sorting + Packaging,D: Pack-only,1,Final FG,Sorting + Packing,,RM,RM,FG,FG
Ha Almond Mamro 500g (1350928),cfpl,Sorting + Packaging,D: Pack-only,1,Final FG,Sorting + Packing,,RM,RM,FG,FG
Ha Brazil Nut 200g (1340533),cfpl,Sorting + Packaging,D: Pack-only,1,Final FG,Sorting + Packing,,RM,RM,FG,FG
Ha Hazulnut 250g (1340531),cfpl,Sorting + Packaging,D: Pack-only,1,Final FG,Sorting + Packing,,RM,RM,FG,FG
Ha Maryam Dates 300g(1340537),cfpl,Sorting + Packaging,D: Pack-only,1,Final FG,Sorting + Packing,,RM,RM,FG,FG
Ha Pinenut 100g (1340543),cfpl,Sorting + Packaging,D: Pack-only,1,Final FG,Sorting + Packing,,RM,RM,FG,FG
Ha Premium Dates Medjool 300g(1340530),cfpl,Sorting + Packaging,D: Pack-only,1,Final FG,Sorting + Packing,,RM,RM,FG,FG
Ha Premium Pecans 150g (1340534),cfpl,Flavouring + Packaging,D: Pack-only,1,Final FG,Sorting + Packing,,RM,RM,FG,FG
Ha Premium Saudi Dates 300g(1340536),cfpl,Sorting + Packaging,D: Pack-only,1,Final FG,Sorting + Packing,,RM,RM,FG,FG
Ha Premium Saudi Dates 500g(1356005),cfpl,Sorting + Packaging,D: Pack-only,1,Final FG,Sorting + Packing,,RM,RM,FG,FG
Ha Prunes 275g(1340539),cfpl,Sorting + Packaging,D: Pack-only,1,Final FG,Sorting + Packing,,RM,RM,FG,FG
Ha Walnut Kernal 250g(1340542),cfpl,Sorting + Packaging,D: Pack-only,1,Final FG,Sorting + Packing,,RM,RM,FG,FG
Ha Walnut Kernal 500g(1350930),cfpl,Sorting + Packaging,D: Pack-only,1,Final FG,Sorting + Packing,,RM,RM,FG,FG
Ha Walnut Whole 500g(1350935),cfpl,Sorting + Packaging,D: Pack-only,1,Final FG,Sorting + Packing,,RM,RM,FG,FG
Habit Coconut Cream Powder 1 Kg (Instant),cfpl,Flavouring (Bulk Packaging,B: Transform->Pack (in-line),1,Create WIP,Create WIP: Roast & Flavour/Salt,Roast & Flavour/Salt,RM,RM,SFG0171,SFG
Habit Coconut Cream Powder 1 Kg (Instant),cfpl,Flavouring (Bulk Packaging,B: Transform->Pack (in-line),2,Final FG,Packing,,SFG0171,SFG,FG,FG
Habit Extra Cheese Seasoning (15kg),cfpl,Flavouring (Bulk Packaging,B: Transform->Pack (in-line),1,Create WIP,Create WIP: Roast & Flavour/Salt,Roast & Flavour/Salt,RM,RM,SFG0172,SFG
Habit Extra Cheese Seasoning (15kg),cfpl,Flavouring (Bulk Packaging,B: Transform->Pack (in-line),2,Final FG,Packing,,SFG0172,SFG,FG,FG
Healing Hand Oats and Dates Bar,cfpl,Sorting + Blending + Bar Forming + Packaging,B: Transform->Pack (in-line),1,Create WIP,Create WIP: Blend & Form,Blend & Form,RM,RM,SFG0173,SFG
Healing Hand Oats and Dates Bar,cfpl,Sorting + Blending + Bar Forming + Packaging,B: Transform->Pack (in-line),2,Final FG,Packing,,SFG0173,SFG,FG,FG
Healthy Choice Chia Seeds 100 g,cfpl,Sorting + Packaging,D: Pack-only,1,Final FG,Sorting + Packing,,RM,RM,FG,FG
Healthy Choice Chia Seeds 200 g,cfpl,Sorting + Packaging,D: Pack-only,1,Final FG,Sorting + Packing,,RM,RM,FG,FG
Healthy Choice Roasted Pumpkin Seeds 100 g,cfpl,Sorting + Packaging,D: Pack-only,1,Final FG,Sorting + Packing,,RM,RM,FG,FG
Healthy Choice Roasted Pumpkin Seeds 200 g,cfpl,Sorting + Packaging,D: Pack-only,1,Final FG,Sorting + Packing,,RM,RM,FG,FG
Healthy Choice Roasted Sunflower Seeds 100 g,cfpl,Sorting + Packaging,D: Pack-only,1,Final FG,Sorting + Packing,,RM,RM,FG,FG
Healthy Choice Roasted Sunflower Seeds 200 g,cfpl,Sorting + Packaging,D: Pack-only,1,Final FG,Sorting + Packing,,RM,RM,FG,FG
Healthy Choice Roasted Watermelon Seeds 100 g,cfpl,Sorting + Packaging,D: Pack-only,1,Final FG,Sorting + Packing,,RM,RM,FG,FG
Healthy Choice Roasted Watermelon Seeds 200 g,cfpl,Sorting + Packaging,D: Pack-only,1,Final FG,Sorting + Packing,,RM,RM,FG,FG
Independence Almonds,cfpl,Sorting (Bulk Packaging,D: Pack-only,1,Final FG,Sorting + Packing,,RM,RM,FG,FG
Indian Green Raisins,cfpl,Sorting (Bulk Packaging,D: Pack-only,1,Final FG,Sorting + Packing,,RM,RM,FG,FG
Indian Green Raisins 230g,cfpl,Sorting + Packaging,D: Pack-only,1,Final FG,Sorting + Packing,,RM,RM,FG,FG
Indian Green Raisins 90gm,cfpl,Sorting + Packaging,D: Pack-only,1,Final FG,Sorting + Packing,,RM,RM,FG,FG
Indian Long Green Raisins,cfpl,Sorting (Bulk Packaging,D: Pack-only,1,Final FG,Sorting + Packing,,RM,RM,FG,FG
Jute Drawstring  300g,cfpl,Sorting + Packaging,D: Pack-only,1,Final FG,Sorting + Packing,,RM,RM,FG,FG
Jute Floppy Bag Hamper,cfpl,Flavouring + Packaging,D: Pack-only,1,Final FG,Sorting + Packing,,RM,RM,FG,FG
King Solomon Dates Medjool Medium 200g,cfpl,Sorting + Packaging,D: Pack-only,1,Final FG,Sorting + Packing,,RM,RM,FG,FG
King Solomon Dates Medjoul Medium [Y1562] 200gm,cfpl,Sorting + Packaging,D: Pack-only,1,Final FG,Sorting + Packing,,RM,RM,FG,FG
King Solomon Medjoul Dates 250 Gms,cfpl,Sorting + Packaging,D: Pack-only,1,Final FG,Sorting + Packing,,RM,RM,FG,FG
King Solomon Medjoul Dates 500 Gms,cfpl,Sorting + Packaging,D: Pack-only,1,Final FG,Sorting + Packing,,RM,RM,FG,FG
King Solomon Medjoul Dates Jumbo 1kg,cfpl,Sorting + Packaging,D: Pack-only,1,Final FG,Sorting + Packing,,RM,RM,FG,FG
King Solomon Medjoul Dates Junior 1kg,cfpl,Sorting + Packaging,D: Pack-only,1,Final FG,Sorting + Packing,,RM,RM,FG,FG
King Solomon Medjoul Dates Large 1kg,cfpl,Sorting + Packaging,D: Pack-only,1,Final FG,Sorting + Packing,,RM,RM,FG,FG
King Solomon Medjoul Dates Medium 1kg,cfpl,Sorting + Packaging,D: Pack-only,1,Final FG,Sorting + Packing,,RM,RM,FG,FG
King Solomon Medjoul Dates Medium 500 Gm,cfpl,Sorting + Packaging,D: Pack-only,1,Final FG,Sorting + Packing,,RM,RM,FG,FG
King Solomon Medjoul Dates Mini 500 Gm,cfpl,Sorting + Packaging,D: Pack-only,1,Final FG,Sorting + Packing,,RM,RM,FG,FG
King Solomon Medjoul Jumbo Dates 500gm,cfpl,Sorting + Packaging,D: Pack-only,1,Final FG,Sorting + Packing,,RM,RM,FG,FG
King Solomon Medjoul Junior 500g,cfpl,Sorting + Packaging,D: Pack-only,1,Final FG,Sorting + Packing,,RM,RM,FG,FG
King Solomon Medjoul Super Jumbo 1kg,cfpl,Sorting + Packaging,D: Pack-only,1,Final FG,Sorting + Packing,,RM,RM,FG,FG
King Solomon Medjoul Super Jumbo 500gm,cfpl,Sorting + Packaging,D: Pack-only,1,Final FG,Sorting + Packing,,RM,RM,FG,FG
King Solomon Oriental Dates 250g,cfpl,Sorting + Packaging,D: Pack-only,1,Final FG,Sorting + Packing,,RM,RM,FG,FG
King Solomon Oriental Dates 500gm,cfpl,Sorting + Packaging,D: Pack-only,1,Final FG,Sorting + Packing,,RM,RM,FG,FG
Krack Nut Coated Peanuts Magic Masala 110g,cfpl,Flavouring + Packaging,B: Transform->Pack (in-line),1,Create WIP,Create WIP: Roast & Flavour/Salt,Roast & Flavour/Salt,RM,RM,SFG0175,SFG
Krack Nut Coated Peanuts Magic Masala 110g,cfpl,Flavouring + Packaging,B: Transform->Pack (in-line),2,Final FG,Packing,,SFG0175,SFG,FG,FG
Krack Nut Coated Peanuts Pudina Patakha 100g,cfpl,Sorting + Packaging,C: Pack of existing SFG,1,Final FG,Packing,,SFG0334,SFG,FG,FG
Krack Nut Coated Peanuts Pudina Patakha 25g Not Use,cfpl,Flavouring + Packaging,B: Transform->Pack (in-line),1,Create WIP,Create WIP: Roast & Flavour/Salt,Roast & Flavour/Salt,RM,RM,SFG0176,SFG
Krack Nut Coated Peanuts Pudina Patakha 25g Not Use,cfpl,Flavouring + Packaging,B: Transform->Pack (in-line),2,Final FG,Packing,,SFG0176,SFG,FG,FG
Krack Nut Coated Peanuts Pudina Patakha 25gm,cfpl,Sorting + Packaging,C: Pack of existing SFG,1,Final FG,Packing,,SFG0334,SFG,FG,FG
Krack Nut Coated Peanuts Tandoori Toofan 1 Kg,cfpl,Sorting + Packaging,C: Pack of existing SFG,1,Final FG,Packing,,SFG0335,SFG,FG,FG
Krack Nut Coated Peanuts Thai Firangi 1 Kg,cfpl,Sorting + Packaging,C: Pack of existing SFG,1,Final FG,Packing,,SFG0336,SFG,FG,FG
Krack Nut Coated Peanuts Thai Firangi 100g,cfpl,Sorting + Packaging,C: Pack of existing SFG,1,Final FG,Packing,,SFG0336,SFG,FG,FG
Kracknut Coated Peanuts - Tandoori Toofan 110g,cfpl,Sorting + Packaging,C: Pack of existing SFG,1,Final FG,Packing,,SFG0335,SFG,FG,FG
Kracknut Coated Peanuts - Tandoori Toofan 160gm,cfpl,Sorting + Packaging,C: Pack of existing SFG,1,Final FG,Packing,,SFG0335,SFG,FG,FG
Kracknut Coated Peanuts - Tandoori Toofan 25g,cfpl,Sorting + Packaging,C: Pack of existing SFG,1,Final FG,Packing,,SFG0335,SFG,FG,FG
Kracknut Coated Peanuts - Thai Firangi 25g,cfpl,Sorting + Packaging,C: Pack of existing SFG,1,Final FG,Packing,,SFG0336,SFG,FG,FG
Kracknut Coated Peanuts-Pudhina Patakha 110g,cfpl,Sorting + Packaging,C: Pack of existing SFG,1,Final FG,Packing,,SFG0334,SFG,FG,FG
Kracknut Coated Peanuts-Pudhina Patakha 1kg,cfpl,Sorting + Packaging,C: Pack of existing SFG,1,Final FG,Packing,,SFG0334,SFG,FG,FG
Kracknut Coated Peanuts-Thai Firangi 110g,cfpl,Sorting + Packaging,C: Pack of existing SFG,1,Final FG,Packing,,SFG0336,SFG,FG,FG
Lemon Pepper Cashew Bulk,cfpl,Flavouring + Roasting +Bulk Packaging,A: WIP producer (bulk),1,Create WIP,Create WIP: Roast & Flavour/Salt,Roast & Flavour/Salt,RM,RM,SFG0177,SFG
Lemon Pepper Cashew Bulk,cfpl,Flavouring + Roasting +Bulk Packaging,A: WIP producer (bulk),2,Final FG,Packing,,SFG0177,SFG,FG,FG
MDF Premium Medjoul Dates Box 18 Pcs,cfpl,Sorting + Packaging,D: Pack-only,1,Final FG,Sorting + Packing,,RM,RM,FG,FG
Mac Snack Dry Roasted Macadamias Munchies 100gm-style 4,cfpl,Sorting + Roasting + Packaging,B: Transform->Pack (in-line),1,Create WIP,Create WIP: Roasting,Roasting,RM,RM,SFG0179,SFG
Mac Snack Dry Roasted Macadamias Munchies 100gm-style 4,cfpl,Sorting + Roasting + Packaging,B: Transform->Pack (in-line),2,Final FG,Packing,,SFG0179,SFG,FG,FG
Mac Snack Dry Roasted Macadamias Munchies 200gm,cfpl,Sorting + Roasting + Packaging,B: Transform->Pack (in-line),1,Create WIP,Create WIP: Roasting,Roasting,RM,RM,SFG0178,SFG
Mac Snack Dry Roasted Macadamias Munchies 200gm,cfpl,Sorting + Roasting + Packaging,B: Transform->Pack (in-line),2,Final FG,Packing,,SFG0178,SFG,FG,FG
Mac Snack Macadamia Stlye 0 Premium-200gm,cfpl,Sorting + Packaging,D: Pack-only,1,Final FG,Sorting + Packing,,RM,RM,FG,FG
Mac Snack Macadamia Style 1 Roasted & Salted Premium 200g,cfpl,Flavouring + Packaging,D: Pack-only,1,Final FG,Sorting + Packing,,RM,RM,FG,FG
Mac Snack Roasted & Salted Macadamias Munchies 200gm-style 4,cfpl,Flavouring + Packaging,B: Transform->Pack (in-line),1,Create WIP,Create WIP: Roast & Flavour/Salt,Roast & Flavour/Salt,RM,RM,SFG0180,SFG
Mac Snack Roasted & Salted Macadamias Munchies 200gm-style 4,cfpl,Flavouring + Packaging,B: Transform->Pack (in-line),2,Final FG,Packing,,SFG0180,SFG,FG,FG
Mac Snack Roasted Macadamias Munchies 100gm-style 4,cfpl,Flavouring + Packaging,B: Transform->Pack (in-line),1,Create WIP,Create WIP: Roast & Flavour/Salt,Roast & Flavour/Salt,RM,RM,SFG0181,SFG
Mac Snack Roasted Macadamias Munchies 100gm-style 4,cfpl,Flavouring + Packaging,B: Transform->Pack (in-line),2,Final FG,Packing,,SFG0181,SFG,FG,FG
Macadamia Inshell 150g,cfpl,Sorting + Packaging,D: Pack-only,1,Final FG,Sorting + Packing,,RM,RM,FG,FG
Macadamia Kernal 150gm,cfpl,Sorting + Packaging,D: Pack-only,1,Final FG,Sorting + Packing,,RM,RM,FG,FG
Macadamia Roasted & Salted style 4,cfpl,Flavouring (Bulk Packaging,B: Transform->Pack (in-line),1,Create WIP,Create WIP: Roast & Flavour/Salt,Roast & Flavour/Salt,RM,RM,SFG0182,SFG
Macadamia Roasted & Salted style 4,cfpl,Flavouring (Bulk Packaging,B: Transform->Pack (in-line),2,Final FG,Packing,,SFG0182,SFG,FG,FG
Macadamia Roasted - Size 1,cfpl,Sorting (Bulk Packaging),D: Pack-only,1,Final FG,Sorting + Packing,,RM,RM,FG,FG
Macadamia Roasted - Size 2,cfpl,Sorting (Bulk Packaging),D: Pack-only,1,Final FG,Sorting + Packing,,RM,RM,FG,FG
Macadamia Roasted - Size 4,cfpl,Sorting (Bulk Packaging),D: Pack-only,1,Final FG,Sorting + Packing,,RM,RM,FG,FG
Macadamia Roasted NIS Sawn,cfpl,Sorting (Bulk Packaging),D: Pack-only,1,Final FG,Sorting + Packing,,RM,RM,FG,FG
Macadamia Roasted Salted - Size 0,cfpl,Sorting (Bulk Packaging),D: Pack-only,1,Final FG,Sorting + Packing,,RM,RM,FG,FG
Macadamia Roasted Salted - Size 1,cfpl,Sorting (Bulk Packaging),D: Pack-only,1,Final FG,Sorting + Packing,,RM,RM,FG,FG
Makhana Black Pepper,cfpl,Flavouring (Bulk Packaging,B: Transform->Pack (in-line),1,Create WIP,Create WIP: Roast & Flavour/Salt,Roast & Flavour/Salt,RM,RM,SFG0183,SFG
Makhana Black Pepper,cfpl,Flavouring (Bulk Packaging,B: Transform->Pack (in-line),2,Final FG,Packing,,SFG0183,SFG,FG,FG
Makhana Black Salt 75gm,cfpl,Flavouring + Packaging,B: Transform->Pack (in-line),1,Create WIP,Create WIP: Roast & Flavour/Salt,Roast & Flavour/Salt,RM,RM,SFG0184,SFG
Makhana Black Salt 75gm,cfpl,Flavouring + Packaging,B: Transform->Pack (in-line),2,Final FG,Packing,,SFG0184,SFG,FG,FG
Makhana Chilli Lime 75gm,cfpl,Flavouring + Packaging,B: Transform->Pack (in-line),1,Create WIP,Create WIP: Roast & Flavour/Salt,Roast & Flavour/Salt,RM,RM,SFG0185,SFG
Makhana Chilli Lime 75gm,cfpl,Flavouring + Packaging,B: Transform->Pack (in-line),2,Final FG,Packing,,SFG0185,SFG,FG,FG
Makhana Himalayan Pink Salt,cfpl,Flavouring + Packaging,B: Transform->Pack (in-line),1,Create WIP,Create WIP: Roast & Flavour/Salt,Roast & Flavour/Salt,RM,RM,SFG0186,SFG
Makhana Himalayan Pink Salt,cfpl,Flavouring + Packaging,B: Transform->Pack (in-line),2,Final FG,Packing,,SFG0186,SFG,FG,FG
Makhana Himalayan Pink Salt 75gm,cfpl,Flavouring + Packaging,D: Pack-only,1,Final FG,Sorting + Packing,,RM,RM,FG,FG
Makhana Masala,cfpl,Flavouring (Bulk Packaging,B: Transform->Pack (in-line),1,Create WIP,Create WIP: Roast & Flavour/Salt,Roast & Flavour/Salt,RM,RM,SFG0187,SFG
Makhana Masala,cfpl,Flavouring (Bulk Packaging,B: Transform->Pack (in-line),2,Final FG,Packing,,SFG0187,SFG,FG,FG
Makhana Peri Peri,cfpl,Flavouring (Bulk Packaging,B: Transform->Pack (in-line),1,Create WIP,Create WIP: Roast & Flavour/Salt,Roast & Flavour/Salt,RM,RM,SFG0188,SFG
Makhana Peri Peri,cfpl,Flavouring (Bulk Packaging,B: Transform->Pack (in-line),2,Final FG,Packing,,SFG0188,SFG,FG,FG
Makhana Tangy Tomato 75gm,cfpl,Sorting + Packaging,D: Pack-only,1,Final FG,Sorting + Packing,,RM,RM,FG,FG
Masala Cashew,cfpl,Flavouring (Bulk Packaging,B: Transform->Pack (in-line),1,Create WIP,Create WIP: Roast & Flavour/Salt,Roast & Flavour/Salt,RM,RM,SFG0189,SFG
Masala Cashew,cfpl,Flavouring (Bulk Packaging,B: Transform->Pack (in-line),2,Final FG,Packing,,SFG0189,SFG,FG,FG
Masala Raisin,cfpl,Flavouring (Bulk Packaging,D: Pack-only,1,Final FG,Sorting + Packing,,RM,RM,FG,FG
Methi Dryfruit Laddu bar 35gm,cfpl,Sorting + Blending + Bar Forming + Packaging,B: Transform->Pack (in-line),1,Create WIP,Create WIP: Blend & Form,Blend & Form,RM,RM,SFG0190,SFG
Methi Dryfruit Laddu bar 35gm,cfpl,Sorting + Blending + Bar Forming + Packaging,B: Transform->Pack (in-line),2,Final FG,Packing,,SFG0190,SFG,FG,FG
Milk Almond Draggies,cfpl,Sorting + Roasting + Chocolate (Bulk Packaging,B: Transform->Pack (in-line),1,Create WIP,Create WIP: Roasting + Enrobe / Choco-Coat,Roasting + Enrobe / Choco-Coat,RM,RM,SFG0191,SFG
Milk Almond Draggies,cfpl,Sorting + Roasting + Chocolate (Bulk Packaging,B: Transform->Pack (in-line),2,Final FG,Packing,,SFG0191,SFG,FG,FG
Milk Chocolate Coated Date Bites,cfpl,Sorting + Blending + Bar Forming + Packaging,B: Transform->Pack (in-line),1,Create WIP,Create WIP: Blend & Form,Blend & Form,RM,RM,SFG0192,SFG
Milk Chocolate Coated Date Bites,cfpl,Sorting + Blending + Bar Forming + Packaging,B: Transform->Pack (in-line),2,Final FG,Packing,,SFG0192,SFG,FG,FG
Millennium Nut Mix,cfpl,Sorting + Packaging,D: Pack-only,1,Final FG,Sorting + Packing,,RM,RM,FG,FG
Mocha Mojo Trail Mix,cfpl,Flavouring (Bulk Packaging,B: Transform->Pack (in-line),1,Create WIP,Create WIP: Roast & Flavour/Salt,Roast & Flavour/Salt,RM,RM,SFG0193,SFG
Mocha Mojo Trail Mix,cfpl,Flavouring (Bulk Packaging,B: Transform->Pack (in-line),2,Final FG,Packing,,SFG0193,SFG,FG,FG
Moon Freeze Banana Date Fruit Bar - 10 GM,cfpl,Sorting + Blending + Bar Forming + Packaging,B: Transform->Pack (in-line),1,Create WIP,Create WIP: Blend & Form,Blend & Form,RM,RM,SFG0194,SFG
Moon Freeze Banana Date Fruit Bar - 10 GM,cfpl,Sorting + Blending + Bar Forming + Packaging,B: Transform->Pack (in-line),2,Final FG,Packing,,SFG0194,SFG,FG,FG
Moon Freeze Banana Date Fruit Bar - 45 Gm,cfpl,Sorting + Blending + Bar Forming + Packaging,B: Transform->Pack (in-line),1,Create WIP,Create WIP: Blend & Form,Blend & Form,RM,RM,SFG0194,SFG
Moon Freeze Banana Date Fruit Bar - 45 Gm,cfpl,Sorting + Blending + Bar Forming + Packaging,B: Transform->Pack (in-line),2,Final FG,Packing,,SFG0194,SFG,FG,FG
Moon Freeze Mango Date Fruit Bar - 10 GM,cfpl,Sorting + Blending + Bar Forming + Packaging,B: Transform->Pack (in-line),1,Create WIP,Create WIP: Blend & Form,Blend & Form,RM,RM,SFG0195,SFG
Moon Freeze Mango Date Fruit Bar - 10 GM,cfpl,Sorting + Blending + Bar Forming + Packaging,B: Transform->Pack (in-line),2,Final FG,Packing,,SFG0195,SFG,FG,FG
Moon Freeze Mango Date Fruit Bar - 45 Gm,cfpl,Sorting + Blending + Bar Forming + Packaging,B: Transform->Pack (in-line),1,Create WIP,Create WIP: Blend & Form,Blend & Form,RM,RM,SFG0195,SFG
Moon Freeze Mango Date Fruit Bar - 45 Gm,cfpl,Sorting + Blending + Bar Forming + Packaging,B: Transform->Pack (in-line),2,Final FG,Packing,,SFG0195,SFG,FG,FG
Moon Freeze Pineapple Date Fruit Bar - 45 Gm,cfpl,Sorting + Blending + Bar Forming + Packaging,B: Transform->Pack (in-line),1,Create WIP,Create WIP: Blend & Form,Blend & Form,RM,RM,SFG0196,SFG
Moon Freeze Pineapple Date Fruit Bar - 45 Gm,cfpl,Sorting + Blending + Bar Forming + Packaging,B: Transform->Pack (in-line),2,Final FG,Packing,,SFG0196,SFG,FG,FG
Moon Freeze Pineapple Date Fruit Bar -10 GM,cfpl,Sorting + Blending + Bar Forming + Packaging,B: Transform->Pack (in-line),1,Create WIP,Create WIP: Blend & Form,Blend & Form,RM,RM,SFG0196,SFG
Moon Freeze Pineapple Date Fruit Bar -10 GM,cfpl,Sorting + Blending + Bar Forming + Packaging,B: Transform->Pack (in-line),2,Final FG,Packing,,SFG0196,SFG,FG,FG
Moon Freeze Strawberry Date Fruit Bar - 45 Gm,cfpl,Sorting + Blending + Bar Forming + Packaging,B: Transform->Pack (in-line),1,Create WIP,Create WIP: Blend & Form,Blend & Form,RM,RM,SFG0197,SFG
Moon Freeze Strawberry Date Fruit Bar - 45 Gm,cfpl,Sorting + Blending + Bar Forming + Packaging,B: Transform->Pack (in-line),2,Final FG,Packing,,SFG0197,SFG,FG,FG
Moon Freeze Strawberry Date Fruit Bar -10 GM,cfpl,Sorting + Blending + Bar Forming + Packaging,B: Transform->Pack (in-line),1,Create WIP,Create WIP: Blend & Form,Blend & Form,RM,RM,SFG0197,SFG
Moon Freeze Strawberry Date Fruit Bar -10 GM,cfpl,Sorting + Blending + Bar Forming + Packaging,B: Transform->Pack (in-line),2,Final FG,Packing,,SFG0197,SFG,FG,FG
NATAPURE Almond 200g,cfpl,Sorting + Packaging,D: Pack-only,1,Final FG,Sorting + Packing,,RM,RM,FG,FG
NATAPURE Roasted Almonds 175gms,cfpl,Sorting + Roasting + Packaging,D: Pack-only,1,Final FG,Sorting + Packing,,RM,RM,FG,FG
NATURES FIGS 250GM (1357008),cfpl,Sorting + Packaging,D: Pack-only,1,Final FG,Sorting + Packing,,RM,RM,FG,FG
NATURES FIGS 500G (1357009),cfpl,Sorting + Packaging,D: Pack-only,1,Final FG,Sorting + Packing,,RM,RM,FG,FG
NATURES MACADAMIA ROASTED&SALTED 100g (1443558),cfpl,Flavouring + Packaging,B: Transform->Pack (in-line),1,Create WIP,Create WIP: Roast & Flavour/Salt,Roast & Flavour/Salt,RM,RM,SFG0199,SFG
NATURES MACADAMIA ROASTED&SALTED 100g (1443558),cfpl,Flavouring + Packaging,B: Transform->Pack (in-line),2,Final FG,Packing,,SFG0199,SFG,FG,FG
NB AMERICAN ALMOND LOOSE,cfpl,Sorting + Packaging,D: Pack-only,1,Final FG,Sorting + Packing,,RM,RM,FG,FG
NB AMERICAN ALMOND SELECTED LOOSE,cfpl,Sorting + Packaging,D: Pack-only,1,Final FG,Sorting + Packing,,RM,RM,FG,FG
NB ANJEER LARGE (SLW) LOOSE,cfpl,Sorting + Packaging,D: Pack-only,1,Final FG,Sorting + Packing,,RM,RM,FG,FG
NB ANJEER SELECT (WHITE) LOOSE,cfpl,Sorting + Packaging,D: Pack-only,1,Final FG,Sorting + Packing,,RM,RM,FG,FG
NB ANJEER SMALL (1X1W) LOOSE,cfpl,Sorting + Packaging,D: Pack-only,1,Final FG,Sorting + Packing,,RM,RM,FG,FG
NB APRICOT SEEDLESS (TURKEY) DRIED LOOSE,cfpl,Sorting + Packaging,D: Pack-only,1,Final FG,Sorting + Packing,,RM,RM,FG,FG
NB APRICOT WHOLE DRIED LOOSE,cfpl,Sorting + Packaging,D: Pack-only,1,Final FG,Sorting + Packing,,RM,RM,FG,FG
NB BARBEQUE ALMOND LOOSE,cfpl,Flavouring + Packaging,B: Transform->Pack (in-line),1,Create WIP,Create WIP: Roast & Flavour/Salt,Roast & Flavour/Salt,RM,RM,SFG0200,SFG
NB BARBEQUE ALMOND LOOSE,cfpl,Flavouring + Packaging,B: Transform->Pack (in-line),2,Final FG,Packing,,SFG0200,SFG,FG,FG
NB BARBEQUE CASHEW LOOSE,cfpl,Flavouring + Packaging,B: Transform->Pack (in-line),1,Create WIP,Create WIP: Roast & Flavour/Salt,Roast & Flavour/Salt,RM,RM,SFG0201,SFG
NB BARBEQUE CASHEW LOOSE,cfpl,Flavouring + Packaging,B: Transform->Pack (in-line),2,Final FG,Packing,,SFG0201,SFG,FG,FG
NB BLACK PEPPER CASHEW LOOSE,cfpl,Flavouring + Packaging,B: Transform->Pack (in-line),1,Create WIP,Create WIP: Roast & Flavour/Salt,Roast & Flavour/Salt,RM,RM,SFG0202,SFG
NB BLACK PEPPER CASHEW LOOSE,cfpl,Flavouring + Packaging,B: Transform->Pack (in-line),2,Final FG,Packing,,SFG0202,SFG,FG,FG
NB BLACK RAISIN SEEDLESS LOOSE,cfpl,Sorting + Packaging,D: Pack-only,1,Final FG,Sorting + Packing,,RM,RM,FG,FG
NB BLACKBERRY DRIED LOOSE,cfpl,Sorting + Packaging,D: Pack-only,1,Final FG,Sorting + Packing,,RM,RM,FG,FG
NB BLACKCURRANT DRIED LOOSE,cfpl,Sorting + Packaging,D: Pack-only,1,Final FG,Sorting + Packing,,RM,RM,FG,FG
NB BLUEBERRY DRIED LOOSE,cfpl,Sorting + Packaging,D: Pack-only,1,Final FG,Sorting + Packing,,RM,RM,FG,FG
NB BRAZIL NUT LOOSE,cfpl,Sorting + Packaging,D: Pack-only,1,Final FG,Sorting + Packing,,RM,RM,FG,FG
NB CASHEW W150 LOOSE,cfpl,Sorting + Packaging,D: Pack-only,1,Final FG,Sorting + Packing,,RM,RM,FG,FG
NB CASHEW W180 LOOSE,cfpl,Sorting + Packaging,D: Pack-only,1,Final FG,Sorting + Packing,,RM,RM,FG,FG
NB CASHEW W240 LOOSE,cfpl,Sorting + Packaging,D: Pack-only,1,Final FG,Sorting + Packing,,RM,RM,FG,FG
NB CHARCOAL CASHEW LOOSE,cfpl,Flavouring + Packaging,B: Transform->Pack (in-line),1,Create WIP,Create WIP: Roast & Flavour/Salt,Roast & Flavour/Salt,RM,RM,SFG0203,SFG
NB CHARCOAL CASHEW LOOSE,cfpl,Flavouring + Packaging,B: Transform->Pack (in-line),2,Final FG,Packing,,SFG0203,SFG,FG,FG
NB CHEESE CASHEW LOOSE,cfpl,Flavouring (Bulk Packaging,B: Transform->Pack (in-line),1,Create WIP,Create WIP: Roast & Flavour/Salt,Roast & Flavour/Salt,RM,RM,SFG0204,SFG
NB CHEESE CASHEW LOOSE,cfpl,Flavouring (Bulk Packaging,B: Transform->Pack (in-line),2,Final FG,Packing,,SFG0204,SFG,FG,FG
NB CHIA SEED LOOSE,cfpl,Sorting + Packaging,D: Pack-only,1,Final FG,Sorting + Packing,,RM,RM,FG,FG
NB CRANBERRY DRIED LOOSE,cfpl,Sorting + Packaging,D: Pack-only,1,Final FG,Sorting + Packing,,RM,RM,FG,FG
NB DEHYDRATED BABY ORANGE LOOSE,cfpl,Sorting + Packaging,D: Pack-only,1,Final FG,Sorting + Packing,,RM,RM,FG,FG
NB DEHYDRATED CHERRY LOOSE,cfpl,Sorting + Packaging,D: Pack-only,1,Final FG,Sorting + Packing,,RM,RM,FG,FG
NB DEHYDRATED GINGER LOOSE,cfpl,Sorting + Packaging,D: Pack-only,1,Final FG,Sorting + Packing,,RM,RM,FG,FG
NB DEHYDRATED GUAVA LOOSE,cfpl,Sorting + Packaging,D: Pack-only,1,Final FG,Sorting + Packing,,RM,RM,FG,FG
NB DEHYDRATED KIWI LOOSE,cfpl,Sorting + Packaging,D: Pack-only,1,Final FG,Sorting + Packing,,RM,RM,FG,FG
NB DEHYDRATED MANGO SLICED LOOSE,cfpl,Sorting + Packaging,D: Pack-only,1,Final FG,Sorting + Packing,,RM,RM,FG,FG
NB DEHYDRATED PEACH GREEN LOOSE,cfpl,Sorting + Packaging,D: Pack-only,1,Final FG,Sorting + Packing,,RM,RM,FG,FG
NB DEHYDRATED PEACH RED LOOSE,cfpl,Sorting + Packaging,D: Pack-only,1,Final FG,Sorting + Packing,,RM,RM,FG,FG
NB DEHYDRATED PEACH YELLOW LOOSE,cfpl,Sorting + Packaging,D: Pack-only,1,Final FG,Sorting + Packing,,RM,RM,FG,FG
NB DEHYDRATED PINEAPPLE COIN LOOSE,cfpl,Sorting + Packaging,D: Pack-only,1,Final FG,Sorting + Packing,,RM,RM,FG,FG
NB DEHYDRATED PINEAPPLE RING LOOSE,cfpl,Sorting + Packaging,D: Pack-only,1,Final FG,Sorting + Packing,,RM,RM,FG,FG
NB DEHYDRATED STRAWBERRY LOOSE,cfpl,Sorting + Packaging,D: Pack-only,1,Final FG,Sorting + Packing,,RM,RM,FG,FG
NB FLAX SEED LOOSE,cfpl,Sorting + Packaging,D: Pack-only,1,Final FG,Sorting + Packing,,RM,RM,FG,FG
NB GOJI BERRY DRIED LOOSE,cfpl,Sorting + Packaging,D: Pack-only,1,Final FG,Sorting + Packing,,RM,RM,FG,FG
NB GREEN CHILLY CASHEW LOOSE,cfpl,Flavouring + Packaging,B: Transform->Pack (in-line),1,Create WIP,Create WIP: Roast & Flavour/Salt,Roast & Flavour/Salt,RM,RM,SFG0205,SFG
NB GREEN CHILLY CASHEW LOOSE,cfpl,Flavouring + Packaging,B: Transform->Pack (in-line),2,Final FG,Packing,,SFG0205,SFG,FG,FG
NB HAZELNUT LOOSE,cfpl,Sorting + Packaging,D: Pack-only,1,Final FG,Sorting + Packing,,RM,RM,FG,FG
NB HONEY ROAST ALMOND LOOSE,cfpl,Sorting + Packaging,D: Pack-only,1,Final FG,Sorting + Packing,,RM,RM,FG,FG
NB MACADAMIA INSHELL VANILLA LOOSE,cfpl,Sorting + Packaging,D: Pack-only,1,Final FG,Sorting + Packing,,RM,RM,FG,FG
NB MACADAMIA LOOSE,cfpl,Sorting + Packaging,D: Pack-only,1,Final FG,Sorting + Packing,,RM,RM,FG,FG
NB MAMRA ALMOND CLASSIC LOOSE,cfpl,Sorting + Packaging,D: Pack-only,1,Final FG,Sorting + Packing,,RM,RM,FG,FG
NB MAMRA ALMOND ROYAL LOOSE,cfpl,Sorting + Packaging,D: Pack-only,1,Final FG,Sorting + Packing,,RM,RM,FG,FG
NB MAMRA ALMOND ROYAL LOOSE_x000D_,cfpl,Sorting + Packaging,D: Pack-only,1,Final FG,Sorting + Packing,,RM,RM,FG,FG
NB MASALA CASHEW LOOSE,cfpl,Flavouring + Packaging,B: Transform->Pack (in-line),1,Create WIP,Create WIP: Roast & Flavour/Salt,Roast & Flavour/Salt,RM,RM,SFG0206,SFG
NB MASALA CASHEW LOOSE,cfpl,Flavouring + Packaging,B: Transform->Pack (in-line),2,Final FG,Packing,,SFG0206,SFG,FG,FG
NB MASALA RAISIN LOOSE,cfpl,Flavouring + Packaging,B: Transform->Pack (in-line),1,Create WIP,Create WIP: Roast & Flavour/Salt,Roast & Flavour/Salt,RM,RM,SFG0207,SFG
NB MASALA RAISIN LOOSE,cfpl,Flavouring + Packaging,B: Transform->Pack (in-line),2,Final FG,Packing,,SFG0207,SFG,FG,FG
NB MILLENNIUM NUT MIX LOOSE,cfpl,Sorting + Packaging,D: Pack-only,1,Final FG,Sorting + Packing,,RM,RM,FG,FG
NB MUNAKKA LOOSE,cfpl,Sorting + Packaging,D: Pack-only,1,Final FG,Sorting + Packing,,RM,RM,FG,FG
NB PAAN RAISIN LOOSE,cfpl,Flavouring + Packaging,B: Transform->Pack (in-line),1,Create WIP,Create WIP: Roast & Flavour/Salt,Roast & Flavour/Salt,RM,RM,SFG0208,SFG
NB PAAN RAISIN LOOSE,cfpl,Flavouring + Packaging,B: Transform->Pack (in-line),2,Final FG,Packing,,SFG0208,SFG,FG,FG
NB PECAN NUT LOOSE,cfpl,Sorting + Packaging,D: Pack-only,1,Final FG,Sorting + Packing,,RM,RM,FG,FG
NB PERI-PERI CASHEW LOOSE,cfpl,Flavouring + Packaging,B: Transform->Pack (in-line),1,Create WIP,Create WIP: Roast & Flavour/Salt,Roast & Flavour/Salt,RM,RM,SFG0209,SFG
NB PERI-PERI CASHEW LOOSE,cfpl,Flavouring + Packaging,B: Transform->Pack (in-line),2,Final FG,Packing,,SFG0209,SFG,FG,FG
NB PINENUT LOOSE,cfpl,Sorting + Packaging,D: Pack-only,1,Final FG,Sorting + Packing,,RM,RM,FG,FG
NB PISTACHIO AKBARI LOOSE,cfpl,Sorting + Packaging,D: Pack-only,1,Final FG,Sorting + Packing,,RM,RM,FG,FG
NB PISTACHIO IRANI LOOSE,cfpl,Sorting + Packaging,D: Pack-only,1,Final FG,Sorting + Packing,,RM,RM,FG,FG
NB PISTACHIO KERNEL 5 STAR LOOSE,cfpl,Sorting + Packaging,D: Pack-only,1,Final FG,Sorting + Packing,,RM,RM,FG,FG
NB PISTACHIO KERNEL PREMIUM LOOSE,cfpl,Sorting + Packaging,D: Pack-only,1,Final FG,Sorting + Packing,,RM,RM,FG,FG
NB PRUNES DRIED LOOSE,cfpl,Sorting + Packaging,D: Pack-only,1,Final FG,Sorting + Packing,,RM,RM,FG,FG
NB PUMPKIN SEED LOOSE,cfpl,Sorting + Packaging,D: Pack-only,1,Final FG,Sorting + Packing,,RM,RM,FG,FG
NB RAISIN AFGHAN,cfpl,Sorting + Packaging,D: Pack-only,1,Final FG,Sorting + Packing,,RM,RM,FG,FG
NB RAISIN INDIAN PREMIUM LOOSE,cfpl,Sorting + Packaging,D: Pack-only,1,Final FG,Sorting + Packing,,RM,RM,FG,FG
NB RAISIN SANDUKANI LOOSE,cfpl,Sorting + Packaging,D: Pack-only,1,Final FG,Sorting + Packing,,RM,RM,FG,FG
NB ROASTED & SALTED ALMOND LOOSE,cfpl,Flavouring + Packaging,B: Transform->Pack (in-line),1,Create WIP,Create WIP: Roast & Flavour/Salt,Roast & Flavour/Salt,RM,RM,SFG0210,SFG
NB ROASTED & SALTED ALMOND LOOSE,cfpl,Flavouring + Packaging,B: Transform->Pack (in-line),2,Final FG,Packing,,SFG0210,SFG,FG,FG
NB ROASTED & SALTED CASHEW LOOSE,cfpl,Flavouring + Packaging,B: Transform->Pack (in-line),1,Create WIP,Create WIP: Roast & Flavour/Salt,Roast & Flavour/Salt,RM,RM,SFG0211,SFG
NB ROASTED & SALTED CASHEW LOOSE,cfpl,Flavouring + Packaging,B: Transform->Pack (in-line),2,Final FG,Packing,,SFG0211,SFG,FG,FG
NB ROASTED MACADAMIA INSHELL LOOSE,cfpl,Sorting + Roasting + Packaging,B: Transform->Pack (in-line),1,Create WIP,Create WIP: Roasting,Roasting,RM,RM,SFG0212,SFG
NB ROASTED MACADAMIA INSHELL LOOSE,cfpl,Sorting + Roasting + Packaging,B: Transform->Pack (in-line),2,Final FG,Packing,,SFG0212,SFG,FG,FG
NB SMOKED ALMOND LOOSE,cfpl,Flavouring + Packaging,B: Transform->Pack (in-line),1,Create WIP,Create WIP: Roast & Flavour/Salt,Roast & Flavour/Salt,RM,RM,SFG0213,SFG
NB SMOKED ALMOND LOOSE,cfpl,Flavouring + Packaging,B: Transform->Pack (in-line),2,Final FG,Packing,,SFG0213,SFG,FG,FG
NB SRIRACHA CASHEW LOOSE,cfpl,Sorting + Packaging,D: Pack-only,1,Final FG,Sorting + Packing,,RM,RM,FG,FG
NB SUNFLLOWER SEED LOOSE,cfpl,Sorting + Packaging,D: Pack-only,1,Final FG,Sorting + Packing,,RM,RM,FG,FG
NB TRAIL MIX - POWER SEED LOOSE,cfpl,Sorting + Packaging,D: Pack-only,1,Final FG,Sorting + Packing,,RM,RM,FG,FG
NB TRAIL MIX - PREMIUM NUT LOOSE,cfpl,Sorting + Packaging,D: Pack-only,1,Final FG,Sorting + Packing,,RM,RM,FG,FG
NB TRAIL MIX SALTED COCKTAIL LOOSE,cfpl,Sorting + Packaging,D: Pack-only,1,Final FG,Sorting + Packing,,RM,RM,FG,FG
NB TRAIL MIX- EVERY HEALTH LOOSE,cfpl,Sorting + Packaging,D: Pack-only,1,Final FG,Sorting + Packing,,RM,RM,FG,FG
NB WALNUTS CHILEAN LOOSE,cfpl,Sorting + Packaging,D: Pack-only,1,Final FG,Sorting + Packing,,RM,RM,FG,FG
NB WATERMELON SEED LOOSE,cfpl,Sorting + Packaging,D: Pack-only,1,Final FG,Sorting + Packing,,RM,RM,FG,FG
NOICE Choco Health Laddoo (18g*5),cfpl,Sorting + Blending + Bar Forming + Packaging,D: Pack-only,1,Final FG,Sorting + Packing,,RM,RM,FG,FG
NOICE Date Bites (18g*5),cfpl,Sorting + Blending + Bar Forming + Packaging,B: Transform->Pack (in-line),1,Create WIP,Create WIP: Blend & Form,Blend & Form,RM,RM,SFG0214,SFG
NOICE Date Bites (18g*5),cfpl,Sorting + Blending + Bar Forming + Packaging,B: Transform->Pack (in-line),2,Final FG,Packing,,SFG0214,SFG,FG,FG
Nature Dried Kiwi 200 Gm ( 1411658 ),cfpl,Sorting + Packaging,D: Pack-only,1,Final FG,Sorting + Packing,,RM,RM,FG,FG
Natures Almonds Reg 200 Gm (1411651),cfpl,Sorting + Packaging,D: Pack-only,1,Final FG,Sorting + Packing,,RM,RM,FG,FG
Natures Almons Reg 500 Gm ( 1411652 ),cfpl,Sorting + Packaging,D: Pack-only,1,Final FG,Sorting + Packing,,RM,RM,FG,FG
Natures American Almond 100g (1340528),cfpl,Sorting + Packaging,D: Pack-only,1,Final FG,Sorting + Packing,,RM,RM,FG,FG
Natures American Almond 250g (1340524),cfpl,Sorting + Packaging,D: Pack-only,1,Final FG,Sorting + Packing,,RM,RM,FG,FG
Natures American Almonds 1 KG (1416275),cfpl,Sorting + Packaging,D: Pack-only,1,Final FG,Sorting + Packing,,RM,RM,FG,FG
Natures American Alomnd 500g (1350926),cfpl,Sorting + Packaging,D: Pack-only,1,Final FG,Sorting + Packing,,RM,RM,FG,FG
Natures Black Rasin 200g (1340522),cfpl,Sorting + Packaging,D: Pack-only,1,Final FG,Sorting + Packing,,RM,RM,FG,FG
Natures California Pista Reg 200 Gm (1411656),cfpl,Sorting + Packaging,D: Pack-only,1,Final FG,Sorting + Packing,,RM,RM,FG,FG
Natures Cashew Reg 200 Gm ( 1411653 ),cfpl,Sorting + Packaging,D: Pack-only,1,Final FG,Sorting + Packing,,RM,RM,FG,FG
Natures Cashew Split 200g (1356008),cfpl,Sorting + Blanching + Slicing/Dicing/Slivering + Packaging,B: Transform->Pack (in-line),1,Create WIP,Create WIP: Blanch & Slice,Blanch & Slice,RM,RM,SFG0198,SFG
Natures Cashew Split 200g (1356008),cfpl,Sorting + Blanching + Slicing/Dicing/Slivering + Packaging,B: Transform->Pack (in-line),2,Final FG,Packing,,SFG0198,SFG,FG,FG
Natures Cashew W 210 500g (1356007),cfpl,Sorting + Packaging,D: Pack-only,1,Final FG,Sorting + Packing,,RM,RM,FG,FG
Natures Cashew W210 100g (1340520),cfpl,Sorting + Packaging,D: Pack-only,1,Final FG,Sorting + Packing,,RM,RM,FG,FG
Natures Cashew W210 250g (1340525),cfpl,Sorting + Packaging,D: Pack-only,1,Final FG,Sorting + Packing,,RM,RM,FG,FG
Natures Dried Amla 200 Gm ( 1411660 ),cfpl,Sorting + Packaging,D: Pack-only,1,Final FG,Sorting + Packing,,RM,RM,FG,FG
Natures Dried Cherry 200 Gm ( 1411661 ),cfpl,Sorting + Packaging,D: Pack-only,1,Final FG,Sorting + Packing,,RM,RM,FG,FG
Natures Dried Pineapple 200 Gm ( 1411659 ),cfpl,Sorting + Packaging,D: Pack-only,1,Final FG,Sorting + Packing,,RM,RM,FG,FG
Natures Dried Strawberry 200 Gm (1411657),cfpl,Sorting + Packaging,D: Pack-only,1,Final FG,Sorting + Packing,,RM,RM,FG,FG
Natures Indian Raisin Reg 200 Gm (1411654),cfpl,Sorting + Packaging,D: Pack-only,1,Final FG,Sorting + Packing,,RM,RM,FG,FG
Natures Indian Raisin Reg 500 Gm (1411655),cfpl,Sorting + Packaging,D: Pack-only,1,Final FG,Sorting + Packing,,RM,RM,FG,FG
Natures Pista Iranian 100g (1340521),cfpl,Sorting + Packaging,D: Pack-only,1,Final FG,Sorting + Packing,,RM,RM,FG,FG
Natures Pista Iranian 250g (1340529),cfpl,Sorting + Packaging,D: Pack-only,1,Final FG,Sorting + Packing,,RM,RM,FG,FG
Natures Pistachia Iranian 500g (1340527),cfpl,Sorting + Packaging,D: Pack-only,1,Final FG,Sorting + Packing,,RM,RM,FG,FG
Natures Pisto Unshelled 200g (1340526),cfpl,Sorting + Packaging,D: Pack-only,1,Final FG,Sorting + Packing,,RM,RM,FG,FG
Natures Premium Mixed Dry Fruits 250g(1356314),cfpl,Sorting + Packaging,D: Pack-only,1,Final FG,Sorting + Packing,,RM,RM,FG,FG
Natures Raisin 100g (1340523),cfpl,Sorting + Packaging,D: Pack-only,1,Final FG,Sorting + Packing,,RM,RM,FG,FG
Natures Raisin 250g (1340519),cfpl,Sorting + Packaging,D: Pack-only,1,Final FG,Sorting + Packing,,RM,RM,FG,FG
Natures Raisin 500g (1356006),cfpl,Sorting + Packaging,D: Pack-only,1,Final FG,Sorting + Packing,,RM,RM,FG,FG
Nut Flex - Italian Herbs 33gm,cfpl,Flavouring + Packaging,B: Transform->Pack (in-line),1,Create WIP,Create WIP: Roast & Flavour/Salt,Roast & Flavour/Salt,RM,RM,SFG0215,SFG
Nut Flex - Italian Herbs 33gm,cfpl,Flavouring + Packaging,B: Transform->Pack (in-line),2,Final FG,Packing,,SFG0215,SFG,FG,FG
Nut Flex - Italian Herbs 35gm,cfpl,Flavouring + Packaging,B: Transform->Pack (in-line),1,Create WIP,Create WIP: Roast & Flavour/Salt,Roast & Flavour/Salt,RM,RM,SFG0215,SFG
Nut Flex - Italian Herbs 35gm,cfpl,Flavouring + Packaging,B: Transform->Pack (in-line),2,Final FG,Packing,,SFG0215,SFG,FG,FG
Nuts & Seed Mix,cfpl,Sorting + Packaging,D: Pack-only,1,Final FG,Sorting + Packing,,RM,RM,FG,FG
Nuts and Cardamom Date Balls 48 gms,cfpl,Sorting + Blending + Bar Forming + Packaging,B: Transform->Pack (in-line),1,Create WIP,Create WIP: Blend & Form,Blend & Form,RM,RM,SFG0216,SFG
Nuts and Cardamom Date Balls 48 gms,cfpl,Sorting + Blending + Bar Forming + Packaging,B: Transform->Pack (in-line),2,Final FG,Packing,,SFG0216,SFG,FG,FG
OATS,cfpl,Sorting (Bulk Packaging,D: Pack-only,1,Final FG,Sorting + Packing,,RM,RM,FG,FG
ON THE RUN Assorted Energy Bars (Pack of 6x30g),cfpl,Sorting + Blending + Bar Forming + Packaging,B: Transform->Pack (in-line),1,Create WIP,Create WIP: Blend & Form,Blend & Form,RM,RM,SFG0218,SFG
ON THE RUN Assorted Energy Bars (Pack of 6x30g),cfpl,Sorting + Blending + Bar Forming + Packaging,B: Transform->Pack (in-line),2,Final FG,Packing,,SFG0218,SFG,FG,FG
ON THE RUN Choco Crunch Energy Bars (Pack of 6x30g),cfpl,Sorting + Blending + Bar Forming + Packaging,D: Pack-only,1,Final FG,Sorting + Packing,,RM,RM,FG,FG
ON THE RUN Choco Crunch Energy Bars 30g,cfpl,Sorting + Blending + Bar Forming + Packaging,B: Transform->Pack (in-line),1,Create WIP,Create WIP: Blend & Form,Blend & Form,RM,RM,SFG0219,SFG
ON THE RUN Choco Crunch Energy Bars 30g,cfpl,Sorting + Blending + Bar Forming + Packaging,B: Transform->Pack (in-line),2,Final FG,Packing,,SFG0219,SFG,FG,FG
ON THE RUN Fig and Date Energy Bar (Pack of 6x30 g),cfpl,Sorting + Blending + Bar Forming + Packaging,B: Transform->Pack (in-line),1,Create WIP,Create WIP: Blend & Form,Blend & Form,RM,RM,SFG0221,SFG
ON THE RUN Fig and Date Energy Bar (Pack of 6x30 g),cfpl,Sorting + Blending + Bar Forming + Packaging,B: Transform->Pack (in-line),2,Final FG,Packing,,SFG0221,SFG,FG,FG
ON THE RUN Fig and Date Energy Bar 30g,cfpl,Sorting + Blending + Bar Forming + Packaging,B: Transform->Pack (in-line),1,Create WIP,Create WIP: Blend & Form,Blend & Form,RM,RM,SFG0221,SFG
ON THE RUN Fig and Date Energy Bar 30g,cfpl,Sorting + Blending + Bar Forming + Packaging,B: Transform->Pack (in-line),2,Final FG,Packing,,SFG0221,SFG,FG,FG
ON THE RUN Hazelnut Magic Energy Bar 30g,cfpl,Sorting + Blending + Bar Forming + Packaging,B: Transform->Pack (in-line),1,Create WIP,Create WIP: Blend & Form,Blend & Form,RM,RM,SFG0222,SFG
ON THE RUN Hazelnut Magic Energy Bar 30g,cfpl,Sorting + Blending + Bar Forming + Packaging,B: Transform->Pack (in-line),2,Final FG,Packing,,SFG0222,SFG,FG,FG
"ON THE RUN Oats, Apricot & Cranberry Energy Bar 30g",cfpl,Sorting + Blending + Bar Forming + Packaging,B: Transform->Pack (in-line),1,Create WIP,Create WIP: Blend & Form,Blend & Form,RM,RM,SFG0223,SFG
"ON THE RUN Oats, Apricot & Cranberry Energy Bar 30g",cfpl,Sorting + Blending + Bar Forming + Packaging,B: Transform->Pack (in-line),2,Final FG,Packing,,SFG0223,SFG,FG,FG
Oman Dates 250g (1356292),cfpl,Sorting + Packaging,D: Pack-only,1,Final FG,Sorting + Packing,,RM,RM,FG,FG
Omega Mix- Lemon Pepper 35gm,cfpl,Flavouring + Packaging,B: Transform->Pack (in-line),1,Create WIP,Create WIP: Roast & Flavour/Salt,Roast & Flavour/Salt,RM,RM,SFG0217,SFG
Omega Mix- Lemon Pepper 35gm,cfpl,Flavouring + Packaging,B: Transform->Pack (in-line),2,Final FG,Packing,,SFG0217,SFG,FG,FG
On the Run Coffee Bite 10g,cfpl,Sorting + Blending + Bar Forming + Packaging,B: Transform->Pack (in-line),1,Create WIP,Create WIP: Blend & Form,Blend & Form,RM,RM,SFG0220,SFG
On the Run Coffee Bite 10g,cfpl,Sorting + Blending + Bar Forming + Packaging,B: Transform->Pack (in-line),2,Final FG,Packing,,SFG0220,SFG,FG,FG
Ontherun Coffee Bite (Pack of 15x10g),cfpl,Sorting + Blending + Bar Forming + Packaging,B: Transform->Pack (in-line),1,Create WIP,Create WIP: Blend & Form,Blend & Form,RM,RM,SFG0224,SFG
Ontherun Coffee Bite (Pack of 15x10g),cfpl,Sorting + Blending + Bar Forming + Packaging,B: Transform->Pack (in-line),2,Final FG,Packing,,SFG0224,SFG,FG,FG
Ontherun Coffee Bite (Pack of 6*10g),cfpl,Sorting + Blending + Bar Forming + Packaging,B: Transform->Pack (in-line),1,Create WIP,Create WIP: Blend & Form,Blend & Form,RM,RM,SFG0224,SFG
Ontherun Coffee Bite (Pack of 6*10g),cfpl,Sorting + Blending + Bar Forming + Packaging,B: Transform->Pack (in-line),2,Final FG,Packing,,SFG0224,SFG,FG,FG
Oriental Dates,cfpl,Sorting (Bulk Packaging,D: Pack-only,1,Final FG,Sorting + Packing,,RM,RM,FG,FG
PEANUT BUTTER,cfpl,Flavouring (Bulk Packaging,B: Transform->Pack (in-line),1,Create WIP,Create WIP: Roast & Flavour/Salt,Roast & Flavour/Salt,RM,RM,SFG0227,SFG
PEANUT BUTTER,cfpl,Flavouring (Bulk Packaging,B: Transform->Pack (in-line),2,Final FG,Packing,,SFG0227,SFG,FG,FG
PEPPER SNACK MIX,cfpl,Flavouring (Bulk Packaging,B: Transform->Pack (in-line),1,Create WIP,Create WIP: Roast & Flavour/Salt,Roast & Flavour/Salt,RM,RM,SFG0234,SFG
PEPPER SNACK MIX,cfpl,Flavouring (Bulk Packaging,B: Transform->Pack (in-line),2,Final FG,Packing,,SFG0234,SFG,FG,FG
PISTA PERI PERI,cfpl,Flavouring (Bulk Packaging,B: Transform->Pack (in-line),1,Create WIP,Create WIP: Roast & Flavour/Salt,Roast & Flavour/Salt,RM,RM,SFG0241,SFG
PISTA PERI PERI,cfpl,Flavouring (Bulk Packaging,B: Transform->Pack (in-line),2,Final FG,Packing,,SFG0241,SFG,FG,FG
PL CALIFORNIA PRUNES 200G,cfpl,Sorting + Packaging,D: Pack-only,1,Final FG,Sorting + Packing,,RM,RM,FG,FG
PL CLASSIC DATES 500G,cfpl,Sorting + Packaging,D: Pack-only,1,Final FG,Sorting + Packing,,RM,RM,FG,FG
PL DRIED BLUEBERRIES 100G,cfpl,Sorting + Packaging,D: Pack-only,1,Final FG,Sorting + Packing,,RM,RM,FG,FG
PL SLICED CRANBERRIES 100G,cfpl,Sorting + Blanching + Slicing/Dicing/Slivering + Packaging,D: Pack-only,1,Final FG,Sorting + Packing,,RM,RM,FG,FG
PL TURKEY APRICOTS 200G,cfpl,Sorting + Packaging,D: Pack-only,1,Final FG,Sorting + Packing,,RM,RM,FG,FG
PL ZAHIDI DATES 500G,cfpl,Sorting + Packaging,D: Pack-only,1,Final FG,Sorting + Packing,,RM,RM,FG,FG
PREMIA ALMONDS SMOKD-100G,cfpl,Sorting + Packaging,C: Pack of existing SFG,1,Final FG,Packing,,SFG0284,SFG,FG,FG
Pan Cranberry,cfpl,Flavouring + Packaging,B: Transform->Pack (in-line),1,Create WIP,Create WIP: Roast & Flavour/Salt,Roast & Flavour/Salt,RM,RM,SFG0225,SFG
Pan Cranberry,cfpl,Flavouring + Packaging,B: Transform->Pack (in-line),2,Final FG,Packing,,SFG0225,SFG,FG,FG
Pan Raisin,cfpl,Flavouring (Bulk Packaging,B: Transform->Pack (in-line),1,Create WIP,Create WIP: Roast & Flavour/Salt,Roast & Flavour/Salt,RM,RM,SFG0226,SFG
Pan Raisin,cfpl,Flavouring (Bulk Packaging,B: Transform->Pack (in-line),2,Final FG,Packing,,SFG0226,SFG,FG,FG
Peanut Coated Spanish Tomato,cfpl,Flavouring (Bulk Packaging,B: Transform->Pack (in-line),1,Create WIP,Create WIP: Roast & Flavour/Salt,Roast & Flavour/Salt,RM,RM,SFG0228,SFG
Peanut Coated Spanish Tomato,cfpl,Flavouring (Bulk Packaging,B: Transform->Pack (in-line),2,Final FG,Packing,,SFG0228,SFG,FG,FG
Pecan Nuts,cfpl,Sorting (Bulk Packaging,D: Pack-only,1,Final FG,Sorting + Packing,,RM,RM,FG,FG
Pecans Roasted and Salted,cfpl,Flavouring (Bulk Packaging,B: Transform->Pack (in-line),1,Create WIP,Create WIP: Roast & Flavour/Salt,Roast & Flavour/Salt,RM,RM,SFG0229,SFG
Pecans Roasted and Salted,cfpl,Flavouring (Bulk Packaging,B: Transform->Pack (in-line),2,Final FG,Packing,,SFG0229,SFG,FG,FG
Peper Garlic Cashew,cfpl,Flavouring (Bulk Packaging,B: Transform->Pack (in-line),1,Create WIP,Create WIP: Roast & Flavour/Salt,Roast & Flavour/Salt,RM,RM,SFG0230,SFG
Peper Garlic Cashew,cfpl,Flavouring (Bulk Packaging,B: Transform->Pack (in-line),2,Final FG,Packing,,SFG0230,SFG,FG,FG
Pepper Cashew,cfpl,Flavouring (Bulk Packaging,B: Transform->Pack (in-line),1,Create WIP,Create WIP: Roast & Flavour/Salt,Roast & Flavour/Salt,RM,RM,SFG0231,SFG
Pepper Cashew,cfpl,Flavouring (Bulk Packaging,B: Transform->Pack (in-line),2,Final FG,Packing,,SFG0231,SFG,FG,FG
Pepper Pista 100g Pet,cfpl,Flavouring + Packaging,B: Transform->Pack (in-line),1,Create WIP,Create WIP: Roast & Flavour/Salt,Roast & Flavour/Salt,RM,RM,SFG0232,SFG
Pepper Pista 100g Pet,cfpl,Flavouring + Packaging,B: Transform->Pack (in-line),2,Final FG,Packing,,SFG0232,SFG,FG,FG
Pepper Pista Inshell,cfpl,Flavouring (Bulk Packaging,B: Transform->Pack (in-line),1,Create WIP,Create WIP: Roast & Flavour/Salt,Roast & Flavour/Salt,RM,RM,SFG0233,SFG
Pepper Pista Inshell,cfpl,Flavouring (Bulk Packaging,B: Transform->Pack (in-line),2,Final FG,Packing,,SFG0233,SFG,FG,FG
Peri Peri Cashew,cfpl,Flavouring (Bulk Packaging,C: Pack of existing SFG,1,Final FG,Packing,,SFG0235,SFG,FG,FG
Peri Peri Cashew Bulk,cfpl,Flavouring + Roasting +Bulk Packaging,A: WIP producer (bulk),1,Create WIP,Create WIP: Roast & Flavour/Salt,Roast & Flavour/Salt,RM,RM,SFG0235,SFG
Peri Peri Cashew Bulk,cfpl,Flavouring + Roasting +Bulk Packaging,A: WIP producer (bulk),2,Final FG,Packing,,SFG0235,SFG,FG,FG
Peri Peri Pecannut,cfpl,Flavouring (Bulk Packaging,B: Transform->Pack (in-line),1,Create WIP,Create WIP: Roast & Flavour/Salt,Roast & Flavour/Salt,RM,RM,SFG0236,SFG
Peri Peri Pecannut,cfpl,Flavouring (Bulk Packaging,B: Transform->Pack (in-line),2,Final FG,Packing,,SFG0236,SFG,FG,FG
Pine Nut Kernel,cfpl,Sorting (Bulk Packaging,D: Pack-only,1,Final FG,Sorting + Packing,,RM,RM,FG,FG
Pink Salt Almonds Bulk,cfpl,Flavouring + Roasting +Bulk Packaging,A: WIP producer (bulk),1,Create WIP,Create WIP: Roast & Flavour/Salt,Roast & Flavour/Salt,RM,RM,SFG0237,SFG
Pink Salt Almonds Bulk,cfpl,Flavouring + Roasting +Bulk Packaging,A: WIP producer (bulk),2,Final FG,Packing,,SFG0237,SFG,FG,FG
Pink Salt Pistachios 90gm,cfpl,Flavouring + Packaging,D: Pack-only,1,Final FG,Sorting + Packing,,RM,RM,FG,FG
Pista Akbari Roasted and Salted,cfpl,Flavouring (Bulk Packaging,B: Transform->Pack (in-line),1,Create WIP,Create WIP: Roast & Flavour/Salt,Roast & Flavour/Salt,RM,RM,SFG0238,SFG
Pista Akbari Roasted and Salted,cfpl,Flavouring (Bulk Packaging,B: Transform->Pack (in-line),2,Final FG,Packing,,SFG0238,SFG,FG,FG
Pista Irani 101 Inshell Roasted and salted,cfpl,Flavouring (Bulk Packaging,B: Transform->Pack (in-line),1,Create WIP,Create WIP: Roast & Flavour/Salt,Roast & Flavour/Salt,RM,RM,SFG0239,SFG
Pista Irani 101 Inshell Roasted and salted,cfpl,Flavouring (Bulk Packaging,B: Transform->Pack (in-line),2,Final FG,Packing,,SFG0239,SFG,FG,FG
Pista Irani Inshell Roasted and Salted,cfpl,Flavouring (Bulk Packaging,B: Transform->Pack (in-line),1,Create WIP,Create WIP: Roast & Flavour/Salt,Roast & Flavour/Salt,RM,RM,SFG0240,SFG
Pista Irani Inshell Roasted and Salted,cfpl,Flavouring (Bulk Packaging,B: Transform->Pack (in-line),2,Final FG,Packing,,SFG0240,SFG,FG,FG
Pista Kernal Roasted and Salted,cfpl,Flavouring (Bulk Packaging,D: Pack-only,1,Final FG,Sorting + Packing,,RM,RM,FG,FG
Pista Kernel,cfpl,Sorting (Bulk Packaging,D: Pack-only,1,Final FG,Sorting + Packing,,RM,RM,FG,FG
Plain Coated Peanuts,cfpl,Flavouring (Bulk Packaging,B: Transform->Pack (in-line),1,Create WIP,Create WIP: Roast & Flavour/Salt,Roast & Flavour/Salt,RM,RM,SFG0242,SFG
Plain Coated Peanuts,cfpl,Flavouring (Bulk Packaging,B: Transform->Pack (in-line),2,Final FG,Packing,,SFG0242,SFG,FG,FG
Planck Foods Multi Millet 5 GC puffs 210g,cfpl,Sorting + Roasting + Packaging,B: Transform->Pack (in-line),1,Create WIP,Create WIP: Roasting,Roasting,RM,RM,SFG0243,SFG
Planck Foods Multi Millet 5 GC puffs 210g,cfpl,Sorting + Roasting + Packaging,B: Transform->Pack (in-line),2,Final FG,Packing,,SFG0243,SFG,FG,FG
"Popular Raisins, 500 g (B07GR3S1RR)",cfpl,Sorting + Packaging,D: Pack-only,1,Final FG,Sorting + Packing,,RM,RM,FG,FG
Premia Almond Salted 100 Gm,cfpl,Sorting + Packaging,C: Pack of existing SFG,1,Final FG,Packing,,SFG0261,SFG,FG,FG
Premia Breakfast Mix 100g (100005226),cfpl,Sorting + Packaging,C: Pack of existing SFG,1,Final FG,Packing,,SFG0337,SFG,FG,FG
Premia Cashew Black Pepper 100 Gm,cfpl,Sorting + Packaging,C: Pack of existing SFG,1,Final FG,Packing,,SFG0024,SFG,FG,FG
Premia Cashew Salted 100 Gm,cfpl,Sorting + Packaging,D: Pack-only,1,Final FG,Sorting + Packing,,RM,RM,FG,FG
Premia Chatpata Cranberry 100gm,cfpl,Flavouring + Packaging,D: Pack-only,1,Final FG,Sorting + Packing,,RM,RM,FG,FG
Premia Indian Raisin 100gm,cfpl,Sorting + Packaging,D: Pack-only,1,Final FG,Sorting + Packing,,RM,RM,FG,FG
Premia Nuts & Seeds Mix 100g (100005422),cfpl,Sorting + Packaging,C: Pack of existing SFG,1,Final FG,Packing,,SFG0338,SFG,FG,FG
Premia Prunes 100gm,cfpl,Sorting + Packaging,D: Pack-only,1,Final FG,Sorting + Packing,,RM,RM,FG,FG
Premia Trail Mix 100g (100005227),cfpl,Sorting + Packaging,C: Pack of existing SFG,1,Final FG,Packing,,SFG0339,SFG,FG,FG
Premium Trail Mix 100gm,cfpl,Flavouring + Packaging,B: Transform->Pack (in-line),1,Create WIP,Create WIP: Roast & Flavour/Salt,Roast & Flavour/Salt,RM,RM,SFG0244,SFG
Premium Trail Mix 100gm,cfpl,Flavouring + Packaging,B: Transform->Pack (in-line),2,Final FG,Packing,,SFG0244,SFG,FG,FG
Prunes 1KG (B07GR24VN1),cfpl,Sorting + Packaging,D: Pack-only,1,Final FG,Sorting + Packing,,RM,RM,FG,FG
Prunes 200G (B07GQWRZKN),cfpl,Sorting + Packaging,D: Pack-only,1,Final FG,Sorting + Packing,,RM,RM,FG,FG
Prunes 500G (B07GQZSS53),cfpl,Sorting + Packaging,D: Pack-only,1,Final FG,Sorting + Packing,,RM,RM,FG,FG
Pudina Cashew,cfpl,Flavouring (Bulk Packaging,B: Transform->Pack (in-line),1,Create WIP,Create WIP: Roast & Flavour/Salt,Roast & Flavour/Salt,RM,RM,SFG0245,SFG
Pudina Cashew,cfpl,Flavouring (Bulk Packaging,B: Transform->Pack (in-line),2,Final FG,Packing,,SFG0245,SFG,FG,FG
Pudina Makhana,cfpl,Flavouring + Packaging,B: Transform->Pack (in-line),1,Create WIP,Create WIP: Roast & Flavour/Salt,Roast & Flavour/Salt,RM,RM,SFG0246,SFG
Pudina Makhana,cfpl,Flavouring + Packaging,B: Transform->Pack (in-line),2,Final FG,Packing,,SFG0246,SFG,FG,FG
Pumpkin Seeds 500G (B07GQWST7Y) FBA,cfpl,Sorting + Roasting + Packaging,D: Pack-only,1,Final FG,Sorting + Packing,,RM,RM,FG,FG
Pumpkin Seeds Roasted,cfpl,Sorting + Roasting (Bulk Packaging,B: Transform->Pack (in-line),1,Create WIP,Create WIP: Roasting,Roasting,RM,RM,SFG0247,SFG
Pumpkin Seeds Roasted,cfpl,Sorting + Roasting (Bulk Packaging,B: Transform->Pack (in-line),2,Final FG,Packing,,SFG0247,SFG,FG,FG
Pumpkin Seeds Roasted and Salted,cfpl,Flavouring (Bulk Packaging,B: Transform->Pack (in-line),1,Create WIP,Create WIP: Roast & Flavour/Salt,Roast & Flavour/Salt,RM,RM,SFG0248,SFG
Pumpkin Seeds Roasted and Salted,cfpl,Flavouring (Bulk Packaging,B: Transform->Pack (in-line),2,Final FG,Packing,,SFG0248,SFG,FG,FG
ROYAL TRADITIONS SHUBHKAMNA-300G (14179),cfpl,Flavouring + Packaging,D: Pack-only,1,Final FG,Sorting + Packing,,RM,RM,FG,FG
ROYAL TRADITON SNACK MASALA MIX 100G,cfpl,Flavouring + Packaging,B: Transform->Pack (in-line),1,Create WIP,Create WIP: Roast & Flavour/Salt,Roast & Flavour/Salt,RM,RM,SFG0276,SFG
ROYAL TRADITON SNACK MASALA MIX 100G,cfpl,Flavouring + Packaging,B: Transform->Pack (in-line),2,Final FG,Packing,,SFG0276,SFG,FG,FG
ROYAL TRADITON SNACK MIX CHATPATA-100G,cfpl,Flavouring + Packaging,B: Transform->Pack (in-line),1,Create WIP,Create WIP: Roast & Flavour/Salt,Roast & Flavour/Salt,RM,RM,SFG0277,SFG
ROYAL TRADITON SNACK MIX CHATPATA-100G,cfpl,Flavouring + Packaging,B: Transform->Pack (in-line),2,Final FG,Packing,,SFG0277,SFG,FG,FG
Raisins 200G (B07GRBFFMR) FBA,cfpl,Sorting + Packaging,D: Pack-only,1,Final FG,Sorting + Packing,,RM,RM,FG,FG
Red Dates Seedless 500 Gm,cfpl,De-seeding + Packaging,B: Transform->Pack (in-line),1,Create WIP,Create WIP: De-Seeding,De-Seeding,RM,RM,SFG0249,SFG
Red Dates Seedless 500 Gm,cfpl,De-seeding + Packaging,B: Transform->Pack (in-line),2,Final FG,Packing,,SFG0249,SFG,FG,FG
Rhine Valley Almond & Coffee Date Bar 50gm,cfpl,Sorting + Blending + Bar Forming + Packaging,B: Transform->Pack (in-line),1,Create WIP,Create WIP: Blend & Form,Blend & Form,RM,RM,SFG0250,SFG
Rhine Valley Almond & Coffee Date Bar 50gm,cfpl,Sorting + Blending + Bar Forming + Packaging,B: Transform->Pack (in-line),2,Final FG,Packing,,SFG0250,SFG,FG,FG
Rhine Valley Almond & Cranberry Date Bar 50gm,cfpl,Sorting + Blending + Bar Forming + Packaging,B: Transform->Pack (in-line),1,Create WIP,Create WIP: Blend & Form,Blend & Form,RM,RM,SFG0251,SFG
Rhine Valley Almond & Cranberry Date Bar 50gm,cfpl,Sorting + Blending + Bar Forming + Packaging,B: Transform->Pack (in-line),2,Final FG,Packing,,SFG0251,SFG,FG,FG
Rhine Valley Almond & Orange Dark Chocolate Date Bar 50gm,cfpl,Sorting + Blending + Bar Forming + Packaging,B: Transform->Pack (in-line),1,Create WIP,Create WIP: Blend & Form,Blend & Form,RM,RM,SFG0252,SFG
Rhine Valley Almond & Orange Dark Chocolate Date Bar 50gm,cfpl,Sorting + Blending + Bar Forming + Packaging,B: Transform->Pack (in-line),2,Final FG,Packing,,SFG0252,SFG,FG,FG
Rhine Valley Barbeque Trail Mix 100gm,cfpl,Flavouring + Packaging,B: Transform->Pack (in-line),1,Create WIP,Create WIP: Roast & Flavour/Salt,Roast & Flavour/Salt,RM,RM,SFG0253,SFG
Rhine Valley Barbeque Trail Mix 100gm,cfpl,Flavouring + Packaging,B: Transform->Pack (in-line),2,Final FG,Packing,,SFG0253,SFG,FG,FG
Rhine Valley Black Pepper Trail Mix 100gm,cfpl,Flavouring + Packaging,B: Transform->Pack (in-line),1,Create WIP,Create WIP: Roast & Flavour/Salt,Roast & Flavour/Salt,RM,RM,SFG0254,SFG
Rhine Valley Black Pepper Trail Mix 100gm,cfpl,Flavouring + Packaging,B: Transform->Pack (in-line),2,Final FG,Packing,,SFG0254,SFG,FG,FG
Rhine Valley Fruit & Nut Date Bar 50gm,cfpl,Sorting + Blending + Bar Forming + Packaging,B: Transform->Pack (in-line),1,Create WIP,Create WIP: Blend & Form,Blend & Form,RM,RM,SFG0255,SFG
Rhine Valley Fruit & Nut Date Bar 50gm,cfpl,Sorting + Blending + Bar Forming + Packaging,B: Transform->Pack (in-line),2,Final FG,Packing,,SFG0255,SFG,FG,FG
Rhine Valley Himalayan Pink Salt Trail Mix 100gm,cfpl,Flavouring + Packaging,B: Transform->Pack (in-line),1,Create WIP,Create WIP: Roast & Flavour/Salt,Roast & Flavour/Salt,RM,RM,SFG0256,SFG
Rhine Valley Himalayan Pink Salt Trail Mix 100gm,cfpl,Flavouring + Packaging,B: Transform->Pack (in-line),2,Final FG,Packing,,SFG0256,SFG,FG,FG
Rhine Valley Masala Trail mix 100g,cfpl,Flavouring + Packaging,B: Transform->Pack (in-line),1,Create WIP,Create WIP: Roast & Flavour/Salt,Roast & Flavour/Salt,RM,RM,SFG0257,SFG
Rhine Valley Masala Trail mix 100g,cfpl,Flavouring + Packaging,B: Transform->Pack (in-line),2,Final FG,Packing,,SFG0257,SFG,FG,FG
Rhine Valley Peri Peri Trail Mix 100gm,cfpl,Flavouring + Packaging,B: Transform->Pack (in-line),1,Create WIP,Create WIP: Roast & Flavour/Salt,Roast & Flavour/Salt,RM,RM,SFG0258,SFG
Rhine Valley Peri Peri Trail Mix 100gm,cfpl,Flavouring + Packaging,B: Transform->Pack (in-line),2,Final FG,Packing,,SFG0258,SFG,FG,FG
"Rhine Valley Raspberry, Almond & Dark Chocolate Date Bar 50gm",cfpl,Sorting + Blending + Bar Forming + Packaging,B: Transform->Pack (in-line),1,Create WIP,Create WIP: Blend & Form,Blend & Form,RM,RM,SFG0259,SFG
"Rhine Valley Raspberry, Almond & Dark Chocolate Date Bar 50gm",cfpl,Sorting + Blending + Bar Forming + Packaging,B: Transform->Pack (in-line),2,Final FG,Packing,,SFG0259,SFG,FG,FG
Rhine Valley Rose & Pistachio Date Bar 50gm,cfpl,Sorting + Blending + Bar Forming + Packaging,B: Transform->Pack (in-line),1,Create WIP,Create WIP: Blend & Form,Blend & Form,RM,RM,SFG0260,SFG
Rhine Valley Rose & Pistachio Date Bar 50gm,cfpl,Sorting + Blending + Bar Forming + Packaging,B: Transform->Pack (in-line),2,Final FG,Packing,,SFG0260,SFG,FG,FG
Roasted & Salted Almonds,cfpl,Flavouring (Bulk Packaging,C: Pack of existing SFG,1,Final FG,Packing,,SFG0261,SFG,FG,FG
Roasted & Salted Almonds 140g,cfpl,Sorting + Packaging,C: Pack of existing SFG,1,Final FG,Packing,,SFG0261,SFG,FG,FG
Roasted & Salted Almonds 75g,cfpl,Sorting + Packaging,C: Pack of existing SFG,1,Final FG,Packing,,SFG0261,SFG,FG,FG
Roasted & Salted Almonds 90g,cfpl,Sorting + Packaging,C: Pack of existing SFG,1,Final FG,Packing,,SFG0261,SFG,FG,FG
Roasted & Salted Almonds Bulk,cfpl,Flavouring + Roasting +Bulk Packaging,D: Pack-only,1,Final FG,Sorting + Packing,,RM,RM,FG,FG
Roasted & Salted Cashew,cfpl,Flavouring + Roasting +Bulk Packaging,C: Pack of existing SFG,1,Final FG,Packing,,SFG0262,SFG,FG,FG
Roasted & Salted Cashew  140g,cfpl,Sorting + Packaging,C: Pack of existing SFG,1,Final FG,Packing,,SFG0262,SFG,FG,FG
Roasted & Salted Cashew 75gm,cfpl,Sorting + Packaging,C: Pack of existing SFG,1,Final FG,Packing,,SFG0262,SFG,FG,FG
Roasted & Salted Cashew 90gm,cfpl,Sorting + Packaging,C: Pack of existing SFG,1,Final FG,Packing,,SFG0262,SFG,FG,FG
Roasted & Salted Cashew Bulk,cfpl,Flavouring + Roasting +Bulk Packaging,A: WIP producer (bulk),1,Create WIP,Create WIP: Roast & Flavour/Salt,Roast & Flavour/Salt,RM,RM,SFG0262,SFG
Roasted & Salted Cashew Bulk,cfpl,Flavouring + Roasting +Bulk Packaging,A: WIP producer (bulk),2,Final FG,Packing,,SFG0262,SFG,FG,FG
Roasted & Salted Pecan Nuts 75gm,cfpl,Flavouring + Packaging,B: Transform->Pack (in-line),1,Create WIP,Create WIP: Roast & Flavour/Salt,Roast & Flavour/Salt,RM,RM,SFG0263,SFG
Roasted & Salted Pecan Nuts 75gm,cfpl,Flavouring + Packaging,B: Transform->Pack (in-line),2,Final FG,Packing,,SFG0263,SFG,FG,FG
Roasted & Salted Pista 230g,cfpl,Flavouring + Packaging,B: Transform->Pack (in-line),1,Create WIP,Create WIP: Roast & Flavour/Salt,Roast & Flavour/Salt,RM,RM,SFG0264,SFG
Roasted & Salted Pista 230g,cfpl,Flavouring + Packaging,B: Transform->Pack (in-line),2,Final FG,Packing,,SFG0264,SFG,FG,FG
Roasted Black Sesame (Kale Til) Seeds,cfpl,Sorting + Roasting (Bulk Packaging,B: Transform->Pack (in-line),1,Create WIP,Create WIP: Roasting,Roasting,RM,RM,SFG0265,SFG
Roasted Black Sesame (Kale Til) Seeds,cfpl,Sorting + Roasting (Bulk Packaging,B: Transform->Pack (in-line),2,Final FG,Packing,,SFG0265,SFG,FG,FG
Roasted Cashew Bulk,cfpl,Flavouring + Roasting +Bulk Packaging,D: Pack-only,1,Final FG,Sorting + Packing,,RM,RM,FG,FG
Roasted Flax Seeds,cfpl,Sorting + Roasting (Bulk Packaging,B: Transform->Pack (in-line),1,Create WIP,Create WIP: Roasting,Roasting,RM,RM,SFG0266,SFG
Roasted Flax Seeds,cfpl,Sorting + Roasting (Bulk Packaging,B: Transform->Pack (in-line),2,Final FG,Packing,,SFG0266,SFG,FG,FG
Roasted Independence Almonds Bulk,cfpl,Flavouring + Roasting +Bulk Packaging,D: Pack-only,1,Final FG,Sorting + Packing,,RM,RM,FG,FG
Roasted Makhana,cfpl,Sorting + Roasting (Bulk Packaging,B: Transform->Pack (in-line),1,Create WIP,Create WIP: Roasting,Roasting,RM,RM,SFG0267,SFG
Roasted Makhana,cfpl,Sorting + Roasting (Bulk Packaging,B: Transform->Pack (in-line),2,Final FG,Packing,,SFG0267,SFG,FG,FG
Roasted Peanuts,cfpl,Sorting + Roasting (Bulk Packaging,B: Transform->Pack (in-line),1,Create WIP,Create WIP: Roasting,Roasting,RM,RM,SFG0268,SFG
Roasted Peanuts,cfpl,Sorting + Roasting (Bulk Packaging,B: Transform->Pack (in-line),2,Final FG,Packing,,SFG0268,SFG,FG,FG
Roasted Peanuts Split,cfpl,Sorting + Roasting (Bulk Packaging,B: Transform->Pack (in-line),1,Create WIP,Create WIP: Roasting,Roasting,RM,RM,SFG0269,SFG
Roasted Peanuts Split,cfpl,Sorting + Roasting (Bulk Packaging,B: Transform->Pack (in-line),2,Final FG,Packing,,SFG0269,SFG,FG,FG
Roasted Poppy Seed,cfpl,Sorting + Roasting (Bulk Packaging,B: Transform->Pack (in-line),1,Create WIP,Create WIP: Roasting,Roasting,RM,RM,SFG0270,SFG
Roasted Poppy Seed,cfpl,Sorting + Roasting (Bulk Packaging,B: Transform->Pack (in-line),2,Final FG,Packing,,SFG0270,SFG,FG,FG
Roasted Salted Flax Seeds,cfpl,Sorting + Roasting (Bulk Packaging,B: Transform->Pack (in-line),1,Create WIP,Create WIP: Roasting,Roasting,RM,RM,SFG0271,SFG
Roasted Salted Flax Seeds,cfpl,Sorting + Roasting (Bulk Packaging,B: Transform->Pack (in-line),2,Final FG,Packing,,SFG0271,SFG,FG,FG
Roasted White Sesame (Safed Til) Seeds,cfpl,Sorting + Roasting (Bulk Packaging,B: Transform->Pack (in-line),1,Create WIP,Create WIP: Roasting,Roasting,RM,RM,SFG0272,SFG
Roasted White Sesame (Safed Til) Seeds,cfpl,Sorting + Roasting (Bulk Packaging,B: Transform->Pack (in-line),2,Final FG,Packing,,SFG0272,SFG,FG,FG
Royal Delight Ajwa Dates 250 Gms,cfpl,Sorting + Packaging,D: Pack-only,1,Final FG,Sorting + Packing,,RM,RM,FG,FG
Royal Delight Arabian Dates 200gm,cfpl,Sorting + Packaging,D: Pack-only,1,Final FG,Sorting + Packing,,RM,RM,FG,FG
Royal Delight Arabian Dates 250g,cfpl,Sorting + Packaging,D: Pack-only,1,Final FG,Sorting + Packing,,RM,RM,FG,FG
Royal Delight Arabian Dates 500gm,cfpl,Sorting + Packaging,D: Pack-only,1,Final FG,Sorting + Packing,,RM,RM,FG,FG
Royal Delight Assorted Dates 500gm,cfpl,Sorting + Packaging,D: Pack-only,1,Final FG,Sorting + Packing,,RM,RM,FG,FG
Royal Delight Dates Ajwa 800g,cfpl,Sorting + Packaging,D: Pack-only,1,Final FG,Sorting + Packing,,RM,RM,FG,FG
Royal Delight Dates Medjool Medium 250g,cfpl,Sorting + Packaging,D: Pack-only,1,Final FG,Sorting + Packing,,RM,RM,FG,FG
Royal Delight Kimia Dates 1kg,cfpl,Sorting + Packaging,D: Pack-only,1,Final FG,Sorting + Packing,,RM,RM,FG,FG
Royal Delight Kimia Dates 350gm,cfpl,Sorting + Packaging,D: Pack-only,1,Final FG,Sorting + Packing,,RM,RM,FG,FG
Royal Delight Mabroom Dates 250 Gms,cfpl,Sorting + Packaging,D: Pack-only,1,Final FG,Sorting + Packing,,RM,RM,FG,FG
Royal Delight Medjool Dates 800g,cfpl,Sorting + Packaging,D: Pack-only,1,Final FG,Sorting + Packing,,RM,RM,FG,FG
Royal Delight Medjoul Dates 250 Gms,cfpl,Sorting + Packaging,D: Pack-only,1,Final FG,Sorting + Packing,,RM,RM,FG,FG
Royal Delight Oman Dates 1 Kgs,cfpl,Sorting + Packaging,D: Pack-only,1,Final FG,Sorting + Packing,,RM,RM,FG,FG
Royal Delight Oman Dates 400 Gms,cfpl,Sorting + Packaging,D: Pack-only,1,Final FG,Sorting + Packing,,RM,RM,FG,FG
Royal Delight Safavi Dates 250 Gms,cfpl,Sorting + Packaging,D: Pack-only,1,Final FG,Sorting + Packing,,RM,RM,FG,FG
Royal Delight Safavi Dates 5kg,cfpl,Sorting + Packaging,D: Pack-only,1,Final FG,Sorting + Packing,,RM,RM,FG,FG
Royal Delight Stuff Medjoul Dates 21 Pcs,cfpl,De-seeding + Stuffing + Packaging,B: Transform->Pack (in-line),1,Create WIP,Create WIP: De-Seeding + Stuffing,De-Seeding + Stuffing,RM,RM,SFG0273,SFG
Royal Delight Stuff Medjoul Dates 21 Pcs,cfpl,De-seeding + Stuffing + Packaging,B: Transform->Pack (in-line),2,Final FG,Packing,,SFG0273,SFG,FG,FG
Royal Delight Stuffed Medjoul Dates 12 Pcs,cfpl,De-seeding + Stuffing + Packaging,B: Transform->Pack (in-line),1,Create WIP,Create WIP: De-Seeding + Stuffing,De-Seeding + Stuffing,RM,RM,SFG0274,SFG
Royal Delight Stuffed Medjoul Dates 12 Pcs,cfpl,De-seeding + Stuffing + Packaging,B: Transform->Pack (in-line),2,Final FG,Packing,,SFG0274,SFG,FG,FG
Royal Delight Stuffed Medjul Large Dates 12 Pieces,cfpl,De-seeding + Stuffing + Packaging,B: Transform->Pack (in-line),1,Create WIP,Create WIP: De-Seeding + Stuffing,De-Seeding + Stuffing,RM,RM,SFG0275,SFG
Royal Delight Stuffed Medjul Large Dates 12 Pieces,cfpl,De-seeding + Stuffing + Packaging,B: Transform->Pack (in-line),2,Final FG,Packing,,SFG0275,SFG,FG,FG
Royal Traditions Almond 100g,cfpl,Sorting + Packaging,D: Pack-only,1,Final FG,Sorting + Packing,,RM,RM,FG,FG
Royal Traditions Almonds Salted 100g,cfpl,Sorting + Packaging,C: Pack of existing SFG,1,Final FG,Packing,,SFG0261,SFG,FG,FG
Royal Traditions Cashew 100g,cfpl,Sorting + Packaging,D: Pack-only,1,Final FG,Sorting + Packing,,RM,RM,FG,FG
Royal Traditions Cashew Black Pepper 100g,cfpl,Sorting + Packaging,C: Pack of existing SFG,1,Final FG,Packing,,SFG0024,SFG,FG,FG
Royal Traditions Cashew Salted 100g,cfpl,Sorting + Packaging,C: Pack of existing SFG,1,Final FG,Packing,,SFG0262,SFG,FG,FG
Royal Traditions Cranberries Chatpata 100g,cfpl,Flavouring + Packaging,D: Pack-only,1,Final FG,Sorting + Packing,,RM,RM,FG,FG
Royal Traditions Mahotsav Dry Fruits 500gm,cfpl,Flavouring + Packaging,D: Pack-only,1,Final FG,Sorting + Packing,,RM,RM,FG,FG
Royal Traditions Plain Raisins 100g,cfpl,Sorting + Packaging,D: Pack-only,1,Final FG,Sorting + Packing,,RM,RM,FG,FG
Royal Traditions Tyohar 400gm,cfpl,Flavouring + Packaging,D: Pack-only,1,Final FG,Sorting + Packing,,RM,RM,FG,FG
Royal Traditions Utsav 300g,cfpl,Flavouring + Packaging,D: Pack-only,1,Final FG,Sorting + Packing,,RM,RM,FG,FG
Royal delight Medjoul Dates 400gm,cfpl,Sorting + Packaging,D: Pack-only,1,Final FG,Sorting + Packing,,RM,RM,FG,FG
SHAHI UPHAR 300gm,cfpl,Sorting + Packaging,D: Pack-only,1,Final FG,Sorting + Packing,,RM,RM,FG,FG
SHUBHKAMANYEN 180gm,cfpl,Sorting + Packaging,D: Pack-only,1,Final FG,Sorting + Packing,,RM,RM,FG,FG
SIGNATURE COLLECTIONS 600gm,cfpl,Sorting + Packaging,D: Pack-only,1,Final FG,Sorting + Packing,,RM,RM,FG,FG
SPAR BANDHAN FESTIVE DRY FRUIT BOX 800G,cfpl,Flavouring + Packaging,D: Pack-only,1,Final FG,Sorting + Packing,,RM,RM,FG,FG
SPAR SELECT ALMONDS 500G,cfpl,Sorting + Packaging,D: Pack-only,1,Final FG,Sorting + Packing,,RM,RM,FG,FG
SUPREME 800gm,cfpl,Flavouring + Packaging,D: Pack-only,1,Final FG,Sorting + Packing,,RM,RM,FG,FG
Salt and Pepper Cashew Bulk,cfpl,Flavouring + Roasting +Bulk Packaging,A: WIP producer (bulk),1,Create WIP,Create WIP: Roast & Flavour/Salt,Roast & Flavour/Salt,RM,RM,SFG0278,SFG
Salt and Pepper Cashew Bulk,cfpl,Flavouring + Roasting +Bulk Packaging,A: WIP producer (bulk),2,Final FG,Packing,,SFG0278,SFG,FG,FG
Salted Premium Nut Mix,cfpl,Flavouring (Bulk Packaging,B: Transform->Pack (in-line),1,Create WIP,Create WIP: Roast & Flavour/Salt,Roast & Flavour/Salt,RM,RM,SFG0279,SFG
Salted Premium Nut Mix,cfpl,Flavouring (Bulk Packaging,B: Transform->Pack (in-line),2,Final FG,Packing,,SFG0279,SFG,FG,FG
Sea Salt Dry - Roasted Macadamia Nuts- Size 1,cfpl,Flavouring (Bulk Packaging,D: Pack-only,1,Final FG,Sorting + Packing,,RM,RM,FG,FG
Seed Mix,cfpl,Sorting + Roasting (Bulk Packaging,B: Transform->Pack (in-line),1,Create WIP,Create WIP: Roasting,Roasting,RM,RM,SFG0280,SFG
Seed Mix,cfpl,Sorting + Roasting (Bulk Packaging,B: Transform->Pack (in-line),2,Final FG,Packing,,SFG0280,SFG,FG,FG
Seed Trail Mix,cfpl,Sorting + Roasting (Bulk Packaging,B: Transform->Pack (in-line),1,Create WIP,Create WIP: Roasting,Roasting,RM,RM,SFG0281,SFG
Seed Trail Mix,cfpl,Sorting + Roasting (Bulk Packaging,B: Transform->Pack (in-line),2,Final FG,Packing,,SFG0281,SFG,FG,FG
Seedy Sheid- Lime Chilly 33gm,cfpl,Flavouring + Packaging,B: Transform->Pack (in-line),1,Create WIP,Create WIP: Roast & Flavour/Salt,Roast & Flavour/Salt,RM,RM,SFG0282,SFG
Seedy Sheid- Lime Chilly 33gm,cfpl,Flavouring + Packaging,B: Transform->Pack (in-line),2,Final FG,Packing,,SFG0282,SFG,FG,FG
Seedy Sheid- Lime Chilly 35gm,cfpl,Flavouring + Packaging,B: Transform->Pack (in-line),1,Create WIP,Create WIP: Roast & Flavour/Salt,Roast & Flavour/Salt,RM,RM,SFG0282,SFG
Seedy Sheid- Lime Chilly 35gm,cfpl,Flavouring + Packaging,B: Transform->Pack (in-line),2,Final FG,Packing,,SFG0282,SFG,FG,FG
Single Safavi Stuffed Dates,cfpl,De-seeding + Stuffing + Packaging,B: Transform->Pack (in-line),1,Create WIP,Create WIP: De-Seeding + Stuffing,De-Seeding + Stuffing,RM,RM,SFG0283,SFG
Single Safavi Stuffed Dates,cfpl,De-seeding + Stuffing + Packaging,B: Transform->Pack (in-line),2,Final FG,Packing,,SFG0283,SFG,FG,FG
Smoked Almonds,cfpl,Flavouring (Bulk Packaging,C: Pack of existing SFG,1,Final FG,Packing,,SFG0284,SFG,FG,FG
Smoked Almonds Bulk,cfpl,Flavouring + Roasting +Bulk Packaging,A: WIP producer (bulk),1,Create WIP,Create WIP: Roast & Flavour/Salt,Roast & Flavour/Salt,RM,RM,SFG0284,SFG
Smoked Almonds Bulk,cfpl,Flavouring + Roasting +Bulk Packaging,A: WIP producer (bulk),2,Final FG,Packing,,SFG0284,SFG,FG,FG
Smokey BBQ Cashew Bulk,cfpl,Flavouring + Roasting +Bulk Packaging,A: WIP producer (bulk),1,Create WIP,Create WIP: Roast & Flavour/Salt,Roast & Flavour/Salt,RM,RM,SFG0285,SFG
Smokey BBQ Cashew Bulk,cfpl,Flavouring + Roasting +Bulk Packaging,A: WIP producer (bulk),2,Final FG,Packing,,SFG0285,SFG,FG,FG
Smokey BBQ Coated Peanuts 200g,cfpl,Flavouring + Packaging,B: Transform->Pack (in-line),1,Create WIP,Create WIP: Roast & Flavour/Salt,Roast & Flavour/Salt,RM,RM,SFG0286,SFG
Smokey BBQ Coated Peanuts 200g,cfpl,Flavouring + Packaging,B: Transform->Pack (in-line),2,Final FG,Packing,,SFG0286,SFG,FG,FG
Smokey BBQ Coated Peanuts 70gm,cfpl,Flavouring + Packaging,B: Transform->Pack (in-line),1,Create WIP,Create WIP: Roast & Flavour/Salt,Roast & Flavour/Salt,RM,RM,SFG0286,SFG
Smokey BBQ Coated Peanuts 70gm,cfpl,Flavouring + Packaging,B: Transform->Pack (in-line),2,Final FG,Packing,,SFG0286,SFG,FG,FG
Snack Amor Diwali Gift Box 400gm,cfpl,Sorting + Roasting + Packaging,D: Pack-only,1,Final FG,Sorting + Packing,,RM,RM,FG,FG
Snack Amor Popcorn Makhana 55 Gm,cfpl,Flavouring + Packaging,B: Transform->Pack (in-line),1,Create WIP,Create WIP: Roast & Flavour/Salt,Roast & Flavour/Salt,RM,RM,SFG0287,SFG
Snack Amor Popcorn Makhana 55 Gm,cfpl,Flavouring + Packaging,B: Transform->Pack (in-line),2,Final FG,Packing,,SFG0287,SFG,FG,FG
Snack Amor Roasted Cashew 170 Gm,cfpl,Sorting + Packaging,C: Pack of existing SFG,1,Final FG,Packing,,SFG0340,SFG,FG,FG
Snackania Afghan Black Raisins 230g,cfpl,Sorting + Packaging,D: Pack-only,1,Final FG,Sorting + Packing,,RM,RM,FG,FG
Snackania Afghan Green Raisins 230g,cfpl,Sorting + Packaging,D: Pack-only,1,Final FG,Sorting + Packing,,RM,RM,FG,FG
Snackania Ajwa Dates 480g,cfpl,Sorting + Packaging,D: Pack-only,1,Final FG,Sorting + Packing,,RM,RM,FG,FG
Snackania American Almonds 480g,cfpl,Sorting + Packaging,D: Pack-only,1,Final FG,Sorting + Packing,,RM,RM,FG,FG
Snackania Blueberry 230g,cfpl,Sorting + Packaging,D: Pack-only,1,Final FG,Sorting + Packing,,RM,RM,FG,FG
Snackania California Pistachio Roasted & Salted 230g,cfpl,Flavouring + Packaging,B: Transform->Pack (in-line),1,Create WIP,Create WIP: Roast & Flavour/Salt,Roast & Flavour/Salt,RM,RM,SFG0288,SFG
Snackania California Pistachio Roasted & Salted 230g,cfpl,Flavouring + Packaging,B: Transform->Pack (in-line),2,Final FG,Packing,,SFG0288,SFG,FG,FG
Snackania Cashew 480g,cfpl,Sorting + Packaging,D: Pack-only,1,Final FG,Sorting + Packing,,RM,RM,FG,FG
Snackania Chile Walnut Kernel 230g,cfpl,Sorting + Packaging,D: Pack-only,1,Final FG,Sorting + Packing,,RM,RM,FG,FG
Snackania Cocktail Mix 480g,cfpl,Flavouring + Packaging,B: Transform->Pack (in-line),1,Create WIP,Create WIP: Roast & Flavour/Salt,Roast & Flavour/Salt,RM,RM,SFG0289,SFG
Snackania Cocktail Mix 480g,cfpl,Flavouring + Packaging,B: Transform->Pack (in-line),2,Final FG,Packing,,SFG0289,SFG,FG,FG
Snackania Cranberry 230g,cfpl,Sorting + Blanching + Slicing/Dicing/Slivering + Packaging,D: Pack-only,1,Final FG,Sorting + Packing,,RM,RM,FG,FG
Snackania Fard Dates Premium 480g,cfpl,Sorting + Packaging,D: Pack-only,1,Final FG,Sorting + Packing,,RM,RM,FG,FG
Snackania Green Chilli Cashew 230g,cfpl,Flavouring + Packaging,D: Pack-only,1,Final FG,Sorting + Packing,,RM,RM,FG,FG
Snackania Irani Pistachio Roasted & Salted 230g,cfpl,Flavouring + Packaging,B: Transform->Pack (in-line),1,Create WIP,Create WIP: Roast & Flavour/Salt,Roast & Flavour/Salt,RM,RM,SFG0290,SFG
Snackania Irani Pistachio Roasted & Salted 230g,cfpl,Flavouring + Packaging,B: Transform->Pack (in-line),2,Final FG,Packing,,SFG0290,SFG,FG,FG
Snackania Khalas Dates 480g,cfpl,Sorting + Packaging,D: Pack-only,1,Final FG,Sorting + Packing,,RM,RM,FG,FG
Snackania Safavi Dates 480g,cfpl,Sorting + Packaging,D: Pack-only,1,Final FG,Sorting + Packing,,RM,RM,FG,FG
Snacktive Green Chilli Cashew 250 gm,cfpl,Flavouring + Packaging,B: Transform->Pack (in-line),1,Create WIP,Create WIP: Roast & Flavour/Salt,Roast & Flavour/Salt,RM,RM,SFG0291,SFG
Snacktive Green Chilli Cashew 250 gm,cfpl,Flavouring + Packaging,B: Transform->Pack (in-line),2,Final FG,Packing,,SFG0291,SFG,FG,FG
Solimo Cashew 250g (B01LPY9PHI)-FBA,cfpl,Sorting + Packaging,D: Pack-only,1,Final FG,Sorting + Packing,,RM,RM,FG,FG
Solimo Cashew 500g (B01LPY9UG4) FBA,cfpl,Sorting + Packaging,D: Pack-only,1,Final FG,Sorting + Packing,,RM,RM,FG,FG
Solimo Dates 500g (B085NTZMVR),cfpl,Sorting + Packaging,D: Pack-only,1,Final FG,Sorting + Packing,,RM,RM,FG,FG
Solimo Fard Dates 500gm (B0CZ9MC4B3),cfpl,Sorting + Packaging,D: Pack-only,1,Final FG,Sorting + Packing,,RM,RM,FG,FG
Solimo Figs 500g (B084429DVD) FBA,cfpl,Sorting + Packaging,D: Pack-only,1,Final FG,Sorting + Packing,,RM,RM,FG,FG
Solimo Preimum Almonds 1kg (B01LPY9P2I) - FBA,cfpl,Sorting + Packaging,D: Pack-only,1,Final FG,Sorting + Packing,,RM,RM,FG,FG
Solimo Premium Almonds 250g ( B01LPY9XY8 ),cfpl,Sorting + Packaging,D: Pack-only,1,Final FG,Sorting + Packing,,RM,RM,FG,FG
Solimo Premium Dried Apricots 500g 9B07PZWP8Z1,cfpl,Sorting + Packaging,D: Pack-only,1,Final FG,Sorting + Packing,,RM,RM,FG,FG
Solimo Premium Hazelnuts 250g (B07MLDJKTP) FBA,cfpl,Sorting + Packaging,D: Pack-only,1,Final FG,Sorting + Packing,,RM,RM,FG,FG
Solimo Premium Macadamia Nuts 250g (B07MLD6WFQ),cfpl,Sorting + Roasting + Packaging,B: Transform->Pack (in-line),1,Create WIP,Create WIP: Roasting,Roasting,RM,RM,SFG0292,SFG
Solimo Premium Macadamia Nuts 250g (B07MLD6WFQ),cfpl,Sorting + Roasting + Packaging,B: Transform->Pack (in-line),2,Final FG,Packing,,SFG0292,SFG,FG,FG
"Solimo Premium Pecan Nuts, 250g (B07MF7K9HD)",cfpl,Flavouring + Packaging,D: Pack-only,1,Final FG,Sorting + Packing,,RM,RM,FG,FG
"Solimo Premium Pine Nuts, 250g (B07MF7FRRG)",cfpl,Sorting + Packaging,D: Pack-only,1,Final FG,Sorting + Packing,,RM,RM,FG,FG
Solimo Premium Pista Kernels - Plain 250g (B07Q1Z293G),cfpl,Sorting + Packaging,D: Pack-only,1,Final FG,Sorting + Packing,,RM,RM,FG,FG
Solimo Premium Raisin 250g (B01LPYAB9O),cfpl,Sorting + Packaging,D: Pack-only,1,Final FG,Sorting + Packing,,RM,RM,FG,FG
"Solimo Premium Raisins, 500 g (B07RJXW87Z)",cfpl,Sorting + Packaging,D: Pack-only,1,Final FG,Sorting + Packing,,RM,RM,FG,FG
Solimo Premium Walnut Kernal 250g (B0754LKDJ4),cfpl,Sorting + Packaging,D: Pack-only,1,Final FG,Sorting + Packing,,RM,RM,FG,FG
Solimo Premium Walnut Kernels - Broken 500g B07LF8HCLL,cfpl,Sorting + Packaging,C: Pack of existing SFG,1,Final FG,Packing,,SFG0333,SFG,FG,FG
Solimo Premium Walnut Kernels 500g (B07LFH2JNR),cfpl,Sorting + Packaging,D: Pack-only,1,Final FG,Sorting + Packing,,RM,RM,FG,FG
Solimo Premium Walnut Kernels 500g (Pack of 2) B07LF8HGDB,cfpl,Sorting + Packaging,D: Pack-only,1,Final FG,Sorting + Packing,,RM,RM,FG,FG
Solimo Walnut Kernels – Broken 500g (Pack of 2) B07LFJZR4G,cfpl,Sorting + Packaging,C: Pack of existing SFG,1,Final FG,Packing,,SFG0333,SFG,FG,FG
Sour & Cream Cashew Bulk,cfpl,Flavouring + Roasting +Bulk Packaging,A: WIP producer (bulk),1,Create WIP,Create WIP: Roast & Flavour/Salt,Roast & Flavour/Salt,RM,RM,SFG0293,SFG
Sour & Cream Cashew Bulk,cfpl,Flavouring + Roasting +Bulk Packaging,A: WIP producer (bulk),2,Final FG,Packing,,SFG0293,SFG,FG,FG
Stuffed Dates 1kg,cfpl,De-seeding + Stuffing + Packaging,B: Transform->Pack (in-line),1,Create WIP,Create WIP: De-Seeding + Stuffing,De-Seeding + Stuffing,RM,RM,SFG0294,SFG
Stuffed Dates 1kg,cfpl,De-seeding + Stuffing + Packaging,B: Transform->Pack (in-line),2,Final FG,Packing,,SFG0294,SFG,FG,FG
Stuffed Medjoul Large Pc,cfpl,De-seeding + Stuffing + Packaging,B: Transform->Pack (in-line),1,Create WIP,Create WIP: De-Seeding + Stuffing,De-Seeding + Stuffing,RM,RM,SFG0295,SFG
Stuffed Medjoul Large Pc,cfpl,De-seeding + Stuffing + Packaging,B: Transform->Pack (in-line),2,Final FG,Packing,,SFG0295,SFG,FG,FG
Stuffed Medjoul Large Pc with Almond,cfpl,De-seeding + Stuffing + Packaging,B: Transform->Pack (in-line),1,Create WIP,Create WIP: De-Seeding + Stuffing,De-Seeding + Stuffing,RM,RM,SFG0296,SFG
Stuffed Medjoul Large Pc with Almond,cfpl,De-seeding + Stuffing + Packaging,B: Transform->Pack (in-line),2,Final FG,Packing,,SFG0296,SFG,FG,FG
Stuffed Medjoul Large Pc with Dried Pomelo,cfpl,De-seeding + Stuffing + Packaging,B: Transform->Pack (in-line),1,Create WIP,Create WIP: De-Seeding + Stuffing,De-Seeding + Stuffing,RM,RM,SFG0297,SFG
Stuffed Medjoul Large Pc with Dried Pomelo,cfpl,De-seeding + Stuffing + Packaging,B: Transform->Pack (in-line),2,Final FG,Packing,,SFG0297,SFG,FG,FG
Stuffed Medjoul Large Pc with Hazel Nut,cfpl,De-seeding + Stuffing + Packaging,B: Transform->Pack (in-line),1,Create WIP,Create WIP: De-Seeding + Stuffing,De-Seeding + Stuffing,RM,RM,SFG0298,SFG
Stuffed Medjoul Large Pc with Hazel Nut,cfpl,De-seeding + Stuffing + Packaging,B: Transform->Pack (in-line),2,Final FG,Packing,,SFG0298,SFG,FG,FG
Stuffed Medjoul Large Pc with Macadamia,cfpl,De-seeding + Stuffing + Packaging,B: Transform->Pack (in-line),1,Create WIP,Create WIP: De-Seeding + Stuffing,De-Seeding + Stuffing,RM,RM,SFG0299,SFG
Stuffed Medjoul Large Pc with Macadamia,cfpl,De-seeding + Stuffing + Packaging,B: Transform->Pack (in-line),2,Final FG,Packing,,SFG0299,SFG,FG,FG
Stuffed Medjoul Large Pc with Orange Peel,cfpl,De-seeding + Stuffing + Packaging,B: Transform->Pack (in-line),1,Create WIP,Create WIP: De-Seeding + Stuffing,De-Seeding + Stuffing,RM,RM,SFG0300,SFG
Stuffed Medjoul Large Pc with Orange Peel,cfpl,De-seeding + Stuffing + Packaging,B: Transform->Pack (in-line),2,Final FG,Packing,,SFG0300,SFG,FG,FG
Stuffed Medjoul Large Pc with Pecan Nut,cfpl,De-seeding + Stuffing + Packaging,B: Transform->Pack (in-line),1,Create WIP,Create WIP: De-Seeding + Stuffing,De-Seeding + Stuffing,RM,RM,SFG0301,SFG
Stuffed Medjoul Large Pc with Pecan Nut,cfpl,De-seeding + Stuffing + Packaging,B: Transform->Pack (in-line),2,Final FG,Packing,,SFG0301,SFG,FG,FG
Stuffed Medjoul Large Pc with Pista,cfpl,De-seeding + Stuffing + Packaging,B: Transform->Pack (in-line),1,Create WIP,Create WIP: De-Seeding + Stuffing,De-Seeding + Stuffing,RM,RM,SFG0302,SFG
Stuffed Medjoul Large Pc with Pista,cfpl,De-seeding + Stuffing + Packaging,B: Transform->Pack (in-line),2,Final FG,Packing,,SFG0302,SFG,FG,FG
Sunflower Seed 100g (B07GR6G24J) FBA,cfpl,Sorting + Roasting + Packaging,B: Transform->Pack (in-line),1,Create WIP,Create WIP: Roasting,Roasting,RM,RM,SFG0303,SFG
Sunflower Seed 100g (B07GR6G24J) FBA,cfpl,Sorting + Roasting + Packaging,B: Transform->Pack (in-line),2,Final FG,Packing,,SFG0303,SFG,FG,FG
Sunflower Seeds 200g (B07GQNLN8S) FBA,cfpl,Sorting + Roasting + Packaging,D: Pack-only,1,Final FG,Sorting + Packing,,RM,RM,FG,FG
Sunflower Seeds Roasted,cfpl,Sorting + Roasting (Bulk Packaging,B: Transform->Pack (in-line),1,Create WIP,Create WIP: Roasting,Roasting,RM,RM,SFG0304,SFG
Sunflower Seeds Roasted,cfpl,Sorting + Roasting (Bulk Packaging,B: Transform->Pack (in-line),2,Final FG,Packing,,SFG0304,SFG,FG,FG
Sunflower Seeds Roasted and Salted,cfpl,Flavouring (Bulk Packaging,B: Transform->Pack (in-line),1,Create WIP,Create WIP: Roast & Flavour/Salt,Roast & Flavour/Salt,RM,RM,SFG0305,SFG
Sunflower Seeds Roasted and Salted,cfpl,Flavouring (Bulk Packaging,B: Transform->Pack (in-line),2,Final FG,Packing,,SFG0305,SFG,FG,FG
Tasties Brazil Nut - Gems Of South Africa 50 g,cfpl,Sorting + Packaging,D: Pack-only,1,Final FG,Sorting + Packing,,RM,RM,FG,FG
Tasties Chilli Almonds - Flavourful & Crunchy 75 g,cfpl,Sorting + Packaging,C: Pack of existing SFG,1,Final FG,Packing,,SFG0341,SFG,FG,FG
Tasties Chilli Garlic Cashew - Flavourful & Crunchy 75 g,cfpl,Sorting + Packaging,C: Pack of existing SFG,1,Final FG,Packing,,SFG0342,SFG,FG,FG
"Tasties Coated Peanuts - Pudina Patakha, Flavourful & Crispy 25 g",cfpl,Sorting + Packaging,C: Pack of existing SFG,1,Final FG,Packing,,SFG0334,SFG,FG,FG
"Tasties Coated Peanuts - Tandoori Masala, Flavourful & Crispy 25 g",cfpl,Flavouring + Packaging,B: Transform->Pack (in-line),1,Create WIP,Create WIP: Roast & Flavour/Salt,Roast & Flavour/Salt,RM,RM,SFG0306,SFG
"Tasties Coated Peanuts - Tandoori Masala, Flavourful & Crispy 25 g",cfpl,Flavouring + Packaging,B: Transform->Pack (in-line),2,Final FG,Packing,,SFG0306,SFG,FG,FG
"Tasties Coated Peanuts - Thai Spice, Flavourful & Crispy 25 g",cfpl,Flavouring + Packaging,B: Transform->Pack (in-line),1,Create WIP,Create WIP: Roast & Flavour/Salt,Roast & Flavour/Salt,RM,RM,SFG0307,SFG
"Tasties Coated Peanuts - Thai Spice, Flavourful & Crispy 25 g",cfpl,Flavouring + Packaging,B: Transform->Pack (in-line),2,Final FG,Packing,,SFG0307,SFG,FG,FG
Tasties Hazelnut - A Turkish Indulgence 50 g,cfpl,Sorting + Packaging,D: Pack-only,1,Final FG,Sorting + Packing,,RM,RM,FG,FG
Tasties Lemon Pepper Cashew - Flavourful & Crunchy 75 g,cfpl,Sorting + Packaging,C: Pack of existing SFG,1,Final FG,Packing,,SFG0177,SFG,FG,FG
Tasties Macadamia Nuts - From South Africa 50 g,cfpl,Sorting + Packaging,D: Pack-only,1,Final FG,Sorting + Packing,,RM,RM,FG,FG
Tasties Pecan Nuts - Iconic American Nut 50 g,cfpl,Flavouring + Packaging,D: Pack-only,1,Final FG,Sorting + Packing,,RM,RM,FG,FG
Tasties Peri Peri Cashew - Flavourful & Crunchy 75 g,cfpl,Sorting + Packaging,C: Pack of existing SFG,1,Final FG,Packing,,SFG0235,SFG,FG,FG
Tasties Pink Salted Pistachio - Flavourful & Crunchy 75 g,cfpl,Flavouring + Packaging,D: Pack-only,1,Final FG,Sorting + Packing,,RM,RM,FG,FG
Tasties Roasted Almonds With Pink Salt - Flavourful & Crunchy 75 g,cfpl,Sorting + Packaging,C: Pack of existing SFG,1,Final FG,Packing,,SFG0237,SFG,FG,FG
Tasties Smoked Almonds - Flavourful & Crunchy 75 g,cfpl,Sorting + Packaging,C: Pack of existing SFG,1,Final FG,Packing,,SFG0284,SFG,FG,FG
Tasties Trail Mix - Mixed Berries 75 g,cfpl,Sorting + Packaging,D: Pack-only,1,Final FG,Sorting + Packing,,RM,RM,FG,FG
Tasties Trail Mix - Mixed Dry Fruits 75 g,cfpl,Sorting + Packaging,D: Pack-only,1,Final FG,Sorting + Packing,,RM,RM,FG,FG
Tasties Trail Mix - Wholesome Nut Mix 75 g,cfpl,Sorting + Packaging,D: Pack-only,1,Final FG,Sorting + Packing,,RM,RM,FG,FG
Trail Mix,cfpl,Flavouring (Bulk Packaging,B: Transform->Pack (in-line),1,Create WIP,Create WIP: Roast & Flavour/Salt,Roast & Flavour/Salt,RM,RM,SFG0308,SFG
Trail Mix,cfpl,Flavouring (Bulk Packaging,B: Transform->Pack (in-line),2,Final FG,Packing,,SFG0308,SFG,FG,FG
Trail Mix - Every Health,cfpl,Flavouring (Bulk Packaging,B: Transform->Pack (in-line),1,Create WIP,Create WIP: Roast & Flavour/Salt,Roast & Flavour/Salt,RM,RM,SFG0309,SFG
Trail Mix - Every Health,cfpl,Flavouring (Bulk Packaging,B: Transform->Pack (in-line),2,Final FG,Packing,,SFG0309,SFG,FG,FG
Trail Mix Bulk,cfpl,Flavouring + Roasting +Bulk Packaging,B: Transform->Pack (in-line),1,Create WIP,Create WIP: Roast & Flavour/Salt,Roast & Flavour/Salt,RM,RM,SFG0308,SFG
Trail Mix Bulk,cfpl,Flavouring + Roasting +Bulk Packaging,B: Transform->Pack (in-line),2,Final FG,Packing,,SFG0308,SFG,FG,FG
Turkey Apricot No 1,cfpl,Sorting (Bulk Packaging,D: Pack-only,1,Final FG,Sorting + Packing,,RM,RM,FG,FG
Urban Platter Almond Blueberry Bar 45g,cfpl,Sorting + Blending + Bar Forming + Packaging,B: Transform->Pack (in-line),1,Create WIP,Create WIP: Blend & Form,Blend & Form,RM,RM,SFG0310,SFG
Urban Platter Almond Blueberry Bar 45g,cfpl,Sorting + Blending + Bar Forming + Packaging,B: Transform->Pack (in-line),2,Final FG,Packing,,SFG0310,SFG,FG,FG
Urban Platter Chocolate Vanilla Bar 45g,cfpl,Sorting + Blending + Bar Forming + Packaging,B: Transform->Pack (in-line),1,Create WIP,Create WIP: Blend & Form,Blend & Form,RM,RM,SFG0311,SFG
Urban Platter Chocolate Vanilla Bar 45g,cfpl,Sorting + Blending + Bar Forming + Packaging,B: Transform->Pack (in-line),2,Final FG,Packing,,SFG0311,SFG,FG,FG
Urban Platter Cranberry Orange Bar 45g,cfpl,Sorting + Blending + Bar Forming + Packaging,B: Transform->Pack (in-line),1,Create WIP,Create WIP: Blend & Form,Blend & Form,RM,RM,SFG0312,SFG
Urban Platter Cranberry Orange Bar 45g,cfpl,Sorting + Blending + Bar Forming + Packaging,B: Transform->Pack (in-line),2,Final FG,Packing,,SFG0312,SFG,FG,FG
Urban Platter Mocha Bar 45g,cfpl,Sorting + Blending + Bar Forming + Packaging,B: Transform->Pack (in-line),1,Create WIP,Create WIP: Blend & Form,Blend & Form,RM,RM,SFG0313,SFG
Urban Platter Mocha Bar 45g,cfpl,Sorting + Blending + Bar Forming + Packaging,B: Transform->Pack (in-line),2,Final FG,Packing,,SFG0313,SFG,FG,FG
Urban Platter Panchmewa,cfpl,Sorting + Packaging,D: Pack-only,1,Final FG,Sorting + Packing,,RM,RM,FG,FG
Vedaka Almonds 100g (B07GQZ7ZTZ) FBA,cfpl,Sorting + Packaging,C: Pack of existing SFG,1,Final FG,Packing,,SFG0343,SFG,FG,FG
Vedaka Almonds 1kg (B07GQNM6N2),cfpl,Sorting + Packaging,C: Pack of existing SFG,1,Final FG,Packing,,SFG0343,SFG,FG,FG
Vedaka Almonds 500g (B07GQNQNJG),cfpl,Sorting + Packaging,C: Pack of existing SFG,1,Final FG,Packing,,SFG0343,SFG,FG,FG
"Vedaka Almonds, Raisins, Cashews, and Pista (4 X 200 gm)B0BVVV1SMF",cfpl,Sorting + Packaging,D: Pack-only,1,Final FG,Sorting + Packing,,RM,RM,FG,FG
Vedaka Black Raisins - 500g (B0D9P37XTT),cfpl,Sorting + Packaging,D: Pack-only,1,Final FG,Sorting + Packing,,RM,RM,FG,FG
Vedaka Black pepper Cashew 200g (B0BTHWW69R),cfpl,Sorting + Packaging,C: Pack of existing SFG,1,Final FG,Packing,,SFG0024,SFG,FG,FG
Vedaka Broken Cashew 1kg (B0D9NZYHDC),cfpl,Sorting + Blanching + Slicing/Dicing/Slivering + Packaging,B: Transform->Pack (in-line),1,Create WIP,Create WIP: Blanch & Slice,Blanch & Slice,RM,RM,SFG0314,SFG
Vedaka Broken Cashew 1kg (B0D9NZYHDC),cfpl,Sorting + Blanching + Slicing/Dicing/Slivering + Packaging,B: Transform->Pack (in-line),2,Final FG,Packing,,SFG0314,SFG,FG,FG
Vedaka Cashew 200g (B07GQZSS48),cfpl,Sorting + Packaging,D: Pack-only,1,Final FG,Sorting + Packing,,RM,RM,FG,FG
Vedaka Cashews - Broken 500g (B0D9NYHTG1),cfpl,Sorting + Blanching + Slicing/Dicing/Slivering + Packaging,B: Transform->Pack (in-line),1,Create WIP,Create WIP: Blanch & Slice,Blanch & Slice,RM,RM,SFG0315,SFG
Vedaka Cashews - Broken 500g (B0D9NYHTG1),cfpl,Sorting + Blanching + Slicing/Dicing/Slivering + Packaging,B: Transform->Pack (in-line),2,Final FG,Packing,,SFG0315,SFG,FG,FG
Vedaka Dried Figs - 250g (B0D9NZ5GFV),cfpl,Sorting + Packaging,D: Pack-only,1,Final FG,Sorting + Packing,,RM,RM,FG,FG
Vedaka Dry Dates powder 250gm (B0DRDCLY1Q),cfpl,Packaging,D: Pack-only,1,Final FG,Sorting + Packing,,RM,RM,FG,FG
Vedaka Dry Dates powder 500g (B0DRD9F8G2),cfpl,Packaging,D: Pack-only,1,Final FG,Sorting + Packing,,RM,RM,FG,FG
Vedaka Dry Fruit Combo - Almonds and Cashews (2 X 200 gm) (B0BVVRS2N7),cfpl,Sorting + Packaging,D: Pack-only,1,Final FG,Sorting + Packing,,RM,RM,FG,FG
Vedaka Dry Fruit Combo - Almonds and Raisins (2 X 200 gm) (B0BTHYWT53),cfpl,Sorting + Packaging,D: Pack-only,1,Final FG,Sorting + Packing,,RM,RM,FG,FG
Vedaka Dry Fruit Combo - Raisins and Cashews (2 X 200 gm) (B0BVVVGN99),cfpl,Sorting + Packaging,D: Pack-only,1,Final FG,Sorting + Packing,,RM,RM,FG,FG
Vedaka Fard Dates (Omani) - (500gm x 2) (B0D9NZY7RK),cfpl,Sorting + Packaging,D: Pack-only,1,Final FG,Sorting + Packing,,RM,RM,FG,FG
Vedaka Fresh Dates 500g (102219254),cfpl,Sorting + Packaging,D: Pack-only,1,Final FG,Sorting + Packing,,RM,RM,FG,FG
Vedaka Fresh Dates 500gm (Pack of 2) [B0D9P11T76],cfpl,Sorting + Packaging,D: Pack-only,1,Final FG,Sorting + Packing,,RM,RM,FG,FG
Vedaka Healthy Seed Mix 200gm(B0B69L57PV),cfpl,Flavouring + Packaging,B: Transform->Pack (in-line),1,Create WIP,Create WIP: Roast & Flavour/Salt,Roast & Flavour/Salt,RM,RM,SFG0316,SFG
Vedaka Healthy Seed Mix 200gm(B0B69L57PV),cfpl,Flavouring + Packaging,B: Transform->Pack (in-line),2,Final FG,Packing,,SFG0316,SFG,FG,FG
Vedaka Peri Peri Cashew 200g (B0BVVRRYVC),cfpl,Sorting + Packaging,C: Pack of existing SFG,1,Final FG,Packing,,SFG0235,SFG,FG,FG
Vedaka Popular Cashew Broken 100g FBA(B07GR3S1RL),cfpl,Sorting + Blanching + Slicing/Dicing/Slivering + Packaging,B: Transform->Pack (in-line),1,Create WIP,Create WIP: Blanch & Slice,Blanch & Slice,RM,RM,SFG0317,SFG
Vedaka Popular Cashew Broken 100g FBA(B07GR3S1RL),cfpl,Sorting + Blanching + Slicing/Dicing/Slivering + Packaging,B: Transform->Pack (in-line),2,Final FG,Packing,,SFG0317,SFG,FG,FG
Vedaka Popular Cashew Broken 200g FBA(B07GQWS1BS),cfpl,Sorting + Blanching + Slicing/Dicing/Slivering + Packaging,B: Transform->Pack (in-line),1,Create WIP,Create WIP: Blanch & Slice,Blanch & Slice,RM,RM,SFG0317,SFG
Vedaka Popular Cashew Broken 200g FBA(B07GQWS1BS),cfpl,Sorting + Blanching + Slicing/Dicing/Slivering + Packaging,B: Transform->Pack (in-line),2,Final FG,Packing,,SFG0317,SFG,FG,FG
"Vedaka Popular Raisins, 1 kg (B07GR82XJR)",cfpl,Sorting + Packaging,D: Pack-only,1,Final FG,Sorting + Packing,,RM,RM,FG,FG
"Vedaka Popular Raisins, 100 g (B07GRBFFMS)",cfpl,Sorting + Packaging,D: Pack-only,1,Final FG,Sorting + Packing,,RM,RM,FG,FG
Vedaka Premium Black Raisins 100g B07GQVNVV8,cfpl,Sorting + Packaging,D: Pack-only,1,Final FG,Sorting + Packing,,RM,RM,FG,FG
Vedaka Premium Black Raisins 200g (B07GR346FX),cfpl,Sorting + Packaging,D: Pack-only,1,Final FG,Sorting + Packing,,RM,RM,FG,FG
Vedaka Premium Blueberries 1kg (B07GR82XK8),cfpl,Sorting + Packaging,D: Pack-only,1,Final FG,Sorting + Packing,,RM,RM,FG,FG
Vedaka Premium Blueberries 200g (B07GQWST7K),cfpl,Sorting + Packaging,D: Pack-only,1,Final FG,Sorting + Packing,,RM,RM,FG,FG
Vedaka Premium Dry Fruits Combo 1000 gm Gift Box ( B0BBDP8GR2 ),cfpl,Sorting + Roasting + Packaging,D: Pack-only,1,Final FG,Sorting + Packing,,RM,RM,FG,FG
Vedaka Premium Flavored Dry Fruits 500 gm Gift Box (B0CGVC7DF2),cfpl,Flavouring + Packaging,B: Transform->Pack (in-line),1,Create WIP,Create WIP: Roast & Flavour/Salt,Roast & Flavour/Salt,RM,RM,SFG0318,SFG
Vedaka Premium Flavored Dry Fruits 500 gm Gift Box (B0CGVC7DF2),cfpl,Flavouring + Packaging,B: Transform->Pack (in-line),2,Final FG,Packing,,SFG0318,SFG,FG,FG
Vedaka Premium Inshell Walnuts 500g (Pack of 2)B07MSXKDNQ,cfpl,Sorting + Packaging,D: Pack-only,1,Final FG,Sorting + Packing,,RM,RM,FG,FG
Vedaka Premium Inshell Walnuts 500g(B07LFJZR46),cfpl,Sorting + Packaging,D: Pack-only,1,Final FG,Sorting + Packing,,RM,RM,FG,FG
Vedaka Premium Roasted and Salted Almonds 200g B07GR346FM,cfpl,Flavouring + Packaging,D: Pack-only,1,Final FG,Sorting + Packing,,RM,RM,FG,FG
Vedaka Premium Roasted and Salted Almonds100g B07GQQJP1N,cfpl,Flavouring + Packaging,D: Pack-only,1,Final FG,Sorting + Packing,,RM,RM,FG,FG
Vedaka Premium Sunflower Seeds 500g (B07GR2G67L),cfpl,Sorting + Roasting + Packaging,B: Transform->Pack (in-line),1,Create WIP,Create WIP: Roasting,Roasting,RM,RM,SFG0319,SFG
Vedaka Premium Sunflower Seeds 500g (B07GR2G67L),cfpl,Sorting + Roasting + Packaging,B: Transform->Pack (in-line),2,Final FG,Packing,,SFG0319,SFG,FG,FG
Vedaka Premium Whole Cranberries 100g B07GR24VMV,cfpl,Sorting + Packaging,D: Pack-only,1,Final FG,Sorting + Packing,,RM,RM,FG,FG
Vedaka Premium Whole Cranberries 1kg (B07GR8351K),cfpl,Sorting + Packaging,D: Pack-only,1,Final FG,Sorting + Packing,,RM,RM,FG,FG
Vedaka Premium Whole Cranberries 200g (B07GR2G678),cfpl,Sorting + Packaging,D: Pack-only,1,Final FG,Sorting + Packing,,RM,RM,FG,FG
Vedaka Premium Whole Cranberries 500g (B07GQS1669),cfpl,Sorting + Packaging,D: Pack-only,1,Final FG,Sorting + Packing,,RM,RM,FG,FG
Vedaka Raw Flaxseed 1kg (B0D9NZS3JT),cfpl,Sorting + Packaging,D: Pack-only,1,Final FG,Sorting + Packing,,RM,RM,FG,FG
Vedaka Roasted and Salted California Pistachios 500g (B0D9NY8F36),cfpl,Flavouring + Packaging,D: Pack-only,1,Final FG,Sorting + Packing,,RM,RM,FG,FG
Vedaka Salted Peanuts - 200g (B0CZ9GZ9F2),cfpl,Flavouring + Packaging,B: Transform->Pack (in-line),1,Create WIP,Create WIP: Roast & Flavour/Salt,Roast & Flavour/Salt,RM,RM,SFG0320,SFG
Vedaka Salted Peanuts - 200g (B0CZ9GZ9F2),cfpl,Flavouring + Packaging,B: Transform->Pack (in-line),2,Final FG,Packing,,SFG0320,SFG,FG,FG
Vedaka Salted Peanuts 200 gm (102219262),cfpl,Flavouring + Packaging,B: Transform->Pack (in-line),1,Create WIP,Create WIP: Roast & Flavour/Salt,Roast & Flavour/Salt,RM,RM,SFG0320,SFG
Vedaka Salted Peanuts 200 gm (102219262),cfpl,Flavouring + Packaging,B: Transform->Pack (in-line),2,Final FG,Packing,,SFG0320,SFG,FG,FG
Vedaka Turkish Dried Apricots (500gm x 2) (B0D9P1DS9Q),cfpl,Sorting + Packaging,D: Pack-only,1,Final FG,Sorting + Packing,,RM,RM,FG,FG
Vedaka Whole California Pista Kernels 500gm [B0D9NY1V9X],cfpl,Sorting + Packaging,D: Pack-only,1,Final FG,Sorting + Packing,,RM,RM,FG,FG
Vedaka Whole Cashews (Grade W320) 1kg (B0D9NY9M32),cfpl,Sorting + Packaging,D: Pack-only,1,Final FG,Sorting + Packing,,RM,RM,FG,FG
Walnut Flavoured Salt & Pepper (Quarters) Loose,cfpl,Flavouring (Bulk Packaging,B: Transform->Pack (in-line),1,Create WIP,Create WIP: Roast & Flavour/Salt,Roast & Flavour/Salt,RM,RM,SFG0321,SFG
Walnut Flavoured Salt & Pepper (Quarters) Loose,cfpl,Flavouring (Bulk Packaging,B: Transform->Pack (in-line),2,Final FG,Packing,,SFG0321,SFG,FG,FG
Walnut Tukda,cfpl,Sorting (Bulk Packaging,D: Pack-only,1,Final FG,Sorting + Packing,,RM,RM,FG,FG
Wasabi Makhana,cfpl,Sorting (Bulk Packaging,D: Pack-only,1,Final FG,Sorting + Packing,,RM,RM,FG,FG
Watermelon Seeds Roasted,cfpl,Sorting + Roasting (Bulk Packaging,B: Transform->Pack (in-line),1,Create WIP,Create WIP: Roasting,Roasting,RM,RM,SFG0322,SFG
Watermelon Seeds Roasted,cfpl,Sorting + Roasting (Bulk Packaging,B: Transform->Pack (in-line),2,Final FG,Packing,,SFG0322,SFG,FG,FG
Wheat Starch - TPL,cfpl,Sorting (Bulk Packaging,D: Pack-only,1,Final FG,Sorting + Packing,,RM,RM,FG,FG
White Almond Draggies,cfpl,Sorting + Roasting + Chocolate (Bulk Packaging,B: Transform->Pack (in-line),1,Create WIP,Create WIP: Roasting + Enrobe / Choco-Coat,Roasting + Enrobe / Choco-Coat,RM,RM,SFG0323,SFG
White Almond Draggies,cfpl,Sorting + Roasting + Chocolate (Bulk Packaging,B: Transform->Pack (in-line),2,Final FG,Packing,,SFG0323,SFG,FG,FG
Wholesome Millet LadduBar Pack of 6,cfpl,Sorting + Blending + Bar Forming + Packaging,D: Pack-only,1,Final FG,Sorting + Packing,,RM,RM,FG,FG
Wholesome millet laddu bar 35gm,cfpl,Sorting + Blending + Bar Forming + Packaging,B: Transform->Pack (in-line),1,Create WIP,Create WIP: Blend & Form,Blend & Form,RM,RM,SFG0324,SFG
Wholesome millet laddu bar 35gm,cfpl,Sorting + Blending + Bar Forming + Packaging,B: Transform->Pack (in-line),2,Final FG,Packing,,SFG0324,SFG,FG,FG
YUMASANA CASHEWS- BARBEQUE 150g,cfpl,Sorting + Packaging,C: Pack of existing SFG,1,Final FG,Packing,,SFG0019,SFG,FG,FG
YUMASANA CASHEWS- PEPPER 150g,cfpl,Sorting + Packaging,C: Pack of existing SFG,1,Final FG,Packing,,SFG0024,SFG,FG,FG
YUMASANA CASHEWS- SALTED 150g,cfpl,Sorting + Packaging,C: Pack of existing SFG,1,Final FG,Packing,,SFG0262,SFG,FG,FG
YUMASANA CASHEWS- SOUR CREAM 150g,cfpl,Sorting + Packaging,C: Pack of existing SFG,1,Final FG,Packing,,SFG0293,SFG,FG,FG
YUMASANA COATED PEANUTS - BARB EQUE 150g,cfpl,Flavouring + Packaging,B: Transform->Pack (in-line),1,Create WIP,Create WIP: Roast & Flavour/Salt,Roast & Flavour/Salt,RM,RM,SFG0325,SFG
YUMASANA COATED PEANUTS - BARB EQUE 150g,cfpl,Flavouring + Packaging,B: Transform->Pack (in-line),2,Final FG,Packing,,SFG0325,SFG,FG,FG
YUMASANA COATED PEANUTS - CHILLI GARLIC 150g,cfpl,Flavouring + Packaging,B: Transform->Pack (in-line),1,Create WIP,Create WIP: Roast & Flavour/Salt,Roast & Flavour/Salt,RM,RM,SFG0326,SFG
YUMASANA COATED PEANUTS - CHILLI GARLIC 150g,cfpl,Flavouring + Packaging,B: Transform->Pack (in-line),2,Final FG,Packing,,SFG0326,SFG,FG,FG
YUMASANA COATED PEANUTS - PERI PERI 150g,cfpl,Flavouring + Packaging,B: Transform->Pack (in-line),1,Create WIP,Create WIP: Roast & Flavour/Salt,Roast & Flavour/Salt,RM,RM,SFG0327,SFG
YUMASANA COATED PEANUTS - PERI PERI 150g,cfpl,Flavouring + Packaging,B: Transform->Pack (in-line),2,Final FG,Packing,,SFG0327,SFG,FG,FG
YUMASANA COATED PEANUTS - THAI CHILLI 150g,cfpl,Flavouring + Packaging,B: Transform->Pack (in-line),1,Create WIP,Create WIP: Roast & Flavour/Salt,Roast & Flavour/Salt,RM,RM,SFG0328,SFG
YUMASANA COATED PEANUTS - THAI CHILLI 150g,cfpl,Flavouring + Packaging,B: Transform->Pack (in-line),2,Final FG,Packing,,SFG0328,SFG,FG,FG
YUMSANA CHOCO HAZELNUT SPREAD 340GM,cfpl,Sorting + Packaging,D: Pack-only,1,Final FG,Sorting + Packing,,RM,RM,FG,FG
Zorro Maple Glazed Pecans 100g,cfpl,Flavouring + Packaging,B: Transform->Pack (in-line),1,Create WIP,Create WIP: Roast & Flavour/Salt,Roast & Flavour/Salt,RM,RM,SFG0329,SFG
Zorro Maple Glazed Pecans 100g,cfpl,Flavouring + Packaging,B: Transform->Pack (in-line),2,Final FG,Packing,,SFG0329,SFG,FG,FG
Zorro Pecan 100g,cfpl,Flavouring + Packaging,D: Pack-only,1,Final FG,Sorting + Packing,,RM,RM,FG,FG
Zorro Pecan Grain Free Granola 100g,cfpl,Flavouring + Packaging,B: Transform->Pack (in-line),1,Create WIP,Create WIP: Roast & Flavour/Salt,Roast & Flavour/Salt,RM,RM,SFG0330,SFG
Zorro Pecan Grain Free Granola 100g,cfpl,Flavouring + Packaging,B: Transform->Pack (in-line),2,Final FG,Packing,,SFG0330,SFG,FG,FG
Zorro Roasted & Lightly Salted Pecans 100g,cfpl,Flavouring + Packaging,B: Transform->Pack (in-line),1,Create WIP,Create WIP: Roast & Flavour/Salt,Roast & Flavour/Salt,RM,RM,SFG0331,SFG
Zorro Roasted & Lightly Salted Pecans 100g,cfpl,Flavouring + Packaging,B: Transform->Pack (in-line),2,Final FG,Packing,,SFG0331,SFG,FG,FG
Zorro Sweet & Spicy Pecan 100g,cfpl,Flavouring + Packaging,B: Transform->Pack (in-line),1,Create WIP,Create WIP: Roast & Flavour/Salt,Roast & Flavour/Salt,RM,RM,SFG0332,SFG
Zorro Sweet & Spicy Pecan 100g,cfpl,Flavouring + Packaging,B: Transform->Pack (in-line),2,Final FG,Packing,,SFG0332,SFG,FG,FG
snack amor Coated Peanuts Pudina Patakha 100g,cfpl,Sorting + Packaging,C: Pack of existing SFG,1,Final FG,Packing,,SFG0334,SFG,FG,FG
