fg_name,cycle_archetype,final_stage_label,input_code,input_sfg_article,input_kind
3 Jar Jute Bag Gift Hamper,D: Pack-only,Sorting + Packing,RM,,RM
3pcs date balls with blister,B: Transform->Pack (in-line),Packing,SFG0135,3pcs date balls with blister · WIP · BlendForm,SFG
4 PET WOODEN BOX WITH LID HAMPER,D: Pack-only,Sorting + Packing,RM,,RM
5 Grain Cereal 35gm,B: Transform->Pack (in-line),Packing,SFG0001,5 Grain Cereal · WIP · BlendForm,SFG
5 Grain Cereal 50 GM,B: Transform->Pack (in-line),Packing,SFG0002,5 Grain Cereal · WIP · Roast,SFG
AL BARAKAH DATES SYRUP (400G Packing),D: Pack-only,Sorting + Packing,RM,,RM
AL BARAKAH FARD DATES PREMIUM - 500g,D: Pack-only,Sorting + Packing,RM,,RM
AL BARAKAH KHALAS DATES 1KG,D: Pack-only,Sorting + Packing,RM,,RM
AL BARAKAH KHALAS DATES 500 Gm,D: Pack-only,Sorting + Packing,RM,,RM
AL BARAKAH KHALAS DATES SEEDLESS 350GM,B: Transform->Pack (in-line),Packing,SFG0005,AL BARAKAH KHALAS DATES SEEDLESS · WIP · DeSeed,SFG
AL BARAKAH PREMIUM SEEDLESS DATES 500G,B: Transform->Pack (in-line),Packing,SFG0006,AL BARAKAH PREMIUM SEEDLESS DATES · WIP · DeSeed,SFG
AL BARAKAH SAFAVI DATES 500gm,D: Pack-only,Sorting + Packing,RM,,RM
Abjosh (Munakka) 100gm,D: Pack-only,Sorting + Packing,RM,,RM
Afghan Black Raisins Seedless 1*1,D: Pack-only,Sorting + Packing,RM,,RM
Afghan Raisins 1*1 Green round,D: Pack-only,Sorting + Packing,RM,,RM
Al Barakah Ajwa Dates 400gm,D: Pack-only,Sorting + Packing,RM,,RM
Al Barakah Dates Arabian 400g,D: Pack-only,Sorting + Packing,RM,,RM
Al Barakah Dates Arabian 500g,D: Pack-only,Sorting + Packing,RM,,RM
Al Barakah Dates Golden 500g,D: Pack-only,Sorting + Packing,RM,,RM
Al Barakah Dates Oman Seedless 1kg,B: Transform->Pack (in-line),Packing,SFG0003,Al Barakah Dates Oman Seedless · WIP · DeSeed,SFG
Al Barakah Dates Safavi 400g,D: Pack-only,Sorting + Packing,RM,,RM
Al Barakah Dates Safavi Seedless 400g,B: Transform->Pack (in-line),Packing,SFG0004,Al Barakah Dates Safavi Seedless · WIP · DeSeed,SFG
Al Barakah Dehydrated Date Powder 250g,D: Pack-only,Sorting + Packing,RM,,RM
Al Barakah Emirate Dates 500gm,D: Pack-only,Sorting + Packing,RM,,RM
Al Barakah Fard Dates 400g,D: Pack-only,Sorting + Packing,RM,,RM
Al Barakah Khalas Dates 400g,D: Pack-only,Sorting + Packing,RM,,RM
Al Barakah Khanezi Dates 500 GM,D: Pack-only,Sorting + Packing,RM,,RM
Al Barakah Khenaizi Dates 400g,D: Pack-only,Sorting + Packing,RM,,RM
Al Barakah Kimia Dates 500 Gm,D: Pack-only,Sorting + Packing,RM,,RM
Al Barakah Medjoul Dates 500Gm,D: Pack-only,Sorting + Packing,RM,,RM
Al Barakah Oman Dates 400g,D: Pack-only,Sorting + Packing,RM,,RM
Al Barakah Oman Dates 500gm Tub,D: Pack-only,Sorting + Packing,RM,,RM
Al Barakah Premium Medjool 800gm,D: Pack-only,Sorting + Packing,RM,,RM
Almond Apricot and Seeds Date Balls 48 gms,B: Transform->Pack (in-line),Packing,SFG0007,Almond Apricot and Seeds Date Balls · WIP · BlendForm,SFG
Almond Blanched Sliced,C: Pack of existing SFG,Packing,SFG0008,"Almond Blanched, whole",SFG
"Almond Blanched, whole",A: WIP producer (bulk),Packing,SFG0008,"Almond Blanched, whole",SFG
Almond Cranberry Black currant and seeds Date Balls 48 gms,B: Transform->Pack (in-line),Packing,SFG0009,Almond Cranberry Black currant and seeds Date Balls · WIP · BlendForm,SFG
Almond Kernal 150gm,D: Pack-only,Sorting + Packing,RM,,RM
Almond Kernal 450gm,D: Pack-only,Sorting + Packing,RM,,RM
Almond Masala,B: Transform->Pack (in-line),Packing,SFG0010,Almond Masala · WIP · RoastFlav,SFG
Almond Peri Peri,B: Transform->Pack (in-line),Packing,SFG0011,Almond Peri Peri · WIP · RoastFlav,SFG
Almond Roasted,D: Pack-only,Sorting + Packing,RM,,RM
Almond Selected 230g,D: Pack-only,Sorting + Packing,RM,,RM
Almond Sliced,A: WIP producer (bulk),Packing,SFG0012,Almond Sliced,SFG
Almonds Kernel Cube Cut,B: Transform->Pack (in-line),Packing,SFG0013,Almonds Kernel Cube Cut · WIP · BlanchSlice,SFG
Amary Dates 250g (1356293),D: Pack-only,Sorting + Packing,RM,,RM
Amazon Brand - Vedaka Premium Dry Fruits Combo 400 gm Gift Box ( B0BBDJMLYR ),D: Pack-only,Sorting + Packing,RM,,RM
Amazon Brand - Vedaka Raw Sunflower Seeds 1 Kg B0D9P1N25J,B: Transform->Pack (in-line),Packing,SFG0014,Amazon Brand - Vedaka Raw Sunflower Seeds · WIP · Roast,SFG
Amazon Brand Nuts Berries and Seed Mix 200g (B0B69J57QV),B: Transform->Pack (in-line),Packing,SFG0015,Amazon Brand Nuts Berries and Seed Mix · WIP · Roast,SFG
Amazon Brand Vedaka Dryfruits and Berries Mix 200g (B0B69KXW9J),B: Transform->Pack (in-line),Packing,SFG0016,Amazon Brand Vedaka Dryfruits and Berries Mix · WIP · Roast,SFG
Amazon Brand Vedaka Dryfruits and Nut Mix 200g (B0B69KB4GB),B: Transform->Pack (in-line),Packing,SFG0017,Amazon Brand Vedaka Dryfruits and Nut Mix · WIP · Roast,SFG
Amazon Brand- Vedaka Dry Dates powder 200g,D: Pack-only,Sorting + Packing,RM,,RM
American Almonds (23-25 Count),D: Pack-only,Sorting + Packing,RM,,RM
American Almonds (24-25 Count),D: Pack-only,Sorting + Packing,RM,,RM
American Almonds Running 25-27 count,D: Pack-only,Sorting + Packing,RM,,RM
American Almonds Tukda,D: Pack-only,Sorting + Packing,RM,,RM
Anjeer (Figs),D: Pack-only,Sorting + Packing,RM,,RM
Anjeer 1*2 75gm,D: Pack-only,Sorting + Packing,RM,,RM
Antioxidant Mix 33gm,B: Transform->Pack (in-line),Packing,SFG0018,Antioxidant Mix · WIP · Roast,SFG
Antioxidant Mix 35gm,B: Transform->Pack (in-line),Packing,SFG0018,Antioxidant Mix · WIP · Roast,SFG
Apricot Kernel,D: Pack-only,Sorting + Packing,RM,,RM
Ar Barakah Fard Dates 1kg,D: Pack-only,Sorting + Packing,RM,,RM
Azmah Dates 500 Gms (110002703),D: Pack-only,Sorting + Packing,RM,,RM
BB Royal Ajwa Dates 500g,D: Pack-only,Sorting + Packing,RM,,RM
BB Royal Black Current 250g,D: Pack-only,Sorting + Packing,RM,,RM
BB Royal Dates - Ajwa 250g,D: Pack-only,Sorting + Packing,RM,,RM
BB Royal Dates - Deri 500 g,D: Pack-only,Sorting + Packing,RM,,RM
BB Royal Dates - Golden 500 g,D: Pack-only,Sorting + Packing,RM,,RM
BB Royal Dates - Mazafati 250g,D: Pack-only,Sorting + Packing,RM,,RM
BB Royal Dates - Medjool 250g,D: Pack-only,Sorting + Packing,RM,,RM
BB Royal Dates - Omani 250g,D: Pack-only,Sorting + Packing,RM,,RM
"BB Royal Dates - Red, Seedless 250 g",B: Transform->Pack (in-line),Packing,SFG0022,"BB Royal Dates - Red, Seedless · WIP · DeSeed",SFG
BB Royal Dates - Safawi 250g,D: Pack-only,Sorting + Packing,RM,,RM
BB Royal Dates - Zahidi 500 g,D: Pack-only,Sorting + Packing,RM,,RM
BB Royal Dried Blue Berries 100g,D: Pack-only,Sorting + Packing,RM,,RM
BB Royal Dried Blue Berries 250g,D: Pack-only,Sorting + Packing,RM,,RM
BB Royal Dried Cran Berries 100g,D: Pack-only,Sorting + Packing,RM,,RM
BB Royal Dried Cran Berry 250g,D: Pack-only,Sorting + Packing,RM,,RM
BB Royal Mazafati Dates 500g,D: Pack-only,Sorting + Packing,RM,,RM
BB Royal Medjool Dates 500g,D: Pack-only,Sorting + Packing,RM,,RM
BB Royal Red Dates - With Seeds 500gm,D: Pack-only,Sorting + Packing,RM,,RM
BB Royal Safavi Dates 500g,D: Pack-only,Sorting + Packing,RM,,RM
BBroyal Black Current 100g,D: Pack-only,Sorting + Packing,RM,,RM
BLACK PEPPER CASHEW,C: Pack of existing SFG,Packing,SFG0024,Black Pepper Cashew Bulk,SFG
BLISSFUL CELEBRATION 360gm,D: Pack-only,Sorting + Packing,RM,,RM
Banarasi Box Hamper 03,D: Pack-only,Sorting + Packing,RM,,RM
Barbeque Almonds,D: Pack-only,Sorting + Packing,RM,,RM
Barbeque Cashew,C: Pack of existing SFG,Packing,SFG0019,Barbeque Cashew Bulk,SFG
Barbeque Cashew Bulk,A: WIP producer (bulk),Packing,SFG0019,Barbeque Cashew Bulk,SFG
Barbeque Macadamia,B: Transform->Pack (in-line),Packing,SFG0020,Barbeque Macadamia · WIP · RoastFlav,SFG
Barbeque Makhana,B: Transform->Pack (in-line),Packing,SFG0021,Barbeque Makhana · WIP · RoastFlav,SFG
Bb Royal Omani Dates 500gm,D: Pack-only,Sorting + Packing,RM,,RM
Berry Mix,D: Pack-only,Sorting + Packing,RM,,RM
Black Pepper Almonds,B: Transform->Pack (in-line),Packing,SFG0023,Black Pepper Almonds · WIP · RoastFlav,SFG
Black Pepper Cashew Bulk,A: WIP producer (bulk),Packing,SFG0024,Black Pepper Cashew Bulk,SFG
Black Pepper Macadamia Trail Mix,B: Transform->Pack (in-line),Packing,SFG0025,Black Pepper Macadamia Trail Mix · WIP · RoastFlav,SFG
Black Pepper Nutty Seed Mix 250gm,B: Transform->Pack (in-line),Packing,SFG0026,Black Pepper Nutty Seed Mix · WIP · RoastFlav,SFG
Black Pepper Pecannut,B: Transform->Pack (in-line),Packing,SFG0027,Black Pepper Pecannut · WIP · RoastFlav,SFG
Blackcurrant Date Balls 48 gms,B: Transform->Pack (in-line),Packing,SFG0028,Blackcurrant Date Balls · WIP · BlendForm,SFG
Blueberries 230g,D: Pack-only,Sorting + Packing,RM,,RM
Blueberries 75gm,D: Pack-only,Sorting + Packing,RM,,RM
Booster Berries 33gm,D: Pack-only,Sorting + Packing,RM,,RM
Booster Berries 35gm,D: Pack-only,Sorting + Packing,RM,,RM
Brazil Nuts,D: Pack-only,Sorting + Packing,RM,,RM
Breakfast Mix Bulk,B: Transform->Pack (in-line),Packing,SFG0029,Breakfast Mix Bulk · WIP · RoastFlav,SFG
CA GOA PRE CASHEW 230GM/P,D: Pack-only,Sorting + Packing,RM,,RM
CA INDIAN PREMIUM QUALITY RAISINS 150/P,D: Pack-only,Sorting + Packing,RM,,RM
CA PREMIUM ALMOND CALIFORNIA 218GM/P,D: Pack-only,Sorting + Packing,RM,,RM
CA PREMIUM DRY CANBERRY 230GM/P,D: Pack-only,Sorting + Packing,RM,,RM
CA PREMIUM PINSHROSTSALTIRANIPISTA15 /P,D: Pack-only,Sorting + Packing,RM,,RM
CA WALNUT CHILE (VACUUM PACKING)250GM /P,D: Pack-only,Sorting + Packing,RM,,RM
CARNIVAL Mayur Ratna Big 520g,D: Pack-only,Sorting + Packing,RM,,RM
CARNIVAL Mayur Ratna Big 520gm,D: Pack-only,Sorting + Packing,RM,,RM
CARNIVAL Mayur Ratna Small 360g,D: Pack-only,Sorting + Packing,RM,,RM
CARNIVAL Mayur Ratna Small 360gm,D: Pack-only,Sorting + Packing,RM,,RM
CARNIVAL RAISIN IDNIAN GREEN/GOLDEN ROUND 1KG,D: Pack-only,Sorting + Packing,RM,,RM
CARNIVAL Royal divine 550g,D: Pack-only,Sorting + Packing,RM,,RM
CARNIVAL Utsav 700g,D: Pack-only,Sorting + Packing,RM,,RM
CCD Energy Bar with Jaggery,B: Transform->Pack (in-line),Packing,SFG0096,CCD Energy Bar with Jaggery · WIP · BlendForm,SFG
CELEBRATING MOMENTS 300gm,D: Pack-only,Sorting + Packing,RM,,RM
CELEBRATION SLEEK BOX 300gm,D: Pack-only,Sorting + Packing,RM,,RM
CELEBRATIONS 550gm,D: Pack-only,Sorting + Packing,RM,,RM
CHATPATA SNACK MIX,B: Transform->Pack (in-line),Packing,SFG0099,CHATPATA SNACK MIX · WIP · RoastFlav,SFG
CLASSIC WOODEN BOX 480gm,D: Pack-only,Sorting + Packing,RM,,RM
CURATE BLUEBERRIES 200G,D: Pack-only,Sorting + Packing,RM,,RM
CURATE DATE BITES ASRTD RO/CA IND 420G,D: Pack-only,Sorting + Packing,RM,,RM
CURATE DATE BITES IND 210G,B: Transform->Pack (in-line),Packing,SFG0122,CURATE DATE BITES IND · WIP · BlendForm,SFG
CURATE DATE BITES ROSE IND 210G,B: Transform->Pack (in-line),Packing,SFG0123,CURATE DATE BITES ROSE IND · WIP · BlendForm,SFG
CURATE DATE BITES ROSE IND 360G,B: Transform->Pack (in-line),Packing,SFG0123,CURATE DATE BITES ROSE IND · WIP · BlendForm,SFG
CURATE MACADEMIA NUTS 200G,D: Pack-only,Sorting + Packing,RM,,RM
CURATE MAMRA ALMOND 500G,D: Pack-only,Sorting + Packing,RM,,RM
CURATE WHOLE CRANBERRIES 200G,D: Pack-only,Sorting + Packing,RM,,RM
Cafe Galleria Walnut Kernel 250g,D: Pack-only,Sorting + Packing,RM,,RM
Cafe Galleries  Pepper Pista Inshell 250gm,D: Pack-only,Sorting + Packing,RM,,RM
Cafe Galleries American Almond 25-27count - 250gm,D: Pack-only,Sorting + Packing,RM,,RM
Cafe Galleries American Pista Inshell Regular 250gm,D: Pack-only,Sorting + Packing,RM,,RM
Cafe Galleries American Pista Inshell Selected 250g,D: Pack-only,Sorting + Packing,RM,,RM
Cafe Galleries Blueberry 250g,D: Pack-only,Sorting + Packing,RM,,RM
Cafe Galleries Brazil Nuts 250g,D: Pack-only,Sorting + Packing,RM,,RM
Cafe Galleries Cashew 180 - 250gm,D: Pack-only,Sorting + Packing,RM,,RM
Cafe Galleries Cashew 180 - 500gm,D: Pack-only,Sorting + Packing,RM,,RM
Cafe Galleries Cashew 210 - 250gm,D: Pack-only,Sorting + Packing,RM,,RM
Cafe Galleries Cashew 210 - 500g,D: Pack-only,Sorting + Packing,RM,,RM
Cafe Galleries Cashew 240 - 250g,D: Pack-only,Sorting + Packing,RM,,RM
Cafe Galleries Cashew 240 - 500gm,D: Pack-only,Sorting + Packing,RM,,RM
Cafe Galleries Cashew 320 - 250gm,D: Pack-only,Sorting + Packing,RM,,RM
Cafe Galleries Cashew Black Pepper 250 Gm,C: Pack of existing SFG,Packing,SFG0024,Black Pepper Cashew Bulk,SFG
Cafe Galleries Cashew Salted 180 250g,D: Pack-only,Sorting + Packing,RM,,RM
Cafe Galleries Chia seeds 250g,D: Pack-only,Sorting + Packing,RM,,RM
"Cafe Galleries Cocktail Mix 250g(Almond,Cashew,Pista,Black Raisins)",D: Pack-only,Sorting + Packing,RM,,RM
Cafe Galleries Cranberry Whole 250g,D: Pack-only,Sorting + Packing,RM,,RM
Cafe Galleries Flax seeds 250g,D: Pack-only,Sorting + Packing,RM,,RM
Cafe Galleries Hazelnuts 250g,D: Pack-only,Sorting + Packing,RM,,RM
Cafe Galleries Healthy Mewa Mix 250g,B: Transform->Pack (in-line),Packing,SFG0030,Cafe Galleries Healthy Mewa Mix · WIP · Roast,SFG
Cafe Galleries Macadamia Nut Salted 250g,B: Transform->Pack (in-line),Packing,SFG0031,Cafe Galleries Macadamia Nut Salted · WIP · Roast,SFG
Cafe Galleries Premium Cocktail Mix 250g,B: Transform->Pack (in-line),Packing,SFG0032,Cafe Galleries Premium Cocktail Mix · WIP · Roast,SFG
Cafe Galleries Pumpkin Seeds 250g,B: Transform->Pack (in-line),Packing,SFG0033,Cafe Galleries Pumpkin Seeds · WIP · Roast,SFG
Cafe Galleries Salted Cashew 210- 250gm,C: Pack of existing SFG,Packing,SFG0262,Roasted & Salted Cashew Bulk,SFG
Cafe Galleries Salted Pumpkin Seeds 250g,B: Transform->Pack (in-line),Packing,SFG0034,Cafe Galleries Salted Pumpkin Seeds · WIP · RoastFlav,SFG
"Cafe Galleries Seeds Mix, 250g",B: Transform->Pack (in-line),Packing,SFG0035,Cafe Galleries Seeds Mix · WIP · Roast,SFG
Cafe Galleries Selected American Almond 18 count - 250gm,D: Pack-only,Sorting + Packing,RM,,RM
Cafe Galleries Selected American Almond 20-22 count - 250gm,D: Pack-only,Sorting + Packing,RM,,RM
Cafe Galleries Slice Cranberry 250g,D: Pack-only,Sorting + Packing,RM,,RM
Cafe Galleries Sunflower Seeds - 250gm,B: Transform->Pack (in-line),Packing,SFG0036,Cafe Galleries Sunflower Seeds -  · WIP · Roast,SFG
California Pista Inshell Black Pepper,B: Transform->Pack (in-line),Packing,SFG0037,California Pista Inshell Black Pepper · WIP · RoastFlav,SFG
California Pista Inshell Pink Salted,B: Transform->Pack (in-line),Packing,SFG0038,California Pista Inshell Pink Salted · WIP · RoastFlav,SFG
California Pista Inshell Roasted and Salted,B: Transform->Pack (in-line),Packing,SFG0039,California Pista Inshell Roasted and Salted · WIP · RoastFlav,SFG
Caramel Pecannut,B: Transform->Pack (in-line),Packing,SFG0040,Caramel Pecannut · WIP · RoastFlav,SFG
Carnial Almond Dragees 100gm,B: Transform->Pack (in-line),Packing,SFG0041,Carnial Almond Dragees · WIP · Roast+Enrobe,SFG
Carnival Afghan Apricot 250gm,D: Pack-only,Sorting + Packing,RM,,RM
Carnival Almond Choco Bite (Dark Chocolate) 100g,B: Transform->Pack (in-line),Packing,SFG0042,Carnival Almond Choco Bite · WIP · Roast+Enrobe,SFG
Carnival Almond Choco Bite (Milk Chocolate) 100g,B: Transform->Pack (in-line),Packing,SFG0042,Carnival Almond Choco Bite · WIP · Roast+Enrobe,SFG
Carnival Almond Choco Bite (White Chocolate) 100g,B: Transform->Pack (in-line),Packing,SFG0042,Carnival Almond Choco Bite · WIP · Roast+Enrobe,SFG
Carnival Almond Smoked Paprika 100g,D: Pack-only,Sorting + Packing,RM,,RM
Carnival Almond Smoked Paprika 200g,B: Transform->Pack (in-line),Packing,SFG0043,Carnival Almond Smoked Paprika · WIP · RoastFlav,SFG
Carnival Almonds - Indepance 200g Mono Carton,D: Pack-only,Sorting + Packing,RM,,RM
Carnival Almonds - Independence 200g,D: Pack-only,Sorting + Packing,RM,,RM
Carnival Almonds 250 Gm,D: Pack-only,Sorting + Packing,RM,,RM
Carnival Almonds Independence 1Kg,D: Pack-only,Sorting + Packing,RM,,RM
Carnival Apricot Turkey 1x2 300gm,D: Pack-only,Sorting + Packing,RM,,RM
Carnival Arabian 350gm,D: Pack-only,Sorting + Packing,RM,,RM
Carnival Barbeque Cashew 100gm,C: Pack of existing SFG,Packing,SFG0019,Barbeque Cashew Bulk,SFG
Carnival Barbeque Cashew 200gm,C: Pack of existing SFG,Packing,SFG0019,Barbeque Cashew Bulk,SFG
Carnival Barbeque Makhana 125 Gm,B: Transform->Pack (in-line),Packing,SFG0044,Carnival Barbeque Makhana · WIP · RoastFlav,SFG
Carnival Barbeque Makhana 55g,B: Transform->Pack (in-line),Packing,SFG0044,Carnival Barbeque Makhana · WIP · RoastFlav,SFG
Carnival Berry Barbeque Trail Mix 200g,B: Transform->Pack (in-line),Packing,SFG0045,Carnival Berry Barbeque Trail Mix · WIP · RoastFlav,SFG
Carnival Black Pepper Makhana 125 Gm,B: Transform->Pack (in-line),Packing,SFG0046,Carnival Black Pepper Makhana · WIP · RoastFlav,SFG
Carnival Black Pepper Makhana 55g,B: Transform->Pack (in-line),Packing,SFG0046,Carnival Black Pepper Makhana · WIP · RoastFlav,SFG
Carnival Black Pepper Pistachio 80g,D: Pack-only,Sorting + Packing,RM,,RM
Carnival Blueberries Dried - 250G,D: Pack-only,Sorting + Packing,RM,,RM
Carnival Blueberry 100g,D: Pack-only,Sorting + Packing,RM,,RM
Carnival California Almonds Independence 1kg,D: Pack-only,Sorting + Packing,RM,,RM
Carnival California Pista Roasted and Salted 800g,B: Transform->Pack (in-line),Packing,SFG0047,Carnival California Pista Roasted and Salted · WIP · RoastFlav,SFG
Carnival California Pistachio 200g,D: Pack-only,Sorting + Packing,RM,,RM
Carnival California Pitted Prunes 300 Gms,D: Pack-only,Sorting + Packing,RM,,RM
Carnival Caramel Sesame Walnut 150g,B: Transform->Pack (in-line),Packing,SFG0048,Carnival Caramel Sesame Walnut · WIP · RoastFlav,SFG
Carnival Caramel Sesame Walnut 70g,B: Transform->Pack (in-line),Packing,SFG0048,Carnival Caramel Sesame Walnut · WIP · RoastFlav,SFG
Carnival Cashew (400 - 450) 200g Mono Carton,D: Pack-only,Sorting + Packing,RM,,RM
Carnival Cashew Roasted And Salted 250g,C: Pack of existing SFG,Packing,SFG0262,Roasted & Salted Cashew Bulk,SFG
Carnival Chatpata Black Raisins 100g,B: Transform->Pack (in-line),Packing,SFG0049,Carnival Chatpata Black Raisins · WIP · RoastFlav,SFG
Carnival Chatpata Cranberry 100G,D: Pack-only,Sorting + Packing,RM,,RM
Carnival Chatpata Cranberry 250gm,D: Pack-only,Sorting + Packing,RM,,RM
Carnival Chatpata Prunes 100gm,D: Pack-only,Sorting + Packing,RM,,RM
Carnival Cheese Cashew 100g,B: Transform->Pack (in-line),Packing,SFG0050,Carnival Cheese Cashew · WIP · RoastFlav,SFG
Carnival Cheese Cashew 230g,B: Transform->Pack (in-line),Packing,SFG0050,Carnival Cheese Cashew · WIP · RoastFlav,SFG
Carnival Cheese Makhana 125g,B: Transform->Pack (in-line),Packing,SFG0051,Carnival Cheese Makhana · WIP · RoastFlav,SFG
Carnival Cheese Makhana 55g,B: Transform->Pack (in-line),Packing,SFG0051,Carnival Cheese Makhana · WIP · RoastFlav,SFG
Carnival Choco Orange Walnut 150gm,B: Transform->Pack (in-line),Packing,SFG0052,Carnival Choco Orange Walnut · WIP · RoastFlav,SFG
Carnival Classic Almonds 100g,D: Pack-only,Sorting + Packing,RM,,RM
Carnival Classic Almonds 250g,D: Pack-only,Sorting + Packing,RM,,RM
Carnival Classic Anjeer 250g,D: Pack-only,Sorting + Packing,RM,,RM
Carnival Classic Cashew 250 Gms,D: Pack-only,Sorting + Packing,RM,,RM
Carnival Classic Chia Seeds 100gm,D: Pack-only,Sorting + Packing,RM,,RM
Carnival Classic Date Bites 357gm,B: Transform->Pack (in-line),Packing,SFG0053,Carnival Classic Date Bites · WIP · BlendForm,SFG
Carnival Classic Hazelnut 250 GMS,D: Pack-only,Sorting + Packing,RM,,RM
Carnival Classic Indian Kishmish 500 Gms,D: Pack-only,Sorting + Packing,RM,,RM
Carnival Classic Indian Raisins 250g,D: Pack-only,Sorting + Packing,RM,,RM
Carnival Classic Irani Pistachio Salted 80g,D: Pack-only,Sorting + Packing,RM,,RM
Carnival Classic Pumpkin Seeds 100g,B: Transform->Pack (in-line),Packing,SFG0054,Carnival Classic Pumpkin Seeds · WIP · Roast,SFG
Carnival Classic Sunflower Seeds 100G,B: Transform->Pack (in-line),Packing,SFG0055,Carnival Classic Sunflower Seeds · WIP · Roast,SFG
Carnival Cocktail Mix 100g,B: Transform->Pack (in-line),Packing,SFG0056,Carnival Cocktail Mix · WIP · RoastFlav,SFG
Carnival Cocktail Mix 200g,B: Transform->Pack (in-line),Packing,SFG0056,Carnival Cocktail Mix · WIP · RoastFlav,SFG
Carnival Cocktail Mix 250g,B: Transform->Pack (in-line),Packing,SFG0056,Carnival Cocktail Mix · WIP · RoastFlav,SFG
Carnival Cocktail Mix Plain Pouch 100g,B: Transform->Pack (in-line),Packing,SFG0057,Carnival Cocktail Mix Plain · WIP · RoastFlav,SFG
Carnival Cranberry Flavoured Chatpata 200g,D: Pack-only,Sorting + Packing,RM,,RM
Carnival Cranberry Sliced 250 Gms,D: Pack-only,Sorting + Packing,RM,,RM
Carnival Cranberry Whole - 100gm,D: Pack-only,Sorting + Packing,RM,,RM
Carnival Cranberry Whole 250G,D: Pack-only,Sorting + Packing,RM,,RM
Carnival Crunchy Caramel Trail Mix 100g,B: Transform->Pack (in-line),Packing,SFG0058,Carnival Crunchy Caramel Trail Mix · WIP · RoastFlav,SFG
Carnival Crunchy Caramel Trail Mix 200g,B: Transform->Pack (in-line),Packing,SFG0058,Carnival Crunchy Caramel Trail Mix · WIP · RoastFlav,SFG
Carnival Crunchy Caramel Trail Mix 250g,B: Transform->Pack (in-line),Packing,SFG0058,Carnival Crunchy Caramel Trail Mix · WIP · RoastFlav,SFG
Carnival Deluxe Seeded Black Raisin 250gm,D: Pack-only,Sorting + Packing,RM,,RM
Carnival Dried Blueberry 250g,D: Pack-only,Sorting + Packing,RM,,RM
Carnival Dried Blueberry 250g - Tub,D: Pack-only,Sorting + Packing,RM,,RM
Carnival Dried Cranberry Whole 100g (PP),D: Pack-only,Sorting + Packing,RM,,RM
Carnival Dried Cranberry Whole 250g - Tub,D: Pack-only,Sorting + Packing,RM,,RM
Carnival Festive Almonds (27-28 count) 100gm,D: Pack-only,Sorting + Packing,RM,,RM
Carnival Festive Almonds (27-28 count) 125gm,D: Pack-only,Sorting + Packing,RM,,RM
Carnival Festive Almonds (27-28 count) 150gm,D: Pack-only,Sorting + Packing,RM,,RM
Carnival Festive Almonds (27-28 count) 200gm,D: Pack-only,Sorting + Packing,RM,,RM
Carnival Festive Black Raisin Seedless 150gm,B: Transform->Pack (in-line),Packing,SFG0059,Carnival Festive Black Raisin Seedless · WIP · DeSeed,SFG
Carnival Festive California Pista (21-26) 100gm,B: Transform->Pack (in-line),Packing,SFG0060,Carnival Festive California Pista · WIP · RoastFlav,SFG
Carnival Festive California Pista (21-26) 125gm,D: Pack-only,Sorting + Packing,RM,,RM
Carnival Festive California Pista (21-26) 150gm,D: Pack-only,Sorting + Packing,RM,,RM
Carnival Festive California Pista (21-26) 200gm,D: Pack-only,Sorting + Packing,RM,,RM
Carnival Festive California Pista (21-26) 80gm,B: Transform->Pack (in-line),Packing,SFG0060,Carnival Festive California Pista · WIP · RoastFlav,SFG
Carnival Festive Cashew (320) 100gm,D: Pack-only,Sorting + Packing,RM,,RM
Carnival Festive Cashew (320) 125gm,D: Pack-only,Sorting + Packing,RM,,RM
Carnival Festive Cashew (320) 150gm,D: Pack-only,Sorting + Packing,RM,,RM
Carnival Festive Cashew (320) 200gm,D: Pack-only,Sorting + Packing,RM,,RM
Carnival Festive Cashew (320) 80gm,D: Pack-only,Sorting + Packing,RM,,RM
Carnival Festive Chatpata Cranberry 100gm,D: Pack-only,Sorting + Packing,RM,,RM
Carnival Festive Chatpata Cranberry 120g,D: Pack-only,Sorting + Packing,RM,,RM
Carnival Festive Chatpata Cranberry 250gm,D: Pack-only,Sorting + Packing,RM,,RM
Carnival Festive Chatpata Cranberry 80gm,B: Transform->Pack (in-line),Packing,SFG0061,Carnival Festive Chatpata Cranberry · WIP · RoastFlav,SFG
Carnival Festive Crunchy Caramel Trail Mix 250g,B: Transform->Pack (in-line),Packing,SFG0062,Carnival Festive Crunchy Caramel Trail Mix · WIP · RoastFlav,SFG
Carnival Festive Flavoured Cashew (320) 100gm,D: Pack-only,Sorting + Packing,RM,,RM
Carnival Festive Flavoured Cashew (320) 80gm,D: Pack-only,Sorting + Packing,RM,,RM
Carnival Festive Indian Raisin 100gm,D: Pack-only,Sorting + Packing,RM,,RM
Carnival Festive Indian Raisin 150gm,D: Pack-only,Sorting + Packing,RM,,RM
Carnival Festive Indian Raisin 175gm,D: Pack-only,Sorting + Packing,RM,,RM
Carnival Festive Indian Raisin 200gm,D: Pack-only,Sorting + Packing,RM,,RM
Carnival Festive Indian Raisin 250gm,D: Pack-only,Sorting + Packing,RM,,RM
Carnival Festive Nuts & Seeds Mix 120g,B: Transform->Pack (in-line),Packing,SFG0063,Carnival Festive Nuts & Seeds Mix · WIP · Roast,SFG
Carnival Festive Paan Cranberry 125gm,B: Transform->Pack (in-line),Packing,SFG0064,Carnival Festive Paan Cranberry · WIP · RoastFlav,SFG
Carnival Festive Paan Raisin 125gm,B: Transform->Pack (in-line),Packing,SFG0065,Carnival Festive Paan Raisin · WIP · RoastFlav,SFG
Carnival Festive Salted Almonds (27-28 Count) 230gm,B: Transform->Pack (in-line),Packing,SFG0066,Carnival Festive Salted Almonds · WIP · RoastFlav,SFG
Carnival Festive Salted Almonds (27-28 count) 100gm,B: Transform->Pack (in-line),Packing,SFG0066,Carnival Festive Salted Almonds · WIP · RoastFlav,SFG
Carnival Festive Salted Almonds (27-28 count) 150gm,B: Transform->Pack (in-line),Packing,SFG0066,Carnival Festive Salted Almonds · WIP · RoastFlav,SFG
Carnival Festive Salted Almonds (27-28 count) 80gm,D: Pack-only,Sorting + Packing,RM,,RM
Carnival Festive Salted Cashew (320) 150gm,D: Pack-only,Sorting + Packing,RM,,RM
Carnival Festive Salted Cashew (320) 230gm,B: Transform->Pack (in-line),Packing,SFG0067,Carnival Festive Salted Cashew · WIP · RoastFlav,SFG
Carnival Festive Seedless Black Raisin 200gm,B: Transform->Pack (in-line),Packing,SFG0068,Carnival Festive Seedless Black Raisin · WIP · DeSeed,SFG
Carnival FestiveSalted Cashew (320) 100gm,B: Transform->Pack (in-line),Packing,SFG0069,Carnival FestiveSalted Cashew · WIP · RoastFlav,SFG
Carnival Flax Seeds 100G,B: Transform->Pack (in-line),Packing,SFG0070,Carnival Flax Seeds · WIP · Roast,SFG
Carnival Ganpati Date Mewa Box 242g,B: Transform->Pack (in-line),Packing,SFG0071,Carnival Ganpati Date Mewa · WIP · BlendForm,SFG
Carnival Green Chilli Cashew 100g,D: Pack-only,Sorting + Packing,RM,,RM
Carnival Green Chilli Cashew 230g,C: Pack of existing SFG,Packing,SFG0169,Green Chilli Cashew Bulk,SFG
Carnival Himalayan Salt & Pepper Pistachios 25g,B: Transform->Pack (in-line),Packing,SFG0072,Carnival Himalayan Salt & Pepper Pistachios · WIP · RoastFlav,SFG
Carnival Honey Roasted Almonds 100G,B: Transform->Pack (in-line),Packing,SFG0073,Carnival Honey Roasted Almonds · WIP · RoastFlav,SFG
Carnival Indian Green Raisins 200g,D: Pack-only,Sorting + Packing,RM,,RM
Carnival Indian Kishmish 100g,D: Pack-only,Sorting + Packing,RM,,RM
Carnival Iranian Pistachio 250 Gm,D: Pack-only,Sorting + Packing,RM,,RM
Carnival Jumbo Salted Cashew with Skin 200g,D: Pack-only,Sorting + Packing,RM,,RM
Carnival Macadamia 200gm,D: Pack-only,Sorting + Packing,RM,,RM
Carnival Madhur Mahotsav DF Box 4P 400g,D: Pack-only,Sorting + Packing,RM,,RM
Carnival Magic Moments 4P 600gm,D: Pack-only,Sorting + Packing,RM,,RM
Carnival Mangalmay Utsav DF Box 6P 600g,D: Pack-only,Sorting + Packing,RM,,RM
Carnival Mocha Mojo Trail Mix 100g,B: Transform->Pack (in-line),Packing,SFG0074,Carnival Mocha Mojo Trail Mix · WIP · RoastFlav,SFG
Carnival Mocha Mojo Trail Mix 200g,B: Transform->Pack (in-line),Packing,SFG0074,Carnival Mocha Mojo Trail Mix · WIP · RoastFlav,SFG
Carnival Mocha Mojo Trail Mix 250g,B: Transform->Pack (in-line),Packing,SFG0074,Carnival Mocha Mojo Trail Mix · WIP · RoastFlav,SFG
Carnival Nuts & Seed Mix 100gm,B: Transform->Pack (in-line),Packing,SFG0075,Carnival Nuts & Seed Mix · WIP · Roast,SFG
Carnival Oman Dates 250g,D: Pack-only,Sorting + Packing,RM,,RM
Carnival Pan Raisin 125g,B: Transform->Pack (in-line),Packing,SFG0076,Carnival Pan Raisin · WIP · RoastFlav,SFG
Carnival Pepper Cashew 100G,B: Transform->Pack (in-line),Packing,SFG0077,Carnival Pepper Cashew · WIP · RoastFlav,SFG
Carnival Pepper Cashew 125gm,B: Transform->Pack (in-line),Packing,SFG0077,Carnival Pepper Cashew · WIP · RoastFlav,SFG
Carnival Pepper Cashew 200G,B: Transform->Pack (in-line),Packing,SFG0077,Carnival Pepper Cashew · WIP · RoastFlav,SFG
Carnival Pepper Pistachios 200G,B: Transform->Pack (in-line),Packing,SFG0078,Carnival Pepper Pistachios · WIP · RoastFlav,SFG
Carnival Peri Peri Cashew 100 Gms,D: Pack-only,Sorting + Packing,RM,,RM
Carnival Peri Peri Cashew 150gm,C: Pack of existing SFG,Packing,SFG0235,Peri Peri Cashew Bulk,SFG
Carnival Peri Peri Cashew 200gm,C: Pack of existing SFG,Packing,SFG0235,Peri Peri Cashew Bulk,SFG
Carnival Peri Peri Makhana 125g,B: Transform->Pack (in-line),Packing,SFG0079,Carnival Peri Peri Makhana · WIP · RoastFlav,SFG
Carnival Peri Peri Makhana 55g,B: Transform->Pack (in-line),Packing,SFG0079,Carnival Peri Peri Makhana · WIP · RoastFlav,SFG
Carnival Peri Peri Walnut 150g,B: Transform->Pack (in-line),Packing,SFG0080,Carnival Peri Peri Walnut · WIP · RoastFlav,SFG
Carnival Pine Nut 100 Gms,D: Pack-only,Sorting + Packing,RM,,RM
Carnival Pitted Prunes 250g,D: Pack-only,Sorting + Packing,RM,,RM
Carnival Popcorn Makhana 125g,B: Transform->Pack (in-line),Packing,SFG0081,Carnival Popcorn Makhana · WIP · RoastFlav,SFG
Carnival Popcorn Makhana 55gm,B: Transform->Pack (in-line),Packing,SFG0081,Carnival Popcorn Makhana · WIP · RoastFlav,SFG
"Carnival Premium Brazil Nuts, 250 Gms",D: Pack-only,Sorting + Packing,RM,,RM
Carnival Premium Cocktail Mix 100g,B: Transform->Pack (in-line),Packing,SFG0082,Carnival Premium Cocktail Mix · WIP · RoastFlav,SFG
Carnival Premium Cocktail Mix 250 Gms,B: Transform->Pack (in-line),Packing,SFG0082,Carnival Premium Cocktail Mix · WIP · RoastFlav,SFG
Carnival Premium Kesar 0.5 Gms,D: Pack-only,Sorting + Packing,RM,,RM
Carnival Premium Macadamia Nut 250 Gms,D: Pack-only,Sorting + Packing,RM,,RM
Carnival Premium Pecan Nuts 200g Mono Carton,D: Pack-only,Sorting + Packing,RM,,RM
Carnival Premium Pecan Nuts 250 Gms,D: Pack-only,Sorting + Packing,RM,,RM
Carnival Premium Walnut Kernels 250 Gms,D: Pack-only,Sorting + Packing,RM,,RM
Carnival Pudina Almonds 125g,B: Transform->Pack (in-line),Packing,SFG0083,Carnival Pudina Almonds · WIP · RoastFlav,SFG
Carnival Pudina Makhana 125 Gm,B: Transform->Pack (in-line),Packing,SFG0084,Carnival Pudina Makhana · WIP · RoastFlav,SFG
Carnival Raisin Black Seeded 250gm,D: Pack-only,Sorting + Packing,RM,,RM
Carnival Raisins Black Chatpata 200g,D: Pack-only,Sorting + Packing,RM,,RM
Carnival Roasted & Salted Almonds 100g,B: Transform->Pack (in-line),Packing,SFG0085,Carnival Roasted & Salted Almonds · WIP · RoastFlav,SFG
Carnival Roasted & Salted Almonds 230g,B: Transform->Pack (in-line),Packing,SFG0085,Carnival Roasted & Salted Almonds · WIP · RoastFlav,SFG
Carnival Roasted & Salted Almonds 250g,B: Transform->Pack (in-line),Packing,SFG0085,Carnival Roasted & Salted Almonds · WIP · RoastFlav,SFG
Carnival Roasted & Salted Cashew 100g,B: Transform->Pack (in-line),Packing,SFG0086,Carnival Roasted & Salted Cashew · WIP · RoastFlav,SFG
Carnival Roasted & Salted Cashew 230g,B: Transform->Pack (in-line),Packing,SFG0086,Carnival Roasted & Salted Cashew · WIP · RoastFlav,SFG
Carnival Roasted & Salted Pistachio 100g,D: Pack-only,Sorting + Packing,RM,,RM
Carnival Roasted & Salted Pistachio 200g,B: Transform->Pack (in-line),Packing,SFG0087,Carnival Roasted & Salted Pistachio · WIP · RoastFlav,SFG
Carnival Roasted & Salted Pistachio 250g,D: Pack-only,Sorting + Packing,RM,,RM
Carnival Roasted Macadamia Nuts 250g,D: Pack-only,Sorting + Packing,RM,,RM
Carnival Salt & Pepper Walnut 150g,B: Transform->Pack (in-line),Packing,SFG0088,Carnival Salt & Pepper Walnut · WIP · RoastFlav,SFG
Carnival Salted Caramel Pecannuts 80g,B: Transform->Pack (in-line),Packing,SFG0089,Carnival Salted Caramel Pecannuts · WIP · RoastFlav,SFG
Carnival Shubhakamnayein 3P 300g,D: Pack-only,Sorting + Packing,RM,,RM
Carnival Simply Thandai 100g,B: Transform->Pack (in-line),Packing,SFG0090,Carnival Simply Thandai · WIP · RoastFlav,SFG
Carnival Simply Thandai Mix 200gm,B: Transform->Pack (in-line),Packing,SFG0091,Carnival Simply Thandai Mix · WIP · RoastFlav,SFG
Carnival Smoked Almonds 100gm,B: Transform->Pack (in-line),Packing,SFG0092,Carnival Smoked Almonds · WIP · RoastFlav,SFG
Carnival Smoked Almonds 200g,D: Pack-only,Sorting + Packing,RM,,RM
Carnival Spanish Tomato Cashew 100G,D: Pack-only,Sorting + Packing,RM,,RM
Carnival Walnut Kernal 2pc 200gm,D: Pack-only,Sorting + Packing,RM,,RM
Cashew 100g (B07GQZSS49) FBA,D: Pack-only,Sorting + Packing,RM,,RM
Cashew 180,D: Pack-only,Sorting + Packing,RM,,RM
Cashew 230gm,D: Pack-only,Sorting + Packing,RM,,RM
Cashew 240,D: Pack-only,Sorting + Packing,RM,,RM
Cashew 240 230g,D: Pack-only,Sorting + Packing,RM,,RM
Cashew 320,D: Pack-only,Sorting + Packing,RM,,RM
Cashew 500g (B07GQW1HHN),D: Pack-only,Sorting + Packing,RM,,RM
Cashew Jumbo with Skin Roasted and Salted,B: Transform->Pack (in-line),Packing,SFG0093,Cashew Jumbo with Skin Roasted and Salted · WIP · RoastFlav,SFG
Cashew Masala,B: Transform->Pack (in-line),Packing,SFG0094,Cashew Masala · WIP · RoastFlav,SFG
Cashew Pink salt,B: Transform->Pack (in-line),Packing,SFG0095,Cashew Pink salt · WIP · RoastFlav,SFG
Cashew Roasted,D: Pack-only,Sorting + Packing,RM,,RM
Cashew Wasabi,D: Pack-only,Sorting + Packing,RM,,RM
Celebration Sleek Box 200g,D: Pack-only,Sorting + Packing,RM,,RM
Celebration Sleek Box Hamper 01,D: Pack-only,Sorting + Packing,RM,,RM
Celebration Sleek Box Hamper 02,D: Pack-only,Sorting + Packing,RM,,RM
Chatpata Black Raisin,B: Transform->Pack (in-line),Packing,SFG0097,Chatpata Black Raisin · WIP · RoastFlav,SFG
Chatpata Cranberry,D: Pack-only,Sorting + Packing,RM,,RM
Chatpata Cranberry 75gm,D: Pack-only,Sorting + Packing,RM,,RM
Chatpata Seasoning,B: Transform->Pack (in-line),Packing,SFG0098,Chatpata Seasoning · WIP · RoastFlav,SFG
Cheese Cashew,B: Transform->Pack (in-line),Packing,SFG0100,Cheese Cashew · WIP · RoastFlav,SFG
Cheese Makhana,B: Transform->Pack (in-line),Packing,SFG0101,Cheese Makhana · WIP · RoastFlav,SFG
Chia Seeds 100G (B07GQZCP91),D: Pack-only,Sorting + Packing,RM,,RM
Chia Seeds 200G (B07GQQLZPD),D: Pack-only,Sorting + Packing,RM,,RM
Chia Seeds 500G (B07GQZSJFH),D: Pack-only,Sorting + Packing,RM,,RM
Chilean  Walnut Kernel 2pc 230g,D: Pack-only,Sorting + Packing,RM,,RM
Chilean Walnut Kernel 2 pcs,D: Pack-only,Sorting + Packing,RM,,RM
Chilean Walnut Kernel Quarter,A: WIP producer (bulk),Packing,SFG0333,Chilean Walnut Kernel Quarter,SFG
Chilean Walnut Kernel Quarter BBQ,B: Transform->Pack (in-line),Packing,SFG0102,Chilean Walnut Kernel Quarter BBQ · WIP · RoastFlav,SFG
Chilean Walnut Kernel Quarter caramel,B: Transform->Pack (in-line),Packing,SFG0103,Chilean Walnut Kernel Quarter caramel · WIP · RoastFlav,SFG
Chilean Walnut Kernel Quarter lemon pepper,B: Transform->Pack (in-line),Packing,SFG0104,Chilean Walnut Kernel Quarter lemon pepper · WIP · RoastFlav,SFG
Chilean Walnut Kernel Quarter pepper,B: Transform->Pack (in-line),Packing,SFG0105,Chilean Walnut Kernel Quarter pepper · WIP · RoastFlav,SFG
Chilean Walnut Kernel Quarter peri peri,B: Transform->Pack (in-line),Packing,SFG0106,Chilean Walnut Kernel Quarter peri peri · WIP · RoastFlav,SFG
Chilli Almonds Bulk,D: Pack-only,Sorting + Packing,RM,,RM
Chilli Garlic Cashew Bulk,D: Pack-only,Sorting + Packing,RM,,RM
Chilli Garlic Masala Seasoning,B: Transform->Pack (in-line),Packing,SFG0107,Chilli Garlic Masala Seasoning · WIP · RoastFlav,SFG
Chipotle Honey Coated Peanuts 200g,B: Transform->Pack (in-line),Packing,SFG0108,Chipotle Honey Coated Peanuts · WIP · RoastFlav,SFG
Chipotle Honey Coated Peanuts 70gm,B: Transform->Pack (in-line),Packing,SFG0108,Chipotle Honey Coated Peanuts · WIP · RoastFlav,SFG
Choco Crunch Energy Bar 38gm,B: Transform->Pack (in-line),Packing,SFG0109,Choco Crunch Energy Bar · WIP · BlendForm,SFG
Chocolate Coated Almond Dragees 50gm,B: Transform->Pack (in-line),Packing,SFG0110,Chocolate Coated Almond Dragees · WIP · Roast+Enrobe,SFG
Chocolate Coated Blueberries Dragees 50gm,B: Transform->Pack (in-line),Packing,SFG0111,Chocolate Coated Blueberries Dragees · WIP · Roast+Enrobe,SFG
Classic Flavour Date Mewa 18gm,B: Transform->Pack (in-line),Packing,SFG0112,Classic Flavour Date Mewa · WIP · BlendForm,SFG
Coated Peanuts,B: Transform->Pack (in-line),Packing,SFG0113,Coated Peanuts · WIP · RoastFlav,SFG
Coated Peanuts - Magic Masala 1Kg,B: Transform->Pack (in-line),Packing,SFG0114,Coated Peanuts - Magic Masala · WIP · RoastFlav,SFG
Cocktail Mix,B: Transform->Pack (in-line),Packing,SFG0115,Cocktail Mix · WIP · RoastFlav,SFG
Cocktail Mix 230g,B: Transform->Pack (in-line),Packing,SFG0115,Cocktail Mix · WIP · RoastFlav,SFG
Cocoa Peanut Date Balls 48 gms,B: Transform->Pack (in-line),Packing,SFG0116,Cocoa Peanut Date Balls · WIP · BlendForm,SFG
Coconut Laddubar Mini 9g,B: Transform->Pack (in-line),Packing,SFG0117,Coconut Laddubar Mini · WIP · BlendForm,SFG
Coffee Laddoo 18gm,B: Transform->Pack (in-line),Packing,SFG0118,Coffee Laddoo · WIP · BlendForm,SFG
Coffee Laddoo Semi Finished,B: Transform->Pack (in-line),Packing,SFG0119,Coffee Laddoo Semi Finished · WIP · BlendForm,SFG
Cranberry Date Balls 48 gms,B: Transform->Pack (in-line),Packing,SFG0120,Cranberry Date Balls · WIP · BlendForm,SFG
Cranberry Whole 230g,D: Pack-only,Sorting + Packing,RM,,RM
Crunchy Caramel Trail Mix,B: Transform->Pack (in-line),Packing,SFG0121,Crunchy Caramel Trail Mix · WIP · RoastFlav,SFG
Crunchy Caramel Trail Mix 230g,B: Transform->Pack (in-line),Packing,SFG0121,Crunchy Caramel Trail Mix · WIP · RoastFlav,SFG
Curate Anjeer 200g,D: Pack-only,Sorting + Packing,RM,,RM
Curate Cashews 200g,D: Pack-only,Sorting + Packing,RM,,RM
Curate Cashews 500g,D: Pack-only,Sorting + Packing,RM,,RM
Curate Mamra Almonds 200g,D: Pack-only,Sorting + Packing,RM,,RM
Curate Oriental Dates 500gm,D: Pack-only,Sorting + Packing,RM,,RM
Curate Pista Pishori 200g,B: Transform->Pack (in-line),Packing,SFG0124,Curate Pista Pishori · WIP · RoastFlav,SFG
Curate Prunes 200g,D: Pack-only,Sorting + Packing,RM,,RM
Curate Roasted Hazelnuts 200g,B: Transform->Pack (in-line),Packing,SFG0125,Curate Roasted Hazelnuts · WIP · Roast,SFG
Curate Roasted Hazelnuts 550g Jr,B: Transform->Pack (in-line),Packing,SFG0125,Curate Roasted Hazelnuts · WIP · Roast,SFG
Daily Mewa Healthy Mix,B: Transform->Pack (in-line),Packing,SFG0126,Daily Mewa Healthy Mix · WIP · RoastFlav,SFG
Dark Almond Draggies,B: Transform->Pack (in-line),Packing,SFG0127,Dark Almond Draggies · WIP · Roast+Enrobe,SFG
Dark Chocolate Coated Almond Stuffed Khalas Single,B: Transform->Pack (in-line),Packing,SFG0128,Dark Chocolate Coated Almond Stuffed Khalas Single · WIP · DeSeed+Stuff+Enrobe,SFG
Dark Chocolate Coated Cashew Stuffed Khalas Single,B: Transform->Pack (in-line),Packing,SFG0129,Dark Chocolate Coated Cashew Stuffed Khalas Single · WIP · DeSeed+Stuff+Enrobe,SFG
Dark Chocolate Coated Macadamia 110g,B: Transform->Pack (in-line),Packing,SFG0130,Dark Chocolate Coated Macadamia · WIP · Roast+Enrobe,SFG
Date Balls Coated Coconut (22G X 3),B: Transform->Pack (in-line),Packing,SFG0131,Date Balls Coated Coconut · WIP · BlendForm,SFG
Date Balls Coated Dark (22g x 3),B: Transform->Pack (in-line),Packing,SFG0132,Date Balls Coated Dark · WIP · BlendForm,SFG
Date Balls Coated Milk (22g x 3),B: Transform->Pack (in-line),Packing,SFG0133,Date Balls Coated Milk · WIP · BlendForm,SFG
Date Balls Coated White (22g x 3),B: Transform->Pack (in-line),Packing,SFG0134,Date Balls Coated White · WIP · BlendForm,SFG
Date Bites 9gm,B: Transform->Pack (in-line),Packing,SFG0136,Date Bites · WIP · BlendForm,SFG
Date Mewa Bon Bon Laddu (18g x 3),D: Pack-only,Sorting + Packing,RM,,RM
Date Mewa Festive Gifting & Feast Parcel 500gm,B: Transform->Pack (in-line),Packing,SFG0137,Date Mewa Festive Gifting & Feast Parcel · WIP · BlendForm,SFG
Date Mewa Ladu 18gm,B: Transform->Pack (in-line),Packing,SFG0138,Date Mewa Ladu · WIP · BlendForm,SFG
Dates Delight Khajur Pak 375gm,B: Transform->Pack (in-line),Packing,SFG0139,Dates Delight Khajur Pak · WIP · BlendForm,SFG
Dates Mewa Assorted 210gm,B: Transform->Pack (in-line),Packing,SFG0140,Dates Mewa Assorted · WIP · BlendForm,SFG
Dates Mewa Classic 210gm,B: Transform->Pack (in-line),Packing,SFG0141,Dates Mewa Classic · WIP · BlendForm,SFG
Dehydrated Ginger,D: Pack-only,Sorting + Packing,RM,,RM
Delmonte Cranberries 130gm,D: Pack-only,Sorting + Packing,RM,,RM
Delmonte Prunes 130g,D: Pack-only,Sorting + Packing,RM,,RM
Delmonte Prunes 130g [1 Case x 40 unit],D: Pack-only,Sorting + Packing,RM,,RM
Delmonte Prunes 340g,D: Pack-only,Sorting + Packing,RM,,RM
Delmonte Prunes 340g [1 Case x 20 unit],D: Pack-only,Sorting + Packing,RM,,RM
Delmonte Royal Arabian dates 200g,D: Pack-only,Sorting + Packing,RM,,RM
Delmonte Royal Arabian dates 200g [1 Case x 36 unit] Promo,D: Pack-only,Sorting + Packing,RM,,RM
Delmonte Royal Arabian dates 500g,D: Pack-only,Sorting + Packing,RM,,RM
Delmonte Royal Arabian dates 500g [1 Case x 24 unit] Non-Promo,D: Pack-only,Sorting + Packing,RM,,RM
Delmonte Royal Arabian dates 500g [1 Case x 24 unit] Promo,D: Pack-only,Sorting + Packing,RM,,RM
Delmonte Royal Fard Dates 200gm,D: Pack-only,Sorting + Packing,RM,,RM
Delmonte Royal Fard Dates 200gm [1 Case x 36 unit] Non-Promo,D: Pack-only,Sorting + Packing,RM,,RM
Delmonte Royal Fard Dates 200gm [1 Case x 36 unit] Promo,D: Pack-only,Sorting + Packing,RM,,RM
Delmonte Royal Fard Dates 500gm,D: Pack-only,Sorting + Packing,RM,,RM
Delmonte Royal Fard Dates 500gm [1 Case x 24 unit] Non-Promo,D: Pack-only,Sorting + Packing,RM,,RM
Delmonte Royal Fard Dates 500gm [1 Case x 24 unit] Promo,D: Pack-only,Sorting + Packing,RM,,RM
Deri Dates 250g (1359841),D: Pack-only,Sorting + Packing,RM,,RM
Diced Almond,B: Transform->Pack (in-line),Packing,SFG0142,Diced Almond · WIP · BlanchSlice,SFG
Dr Batra#s Hair Health Protein Bar 35gm,B: Transform->Pack (in-line),Packing,SFG0143,Dr Batra#s Hair Health Protein Bar · WIP · BlendForm,SFG
Dragees Dark Cranberry,B: Transform->Pack (in-line),Packing,SFG0144,Dragees Dark Cranberry · WIP · Roast+Enrobe,SFG
Dragees Milk Cranberry,B: Transform->Pack (in-line),Packing,SFG0145,Dragees Milk Cranberry · WIP · Roast+Enrobe,SFG
Dragees White Cranberry,B: Transform->Pack (in-line),Packing,SFG0146,Dragees White Cranberry · WIP · Roast+Enrobe,SFG
Drangees Dark Almond,B: Transform->Pack (in-line),Packing,SFG0147,Drangees Dark Almond · WIP · Roast+Enrobe,SFG
Dried Blueberry 100gm,D: Pack-only,Sorting + Packing,RM,,RM
Dried Cranberry 100gm,D: Pack-only,Sorting + Packing,RM,,RM
Dried Cranberry Sliced,D: Pack-only,Sorting + Packing,RM,,RM
Dried Cranberry Whole,D: Pack-only,Sorting + Packing,RM,,RM
Dried Kiwi,D: Pack-only,Sorting + Packing,RM,,RM
Dried Mango Loose,D: Pack-only,Sorting + Packing,RM,,RM
Dried Masala Kiwi,D: Pack-only,Sorting + Packing,RM,,RM
Dried Masala Mango,B: Transform->Pack (in-line),Packing,SFG0148,Dried Masala Mango · WIP · RoastFlav,SFG
Dried Masala Pineapple,B: Transform->Pack (in-line),Packing,SFG0149,Dried Masala Pineapple · WIP · RoastFlav,SFG
Dried Prunes (Pitted),D: Pack-only,Sorting + Packing,RM,,RM
Dried Raspberry,D: Pack-only,Sorting + Packing,RM,,RM
Dry Fruit Hamper,B: Transform->Pack (in-line),Packing,SFG0150,Dry Fruit · WIP · RoastFlav,SFG
Dryfruit Instant Energy LadduBar Pack of 5,B: Transform->Pack (in-line),Packing,SFG0153,Dryfruit Instant Energy LadduBar Pack of · WIP · BlendForm,SFG
Dryfruit Instant Energy Laddubar Bites 9gm,B: Transform->Pack (in-line),Packing,SFG0152,Dryfruit Instant Energy Laddubar Bites · WIP · BlendForm,SFG
Dryfruit instant Energy laddu Bar 35gm,B: Transform->Pack (in-line),Packing,SFG0151,Dryfruit instant Energy laddu Bar · WIP · BlendForm,SFG
Energy Bar - Choco Crunch 30gm,B: Transform->Pack (in-line),Packing,SFG0154,Energy Bar - Choco Crunch · WIP · BlendForm,SFG
Energy Bar - Fig & Dates 30gm,B: Transform->Pack (in-line),Packing,SFG0155,Energy Bar - Fig & Dates · WIP · BlendForm,SFG
Energy Bar - Hazelnut Magic 30gm,B: Transform->Pack (in-line),Packing,SFG0156,Energy Bar - Hazelnut Magic · WIP · BlendForm,SFG
Energy Bar - Oats & Apricot 30gm,B: Transform->Pack (in-line),Packing,SFG0157,Energy Bar - Oats & Apricot · WIP · BlendForm,SFG
Energy Bars Oats and Dates (Pack of 6) 210gm,B: Transform->Pack (in-line),Packing,SFG0158,Energy Bars Oats and Dates · WIP · BlendForm,SFG
Extra Cheese Seasoning (UNC) 1Kg,B: Transform->Pack (in-line),Packing,SFG0159,Extra Cheese Seasoning · WIP · RoastFlav,SFG
Extra Cheese Seasoning Extreme,B: Transform->Pack (in-line),Packing,SFG0160,Extra Cheese Seasoning Extreme · WIP · RoastFlav,SFG
Extra Cheese Seasoning-UNC( Malaysian) 15kg,B: Transform->Pack (in-line),Packing,SFG0161,Extra Cheese Seasoning-UNC · WIP · RoastFlav,SFG
Extra Cheese Seasoning-UNC( Malaysian) 1kg,B: Transform->Pack (in-line),Packing,SFG0161,Extra Cheese Seasoning-UNC · WIP · RoastFlav,SFG
Extreme Cheese Seasoning( Malaysian) 1kg,B: Transform->Pack (in-line),Packing,SFG0162,Extreme Cheese Seasoning · WIP · RoastFlav,SFG
Ez Almond California Bold Loose,D: Pack-only,Sorting + Packing,RM,,RM
Ez Almond California Regular Loose,D: Pack-only,Sorting + Packing,RM,,RM
Ez Almond Mammra Regular Loose,D: Pack-only,Sorting + Packing,RM,,RM
Ez Almond Mamra Regular Loose (1459019),D: Pack-only,Sorting + Packing,RM,,RM
Ez Almond Rstd Salted Loose,C: Pack of existing SFG,Packing,SFG0261,Roasted & Salted Almonds Bulk,SFG
Ez Anjeer Small Loose,D: Pack-only,Sorting + Packing,RM,,RM
Ez Black Raisin Loose (1459026),D: Pack-only,Sorting + Packing,RM,,RM
Ez Black Raisin Seedless Loose,D: Pack-only,Sorting + Packing,RM,,RM
Ez Blue Berry Loose,D: Pack-only,Sorting + Packing,RM,,RM
Ez Cashew 210 Loose,D: Pack-only,Sorting + Packing,RM,,RM
Ez Cashew 240 Loose,D: Pack-only,Sorting + Packing,RM,,RM
Ez Cashew 320 Loose,D: Pack-only,Sorting + Packing,RM,,RM
Ez Cashew 4pc Loose,D: Pack-only,Sorting + Packing,RM,,RM
Ez Cashew Roasted Salted Loose,D: Pack-only,Sorting + Packing,RM,,RM
Ez Chilean Walnut Giri Regular Loose,D: Pack-only,Sorting + Packing,RM,,RM
Ez Chilean Walnut Giri Small Loose (1459038),D: Pack-only,Sorting + Packing,RM,,RM
Ez Cranberry Loose,D: Pack-only,Sorting + Packing,RM,,RM
Ez Dried Apricot Loose,D: Pack-only,Sorting + Packing,RM,,RM
Ez Green Pista Loose (1459047),D: Pack-only,Sorting + Packing,RM,,RM
Ez Honey Amla Loose (1459048),D: Pack-only,Sorting + Packing,RM,,RM
Ez Khurmani Wet Apricot Loose (1459052),D: Pack-only,Sorting + Packing,RM,,RM
Ez Kishmish Afghani Loose,D: Pack-only,Sorting + Packing,RM,,RM
Ez Mix Dry Fruit Regular Loose (1459062),D: Pack-only,Sorting + Packing,RM,,RM
Ez Munakka Loose,D: Pack-only,Sorting + Packing,RM,,RM
Ez Pista Roasted Salted Akbari Loose,D: Pack-only,Sorting + Packing,RM,,RM
Ez Pista Roasted Salted Irani Loose,D: Pack-only,Sorting + Packing,RM,,RM
Ez Walnut Broken Loose,D: Pack-only,Sorting + Packing,RM,,RM
Ez Walnut Whole Loose,D: Pack-only,Sorting + Packing,RM,,RM
FABSTA ALMOND 100G,D: Pack-only,Sorting + Packing,RM,,RM
FABSTA ALMOND 200G,D: Pack-only,Sorting + Packing,RM,,RM
FABSTA ALMOND 500G,D: Pack-only,Sorting + Packing,RM,,RM
FABSTA ALMOND REGULAR 100G,D: Pack-only,Sorting + Packing,RM,,RM
FABSTA ALMOND REGULAR 200G,D: Pack-only,Sorting + Packing,RM,,RM
FABSTA ALMOND REGULAR 500G,D: Pack-only,Sorting + Packing,RM,,RM
FABSTA Apricots Dry 100gm,D: Pack-only,Sorting + Packing,RM,,RM
FABSTA BLACK RAISINS 100G (1455547),D: Pack-only,Sorting + Packing,RM,,RM
FABSTA BLACK RAISINS 200G,D: Pack-only,Sorting + Packing,RM,,RM
FABSTA BLACK RAISINS 500G,D: Pack-only,Sorting + Packing,RM,,RM
FABSTA CASHEWNUT 240 COUNT 200g,D: Pack-only,Sorting + Packing,RM,,RM
FABSTA CASHEWNUT BROKEN 200G,B: Transform->Pack (in-line),Packing,SFG0163,FABSTA CASHEWNUT BROKEN · WIP · BlanchSlice,SFG
FABSTA INDIAN RAISINS 200G,D: Pack-only,Sorting + Packing,RM,,RM
FABSTA INDIAN RAISINS 500G,D: Pack-only,Sorting + Packing,RM,,RM
FABSTA PISTA CALIFORNIA 200G,D: Pack-only,Sorting + Packing,RM,,RM
FABSTA Raisins Indian 100 Gm,D: Pack-only,Sorting + Packing,RM,,RM
FABSTA WALNUT SPLIT 250G,D: Pack-only,Sorting + Packing,RM,,RM
FABSTA Walnut Split 100gm,D: Pack-only,Sorting + Packing,RM,,RM
FESTIVE GREETING 560gm,D: Pack-only,Sorting + Packing,RM,,RM
FIESTA DryFruit Box 800gm,D: Pack-only,Sorting + Packing,RM,,RM
FNP Almonds 26-29 - Salted & Roasted 50 gm,C: Pack of existing SFG,Packing,SFG0261,Roasted & Salted Almonds Bulk,SFG
FNP Choco Almonds 50gm,B: Transform->Pack (in-line),Packing,SFG0164,FNP Choco Almonds · WIP · Roast+Enrobe,SFG
FNP Choco Berry Bites 50gm,B: Transform->Pack (in-line),Packing,SFG0165,FNP Choco Berry Bites · WIP · BlendForm,SFG
FNP Fiery Almonds Sizzlin Peri Peri 50gm,D: Pack-only,Sorting + Packing,RM,,RM
FNP Indian Raisins 70 gm,D: Pack-only,Sorting + Packing,RM,,RM
FNP Pistachios Salted & Roasted 50 gm,B: Transform->Pack (in-line),Packing,SFG0166,FNP Pistachios Salted & Roasted · WIP · RoastFlav,SFG
FNP Salt & Pepper Cashew 50gm,C: Pack of existing SFG,Packing,SFG0278,Salt and Pepper Cashew Bulk,SFG
FNP Smokin Sweet N Smoky BBQ Almond 50gm,D: Pack-only,Sorting + Packing,RM,,RM
FNP Smokin Sweet N Smoky BBQ Cashew 50g,C: Pack of existing SFG,Packing,SFG0285,Smokey BBQ Cashew Bulk,SFG
Fabsta Anjeer 200gm,D: Pack-only,Sorting + Packing,RM,,RM
Fabsta Figs Regular 500gm,D: Pack-only,Sorting + Packing,RM,,RM
Fabsta Rstd Flax Seeds 100g,D: Pack-only,Sorting + Packing,RM,,RM
Fabsta Rstd Melon Seeds 100g,D: Pack-only,Sorting + Packing,RM,,RM
Fabsta Rstd Pumpkin Seeds 100g,D: Pack-only,Sorting + Packing,RM,,RM
Fabsta Rstd Sunflower Seeds 100g,D: Pack-only,Sorting + Packing,RM,,RM
Fabsta Walnut Split 500g,D: Pack-only,Sorting + Packing,RM,,RM
Fan Bag 300g,D: Pack-only,Sorting + Packing,RM,,RM
Fardh Dates,D: Pack-only,Sorting + Packing,RM,,RM
Festive Box - Magic Moments 600g,D: Pack-only,Sorting + Packing,RM,,RM
Festive Box - Supreme 1000g,D: Pack-only,Sorting + Packing,RM,,RM
Festive Hamper 01,D: Pack-only,Sorting + Packing,RM,,RM
Festive Hamper 02,D: Pack-only,Sorting + Packing,RM,,RM
Festive Hamper 03,D: Pack-only,Sorting + Packing,RM,,RM
Flaxseeds 200G (B07GR346G4),D: Pack-only,Sorting + Packing,RM,,RM
Flaxseeds 500G (B07GQZ7ZVT),D: Pack-only,Sorting + Packing,RM,,RM
Floppy Bag Gift Hamper,D: Pack-only,Sorting + Packing,RM,,RM
Foodsquare Truffle Laquered Nuts (Bulk),D: Pack-only,Sorting + Packing,RM,,RM
Foodsquare Truffle Laquered Nuts 200gm,D: Pack-only,Sorting + Packing,RM,,RM
Forsi Coctail Mix,D: Pack-only,Sorting + Packing,RM,,RM
Forsi Panchmewa,D: Pack-only,Sorting + Packing,RM,,RM
GOOD LIFE ARABIAN DATES 500 g,D: Pack-only,Sorting + Packing,RM,,RM
GOOD LIFE CHIA SEED 100G,D: Pack-only,Sorting + Packing,RM,,RM
GOOD LIFE FARD DATES 500 g,D: Pack-only,Sorting + Packing,RM,,RM
GOOD LIFE FLAX SEED 100G,D: Pack-only,Sorting + Packing,RM,,RM
GOOD LIFE PUMPKIN SEED 100G,D: Pack-only,Sorting + Packing,RM,,RM
GOOD LIFE SUNFLOWER SEED 100G,D: Pack-only,Sorting + Packing,RM,,RM
Gondh Dryfruit Laddu Bar 35gm,B: Transform->Pack (in-line),Packing,SFG0167,Gondh Dryfruit Laddu Bar · WIP · BlendForm,SFG
Gondh Dryfruit LadduBar Pack of 6,B: Transform->Pack (in-line),Packing,SFG0168,Gondh Dryfruit LadduBar Pack of · WIP · BlendForm,SFG
Good Health Dry Fruit Box 750 g,D: Pack-only,Sorting + Packing,RM,,RM
Green Chilli Cashew Bulk,A: WIP producer (bulk),Packing,SFG0169,Green Chilli Cashew Bulk,SFG
Green Chilly Cashew,D: Pack-only,Sorting + Packing,RM,,RM
Green Leafy Trunk Gift Hamper,D: Pack-only,Sorting + Packing,RM,,RM
Greendot Coated Peanuts,B: Transform->Pack (in-line),Packing,SFG0170,Greendot Coated Peanuts · WIP · RoastFlav,SFG
Grey Carry All Basket Hamper,D: Pack-only,Sorting + Packing,RM,,RM
H Finest Turkey Appricot 300g(1340538),D: Pack-only,Sorting + Packing,RM,,RM
HA AJWA DATES 300GM (1357012),D: Pack-only,Sorting + Packing,RM,,RM
HA ALMOND MAMRA 100g (1340535),D: Pack-only,Sorting + Packing,RM,,RM
HA APRICOT - JARDALOO 200g (1340540),D: Pack-only,Sorting + Packing,RM,,RM
HA BLACK CURRENT 250g (1340541),D: Pack-only,Sorting + Packing,RM,,RM
HA MABOROOM DATES 300GM (1357011),D: Pack-only,Sorting + Packing,RM,,RM
HA SEGAI DATES 300GM (1357010),D: Pack-only,Sorting + Packing,RM,,RM
HA SINDUKANI RAISIN 250GM,D: Pack-only,Sorting + Packing,RM,,RM
HA SUKHRY DATES 300GM (1357013),D: Pack-only,Sorting + Packing,RM,,RM
HARDIK SHUBHKAMANYEN 280gm,D: Pack-only,Sorting + Packing,RM,,RM
HOH Panch Mewa Mix Loose,B: Transform->Pack (in-line),Packing,SFG0174,HOH Panch Mewa Mix · WIP · Roast,SFG
HOH Raksha Bandhan Box 190 Gm,D: Pack-only,Sorting + Packing,RM,,RM
HOH Raksha Bandhan Box 268g,D: Pack-only,Sorting + Packing,RM,,RM
Ha Akbari Pista 200g (1357005),D: Pack-only,Sorting + Packing,RM,,RM
Ha Almond Mamro 250g (1340532),D: Pack-only,Sorting + Packing,RM,,RM
Ha Almond Mamro 500g (1350928),D: Pack-only,Sorting + Packing,RM,,RM
Ha Brazil Nut 200g (1340533),D: Pack-only,Sorting + Packing,RM,,RM
Ha Hazulnut 250g (1340531),D: Pack-only,Sorting + Packing,RM,,RM
Ha Maryam Dates 300g(1340537),D: Pack-only,Sorting + Packing,RM,,RM
Ha Pinenut 100g (1340543),D: Pack-only,Sorting + Packing,RM,,RM
Ha Premium Dates Medjool 300g(1340530),D: Pack-only,Sorting + Packing,RM,,RM
Ha Premium Pecans 150g (1340534),D: Pack-only,Sorting + Packing,RM,,RM
Ha Premium Saudi Dates 300g(1340536),D: Pack-only,Sorting + Packing,RM,,RM
Ha Premium Saudi Dates 500g(1356005),D: Pack-only,Sorting + Packing,RM,,RM
Ha Prunes 275g(1340539),D: Pack-only,Sorting + Packing,RM,,RM
Ha Walnut Kernal 250g(1340542),D: Pack-only,Sorting + Packing,RM,,RM
Ha Walnut Kernal 500g(1350930),D: Pack-only,Sorting + Packing,RM,,RM
Ha Walnut Whole 500g(1350935),D: Pack-only,Sorting + Packing,RM,,RM
Habit Coconut Cream Powder 1 Kg (Instant),B: Transform->Pack (in-line),Packing,SFG0171,Habit Coconut Cream Powder · WIP · RoastFlav,SFG
Habit Extra Cheese Seasoning (15kg),B: Transform->Pack (in-line),Packing,SFG0172,Habit Extra Cheese Seasoning · WIP · RoastFlav,SFG
Healing Hand Oats and Dates Bar,B: Transform->Pack (in-line),Packing,SFG0173,Healing Hand Oats and Dates Bar · WIP · BlendForm,SFG
Healthy Choice Chia Seeds 100 g,D: Pack-only,Sorting + Packing,RM,,RM
Healthy Choice Chia Seeds 200 g,D: Pack-only,Sorting + Packing,RM,,RM
Healthy Choice Roasted Pumpkin Seeds 100 g,D: Pack-only,Sorting + Packing,RM,,RM
Healthy Choice Roasted Pumpkin Seeds 200 g,D: Pack-only,Sorting + Packing,RM,,RM
Healthy Choice Roasted Sunflower Seeds 100 g,D: Pack-only,Sorting + Packing,RM,,RM
Healthy Choice Roasted Sunflower Seeds 200 g,D: Pack-only,Sorting + Packing,RM,,RM
Healthy Choice Roasted Watermelon Seeds 100 g,D: Pack-only,Sorting + Packing,RM,,RM
Healthy Choice Roasted Watermelon Seeds 200 g,D: Pack-only,Sorting + Packing,RM,,RM
Independence Almonds,D: Pack-only,Sorting + Packing,RM,,RM
Indian Green Raisins,D: Pack-only,Sorting + Packing,RM,,RM
Indian Green Raisins 230g,D: Pack-only,Sorting + Packing,RM,,RM
Indian Green Raisins 90gm,D: Pack-only,Sorting + Packing,RM,,RM
Indian Long Green Raisins,D: Pack-only,Sorting + Packing,RM,,RM
Jute Drawstring  300g,D: Pack-only,Sorting + Packing,RM,,RM
Jute Floppy Bag Hamper,D: Pack-only,Sorting + Packing,RM,,RM
King Solomon Dates Medjool Medium 200g,D: Pack-only,Sorting + Packing,RM,,RM
King Solomon Dates Medjoul Medium [Y1562] 200gm,D: Pack-only,Sorting + Packing,RM,,RM
King Solomon Medjoul Dates 250 Gms,D: Pack-only,Sorting + Packing,RM,,RM
King Solomon Medjoul Dates 500 Gms,D: Pack-only,Sorting + Packing,RM,,RM
King Solomon Medjoul Dates Jumbo 1kg,D: Pack-only,Sorting + Packing,RM,,RM
King Solomon Medjoul Dates Junior 1kg,D: Pack-only,Sorting + Packing,RM,,RM
King Solomon Medjoul Dates Large 1kg,D: Pack-only,Sorting + Packing,RM,,RM
King Solomon Medjoul Dates Medium 1kg,D: Pack-only,Sorting + Packing,RM,,RM
King Solomon Medjoul Dates Medium 500 Gm,D: Pack-only,Sorting + Packing,RM,,RM
King Solomon Medjoul Dates Mini 500 Gm,D: Pack-only,Sorting + Packing,RM,,RM
King Solomon Medjoul Jumbo Dates 500gm,D: Pack-only,Sorting + Packing,RM,,RM
King Solomon Medjoul Junior 500g,D: Pack-only,Sorting + Packing,RM,,RM
King Solomon Medjoul Super Jumbo 1kg,D: Pack-only,Sorting + Packing,RM,,RM
King Solomon Medjoul Super Jumbo 500gm,D: Pack-only,Sorting + Packing,RM,,RM
King Solomon Oriental Dates 250g,D: Pack-only,Sorting + Packing,RM,,RM
King Solomon Oriental Dates 500gm,D: Pack-only,Sorting + Packing,RM,,RM
Krack Nut Coated Peanuts Magic Masala 110g,B: Transform->Pack (in-line),Packing,SFG0175,Krack Nut Coated Peanuts Magic Masala · WIP · RoastFlav,SFG
Krack Nut Coated Peanuts Pudina Patakha 100g,C: Pack of existing SFG,Packing,SFG0334,Coated Peanuts Pudina Patakha Bulk,SFG
Krack Nut Coated Peanuts Pudina Patakha 25g Not Use,B: Transform->Pack (in-line),Packing,SFG0176,Krack Nut Coated Peanuts Pudina Patakha · WIP · RoastFlav,SFG
Krack Nut Coated Peanuts Pudina Patakha 25gm,C: Pack of existing SFG,Packing,SFG0334,Coated Peanuts Pudina Patakha Bulk,SFG
Krack Nut Coated Peanuts Tandoori Toofan 1 Kg,C: Pack of existing SFG,Packing,SFG0335,Coated Peanuts Tandoori Toofan Bulk,SFG
Krack Nut Coated Peanuts Thai Firangi 1 Kg,C: Pack of existing SFG,Packing,SFG0336,Coated Peanuts Thai Flavour Bulk,SFG
Krack Nut Coated Peanuts Thai Firangi 100g,C: Pack of existing SFG,Packing,SFG0336,Coated Peanuts Thai Flavour Bulk,SFG
Kracknut Coated Peanuts - Tandoori Toofan 110g,C: Pack of existing SFG,Packing,SFG0335,Coated Peanuts Tandoori Toofan Bulk,SFG
Kracknut Coated Peanuts - Tandoori Toofan 160gm,C: Pack of existing SFG,Packing,SFG0335,Coated Peanuts Tandoori Toofan Bulk,SFG
Kracknut Coated Peanuts - Tandoori Toofan 25g,C: Pack of existing SFG,Packing,SFG0335,Coated Peanuts Tandoori Toofan Bulk,SFG
Kracknut Coated Peanuts - Thai Firangi 25g,C: Pack of existing SFG,Packing,SFG0336,Coated Peanuts Thai Flavour Bulk,SFG
Kracknut Coated Peanuts-Pudhina Patakha 110g,C: Pack of existing SFG,Packing,SFG0334,Coated Peanuts Pudina Patakha Bulk,SFG
Kracknut Coated Peanuts-Pudhina Patakha 1kg,C: Pack of existing SFG,Packing,SFG0334,Coated Peanuts Pudina Patakha Bulk,SFG
Kracknut Coated Peanuts-Thai Firangi 110g,C: Pack of existing SFG,Packing,SFG0336,Coated Peanuts Thai Flavour Bulk,SFG
Lemon Pepper Cashew Bulk,A: WIP producer (bulk),Packing,SFG0177,Lemon Pepper Cashew Bulk,SFG
MDF Premium Medjoul Dates Box 18 Pcs,D: Pack-only,Sorting + Packing,RM,,RM
Mac Snack Dry Roasted Macadamias Munchies 100gm-style 4,B: Transform->Pack (in-line),Packing,SFG0179,Mac Snack Dry Roasted Macadamias Munchies 100gm-style · WIP · Roast,SFG
Mac Snack Dry Roasted Macadamias Munchies 200gm,B: Transform->Pack (in-line),Packing,SFG0178,Mac Snack Dry Roasted Macadamias Munchies · WIP · Roast,SFG
Mac Snack Macadamia Stlye 0 Premium-200gm,D: Pack-only,Sorting + Packing,RM,,RM
Mac Snack Macadamia Style 1 Roasted & Salted Premium 200g,D: Pack-only,Sorting + Packing,RM,,RM
Mac Snack Roasted & Salted Macadamias Munchies 200gm-style 4,B: Transform->Pack (in-line),Packing,SFG0180,Mac Snack Roasted & Salted Macadamias Munchies 200gm-style · WIP · RoastFlav,SFG
Mac Snack Roasted Macadamias Munchies 100gm-style 4,B: Transform->Pack (in-line),Packing,SFG0181,Mac Snack Roasted Macadamias Munchies 100gm-style · WIP · RoastFlav,SFG
Macadamia Inshell 150g,D: Pack-only,Sorting + Packing,RM,,RM
Macadamia Kernal 150gm,D: Pack-only,Sorting + Packing,RM,,RM
Macadamia Roasted & Salted style 4,B: Transform->Pack (in-line),Packing,SFG0182,Macadamia Roasted & Salted style · WIP · RoastFlav,SFG
Macadamia Roasted - Size 1,D: Pack-only,Sorting + Packing,RM,,RM
Macadamia Roasted - Size 2,D: Pack-only,Sorting + Packing,RM,,RM
Macadamia Roasted - Size 4,D: Pack-only,Sorting + Packing,RM,,RM
Macadamia Roasted NIS Sawn,D: Pack-only,Sorting + Packing,RM,,RM
Macadamia Roasted Salted - Size 0,D: Pack-only,Sorting + Packing,RM,,RM
Macadamia Roasted Salted - Size 1,D: Pack-only,Sorting + Packing,RM,,RM
Makhana Black Pepper,B: Transform->Pack (in-line),Packing,SFG0183,Makhana Black Pepper · WIP · RoastFlav,SFG
Makhana Black Salt 75gm,B: Transform->Pack (in-line),Packing,SFG0184,Makhana Black Salt · WIP · RoastFlav,SFG
Makhana Chilli Lime 75gm,B: Transform->Pack (in-line),Packing,SFG0185,Makhana Chilli Lime · WIP · RoastFlav,SFG
Makhana Himalayan Pink Salt,B: Transform->Pack (in-line),Packing,SFG0186,Makhana Himalayan Pink Salt · WIP · RoastFlav,SFG
Makhana Himalayan Pink Salt 75gm,D: Pack-only,Sorting + Packing,RM,,RM
Makhana Masala,B: Transform->Pack (in-line),Packing,SFG0187,Makhana Masala · WIP · RoastFlav,SFG
Makhana Peri Peri,B: Transform->Pack (in-line),Packing,SFG0188,Makhana Peri Peri · WIP · RoastFlav,SFG
Makhana Tangy Tomato 75gm,D: Pack-only,Sorting + Packing,RM,,RM
Masala Cashew,B: Transform->Pack (in-line),Packing,SFG0189,Masala Cashew · WIP · RoastFlav,SFG
Masala Raisin,D: Pack-only,Sorting + Packing,RM,,RM
Methi Dryfruit Laddu bar 35gm,B: Transform->Pack (in-line),Packing,SFG0190,Methi Dryfruit Laddu bar · WIP · BlendForm,SFG
Milk Almond Draggies,B: Transform->Pack (in-line),Packing,SFG0191,Milk Almond Draggies · WIP · Roast+Enrobe,SFG
Milk Chocolate Coated Date Bites,B: Transform->Pack (in-line),Packing,SFG0192,Milk Chocolate Coated Date Bites · WIP · BlendForm,SFG
Millennium Nut Mix,D: Pack-only,Sorting + Packing,RM,,RM
Mocha Mojo Trail Mix,B: Transform->Pack (in-line),Packing,SFG0193,Mocha Mojo Trail Mix · WIP · RoastFlav,SFG
Moon Freeze Banana Date Fruit Bar - 10 GM,B: Transform->Pack (in-line),Packing,SFG0194,Moon Freeze Banana Date Fruit Bar · WIP · BlendForm,SFG
Moon Freeze Banana Date Fruit Bar - 45 Gm,B: Transform->Pack (in-line),Packing,SFG0194,Moon Freeze Banana Date Fruit Bar · WIP · BlendForm,SFG
Moon Freeze Mango Date Fruit Bar - 10 GM,B: Transform->Pack (in-line),Packing,SFG0195,Moon Freeze Mango Date Fruit Bar · WIP · BlendForm,SFG
Moon Freeze Mango Date Fruit Bar - 45 Gm,B: Transform->Pack (in-line),Packing,SFG0195,Moon Freeze Mango Date Fruit Bar · WIP · BlendForm,SFG
Moon Freeze Pineapple Date Fruit Bar - 45 Gm,B: Transform->Pack (in-line),Packing,SFG0196,Moon Freeze Pineapple Date Fruit Bar · WIP · BlendForm,SFG
Moon Freeze Pineapple Date Fruit Bar -10 GM,B: Transform->Pack (in-line),Packing,SFG0196,Moon Freeze Pineapple Date Fruit Bar · WIP · BlendForm,SFG
Moon Freeze Strawberry Date Fruit Bar - 45 Gm,B: Transform->Pack (in-line),Packing,SFG0197,Moon Freeze Strawberry Date Fruit Bar · WIP · BlendForm,SFG
Moon Freeze Strawberry Date Fruit Bar -10 GM,B: Transform->Pack (in-line),Packing,SFG0197,Moon Freeze Strawberry Date Fruit Bar · WIP · BlendForm,SFG
NATAPURE Almond 200g,D: Pack-only,Sorting + Packing,RM,,RM
NATAPURE Roasted Almonds 175gms,D: Pack-only,Sorting + Packing,RM,,RM
NATURES FIGS 250GM (1357008),D: Pack-only,Sorting + Packing,RM,,RM
NATURES FIGS 500G (1357009),D: Pack-only,Sorting + Packing,RM,,RM
NATURES MACADAMIA ROASTED&SALTED 100g (1443558),B: Transform->Pack (in-line),Packing,SFG0199,NATURES MACADAMIA ROASTED&SALTED · WIP · RoastFlav,SFG
NB AMERICAN ALMOND LOOSE,D: Pack-only,Sorting + Packing,RM,,RM
NB AMERICAN ALMOND SELECTED LOOSE,D: Pack-only,Sorting + Packing,RM,,RM
NB ANJEER LARGE (SLW) LOOSE,D: Pack-only,Sorting + Packing,RM,,RM
NB ANJEER SELECT (WHITE) LOOSE,D: Pack-only,Sorting + Packing,RM,,RM
NB ANJEER SMALL (1X1W) LOOSE,D: Pack-only,Sorting + Packing,RM,,RM
NB APRICOT SEEDLESS (TURKEY) DRIED LOOSE,D: Pack-only,Sorting + Packing,RM,,RM
NB APRICOT WHOLE DRIED LOOSE,D: Pack-only,Sorting + Packing,RM,,RM
NB BARBEQUE ALMOND LOOSE,B: Transform->Pack (in-line),Packing,SFG0200,NB BARBEQUE ALMOND · WIP · RoastFlav,SFG
NB BARBEQUE CASHEW LOOSE,B: Transform->Pack (in-line),Packing,SFG0201,NB BARBEQUE CASHEW · WIP · RoastFlav,SFG
NB BLACK PEPPER CASHEW LOOSE,B: Transform->Pack (in-line),Packing,SFG0202,NB BLACK PEPPER CASHEW · WIP · RoastFlav,SFG
NB BLACK RAISIN SEEDLESS LOOSE,D: Pack-only,Sorting + Packing,RM,,RM
NB BLACKBERRY DRIED LOOSE,D: Pack-only,Sorting + Packing,RM,,RM
NB BLACKCURRANT DRIED LOOSE,D: Pack-only,Sorting + Packing,RM,,RM
NB BLUEBERRY DRIED LOOSE,D: Pack-only,Sorting + Packing,RM,,RM
NB BRAZIL NUT LOOSE,D: Pack-only,Sorting + Packing,RM,,RM
NB CASHEW W150 LOOSE,D: Pack-only,Sorting + Packing,RM,,RM
NB CASHEW W180 LOOSE,D: Pack-only,Sorting + Packing,RM,,RM
NB CASHEW W240 LOOSE,D: Pack-only,Sorting + Packing,RM,,RM
NB CHARCOAL CASHEW LOOSE,B: Transform->Pack (in-line),Packing,SFG0203,NB CHARCOAL CASHEW · WIP · RoastFlav,SFG
NB CHEESE CASHEW LOOSE,B: Transform->Pack (in-line),Packing,SFG0204,NB CHEESE CASHEW · WIP · RoastFlav,SFG
NB CHIA SEED LOOSE,D: Pack-only,Sorting + Packing,RM,,RM
NB CRANBERRY DRIED LOOSE,D: Pack-only,Sorting + Packing,RM,,RM
NB DEHYDRATED BABY ORANGE LOOSE,D: Pack-only,Sorting + Packing,RM,,RM
NB DEHYDRATED CHERRY LOOSE,D: Pack-only,Sorting + Packing,RM,,RM
NB DEHYDRATED GINGER LOOSE,D: Pack-only,Sorting + Packing,RM,,RM
NB DEHYDRATED GUAVA LOOSE,D: Pack-only,Sorting + Packing,RM,,RM
NB DEHYDRATED KIWI LOOSE,D: Pack-only,Sorting + Packing,RM,,RM
NB DEHYDRATED MANGO SLICED LOOSE,D: Pack-only,Sorting + Packing,RM,,RM
NB DEHYDRATED PEACH GREEN LOOSE,D: Pack-only,Sorting + Packing,RM,,RM
NB DEHYDRATED PEACH RED LOOSE,D: Pack-only,Sorting + Packing,RM,,RM
NB DEHYDRATED PEACH YELLOW LOOSE,D: Pack-only,Sorting + Packing,RM,,RM
NB DEHYDRATED PINEAPPLE COIN LOOSE,D: Pack-only,Sorting + Packing,RM,,RM
NB DEHYDRATED PINEAPPLE RING LOOSE,D: Pack-only,Sorting + Packing,RM,,RM
NB DEHYDRATED STRAWBERRY LOOSE,D: Pack-only,Sorting + Packing,RM,,RM
NB FLAX SEED LOOSE,D: Pack-only,Sorting + Packing,RM,,RM
NB GOJI BERRY DRIED LOOSE,D: Pack-only,Sorting + Packing,RM,,RM
NB GREEN CHILLY CASHEW LOOSE,B: Transform->Pack (in-line),Packing,SFG0205,NB GREEN CHILLY CASHEW · WIP · RoastFlav,SFG
NB HAZELNUT LOOSE,D: Pack-only,Sorting + Packing,RM,,RM
NB HONEY ROAST ALMOND LOOSE,D: Pack-only,Sorting + Packing,RM,,RM
NB MACADAMIA INSHELL VANILLA LOOSE,D: Pack-only,Sorting + Packing,RM,,RM
NB MACADAMIA LOOSE,D: Pack-only,Sorting + Packing,RM,,RM
NB MAMRA ALMOND CLASSIC LOOSE,D: Pack-only,Sorting + Packing,RM,,RM
NB MAMRA ALMOND ROYAL LOOSE,D: Pack-only,Sorting + Packing,RM,,RM
NB MAMRA ALMOND ROYAL LOOSE_x000D_,D: Pack-only,Sorting + Packing,RM,,RM
NB MASALA CASHEW LOOSE,B: Transform->Pack (in-line),Packing,SFG0206,NB MASALA CASHEW · WIP · RoastFlav,SFG
NB MASALA RAISIN LOOSE,B: Transform->Pack (in-line),Packing,SFG0207,NB MASALA RAISIN · WIP · RoastFlav,SFG
NB MILLENNIUM NUT MIX LOOSE,D: Pack-only,Sorting + Packing,RM,,RM
NB MUNAKKA LOOSE,D: Pack-only,Sorting + Packing,RM,,RM
NB PAAN RAISIN LOOSE,B: Transform->Pack (in-line),Packing,SFG0208,NB PAAN RAISIN · WIP · RoastFlav,SFG
NB PECAN NUT LOOSE,D: Pack-only,Sorting + Packing,RM,,RM
NB PERI-PERI CASHEW LOOSE,B: Transform->Pack (in-line),Packing,SFG0209,NB PERI-PERI CASHEW · WIP · RoastFlav,SFG
NB PINENUT LOOSE,D: Pack-only,Sorting + Packing,RM,,RM
NB PISTACHIO AKBARI LOOSE,D: Pack-only,Sorting + Packing,RM,,RM
NB PISTACHIO IRANI LOOSE,D: Pack-only,Sorting + Packing,RM,,RM
NB PISTACHIO KERNEL 5 STAR LOOSE,D: Pack-only,Sorting + Packing,RM,,RM
NB PISTACHIO KERNEL PREMIUM LOOSE,D: Pack-only,Sorting + Packing,RM,,RM
NB PRUNES DRIED LOOSE,D: Pack-only,Sorting + Packing,RM,,RM
NB PUMPKIN SEED LOOSE,D: Pack-only,Sorting + Packing,RM,,RM
NB RAISIN AFGHAN,D: Pack-only,Sorting + Packing,RM,,RM
NB RAISIN INDIAN PREMIUM LOOSE,D: Pack-only,Sorting + Packing,RM,,RM
NB RAISIN SANDUKANI LOOSE,D: Pack-only,Sorting + Packing,RM,,RM
NB ROASTED & SALTED ALMOND LOOSE,B: Transform->Pack (in-line),Packing,SFG0210,NB ROASTED & SALTED ALMOND · WIP · RoastFlav,SFG
NB ROASTED & SALTED CASHEW LOOSE,B: Transform->Pack (in-line),Packing,SFG0211,NB ROASTED & SALTED CASHEW · WIP · RoastFlav,SFG
NB ROASTED MACADAMIA INSHELL LOOSE,B: Transform->Pack (in-line),Packing,SFG0212,NB ROASTED MACADAMIA INSHELL · WIP · Roast,SFG
NB SMOKED ALMOND LOOSE,B: Transform->Pack (in-line),Packing,SFG0213,NB SMOKED ALMOND · WIP · RoastFlav,SFG
NB SRIRACHA CASHEW LOOSE,D: Pack-only,Sorting + Packing,RM,,RM
NB SUNFLLOWER SEED LOOSE,D: Pack-only,Sorting + Packing,RM,,RM
NB TRAIL MIX - POWER SEED LOOSE,D: Pack-only,Sorting + Packing,RM,,RM
NB TRAIL MIX - PREMIUM NUT LOOSE,D: Pack-only,Sorting + Packing,RM,,RM
NB TRAIL MIX SALTED COCKTAIL LOOSE,D: Pack-only,Sorting + Packing,RM,,RM
NB TRAIL MIX- EVERY HEALTH LOOSE,D: Pack-only,Sorting + Packing,RM,,RM
NB WALNUTS CHILEAN LOOSE,D: Pack-only,Sorting + Packing,RM,,RM
NB WATERMELON SEED LOOSE,D: Pack-only,Sorting + Packing,RM,,RM
NOICE Choco Health Laddoo (18g*5),D: Pack-only,Sorting + Packing,RM,,RM
NOICE Date Bites (18g*5),B: Transform->Pack (in-line),Packing,SFG0214,NOICE Date Bites · WIP · BlendForm,SFG
Nature Dried Kiwi 200 Gm ( 1411658 ),D: Pack-only,Sorting + Packing,RM,,RM
Natures Almonds Reg 200 Gm (1411651),D: Pack-only,Sorting + Packing,RM,,RM
Natures Almons Reg 500 Gm ( 1411652 ),D: Pack-only,Sorting + Packing,RM,,RM
Natures American Almond 100g (1340528),D: Pack-only,Sorting + Packing,RM,,RM
Natures American Almond 250g (1340524),D: Pack-only,Sorting + Packing,RM,,RM
Natures American Almonds 1 KG (1416275),D: Pack-only,Sorting + Packing,RM,,RM
Natures American Alomnd 500g (1350926),D: Pack-only,Sorting + Packing,RM,,RM
Natures Black Rasin 200g (1340522),D: Pack-only,Sorting + Packing,RM,,RM
Natures California Pista Reg 200 Gm (1411656),D: Pack-only,Sorting + Packing,RM,,RM
Natures Cashew Reg 200 Gm ( 1411653 ),D: Pack-only,Sorting + Packing,RM,,RM
Natures Cashew Split 200g (1356008),B: Transform->Pack (in-line),Packing,SFG0198,Natures Cashew Split · WIP · BlanchSlice,SFG
Natures Cashew W 210 500g (1356007),D: Pack-only,Sorting + Packing,RM,,RM
Natures Cashew W210 100g (1340520),D: Pack-only,Sorting + Packing,RM,,RM
Natures Cashew W210 250g (1340525),D: Pack-only,Sorting + Packing,RM,,RM
Natures Dried Amla 200 Gm ( 1411660 ),D: Pack-only,Sorting + Packing,RM,,RM
Natures Dried Cherry 200 Gm ( 1411661 ),D: Pack-only,Sorting + Packing,RM,,RM
Natures Dried Pineapple 200 Gm ( 1411659 ),D: Pack-only,Sorting + Packing,RM,,RM
Natures Dried Strawberry 200 Gm (1411657),D: Pack-only,Sorting + Packing,RM,,RM
Natures Indian Raisin Reg 200 Gm (1411654),D: Pack-only,Sorting + Packing,RM,,RM
Natures Indian Raisin Reg 500 Gm (1411655),D: Pack-only,Sorting + Packing,RM,,RM
Natures Pista Iranian 100g (1340521),D: Pack-only,Sorting + Packing,RM,,RM
Natures Pista Iranian 250g (1340529),D: Pack-only,Sorting + Packing,RM,,RM
Natures Pistachia Iranian 500g (1340527),D: Pack-only,Sorting + Packing,RM,,RM
Natures Pisto Unshelled 200g (1340526),D: Pack-only,Sorting + Packing,RM,,RM
Natures Premium Mixed Dry Fruits 250g(1356314),D: Pack-only,Sorting + Packing,RM,,RM
Natures Raisin 100g (1340523),D: Pack-only,Sorting + Packing,RM,,RM
Natures Raisin 250g (1340519),D: Pack-only,Sorting + Packing,RM,,RM
Natures Raisin 500g (1356006),D: Pack-only,Sorting + Packing,RM,,RM
Nut Flex - Italian Herbs 33gm,B: Transform->Pack (in-line),Packing,SFG0215,Nut Flex - Italian Herbs · WIP · RoastFlav,SFG
Nut Flex - Italian Herbs 35gm,B: Transform->Pack (in-line),Packing,SFG0215,Nut Flex - Italian Herbs · WIP · RoastFlav,SFG
Nuts & Seed Mix,D: Pack-only,Sorting + Packing,RM,,RM
Nuts and Cardamom Date Balls 48 gms,B: Transform->Pack (in-line),Packing,SFG0216,Nuts and Cardamom Date Balls · WIP · BlendForm,SFG
OATS,D: Pack-only,Sorting + Packing,RM,,RM
ON THE RUN Assorted Energy Bars (Pack of 6x30g),B: Transform->Pack (in-line),Packing,SFG0218,ON THE RUN Assorted Energy Bars · WIP · BlendForm,SFG
ON THE RUN Choco Crunch Energy Bars (Pack of 6x30g),D: Pack-only,Sorting + Packing,RM,,RM
ON THE RUN Choco Crunch Energy Bars 30g,B: Transform->Pack (in-line),Packing,SFG0219,ON THE RUN Choco Crunch Energy Bars · WIP · BlendForm,SFG
ON THE RUN Fig and Date Energy Bar (Pack of 6x30 g),B: Transform->Pack (in-line),Packing,SFG0221,ON THE RUN Fig and Date Energy Bar · WIP · BlendForm,SFG
ON THE RUN Fig and Date Energy Bar 30g,B: Transform->Pack (in-line),Packing,SFG0221,ON THE RUN Fig and Date Energy Bar · WIP · BlendForm,SFG
ON THE RUN Hazelnut Magic Energy Bar 30g,B: Transform->Pack (in-line),Packing,SFG0222,ON THE RUN Hazelnut Magic Energy Bar · WIP · BlendForm,SFG
"ON THE RUN Oats, Apricot & Cranberry Energy Bar 30g",B: Transform->Pack (in-line),Packing,SFG0223,"ON THE RUN Oats, Apricot & Cranberry Energy Bar · WIP · BlendForm",SFG
Oman Dates 250g (1356292),D: Pack-only,Sorting + Packing,RM,,RM
Omega Mix- Lemon Pepper 35gm,B: Transform->Pack (in-line),Packing,SFG0217,Omega Mix- Lemon Pepper · WIP · RoastFlav,SFG
On the Run Coffee Bite 10g,B: Transform->Pack (in-line),Packing,SFG0220,On the Run Coffee Bite · WIP · BlendForm,SFG
Ontherun Coffee Bite (Pack of 15x10g),B: Transform->Pack (in-line),Packing,SFG0224,Ontherun Coffee Bite · WIP · BlendForm,SFG
Ontherun Coffee Bite (Pack of 6*10g),B: Transform->Pack (in-line),Packing,SFG0224,Ontherun Coffee Bite · WIP · BlendForm,SFG
Oriental Dates,D: Pack-only,Sorting + Packing,RM,,RM
PEANUT BUTTER,B: Transform->Pack (in-line),Packing,SFG0227,PEANUT BUTTER · WIP · RoastFlav,SFG
PEPPER SNACK MIX,B: Transform->Pack (in-line),Packing,SFG0234,PEPPER SNACK MIX · WIP · RoastFlav,SFG
PISTA PERI PERI,B: Transform->Pack (in-line),Packing,SFG0241,PISTA PERI PERI · WIP · RoastFlav,SFG
PL CALIFORNIA PRUNES 200G,D: Pack-only,Sorting + Packing,RM,,RM
PL CLASSIC DATES 500G,D: Pack-only,Sorting + Packing,RM,,RM
PL DRIED BLUEBERRIES 100G,D: Pack-only,Sorting + Packing,RM,,RM
PL SLICED CRANBERRIES 100G,D: Pack-only,Sorting + Packing,RM,,RM
PL TURKEY APRICOTS 200G,D: Pack-only,Sorting + Packing,RM,,RM
PL ZAHIDI DATES 500G,D: Pack-only,Sorting + Packing,RM,,RM
PREMIA ALMONDS SMOKD-100G,C: Pack of existing SFG,Packing,SFG0284,Smoked Almonds Bulk,SFG
Pan Cranberry,B: Transform->Pack (in-line),Packing,SFG0225,Pan Cranberry · WIP · RoastFlav,SFG
Pan Raisin,B: Transform->Pack (in-line),Packing,SFG0226,Pan Raisin · WIP · RoastFlav,SFG
Peanut Coated Spanish Tomato,B: Transform->Pack (in-line),Packing,SFG0228,Peanut Coated Spanish Tomato · WIP · RoastFlav,SFG
Pecan Nuts,D: Pack-only,Sorting + Packing,RM,,RM
Pecans Roasted and Salted,B: Transform->Pack (in-line),Packing,SFG0229,Pecans Roasted and Salted · WIP · RoastFlav,SFG
Peper Garlic Cashew,B: Transform->Pack (in-line),Packing,SFG0230,Peper Garlic Cashew · WIP · RoastFlav,SFG
Pepper Cashew,B: Transform->Pack (in-line),Packing,SFG0231,Pepper Cashew · WIP · RoastFlav,SFG
Pepper Pista 100g Pet,B: Transform->Pack (in-line),Packing,SFG0232,Pepper Pista · WIP · RoastFlav,SFG
Pepper Pista Inshell,B: Transform->Pack (in-line),Packing,SFG0233,Pepper Pista Inshell · WIP · RoastFlav,SFG
Peri Peri Cashew,C: Pack of existing SFG,Packing,SFG0235,Peri Peri Cashew Bulk,SFG
Peri Peri Cashew Bulk,A: WIP producer (bulk),Packing,SFG0235,Peri Peri Cashew Bulk,SFG
Peri Peri Pecannut,B: Transform->Pack (in-line),Packing,SFG0236,Peri Peri Pecannut · WIP · RoastFlav,SFG
Pine Nut Kernel,D: Pack-only,Sorting + Packing,RM,,RM
Pink Salt Almonds Bulk,A: WIP producer (bulk),Packing,SFG0237,Pink Salt Almonds Bulk,SFG
Pink Salt Pistachios 90gm,D: Pack-only,Sorting + Packing,RM,,RM
Pista Akbari Roasted and Salted,B: Transform->Pack (in-line),Packing,SFG0238,Pista Akbari Roasted and Salted · WIP · RoastFlav,SFG
Pista Irani 101 Inshell Roasted and salted,B: Transform->Pack (in-line),Packing,SFG0239,Pista Irani 101 Inshell Roasted and salted · WIP · RoastFlav,SFG
Pista Irani Inshell Roasted and Salted,B: Transform->Pack (in-line),Packing,SFG0240,Pista Irani Inshell Roasted and Salted · WIP · RoastFlav,SFG
Pista Kernal Roasted and Salted,D: Pack-only,Sorting + Packing,RM,,RM
Pista Kernel,D: Pack-only,Sorting + Packing,RM,,RM
Plain Coated Peanuts,B: Transform->Pack (in-line),Packing,SFG0242,Plain Coated Peanuts · WIP · RoastFlav,SFG
Planck Foods Multi Millet 5 GC puffs 210g,B: Transform->Pack (in-line),Packing,SFG0243,Planck Foods Multi Millet 5 GC puffs · WIP · Roast,SFG
"Popular Raisins, 500 g (B07GR3S1RR)",D: Pack-only,Sorting + Packing,RM,,RM
Premia Almond Salted 100 Gm,C: Pack of existing SFG,Packing,SFG0261,Roasted & Salted Almonds Bulk,SFG
Premia Breakfast Mix 100g (100005226),C: Pack of existing SFG,Packing,SFG0337,Premia Breakfast Mix Bulk,SFG
Premia Cashew Black Pepper 100 Gm,C: Pack of existing SFG,Packing,SFG0024,Black Pepper Cashew Bulk,SFG
Premia Cashew Salted 100 Gm,D: Pack-only,Sorting + Packing,RM,,RM
Premia Chatpata Cranberry 100gm,D: Pack-only,Sorting + Packing,RM,,RM
Premia Indian Raisin 100gm,D: Pack-only,Sorting + Packing,RM,,RM
Premia Nuts & Seeds Mix 100g (100005422),C: Pack of existing SFG,Packing,SFG0338,Premia Nuts & Seeds Mix Bulk,SFG
Premia Prunes 100gm,D: Pack-only,Sorting + Packing,RM,,RM
Premia Trail Mix 100g (100005227),C: Pack of existing SFG,Packing,SFG0339,Premia Trail Mix Bulk,SFG
Premium Trail Mix 100gm,B: Transform->Pack (in-line),Packing,SFG0244,Premium Trail Mix · WIP · RoastFlav,SFG
Prunes 1KG (B07GR24VN1),D: Pack-only,Sorting + Packing,RM,,RM
Prunes 200G (B07GQWRZKN),D: Pack-only,Sorting + Packing,RM,,RM
Prunes 500G (B07GQZSS53),D: Pack-only,Sorting + Packing,RM,,RM
Pudina Cashew,B: Transform->Pack (in-line),Packing,SFG0245,Pudina Cashew · WIP · RoastFlav,SFG
Pudina Makhana,B: Transform->Pack (in-line),Packing,SFG0246,Pudina Makhana · WIP · RoastFlav,SFG
Pumpkin Seeds 500G (B07GQWST7Y) FBA,D: Pack-only,Sorting + Packing,RM,,RM
Pumpkin Seeds Roasted,B: Transform->Pack (in-line),Packing,SFG0247,Pumpkin Seeds Roasted · WIP · Roast,SFG
Pumpkin Seeds Roasted and Salted,B: Transform->Pack (in-line),Packing,SFG0248,Pumpkin Seeds Roasted and Salted · WIP · RoastFlav,SFG
ROYAL TRADITIONS SHUBHKAMNA-300G (14179),D: Pack-only,Sorting + Packing,RM,,RM
ROYAL TRADITON SNACK MASALA MIX 100G,B: Transform->Pack (in-line),Packing,SFG0276,ROYAL TRADITON SNACK MASALA MIX · WIP · RoastFlav,SFG
ROYAL TRADITON SNACK MIX CHATPATA-100G,B: Transform->Pack (in-line),Packing,SFG0277,ROYAL TRADITON SNACK MIX CHATPATA · WIP · RoastFlav,SFG
Raisins 200G (B07GRBFFMR) FBA,D: Pack-only,Sorting + Packing,RM,,RM
Red Dates Seedless 500 Gm,B: Transform->Pack (in-line),Packing,SFG0249,Red Dates Seedless · WIP · DeSeed,SFG
Rhine Valley Almond & Coffee Date Bar 50gm,B: Transform->Pack (in-line),Packing,SFG0250,Rhine Valley Almond & Coffee Date Bar · WIP · BlendForm,SFG
Rhine Valley Almond & Cranberry Date Bar 50gm,B: Transform->Pack (in-line),Packing,SFG0251,Rhine Valley Almond & Cranberry Date Bar · WIP · BlendForm,SFG
Rhine Valley Almond & Orange Dark Chocolate Date Bar 50gm,B: Transform->Pack (in-line),Packing,SFG0252,Rhine Valley Almond & Orange Dark Chocolate Date Bar · WIP · BlendForm,SFG
Rhine Valley Barbeque Trail Mix 100gm,B: Transform->Pack (in-line),Packing,SFG0253,Rhine Valley Barbeque Trail Mix · WIP · RoastFlav,SFG
Rhine Valley Black Pepper Trail Mix 100gm,B: Transform->Pack (in-line),Packing,SFG0254,Rhine Valley Black Pepper Trail Mix · WIP · RoastFlav,SFG
Rhine Valley Fruit & Nut Date Bar 50gm,B: Transform->Pack (in-line),Packing,SFG0255,Rhine Valley Fruit & Nut Date Bar · WIP · BlendForm,SFG
Rhine Valley Himalayan Pink Salt Trail Mix 100gm,B: Transform->Pack (in-line),Packing,SFG0256,Rhine Valley Himalayan Pink Salt Trail Mix · WIP · RoastFlav,SFG
Rhine Valley Masala Trail mix 100g,B: Transform->Pack (in-line),Packing,SFG0257,Rhine Valley Masala Trail mix · WIP · RoastFlav,SFG
Rhine Valley Peri Peri Trail Mix 100gm,B: Transform->Pack (in-line),Packing,SFG0258,Rhine Valley Peri Peri Trail Mix · WIP · RoastFlav,SFG
"Rhine Valley Raspberry, Almond & Dark Chocolate Date Bar 50gm",B: Transform->Pack (in-line),Packing,SFG0259,"Rhine Valley Raspberry, Almond & Dark Chocolate Date Bar · WIP · BlendForm",SFG
Rhine Valley Rose & Pistachio Date Bar 50gm,B: Transform->Pack (in-line),Packing,SFG0260,Rhine Valley Rose & Pistachio Date Bar · WIP · BlendForm,SFG
Roasted & Salted Almonds,C: Pack of existing SFG,Packing,SFG0261,Roasted & Salted Almonds Bulk,SFG
Roasted & Salted Almonds 140g,C: Pack of existing SFG,Packing,SFG0261,Roasted & Salted Almonds Bulk,SFG
Roasted & Salted Almonds 75g,C: Pack of existing SFG,Packing,SFG0261,Roasted & Salted Almonds Bulk,SFG
Roasted & Salted Almonds 90g,C: Pack of existing SFG,Packing,SFG0261,Roasted & Salted Almonds Bulk,SFG
Roasted & Salted Almonds Bulk,D: Pack-only,Sorting + Packing,RM,,RM
Roasted & Salted Cashew,C: Pack of existing SFG,Packing,SFG0262,Roasted & Salted Cashew Bulk,SFG
Roasted & Salted Cashew  140g,C: Pack of existing SFG,Packing,SFG0262,Roasted & Salted Cashew Bulk,SFG
Roasted & Salted Cashew 75gm,C: Pack of existing SFG,Packing,SFG0262,Roasted & Salted Cashew Bulk,SFG
Roasted & Salted Cashew 90gm,C: Pack of existing SFG,Packing,SFG0262,Roasted & Salted Cashew Bulk,SFG
Roasted & Salted Cashew Bulk,A: WIP producer (bulk),Packing,SFG0262,Roasted & Salted Cashew Bulk,SFG
Roasted & Salted Pecan Nuts 75gm,B: Transform->Pack (in-line),Packing,SFG0263,Roasted & Salted Pecan Nuts · WIP · RoastFlav,SFG
Roasted & Salted Pista 230g,B: Transform->Pack (in-line),Packing,SFG0264,Roasted & Salted Pista · WIP · RoastFlav,SFG
Roasted Black Sesame (Kale Til) Seeds,B: Transform->Pack (in-line),Packing,SFG0265,Roasted Black Sesame (Kale Til) Seeds · WIP · Roast,SFG
Roasted Cashew Bulk,D: Pack-only,Sorting + Packing,RM,,RM
Roasted Flax Seeds,B: Transform->Pack (in-line),Packing,SFG0266,Roasted Flax Seeds · WIP · Roast,SFG
Roasted Independence Almonds Bulk,D: Pack-only,Sorting + Packing,RM,,RM
Roasted Makhana,B: Transform->Pack (in-line),Packing,SFG0267,Roasted Makhana · WIP · Roast,SFG
Roasted Peanuts,B: Transform->Pack (in-line),Packing,SFG0268,Roasted Peanuts · WIP · Roast,SFG
Roasted Peanuts Split,B: Transform->Pack (in-line),Packing,SFG0269,Roasted Peanuts Split · WIP · Roast,SFG
Roasted Poppy Seed,B: Transform->Pack (in-line),Packing,SFG0270,Roasted Poppy Seed · WIP · Roast,SFG
Roasted Salted Flax Seeds,B: Transform->Pack (in-line),Packing,SFG0271,Roasted Salted Flax Seeds · WIP · Roast,SFG
Roasted White Sesame (Safed Til) Seeds,B: Transform->Pack (in-line),Packing,SFG0272,Roasted White Sesame (Safed Til) Seeds · WIP · Roast,SFG
Royal Delight Ajwa Dates 250 Gms,D: Pack-only,Sorting + Packing,RM,,RM
Royal Delight Arabian Dates 200gm,D: Pack-only,Sorting + Packing,RM,,RM
Royal Delight Arabian Dates 250g,D: Pack-only,Sorting + Packing,RM,,RM
Royal Delight Arabian Dates 500gm,D: Pack-only,Sorting + Packing,RM,,RM
Royal Delight Assorted Dates 500gm,D: Pack-only,Sorting + Packing,RM,,RM
Royal Delight Dates Ajwa 800g,D: Pack-only,Sorting + Packing,RM,,RM
Royal Delight Dates Medjool Medium 250g,D: Pack-only,Sorting + Packing,RM,,RM
Royal Delight Kimia Dates 1kg,D: Pack-only,Sorting + Packing,RM,,RM
Royal Delight Kimia Dates 350gm,D: Pack-only,Sorting + Packing,RM,,RM
Royal Delight Mabroom Dates 250 Gms,D: Pack-only,Sorting + Packing,RM,,RM
Royal Delight Medjool Dates 800g,D: Pack-only,Sorting + Packing,RM,,RM
Royal Delight Medjoul Dates 250 Gms,D: Pack-only,Sorting + Packing,RM,,RM
Royal Delight Oman Dates 1 Kgs,D: Pack-only,Sorting + Packing,RM,,RM
Royal Delight Oman Dates 400 Gms,D: Pack-only,Sorting + Packing,RM,,RM
Royal Delight Safavi Dates 250 Gms,D: Pack-only,Sorting + Packing,RM,,RM
Royal Delight Safavi Dates 5kg,D: Pack-only,Sorting + Packing,RM,,RM
Royal Delight Stuff Medjoul Dates 21 Pcs,B: Transform->Pack (in-line),Packing,SFG0273,Royal Delight Stuff Medjoul Dates · WIP · DeSeed+Stuff,SFG
Royal Delight Stuffed Medjoul Dates 12 Pcs,B: Transform->Pack (in-line),Packing,SFG0274,Royal Delight Stuffed Medjoul Dates · WIP · DeSeed+Stuff,SFG
Royal Delight Stuffed Medjul Large Dates 12 Pieces,B: Transform->Pack (in-line),Packing,SFG0275,Royal Delight Stuffed Medjul Large Dates · WIP · DeSeed+Stuff,SFG
Royal Traditions Almond 100g,D: Pack-only,Sorting + Packing,RM,,RM
Royal Traditions Almonds Salted 100g,C: Pack of existing SFG,Packing,SFG0261,Roasted & Salted Almonds Bulk,SFG
Royal Traditions Cashew 100g,D: Pack-only,Sorting + Packing,RM,,RM
Royal Traditions Cashew Black Pepper 100g,C: Pack of existing SFG,Packing,SFG0024,Black Pepper Cashew Bulk,SFG
Royal Traditions Cashew Salted 100g,C: Pack of existing SFG,Packing,SFG0262,Roasted & Salted Cashew Bulk,SFG
Royal Traditions Cranberries Chatpata 100g,D: Pack-only,Sorting + Packing,RM,,RM
Royal Traditions Mahotsav Dry Fruits 500gm,D: Pack-only,Sorting + Packing,RM,,RM
Royal Traditions Plain Raisins 100g,D: Pack-only,Sorting + Packing,RM,,RM
Royal Traditions Tyohar 400gm,D: Pack-only,Sorting + Packing,RM,,RM
Royal Traditions Utsav 300g,D: Pack-only,Sorting + Packing,RM,,RM
Royal delight Medjoul Dates 400gm,D: Pack-only,Sorting + Packing,RM,,RM
SHAHI UPHAR 300gm,D: Pack-only,Sorting + Packing,RM,,RM
SHUBHKAMANYEN 180gm,D: Pack-only,Sorting + Packing,RM,,RM
SIGNATURE COLLECTIONS 600gm,D: Pack-only,Sorting + Packing,RM,,RM
SPAR BANDHAN FESTIVE DRY FRUIT BOX 800G,D: Pack-only,Sorting + Packing,RM,,RM
SPAR SELECT ALMONDS 500G,D: Pack-only,Sorting + Packing,RM,,RM
SUPREME 800gm,D: Pack-only,Sorting + Packing,RM,,RM
Salt and Pepper Cashew Bulk,A: WIP producer (bulk),Packing,SFG0278,Salt and Pepper Cashew Bulk,SFG
Salted Premium Nut Mix,B: Transform->Pack (in-line),Packing,SFG0279,Salted Premium Nut Mix · WIP · RoastFlav,SFG
Sea Salt Dry - Roasted Macadamia Nuts- Size 1,D: Pack-only,Sorting + Packing,RM,,RM
Seed Mix,B: Transform->Pack (in-line),Packing,SFG0280,Seed Mix · WIP · Roast,SFG
Seed Trail Mix,B: Transform->Pack (in-line),Packing,SFG0281,Seed Trail Mix · WIP · Roast,SFG
Seedy Sheid- Lime Chilly 33gm,B: Transform->Pack (in-line),Packing,SFG0282,Seedy Sheid- Lime Chilly · WIP · RoastFlav,SFG
Seedy Sheid- Lime Chilly 35gm,B: Transform->Pack (in-line),Packing,SFG0282,Seedy Sheid- Lime Chilly · WIP · RoastFlav,SFG
Single Safavi Stuffed Dates,B: Transform->Pack (in-line),Packing,SFG0283,Single Safavi Stuffed Dates · WIP · DeSeed+Stuff,SFG
Smoked Almonds,C: Pack of existing SFG,Packing,SFG0284,Smoked Almonds Bulk,SFG
Smoked Almonds Bulk,A: WIP producer (bulk),Packing,SFG0284,Smoked Almonds Bulk,SFG
Smokey BBQ Cashew Bulk,A: WIP producer (bulk),Packing,SFG0285,Smokey BBQ Cashew Bulk,SFG
Smokey BBQ Coated Peanuts 200g,B: Transform->Pack (in-line),Packing,SFG0286,Smokey BBQ Coated Peanuts · WIP · RoastFlav,SFG
Smokey BBQ Coated Peanuts 70gm,B: Transform->Pack (in-line),Packing,SFG0286,Smokey BBQ Coated Peanuts · WIP · RoastFlav,SFG
Snack Amor Diwali Gift Box 400gm,D: Pack-only,Sorting + Packing,RM,,RM
Snack Amor Popcorn Makhana 55 Gm,B: Transform->Pack (in-line),Packing,SFG0287,Snack Amor Popcorn Makhana · WIP · RoastFlav,SFG
Snack Amor Roasted Cashew 170 Gm,C: Pack of existing SFG,Packing,SFG0340,Roasted Cashew Bulk,SFG
Snackania Afghan Black Raisins 230g,D: Pack-only,Sorting + Packing,RM,,RM
Snackania Afghan Green Raisins 230g,D: Pack-only,Sorting + Packing,RM,,RM
Snackania Ajwa Dates 480g,D: Pack-only,Sorting + Packing,RM,,RM
Snackania American Almonds 480g,D: Pack-only,Sorting + Packing,RM,,RM
Snackania Blueberry 230g,D: Pack-only,Sorting + Packing,RM,,RM
Snackania California Pistachio Roasted & Salted 230g,B: Transform->Pack (in-line),Packing,SFG0288,Snackania California Pistachio Roasted & Salted · WIP · RoastFlav,SFG
Snackania Cashew 480g,D: Pack-only,Sorting + Packing,RM,,RM
Snackania Chile Walnut Kernel 230g,D: Pack-only,Sorting + Packing,RM,,RM
Snackania Cocktail Mix 480g,B: Transform->Pack (in-line),Packing,SFG0289,Snackania Cocktail Mix · WIP · RoastFlav,SFG
Snackania Cranberry 230g,D: Pack-only,Sorting + Packing,RM,,RM
Snackania Fard Dates Premium 480g,D: Pack-only,Sorting + Packing,RM,,RM
Snackania Green Chilli Cashew 230g,D: Pack-only,Sorting + Packing,RM,,RM
Snackania Irani Pistachio Roasted & Salted 230g,B: Transform->Pack (in-line),Packing,SFG0290,Snackania Irani Pistachio Roasted & Salted · WIP · RoastFlav,SFG
Snackania Khalas Dates 480g,D: Pack-only,Sorting + Packing,RM,,RM
Snackania Safavi Dates 480g,D: Pack-only,Sorting + Packing,RM,,RM
Snacktive Green Chilli Cashew 250 gm,B: Transform->Pack (in-line),Packing,SFG0291,Snacktive Green Chilli Cashew · WIP · RoastFlav,SFG
Solimo Cashew 250g (B01LPY9PHI)-FBA,D: Pack-only,Sorting + Packing,RM,,RM
Solimo Cashew 500g (B01LPY9UG4) FBA,D: Pack-only,Sorting + Packing,RM,,RM
Solimo Dates 500g (B085NTZMVR),D: Pack-only,Sorting + Packing,RM,,RM
Solimo Fard Dates 500gm (B0CZ9MC4B3),D: Pack-only,Sorting + Packing,RM,,RM
Solimo Figs 500g (B084429DVD) FBA,D: Pack-only,Sorting + Packing,RM,,RM
Solimo Preimum Almonds 1kg (B01LPY9P2I) - FBA,D: Pack-only,Sorting + Packing,RM,,RM
Solimo Premium Almonds 250g ( B01LPY9XY8 ),D: Pack-only,Sorting + Packing,RM,,RM
Solimo Premium Dried Apricots 500g 9B07PZWP8Z1,D: Pack-only,Sorting + Packing,RM,,RM
Solimo Premium Hazelnuts 250g (B07MLDJKTP) FBA,D: Pack-only,Sorting + Packing,RM,,RM
Solimo Premium Macadamia Nuts 250g (B07MLD6WFQ),B: Transform->Pack (in-line),Packing,SFG0292,Solimo Premium Macadamia Nuts · WIP · Roast,SFG
"Solimo Premium Pecan Nuts, 250g (B07MF7K9HD)",D: Pack-only,Sorting + Packing,RM,,RM
"Solimo Premium Pine Nuts, 250g (B07MF7FRRG)",D: Pack-only,Sorting + Packing,RM,,RM
Solimo Premium Pista Kernels - Plain 250g (B07Q1Z293G),D: Pack-only,Sorting + Packing,RM,,RM
Solimo Premium Raisin 250g (B01LPYAB9O),D: Pack-only,Sorting + Packing,RM,,RM
"Solimo Premium Raisins, 500 g (B07RJXW87Z)",D: Pack-only,Sorting + Packing,RM,,RM
Solimo Premium Walnut Kernal 250g (B0754LKDJ4),D: Pack-only,Sorting + Packing,RM,,RM
Solimo Premium Walnut Kernels - Broken 500g B07LF8HCLL,C: Pack of existing SFG,Packing,SFG0333,Chilean Walnut Kernel Quarter,SFG
Solimo Premium Walnut Kernels 500g (B07LFH2JNR),D: Pack-only,Sorting + Packing,RM,,RM
Solimo Premium Walnut Kernels 500g (Pack of 2) B07LF8HGDB,D: Pack-only,Sorting + Packing,RM,,RM
Solimo Walnut Kernels – Broken 500g (Pack of 2) B07LFJZR4G,C: Pack of existing SFG,Packing,SFG0333,Chilean Walnut Kernel Quarter,SFG
Sour & Cream Cashew Bulk,A: WIP producer (bulk),Packing,SFG0293,Sour & Cream Cashew Bulk,SFG
Stuffed Dates 1kg,B: Transform->Pack (in-line),Packing,SFG0294,Stuffed Dates · WIP · DeSeed+Stuff,SFG
Stuffed Medjoul Large Pc,B: Transform->Pack (in-line),Packing,SFG0295,Stuffed Medjoul Large Pc · WIP · DeSeed+Stuff,SFG
Stuffed Medjoul Large Pc with Almond,B: Transform->Pack (in-line),Packing,SFG0296,Stuffed Medjoul Large Pc with Almond · WIP · DeSeed+Stuff,SFG
Stuffed Medjoul Large Pc with Dried Pomelo,B: Transform->Pack (in-line),Packing,SFG0297,Stuffed Medjoul Large Pc with Dried Pomelo · WIP · DeSeed+Stuff,SFG
Stuffed Medjoul Large Pc with Hazel Nut,B: Transform->Pack (in-line),Packing,SFG0298,Stuffed Medjoul Large Pc with Hazel Nut · WIP · DeSeed+Stuff,SFG
Stuffed Medjoul Large Pc with Macadamia,B: Transform->Pack (in-line),Packing,SFG0299,Stuffed Medjoul Large Pc with Macadamia · WIP · DeSeed+Stuff,SFG
Stuffed Medjoul Large Pc with Orange Peel,B: Transform->Pack (in-line),Packing,SFG0300,Stuffed Medjoul Large Pc with Orange Peel · WIP · DeSeed+Stuff,SFG
Stuffed Medjoul Large Pc with Pecan Nut,B: Transform->Pack (in-line),Packing,SFG0301,Stuffed Medjoul Large Pc with Pecan Nut · WIP · DeSeed+Stuff,SFG
Stuffed Medjoul Large Pc with Pista,B: Transform->Pack (in-line),Packing,SFG0302,Stuffed Medjoul Large Pc with Pista · WIP · DeSeed+Stuff,SFG
Sunflower Seed 100g (B07GR6G24J) FBA,B: Transform->Pack (in-line),Packing,SFG0303,Sunflower Seed · WIP · Roast,SFG
Sunflower Seeds 200g (B07GQNLN8S) FBA,D: Pack-only,Sorting + Packing,RM,,RM
Sunflower Seeds Roasted,B: Transform->Pack (in-line),Packing,SFG0304,Sunflower Seeds Roasted · WIP · Roast,SFG
Sunflower Seeds Roasted and Salted,B: Transform->Pack (in-line),Packing,SFG0305,Sunflower Seeds Roasted and Salted · WIP · RoastFlav,SFG
Tasties Brazil Nut - Gems Of South Africa 50 g,D: Pack-only,Sorting + Packing,RM,,RM
Tasties Chilli Almonds - Flavourful & Crunchy 75 g,C: Pack of existing SFG,Packing,SFG0341,Chilli Almonds Bulk,SFG
Tasties Chilli Garlic Cashew - Flavourful & Crunchy 75 g,C: Pack of existing SFG,Packing,SFG0342,Chilli Garlic Cashew Bulk,SFG
"Tasties Coated Peanuts - Pudina Patakha, Flavourful & Crispy 25 g",C: Pack of existing SFG,Packing,SFG0334,Coated Peanuts Pudina Patakha Bulk,SFG
"Tasties Coated Peanuts - Tandoori Masala, Flavourful & Crispy 25 g",B: Transform->Pack (in-line),Packing,SFG0306,"Tasties Coated Peanuts - Tandoori Masala, Flavourful & Crispy · WIP · RoastFlav",SFG
"Tasties Coated Peanuts - Thai Spice, Flavourful & Crispy 25 g",B: Transform->Pack (in-line),Packing,SFG0307,"Tasties Coated Peanuts - Thai Spice, Flavourful & Crispy · WIP · RoastFlav",SFG
Tasties Hazelnut - A Turkish Indulgence 50 g,D: Pack-only,Sorting + Packing,RM,,RM
Tasties Lemon Pepper Cashew - Flavourful & Crunchy 75 g,C: Pack of existing SFG,Packing,SFG0177,Lemon Pepper Cashew Bulk,SFG
Tasties Macadamia Nuts - From South Africa 50 g,D: Pack-only,Sorting + Packing,RM,,RM
Tasties Pecan Nuts - Iconic American Nut 50 g,D: Pack-only,Sorting + Packing,RM,,RM
Tasties Peri Peri Cashew - Flavourful & Crunchy 75 g,C: Pack of existing SFG,Packing,SFG0235,Peri Peri Cashew Bulk,SFG
Tasties Pink Salted Pistachio - Flavourful & Crunchy 75 g,D: Pack-only,Sorting + Packing,RM,,RM
Tasties Roasted Almonds With Pink Salt - Flavourful & Crunchy 75 g,C: Pack of existing SFG,Packing,SFG0237,Pink Salt Almonds Bulk,SFG
Tasties Smoked Almonds - Flavourful & Crunchy 75 g,C: Pack of existing SFG,Packing,SFG0284,Smoked Almonds Bulk,SFG
Tasties Trail Mix - Mixed Berries 75 g,D: Pack-only,Sorting + Packing,RM,,RM
Tasties Trail Mix - Mixed Dry Fruits 75 g,D: Pack-only,Sorting + Packing,RM,,RM
Tasties Trail Mix - Wholesome Nut Mix 75 g,D: Pack-only,Sorting + Packing,RM,,RM
Trail Mix,B: Transform->Pack (in-line),Packing,SFG0308,Trail Mix · WIP · RoastFlav,SFG
Trail Mix - Every Health,B: Transform->Pack (in-line),Packing,SFG0309,Trail Mix - Every Health · WIP · RoastFlav,SFG
Trail Mix Bulk,B: Transform->Pack (in-line),Packing,SFG0308,Trail Mix · WIP · RoastFlav,SFG
Turkey Apricot No 1,D: Pack-only,Sorting + Packing,RM,,RM
Urban Platter Almond Blueberry Bar 45g,B: Transform->Pack (in-line),Packing,SFG0310,Urban Platter Almond Blueberry Bar · WIP · BlendForm,SFG
Urban Platter Chocolate Vanilla Bar 45g,B: Transform->Pack (in-line),Packing,SFG0311,Urban Platter Chocolate Vanilla Bar · WIP · BlendForm,SFG
Urban Platter Cranberry Orange Bar 45g,B: Transform->Pack (in-line),Packing,SFG0312,Urban Platter Cranberry Orange Bar · WIP · BlendForm,SFG
Urban Platter Mocha Bar 45g,B: Transform->Pack (in-line),Packing,SFG0313,Urban Platter Mocha Bar · WIP · BlendForm,SFG
Urban Platter Panchmewa,D: Pack-only,Sorting + Packing,RM,,RM
Vedaka Almonds 100g (B07GQZ7ZTZ) FBA,C: Pack of existing SFG,Packing,SFG0343,Roasted Independence Almonds Bulk,SFG
Vedaka Almonds 1kg (B07GQNM6N2),C: Pack of existing SFG,Packing,SFG0343,Roasted Independence Almonds Bulk,SFG
Vedaka Almonds 500g (B07GQNQNJG),C: Pack of existing SFG,Packing,SFG0343,Roasted Independence Almonds Bulk,SFG
"Vedaka Almonds, Raisins, Cashews, and Pista (4 X 200 gm)B0BVVV1SMF",D: Pack-only,Sorting + Packing,RM,,RM
Vedaka Black Raisins - 500g (B0D9P37XTT),D: Pack-only,Sorting + Packing,RM,,RM
Vedaka Black pepper Cashew 200g (B0BTHWW69R),C: Pack of existing SFG,Packing,SFG0024,Black Pepper Cashew Bulk,SFG
Vedaka Broken Cashew 1kg (B0D9NZYHDC),B: Transform->Pack (in-line),Packing,SFG0314,Vedaka Broken Cashew · WIP · BlanchSlice,SFG
Vedaka Cashew 200g (B07GQZSS48),D: Pack-only,Sorting + Packing,RM,,RM
Vedaka Cashews - Broken 500g (B0D9NYHTG1),B: Transform->Pack (in-line),Packing,SFG0315,Vedaka Cashews - Broken · WIP · BlanchSlice,SFG
Vedaka Dried Figs - 250g (B0D9NZ5GFV),D: Pack-only,Sorting + Packing,RM,,RM
Vedaka Dry Dates powder 250gm (B0DRDCLY1Q),D: Pack-only,Sorting + Packing,RM,,RM
Vedaka Dry Dates powder 500g (B0DRD9F8G2),D: Pack-only,Sorting + Packing,RM,,RM
Vedaka Dry Fruit Combo - Almonds and Cashews (2 X 200 gm) (B0BVVRS2N7),D: Pack-only,Sorting + Packing,RM,,RM
Vedaka Dry Fruit Combo - Almonds and Raisins (2 X 200 gm) (B0BTHYWT53),D: Pack-only,Sorting + Packing,RM,,RM
Vedaka Dry Fruit Combo - Raisins and Cashews (2 X 200 gm) (B0BVVVGN99),D: Pack-only,Sorting + Packing,RM,,RM
Vedaka Fard Dates (Omani) - (500gm x 2) (B0D9NZY7RK),D: Pack-only,Sorting + Packing,RM,,RM
Vedaka Fresh Dates 500g (102219254),D: Pack-only,Sorting + Packing,RM,,RM
Vedaka Fresh Dates 500gm (Pack of 2) [B0D9P11T76],D: Pack-only,Sorting + Packing,RM,,RM
Vedaka Healthy Seed Mix 200gm(B0B69L57PV),B: Transform->Pack (in-line),Packing,SFG0316,Vedaka Healthy Seed Mix · WIP · RoastFlav,SFG
Vedaka Peri Peri Cashew 200g (B0BVVRRYVC),C: Pack of existing SFG,Packing,SFG0235,Peri Peri Cashew Bulk,SFG
Vedaka Popular Cashew Broken 100g FBA(B07GR3S1RL),B: Transform->Pack (in-line),Packing,SFG0317,Vedaka Popular Cashew Broken · WIP · BlanchSlice,SFG
Vedaka Popular Cashew Broken 200g FBA(B07GQWS1BS),B: Transform->Pack (in-line),Packing,SFG0317,Vedaka Popular Cashew Broken · WIP · BlanchSlice,SFG
"Vedaka Popular Raisins, 1 kg (B07GR82XJR)",D: Pack-only,Sorting + Packing,RM,,RM
"Vedaka Popular Raisins, 100 g (B07GRBFFMS)",D: Pack-only,Sorting + Packing,RM,,RM
Vedaka Premium Black Raisins 100g B07GQVNVV8,D: Pack-only,Sorting + Packing,RM,,RM
Vedaka Premium Black Raisins 200g (B07GR346FX),D: Pack-only,Sorting + Packing,RM,,RM
Vedaka Premium Blueberries 1kg (B07GR82XK8),D: Pack-only,Sorting + Packing,RM,,RM
Vedaka Premium Blueberries 200g (B07GQWST7K),D: Pack-only,Sorting + Packing,RM,,RM
Vedaka Premium Dry Fruits Combo 1000 gm Gift Box ( B0BBDP8GR2 ),D: Pack-only,Sorting + Packing,RM,,RM
Vedaka Premium Flavored Dry Fruits 500 gm Gift Box (B0CGVC7DF2),B: Transform->Pack (in-line),Packing,SFG0318,Vedaka Premium Flavored Dry Fruits · WIP · RoastFlav,SFG
Vedaka Premium Inshell Walnuts 500g (Pack of 2)B07MSXKDNQ,D: Pack-only,Sorting + Packing,RM,,RM
Vedaka Premium Inshell Walnuts 500g(B07LFJZR46),D: Pack-only,Sorting + Packing,RM,,RM
Vedaka Premium Roasted and Salted Almonds 200g B07GR346FM,D: Pack-only,Sorting + Packing,RM,,RM
Vedaka Premium Roasted and Salted Almonds100g B07GQQJP1N,D: Pack-only,Sorting + Packing,RM,,RM
Vedaka Premium Sunflower Seeds 500g (B07GR2G67L),B: Transform->Pack (in-line),Packing,SFG0319,Vedaka Premium Sunflower Seeds · WIP · Roast,SFG
Vedaka Premium Whole Cranberries 100g B07GR24VMV,D: Pack-only,Sorting + Packing,RM,,RM
Vedaka Premium Whole Cranberries 1kg (B07GR8351K),D: Pack-only,Sorting + Packing,RM,,RM
Vedaka Premium Whole Cranberries 200g (B07GR2G678),D: Pack-only,Sorting + Packing,RM,,RM
Vedaka Premium Whole Cranberries 500g (B07GQS1669),D: Pack-only,Sorting + Packing,RM,,RM
Vedaka Raw Flaxseed 1kg (B0D9NZS3JT),D: Pack-only,Sorting + Packing,RM,,RM
Vedaka Roasted and Salted California Pistachios 500g (B0D9NY8F36),D: Pack-only,Sorting + Packing,RM,,RM
Vedaka Salted Peanuts - 200g (B0CZ9GZ9F2),B: Transform->Pack (in-line),Packing,SFG0320,Vedaka Salted Peanuts · WIP · RoastFlav,SFG
Vedaka Salted Peanuts 200 gm (102219262),B: Transform->Pack (in-line),Packing,SFG0320,Vedaka Salted Peanuts · WIP · RoastFlav,SFG
Vedaka Turkish Dried Apricots (500gm x 2) (B0D9P1DS9Q),D: Pack-only,Sorting + Packing,RM,,RM
Vedaka Whole California Pista Kernels 500gm [B0D9NY1V9X],D: Pack-only,Sorting + Packing,RM,,RM
Vedaka Whole Cashews (Grade W320) 1kg (B0D9NY9M32),D: Pack-only,Sorting + Packing,RM,,RM
Walnut Flavoured Salt & Pepper (Quarters) Loose,B: Transform->Pack (in-line),Packing,SFG0321,Walnut Flavoured Salt & Pepper · WIP · RoastFlav,SFG
Walnut Tukda,D: Pack-only,Sorting + Packing,RM,,RM
Wasabi Makhana,D: Pack-only,Sorting + Packing,RM,,RM
Watermelon Seeds Roasted,B: Transform->Pack (in-line),Packing,SFG0322,Watermelon Seeds Roasted · WIP · Roast,SFG
Wheat Starch - TPL,D: Pack-only,Sorting + Packing,RM,,RM
White Almond Draggies,B: Transform->Pack (in-line),Packing,SFG0323,White Almond Draggies · WIP · Roast+Enrobe,SFG
Wholesome Millet LadduBar Pack of 6,D: Pack-only,Sorting + Packing,RM,,RM
Wholesome millet laddu bar 35gm,B: Transform->Pack (in-line),Packing,SFG0324,Wholesome millet laddu bar · WIP · BlendForm,SFG
YUMASANA CASHEWS- BARBEQUE 150g,C: Pack of existing SFG,Packing,SFG0019,Barbeque Cashew Bulk,SFG
YUMASANA CASHEWS- PEPPER 150g,C: Pack of existing SFG,Packing,SFG0024,Black Pepper Cashew Bulk,SFG
YUMASANA CASHEWS- SALTED 150g,C: Pack of existing SFG,Packing,SFG0262,Roasted & Salted Cashew Bulk,SFG
YUMASANA CASHEWS- SOUR CREAM 150g,C: Pack of existing SFG,Packing,SFG0293,Sour & Cream Cashew Bulk,SFG
YUMASANA COATED PEANUTS - BARB EQUE 150g,B: Transform->Pack (in-line),Packing,SFG0325,YUMASANA COATED PEANUTS - BARB EQUE · WIP · RoastFlav,SFG
YUMASANA COATED PEANUTS - CHILLI GARLIC 150g,B: Transform->Pack (in-line),Packing,SFG0326,YUMASANA COATED PEANUTS - CHILLI GARLIC · WIP · RoastFlav,SFG
YUMASANA COATED PEANUTS - PERI PERI 150g,B: Transform->Pack (in-line),Packing,SFG0327,YUMASANA COATED PEANUTS - PERI PERI · WIP · RoastFlav,SFG
YUMASANA COATED PEANUTS - THAI CHILLI 150g,B: Transform->Pack (in-line),Packing,SFG0328,YUMASANA COATED PEANUTS - THAI CHILLI · WIP · RoastFlav,SFG
YUMSANA CHOCO HAZELNUT SPREAD 340GM,D: Pack-only,Sorting + Packing,RM,,RM
Zorro Maple Glazed Pecans 100g,B: Transform->Pack (in-line),Packing,SFG0329,Zorro Maple Glazed Pecans · WIP · RoastFlav,SFG
Zorro Pecan 100g,D: Pack-only,Sorting + Packing,RM,,RM
Zorro Pecan Grain Free Granola 100g,B: Transform->Pack (in-line),Packing,SFG0330,Zorro Pecan Grain Free Granola · WIP · RoastFlav,SFG
Zorro Roasted & Lightly Salted Pecans 100g,B: Transform->Pack (in-line),Packing,SFG0331,Zorro Roasted & Lightly Salted Pecans · WIP · RoastFlav,SFG
Zorro Sweet & Spicy Pecan 100g,B: Transform->Pack (in-line),Packing,SFG0332,Zorro Sweet & Spicy Pe · WIP · RoastFlav,SFG
snack amor Coated Peanuts Pudina Patakha 100g,C: Pack of existing SFG,Packing,SFG0334,Coated Peanuts Pudina Patakha Bulk,SFG
