module,module_label,section,table,num_columns,column,key,fk_reference
production,Jobcard · Production,Planning,production_plan,15,plan_id,PK,
production,Jobcard · Production,Planning,production_plan,15,plan_name,,
production,Jobcard · Production,Planning,production_plan,15,entity,,
production,Jobcard · Production,Planning,production_plan,15,plan_type,,
production,Jobcard · Production,Planning,production_plan,15,plan_date,,
production,Jobcard · Production,Planning,production_plan,15,date_from,,
production,Jobcard · Production,Planning,production_plan,15,date_to,,
production,Jobcard · Production,Planning,production_plan,15,status,,
production,Jobcard · Production,Planning,production_plan,15,ai_generated,,
production,Jobcard · Production,Planning,production_plan,15,ai_analysis_json,,
production,Jobcard · Production,Planning,production_plan,15,revision_number,,
production,Jobcard · Production,Planning,production_plan,15,previous_plan_id,FK,production_plan.plan_id
production,Jobcard · Production,Planning,production_plan,15,approved_by,,
production,Jobcard · Production,Planning,production_plan,15,approved_at,,
production,Jobcard · Production,Planning,production_plan,15,created_at,,
production,Jobcard · Production,Planning,production_plan_line,17,plan_line_id,PK,
production,Jobcard · Production,Planning,production_plan_line,17,plan_id,FK,production_plan.plan_id
production,Jobcard · Production,Planning,production_plan_line,17,fg_sku_name,,
production,Jobcard · Production,Planning,production_plan_line,17,customer_name,,
production,Jobcard · Production,Planning,production_plan_line,17,bom_id,FK,bom_header.bom_id
production,Jobcard · Production,Planning,production_plan_line,17,planned_qty_kg,,
production,Jobcard · Production,Planning,production_plan_line,17,planned_qty_units,,
production,Jobcard · Production,Planning,production_plan_line,17,machine_id,FK,machine.machine_id
production,Jobcard · Production,Planning,production_plan_line,17,priority,,
production,Jobcard · Production,Planning,production_plan_line,17,shift,,
production,Jobcard · Production,Planning,production_plan_line,17,stage_sequence,,
production,Jobcard · Production,Planning,production_plan_line,17,estimated_hours,,
production,Jobcard · Production,Planning,production_plan_line,17,linked_so_fulfillment_ids,,
production,Jobcard · Production,Planning,production_plan_line,17,reasoning,,
production,Jobcard · Production,Planning,production_plan_line,17,status,,
production,Jobcard · Production,Planning,production_plan_line,17,created_at,,
production,Jobcard · Production,Planning,production_plan_line,17,floor,,
production,Jobcard · Production,Planning,production_plan_line_v2,18,plan_line_id,PK,
production,Jobcard · Production,Planning,production_plan_line_v2,18,plan_id,FK,production_plan_v2.plan_id
production,Jobcard · Production,Planning,production_plan_line_v2,18,fg_sku_name,,
production,Jobcard · Production,Planning,production_plan_line_v2,18,customer_name,,
production,Jobcard · Production,Planning,production_plan_line_v2,18,bom_id,FK,bom_header.bom_id
production,Jobcard · Production,Planning,production_plan_line_v2,18,planned_qty_kg,,
production,Jobcard · Production,Planning,production_plan_line_v2,18,planned_qty_units,,
production,Jobcard · Production,Planning,production_plan_line_v2,18,area,,
production,Jobcard · Production,Planning,production_plan_line_v2,18,priority,,
production,Jobcard · Production,Planning,production_plan_line_v2,18,shift,,
production,Jobcard · Production,Planning,production_plan_line_v2,18,stage_sequence,,
production,Jobcard · Production,Planning,production_plan_line_v2,18,estimated_hours,,
production,Jobcard · Production,Planning,production_plan_line_v2,18,linked_so_fulfillment_ids,,
production,Jobcard · Production,Planning,production_plan_line_v2,18,status,,
production,Jobcard · Production,Planning,production_plan_line_v2,18,created_at,,
production,Jobcard · Production,Planning,production_plan_line_v2,18,deadline_date,,
production,Jobcard · Production,Planning,production_plan_line_v2,18,kg_was_overridden,,
production,Jobcard · Production,Planning,production_plan_line_v2,18,override_reason,,
production,Jobcard · Production,Planning,production_plan_step_v2,11,step_id,PK,
production,Jobcard · Production,Planning,production_plan_step_v2,11,plan_line_id,FK,production_plan_line_v2.plan_line_id
production,Jobcard · Production,Planning,production_plan_step_v2,11,step_order,,
production,Jobcard · Production,Planning,production_plan_step_v2,11,process_name,,
production,Jobcard · Production,Planning,production_plan_step_v2,11,stage,,
production,Jobcard · Production,Planning,production_plan_step_v2,11,floor,,
production,Jobcard · Production,Planning,production_plan_step_v2,11,std_time_min,,
production,Jobcard · Production,Planning,production_plan_step_v2,11,loss_pct,,
production,Jobcard · Production,Planning,production_plan_step_v2,11,notes,,
production,Jobcard · Production,Planning,production_plan_step_v2,11,created_at,,
production,Jobcard · Production,Planning,production_plan_step_v2,11,updated_at,,
production,Jobcard · Production,Planning,production_plan_v2,13,plan_id,PK,
production,Jobcard · Production,Planning,production_plan_v2,13,entity,,
production,Jobcard · Production,Planning,production_plan_v2,13,warehouse,,
production,Jobcard · Production,Planning,production_plan_v2,13,plan_type,,
production,Jobcard · Production,Planning,production_plan_v2,13,plan_date,,
production,Jobcard · Production,Planning,production_plan_v2,13,date_from,,
production,Jobcard · Production,Planning,production_plan_v2,13,date_to,,
production,Jobcard · Production,Planning,production_plan_v2,13,status,,
production,Jobcard · Production,Planning,production_plan_v2,13,revision_number,,
production,Jobcard · Production,Planning,production_plan_v2,13,previous_plan_id,FK,production_plan_v2.plan_id
production,Jobcard · Production,Planning,production_plan_v2,13,approved_by,,
production,Jobcard · Production,Planning,production_plan_v2,13,approved_at,,
production,Jobcard · Production,Planning,production_plan_v2,13,created_at,,
production,Jobcard · Production,Job Card · core,job_card_v2,44,job_card_id,PK,
production,Jobcard · Production,Job Card · core,job_card_v2,44,job_card_number,,
production,Jobcard · Production,Job Card · core,job_card_v2,44,plan_id,FK,production_plan_v2.plan_id
production,Jobcard · Production,Job Card · core,job_card_v2,44,plan_line_id,FK,production_plan_line_v2.plan_line_id
production,Jobcard · Production,Job Card · core,job_card_v2,44,plan_step_id,FK,production_plan_step_v2.step_id
production,Jobcard · Production,Job Card · core,job_card_v2,44,bom_id,FK,bom_header.bom_id
production,Jobcard · Production,Job Card · core,job_card_v2,44,step_number,,
production,Jobcard · Production,Job Card · core,job_card_v2,44,process_name,,
production,Jobcard · Production,Job Card · core,job_card_v2,44,stage,,
production,Jobcard · Production,Job Card · core,job_card_v2,44,fg_sku_name,,
production,Jobcard · Production,Job Card · core,job_card_v2,44,customer_name,,
production,Jobcard · Production,Job Card · core,job_card_v2,44,batch_number,,
production,Jobcard · Production,Job Card · core,job_card_v2,44,planned_qty_kg,,
production,Jobcard · Production,Job Card · core,job_card_v2,44,planned_qty_units,,
production,Jobcard · Production,Job Card · core,job_card_v2,44,uom,,
production,Jobcard · Production,Job Card · core,job_card_v2,44,input_kind,,
production,Jobcard · Production,Job Card · core,job_card_v2,44,output_kind,,
production,Jobcard · Production,Job Card · core,job_card_v2,44,factory,,
production,Jobcard · Production,Job Card · core,job_card_v2,44,floor,,
production,Jobcard · Production,Job Card · core,job_card_v2,44,entity,,
production,Jobcard · Production,Job Card · core,job_card_v2,44,machine_id,FK,machine.machine_id
production,Jobcard · Production,Job Card · core,job_card_v2,44,assigned_to_team_leader,,
production,Jobcard · Production,Job Card · core,job_card_v2,44,team_members,,
production,Jobcard · Production,Job Card · core,job_card_v2,44,is_locked,,
production,Jobcard · Production,Job Card · core,job_card_v2,44,locked_reason,,
production,Jobcard · Production,Job Card · core,job_card_v2,44,force_unlocked,,
production,Jobcard · Production,Job Card · core,job_card_v2,44,force_unlock_by,,
production,Jobcard · Production,Job Card · core,job_card_v2,44,force_unlock_reason,,
production,Jobcard · Production,Job Card · core,job_card_v2,44,force_unlock_at,,
production,Jobcard · Production,Job Card · core,job_card_v2,44,status,,
production,Jobcard · Production,Job Card · core,job_card_v2,44,start_time,,
production,Jobcard · Production,Job Card · core,job_card_v2,44,end_time,,
production,Jobcard · Production,Job Card · core,job_card_v2,44,total_time_min,,
production,Jobcard · Production,Job Card · core,job_card_v2,44,prev_job_card_id,FK,job_card_v2.job_card_id
production,Jobcard · Production,Job Card · core,job_card_v2,44,next_job_card_id,FK,job_card_v2.job_card_id
production,Jobcard · Production,Job Card · core,job_card_v2,44,carried_qty_kg,,
production,Jobcard · Production,Job Card · core,job_card_v2,44,dispatched_to_next_kg,,
production,Jobcard · Production,Job Card · core,job_card_v2,44,created_at,,
production,Jobcard · Production,Job Card · core,job_card_v2,44,updated_at,,
production,Jobcard · Production,Job Card · core,job_card_v2,44,updated_by,,
production,Jobcard · Production,Job Card · core,job_card_v2,44,deleted_at,,
production,Jobcard · Production,Job Card · core,job_card_v2,44,deleted_by,,
production,Jobcard · Production,Job Card · core,job_card_v2,44,cancellation_reason,,
production,Jobcard · Production,Job Card · core,job_card_v2,44,force_closed,,
production,Jobcard · Production,JC · Accounting/Output,job_card_accounting_v2,29,accounting_id,PK,
production,Jobcard · Production,JC · Accounting/Output,job_card_accounting_v2,29,job_card_id,FK,job_card_v2.job_card_id
production,Jobcard · Production,JC · Accounting/Output,job_card_accounting_v2,29,total_input_qty,,
production,Jobcard · Production,JC · Accounting/Output,job_card_accounting_v2,29,input_uom,,
production,Jobcard · Production,JC · Accounting/Output,job_card_accounting_v2,29,output_qty,,
production,Jobcard · Production,JC · Accounting/Output,job_card_accounting_v2,29,output_uom,,
production,Jobcard · Production,JC · Accounting/Output,job_card_accounting_v2,29,output_qty_units,,
production,Jobcard · Production,JC · Accounting/Output,job_card_accounting_v2,29,output_kind,,
production,Jobcard · Production,JC · Accounting/Output,job_card_accounting_v2,29,carried_in_qty,,
production,Jobcard · Production,JC · Accounting/Output,job_card_accounting_v2,29,dispatched_out_qty,,
production,Jobcard · Production,JC · Accounting/Output,job_card_accounting_v2,29,process_loss_qty,,
production,Jobcard · Production,JC · Accounting/Output,job_card_accounting_v2,29,process_loss_breakdown,,
production,Jobcard · Production,JC · Accounting/Output,job_card_accounting_v2,29,extra_give_away_qty,,
production,Jobcard · Production,JC · Accounting/Output,job_card_accounting_v2,29,balance_material_qty,,
production,Jobcard · Production,JC · Accounting/Output,job_card_accounting_v2,29,offgrade_total_qty,,
production,Jobcard · Production,JC · Accounting/Output,job_card_accounting_v2,29,rejection_qty,,
production,Jobcard · Production,JC · Accounting/Output,job_card_accounting_v2,29,wastage_qty,,
production,Jobcard · Production,JC · Accounting/Output,job_card_accounting_v2,29,control_sample_qty,,
production,Jobcard · Production,JC · Accounting/Output,job_card_accounting_v2,29,total_accounted_qty,,
production,Jobcard · Production,JC · Accounting/Output,job_card_accounting_v2,29,balance_difference_qty,,
production,Jobcard · Production,JC · Accounting/Output,job_card_accounting_v2,29,is_balanced,,
production,Jobcard · Production,JC · Accounting/Output,job_card_accounting_v2,29,process_loss_pct,,
production,Jobcard · Production,JC · Accounting/Output,job_card_accounting_v2,29,other_loss_pct,,
production,Jobcard · Production,JC · Accounting/Output,job_card_accounting_v2,29,total_loss_pct,,
production,Jobcard · Production,JC · Accounting/Output,job_card_accounting_v2,29,saved_by,,
production,Jobcard · Production,JC · Accounting/Output,job_card_accounting_v2,29,saved_at,,
production,Jobcard · Production,JC · Accounting/Output,job_card_accounting_v2,29,updated_at,,
production,Jobcard · Production,JC · Accounting/Output,job_card_accounting_v2,29,invisible_loss_pct,,
production,Jobcard · Production,JC · Accounting/Output,job_card_accounting_v2,29,pm_variance_breakdown,,
production,Jobcard · Production,JC · Accounting/Output,job_card_additive_consumption_v2,9,additive_id,PK,
production,Jobcard · Production,JC · Accounting/Output,job_card_additive_consumption_v2,9,job_card_id,FK,job_card_v2.job_card_id
production,Jobcard · Production,JC · Accounting/Output,job_card_additive_consumption_v2,9,sku_name,,
production,Jobcard · Production,JC · Accounting/Output,job_card_additive_consumption_v2,9,material_name,,
production,Jobcard · Production,JC · Accounting/Output,job_card_additive_consumption_v2,9,qty_kg,,
production,Jobcard · Production,JC · Accounting/Output,job_card_additive_consumption_v2,9,remarks,,
production,Jobcard · Production,JC · Accounting/Output,job_card_additive_consumption_v2,9,recorded_by,,
production,Jobcard · Production,JC · Accounting/Output,job_card_additive_consumption_v2,9,recorded_at,,
production,Jobcard · Production,JC · Accounting/Output,job_card_additive_consumption_v2,9,batch_id,,
production,Jobcard · Production,JC · Accounting/Output,job_card_balance_material,9,balance_id,PK,
production,Jobcard · Production,JC · Accounting/Output,job_card_balance_material,9,job_card_id,FK,job_card.job_card_id
production,Jobcard · Production,JC · Accounting/Output,job_card_balance_material,9,material_id,,
production,Jobcard · Production,JC · Accounting/Output,job_card_balance_material,9,material_name,,
production,Jobcard · Production,JC · Accounting/Output,job_card_balance_material,9,balance_type,,
production,Jobcard · Production,JC · Accounting/Output,job_card_balance_material,9,qty_kg,,
production,Jobcard · Production,JC · Accounting/Output,job_card_balance_material,9,remarks,,
production,Jobcard · Production,JC · Accounting/Output,job_card_balance_material,9,created_at,,
production,Jobcard · Production,JC · Accounting/Output,job_card_balance_material,9,bom_line_id,,
production,Jobcard · Production,JC · Accounting/Output,job_card_balance_material_v2,11,balance_id,PK,
production,Jobcard · Production,JC · Accounting/Output,job_card_balance_material_v2,11,job_card_id,FK,job_card_v2.job_card_id
production,Jobcard · Production,JC · Accounting/Output,job_card_balance_material_v2,11,bom_line_id,FK,bom_line.bom_line_id
production,Jobcard · Production,JC · Accounting/Output,job_card_balance_material_v2,11,material_id,,
production,Jobcard · Production,JC · Accounting/Output,job_card_balance_material_v2,11,material_name,,
production,Jobcard · Production,JC · Accounting/Output,job_card_balance_material_v2,11,balance_type,,
production,Jobcard · Production,JC · Accounting/Output,job_card_balance_material_v2,11,qty_kg,,
production,Jobcard · Production,JC · Accounting/Output,job_card_balance_material_v2,11,remarks,,
production,Jobcard · Production,JC · Accounting/Output,job_card_balance_material_v2,11,recorded_by,,
production,Jobcard · Production,JC · Accounting/Output,job_card_balance_material_v2,11,recorded_at,,
production,Jobcard · Production,JC · Accounting/Output,job_card_balance_material_v2,11,batch_id,,
production,Jobcard · Production,JC · Accounting/Output,job_card_byproducts_v2,10,byproduct_id,PK,
production,Jobcard · Production,JC · Accounting/Output,job_card_byproducts_v2,10,job_card_id,FK,job_card_v2.job_card_id
production,Jobcard · Production,JC · Accounting/Output,job_card_byproducts_v2,10,category,,
production,Jobcard · Production,JC · Accounting/Output,job_card_byproducts_v2,10,quantity,,
production,Jobcard · Production,JC · Accounting/Output,job_card_byproducts_v2,10,uom,,
production,Jobcard · Production,JC · Accounting/Output,job_card_byproducts_v2,10,remarks,,
production,Jobcard · Production,JC · Accounting/Output,job_card_byproducts_v2,10,recorded_by,,
production,Jobcard · Production,JC · Accounting/Output,job_card_byproducts_v2,10,recorded_at,,
production,Jobcard · Production,JC · Accounting/Output,job_card_byproducts_v2,10,material_name,,
production,Jobcard · Production,JC · Accounting/Output,job_card_byproducts_v2,10,batch_id,,
production,Jobcard · Production,JC · Accounting/Output,job_card_material_consumption,13,consumption_id,PK,
production,Jobcard · Production,JC · Accounting/Output,job_card_material_consumption,13,job_card_id,FK,job_card.job_card_id
production,Jobcard · Production,JC · Accounting/Output,job_card_material_consumption,13,rm_indent_id,,
production,Jobcard · Production,JC · Accounting/Output,job_card_material_consumption,13,material_sku_name,,
production,Jobcard · Production,JC · Accounting/Output,job_card_material_consumption,13,item_type,,
production,Jobcard · Production,JC · Accounting/Output,job_card_material_consumption,13,uom,,
production,Jobcard · Production,JC · Accounting/Output,job_card_material_consumption,13,bom_reqd_qty,,
production,Jobcard · Production,JC · Accounting/Output,job_card_material_consumption,13,issued_qty,,
production,Jobcard · Production,JC · Accounting/Output,job_card_material_consumption,13,actual_consumed_qty,,
production,Jobcard · Production,JC · Accounting/Output,job_card_material_consumption,13,return_qty,,
production,Jobcard · Production,JC · Accounting/Output,job_card_material_consumption,13,variance_qty,,
production,Jobcard · Production,JC · Accounting/Output,job_card_material_consumption,13,remarks,,
production,Jobcard · Production,JC · Accounting/Output,job_card_material_consumption,13,created_at,,
production,Jobcard · Production,JC · Accounting/Output,job_card_material_consumption_v2,16,consumption_id,PK,
production,Jobcard · Production,JC · Accounting/Output,job_card_material_consumption_v2,16,job_card_id,FK,job_card_v2.job_card_id
production,Jobcard · Production,JC · Accounting/Output,job_card_material_consumption_v2,16,material_sku_name,,
production,Jobcard · Production,JC · Accounting/Output,job_card_material_consumption_v2,16,input_kind,,
production,Jobcard · Production,JC · Accounting/Output,job_card_material_consumption_v2,16,uom,,
production,Jobcard · Production,JC · Accounting/Output,job_card_material_consumption_v2,16,issued_qty,,
production,Jobcard · Production,JC · Accounting/Output,job_card_material_consumption_v2,16,actual_consumed_qty,,
production,Jobcard · Production,JC · Accounting/Output,job_card_material_consumption_v2,16,return_qty,,
production,Jobcard · Production,JC · Accounting/Output,job_card_material_consumption_v2,16,variance,,
production,Jobcard · Production,JC · Accounting/Output,job_card_material_consumption_v2,16,source_rm_indent_id,FK,job_card_rm_indent_v2.rm_indent_id
production,Jobcard · Production,JC · Accounting/Output,job_card_material_consumption_v2,16,source_dispatch_id,FK,job_card_partial_dispatch_v2.dispatch_id
production,Jobcard · Production,JC · Accounting/Output,job_card_material_consumption_v2,16,remarks,,
production,Jobcard · Production,JC · Accounting/Output,job_card_material_consumption_v2,16,recorded_by,,
production,Jobcard · Production,JC · Accounting/Output,job_card_material_consumption_v2,16,recorded_at,,
production,Jobcard · Production,JC · Accounting/Output,job_card_material_consumption_v2,16,bom_line_id,,
production,Jobcard · Production,JC · Accounting/Output,job_card_material_consumption_v2,16,batch_id,,
production,Jobcard · Production,JC · Accounting/Output,job_card_output,14,output_id,PK,
production,Jobcard · Production,JC · Accounting/Output,job_card_output,14,job_card_id,FK,job_card.job_card_id
production,Jobcard · Production,JC · Accounting/Output,job_card_output,14,fg_expected_units,,
production,Jobcard · Production,JC · Accounting/Output,job_card_output,14,fg_actual_units,,
production,Jobcard · Production,JC · Accounting/Output,job_card_output,14,fg_expected_kg,,
production,Jobcard · Production,JC · Accounting/Output,job_card_output,14,fg_actual_kg,,
production,Jobcard · Production,JC · Accounting/Output,job_card_output,14,rm_consumed_kg,,
production,Jobcard · Production,JC · Accounting/Output,job_card_output,14,process_loss_kg,,
production,Jobcard · Production,JC · Accounting/Output,job_card_output,14,net_output_kg,,
production,Jobcard · Production,JC · Accounting/Output,job_card_output,14,yield_pct,,
production,Jobcard · Production,JC · Accounting/Output,job_card_output,14,created_at,,
production,Jobcard · Production,JC · Accounting/Output,job_card_output,14,extra_give_away_kg,,
production,Jobcard · Production,JC · Accounting/Output,job_card_output,14,balance_material_kg,,
production,Jobcard · Production,JC · Accounting/Output,job_card_output,14,wastage_kg,,
production,Jobcard · Production,JC · Accounting/Output,job_card_output_v2,14,output_id,PK,
production,Jobcard · Production,JC · Accounting/Output,job_card_output_v2,14,job_card_id,FK,job_card_v2.job_card_id
production,Jobcard · Production,JC · Accounting/Output,job_card_output_v2,14,rm_consumed_kg,,
production,Jobcard · Production,JC · Accounting/Output,job_card_output_v2,14,output_qty_kg,,
production,Jobcard · Production,JC · Accounting/Output,job_card_output_v2,14,output_qty_units,,
production,Jobcard · Production,JC · Accounting/Output,job_card_output_v2,14,output_kind,,
production,Jobcard · Production,JC · Accounting/Output,job_card_output_v2,14,uom,,
production,Jobcard · Production,JC · Accounting/Output,job_card_output_v2,14,yield_pct,,
production,Jobcard · Production,JC · Accounting/Output,job_card_output_v2,14,notes,,
production,Jobcard · Production,JC · Accounting/Output,job_card_output_v2,14,recorded_by,,
production,Jobcard · Production,JC · Accounting/Output,job_card_output_v2,14,recorded_at,,
production,Jobcard · Production,JC · Accounting/Output,job_card_output_v2,14,process_loss_kg,,
production,Jobcard · Production,JC · Accounting/Output,job_card_output_v2,14,phase_id,FK,job_card_phase_v2.phase_id
production,Jobcard · Production,JC · Accounting/Output,job_card_output_v2,14,batch_id,,
production,Jobcard · Production,JC · Accounting/Output,job_card_partial_dispatch,6,dispatch_id,PK,
production,Jobcard · Production,JC · Accounting/Output,job_card_partial_dispatch,6,from_job_card_id,FK,job_card.job_card_id
production,Jobcard · Production,JC · Accounting/Output,job_card_partial_dispatch,6,to_job_card_id,FK,job_card.job_card_id
production,Jobcard · Production,JC · Accounting/Output,job_card_partial_dispatch,6,qty_kg,,
production,Jobcard · Production,JC · Accounting/Output,job_card_partial_dispatch,6,dispatched_at,,
production,Jobcard · Production,JC · Accounting/Output,job_card_partial_dispatch,6,dispatched_by,,
production,Jobcard · Production,JC · Accounting/Output,job_card_partial_dispatch_v2,10,dispatch_id,PK,
production,Jobcard · Production,JC · Accounting/Output,job_card_partial_dispatch_v2,10,from_job_card_id,FK,job_card_v2.job_card_id
production,Jobcard · Production,JC · Accounting/Output,job_card_partial_dispatch_v2,10,to_job_card_id,FK,job_card_v2.job_card_id
production,Jobcard · Production,JC · Accounting/Output,job_card_partial_dispatch_v2,10,qty_kg,,
production,Jobcard · Production,JC · Accounting/Output,job_card_partial_dispatch_v2,10,qty_units,,
production,Jobcard · Production,JC · Accounting/Output,job_card_partial_dispatch_v2,10,dispatched_by,,
production,Jobcard · Production,JC · Accounting/Output,job_card_partial_dispatch_v2,10,dispatched_at,,
production,Jobcard · Production,JC · Accounting/Output,job_card_partial_dispatch_v2,10,notes,,
production,Jobcard · Production,JC · Accounting/Output,job_card_partial_dispatch_v2,10,phase_id,FK,job_card_phase_v2.phase_id
production,Jobcard · Production,JC · Accounting/Output,job_card_partial_dispatch_v2,10,batch_id,,
production,Jobcard · Production,JC · QC/Annexures,job_card_environment,9,env_id,PK,
production,Jobcard · Production,JC · QC/Annexures,job_card_environment,9,job_card_id,FK,job_card.job_card_id
production,Jobcard · Production,JC · QC/Annexures,job_card_environment,9,parameter_name,,
production,Jobcard · Production,JC · QC/Annexures,job_card_environment,9,value,,
production,Jobcard · Production,JC · QC/Annexures,job_card_environment,9,updated_at,,
production,Jobcard · Production,JC · QC/Annexures,job_card_environment,9,updated_by,,
production,Jobcard · Production,JC · QC/Annexures,job_card_environment,9,deleted_at,,
production,Jobcard · Production,JC · QC/Annexures,job_card_environment,9,deleted_by,,
production,Jobcard · Production,JC · QC/Annexures,job_card_environment,9,recorded_at,,
production,Jobcard · Production,JC · QC/Annexures,job_card_environment_v2,13,env_id,PK,
production,Jobcard · Production,JC · QC/Annexures,job_card_environment_v2,13,job_card_id,FK,job_card_v2.job_card_id
production,Jobcard · Production,JC · QC/Annexures,job_card_environment_v2,13,parameter_name,,
production,Jobcard · Production,JC · QC/Annexures,job_card_environment_v2,13,value,,
production,Jobcard · Production,JC · QC/Annexures,job_card_environment_v2,13,unit,,
production,Jobcard · Production,JC · QC/Annexures,job_card_environment_v2,13,remarks,,
production,Jobcard · Production,JC · QC/Annexures,job_card_environment_v2,13,recorded_by,,
production,Jobcard · Production,JC · QC/Annexures,job_card_environment_v2,13,recorded_at,,
production,Jobcard · Production,JC · QC/Annexures,job_card_environment_v2,13,updated_at,,
production,Jobcard · Production,JC · QC/Annexures,job_card_environment_v2,13,updated_by,,
production,Jobcard · Production,JC · QC/Annexures,job_card_environment_v2,13,deleted_at,,
production,Jobcard · Production,JC · QC/Annexures,job_card_environment_v2,13,deleted_by,,
production,Jobcard · Production,JC · QC/Annexures,job_card_environment_v2,13,deletion_reason,,
production,Jobcard · Production,JC · QC/Annexures,job_card_loss_reconciliation,13,recon_id,PK,
production,Jobcard · Production,JC · QC/Annexures,job_card_loss_reconciliation,13,job_card_id,FK,job_card.job_card_id
production,Jobcard · Production,JC · QC/Annexures,job_card_loss_reconciliation,13,loss_category,,
production,Jobcard · Production,JC · QC/Annexures,job_card_loss_reconciliation,13,budgeted_loss_pct,,
production,Jobcard · Production,JC · QC/Annexures,job_card_loss_reconciliation,13,budgeted_loss_kg,,
production,Jobcard · Production,JC · QC/Annexures,job_card_loss_reconciliation,13,actual_loss_kg,,
production,Jobcard · Production,JC · QC/Annexures,job_card_loss_reconciliation,13,variance_kg,,
production,Jobcard · Production,JC · QC/Annexures,job_card_loss_reconciliation,13,remarks,,
production,Jobcard · Production,JC · QC/Annexures,job_card_loss_reconciliation,13,updated_at,,
production,Jobcard · Production,JC · QC/Annexures,job_card_loss_reconciliation,13,updated_by,,
production,Jobcard · Production,JC · QC/Annexures,job_card_loss_reconciliation,13,deleted_at,,
production,Jobcard · Production,JC · QC/Annexures,job_card_loss_reconciliation,13,deleted_by,,
production,Jobcard · Production,JC · QC/Annexures,job_card_loss_reconciliation,13,created_at,,
production,Jobcard · Production,JC · QC/Annexures,job_card_loss_reconciliation_v2,16,recon_id,PK,
production,Jobcard · Production,JC · QC/Annexures,job_card_loss_reconciliation_v2,16,job_card_id,FK,job_card_v2.job_card_id
production,Jobcard · Production,JC · QC/Annexures,job_card_loss_reconciliation_v2,16,loss_category,,
production,Jobcard · Production,JC · QC/Annexures,job_card_loss_reconciliation_v2,16,budgeted_loss_pct,,
production,Jobcard · Production,JC · QC/Annexures,job_card_loss_reconciliation_v2,16,budgeted_loss_qty,,
production,Jobcard · Production,JC · QC/Annexures,job_card_loss_reconciliation_v2,16,actual_loss_qty,,
production,Jobcard · Production,JC · QC/Annexures,job_card_loss_reconciliation_v2,16,variance_qty,,
production,Jobcard · Production,JC · QC/Annexures,job_card_loss_reconciliation_v2,16,uom,,
production,Jobcard · Production,JC · QC/Annexures,job_card_loss_reconciliation_v2,16,remarks,,
production,Jobcard · Production,JC · QC/Annexures,job_card_loss_reconciliation_v2,16,recorded_by,,
production,Jobcard · Production,JC · QC/Annexures,job_card_loss_reconciliation_v2,16,recorded_at,,
production,Jobcard · Production,JC · QC/Annexures,job_card_loss_reconciliation_v2,16,updated_at,,
production,Jobcard · Production,JC · QC/Annexures,job_card_loss_reconciliation_v2,16,updated_by,,
production,Jobcard · Production,JC · QC/Annexures,job_card_loss_reconciliation_v2,16,deleted_at,,
production,Jobcard · Production,JC · QC/Annexures,job_card_loss_reconciliation_v2,16,deleted_by,,
production,Jobcard · Production,JC · QC/Annexures,job_card_loss_reconciliation_v2,16,deletion_reason,,
production,Jobcard · Production,JC · QC/Annexures,job_card_metal_detection,12,detection_id,PK,
production,Jobcard · Production,JC · QC/Annexures,job_card_metal_detection,12,job_card_id,FK,job_card.job_card_id
production,Jobcard · Production,JC · QC/Annexures,job_card_metal_detection,12,fe_pass,,
production,Jobcard · Production,JC · QC/Annexures,job_card_metal_detection,12,nfe_pass,,
production,Jobcard · Production,JC · QC/Annexures,job_card_metal_detection,12,ss_pass,,
production,Jobcard · Production,JC · QC/Annexures,job_card_metal_detection,12,failed_units,,
production,Jobcard · Production,JC · QC/Annexures,job_card_metal_detection,12,remarks,,
production,Jobcard · Production,JC · QC/Annexures,job_card_metal_detection,12,updated_at,,
production,Jobcard · Production,JC · QC/Annexures,job_card_metal_detection,12,updated_by,,
production,Jobcard · Production,JC · QC/Annexures,job_card_metal_detection,12,deleted_at,,
production,Jobcard · Production,JC · QC/Annexures,job_card_metal_detection,12,deleted_by,,
production,Jobcard · Production,JC · QC/Annexures,job_card_metal_detection,12,recorded_at,,
production,Jobcard · Production,JC · QC/Annexures,job_card_metal_detection_v2,14,detection_id,PK,
production,Jobcard · Production,JC · QC/Annexures,job_card_metal_detection_v2,14,job_card_id,FK,job_card_v2.job_card_id
production,Jobcard · Production,JC · QC/Annexures,job_card_metal_detection_v2,14,fe_pass,,
production,Jobcard · Production,JC · QC/Annexures,job_card_metal_detection_v2,14,nfe_pass,,
production,Jobcard · Production,JC · QC/Annexures,job_card_metal_detection_v2,14,ss_pass,,
production,Jobcard · Production,JC · QC/Annexures,job_card_metal_detection_v2,14,failed_units,,
production,Jobcard · Production,JC · QC/Annexures,job_card_metal_detection_v2,14,remarks,,
production,Jobcard · Production,JC · QC/Annexures,job_card_metal_detection_v2,14,recorded_by,,
production,Jobcard · Production,JC · QC/Annexures,job_card_metal_detection_v2,14,recorded_at,,
production,Jobcard · Production,JC · QC/Annexures,job_card_metal_detection_v2,14,updated_at,,
production,Jobcard · Production,JC · QC/Annexures,job_card_metal_detection_v2,14,updated_by,,
production,Jobcard · Production,JC · QC/Annexures,job_card_metal_detection_v2,14,deleted_at,,
production,Jobcard · Production,JC · QC/Annexures,job_card_metal_detection_v2,14,deleted_by,,
production,Jobcard · Production,JC · QC/Annexures,job_card_metal_detection_v2,14,deletion_reason,,
production,Jobcard · Production,JC · QC/Annexures,job_card_qc_v2,10,qc_id,PK,
production,Jobcard · Production,JC · QC/Annexures,job_card_qc_v2,10,job_card_id,FK,job_card_v2.job_card_id
production,Jobcard · Production,JC · QC/Annexures,job_card_qc_v2,10,result,,
production,Jobcard · Production,JC · QC/Annexures,job_card_qc_v2,10,findings,,
production,Jobcard · Production,JC · QC/Annexures,job_card_qc_v2,10,corrective_action,,
production,Jobcard · Production,JC · QC/Annexures,job_card_qc_v2,10,inspector_user,,
production,Jobcard · Production,JC · QC/Annexures,job_card_qc_v2,10,inspection_date,,
production,Jobcard · Production,JC · QC/Annexures,job_card_qc_v2,10,recorded_by,,
production,Jobcard · Production,JC · QC/Annexures,job_card_qc_v2,10,recorded_at,,
production,Jobcard · Production,JC · QC/Annexures,job_card_qc_v2,10,updated_at,,
production,Jobcard · Production,JC · QC/Annexures,job_card_remarks,10,remark_id,PK,
production,Jobcard · Production,JC · QC/Annexures,job_card_remarks,10,job_card_id,FK,job_card.job_card_id
production,Jobcard · Production,JC · QC/Annexures,job_card_remarks,10,remark_type,,
production,Jobcard · Production,JC · QC/Annexures,job_card_remarks,10,content,,
production,Jobcard · Production,JC · QC/Annexures,job_card_remarks,10,recorded_by,,
production,Jobcard · Production,JC · QC/Annexures,job_card_remarks,10,updated_at,,
production,Jobcard · Production,JC · QC/Annexures,job_card_remarks,10,updated_by,,
production,Jobcard · Production,JC · QC/Annexures,job_card_remarks,10,deleted_at,,
production,Jobcard · Production,JC · QC/Annexures,job_card_remarks,10,deleted_by,,
production,Jobcard · Production,JC · QC/Annexures,job_card_remarks,10,recorded_at,,
production,Jobcard · Production,JC · QC/Annexures,job_card_remarks_v2,11,remark_id,PK,
production,Jobcard · Production,JC · QC/Annexures,job_card_remarks_v2,11,job_card_id,FK,job_card_v2.job_card_id
production,Jobcard · Production,JC · QC/Annexures,job_card_remarks_v2,11,remark_type,,
production,Jobcard · Production,JC · QC/Annexures,job_card_remarks_v2,11,content,,
production,Jobcard · Production,JC · QC/Annexures,job_card_remarks_v2,11,recorded_by,,
production,Jobcard · Production,JC · QC/Annexures,job_card_remarks_v2,11,recorded_at,,
production,Jobcard · Production,JC · QC/Annexures,job_card_remarks_v2,11,updated_at,,
production,Jobcard · Production,JC · QC/Annexures,job_card_remarks_v2,11,updated_by,,
production,Jobcard · Production,JC · QC/Annexures,job_card_remarks_v2,11,deleted_at,,
production,Jobcard · Production,JC · QC/Annexures,job_card_remarks_v2,11,deleted_by,,
production,Jobcard · Production,JC · QC/Annexures,job_card_remarks_v2,11,deletion_reason,,
production,Jobcard · Production,JC · QC/Annexures,job_card_shift_log,10,log_id,PK,
production,Jobcard · Production,JC · QC/Annexures,job_card_shift_log,10,job_card_id,FK,job_card.job_card_id
production,Jobcard · Production,JC · QC/Annexures,job_card_shift_log,10,shift,,
production,Jobcard · Production,JC · QC/Annexures,job_card_shift_log,10,shift_date,,
production,Jobcard · Production,JC · QC/Annexures,job_card_shift_log,10,start_at,,
production,Jobcard · Production,JC · QC/Annexures,job_card_shift_log,10,end_at,,
production,Jobcard · Production,JC · QC/Annexures,job_card_shift_log,10,paused_minutes,,
production,Jobcard · Production,JC · QC/Annexures,job_card_shift_log,10,operator_name,,
production,Jobcard · Production,JC · QC/Annexures,job_card_shift_log,10,notes,,
production,Jobcard · Production,JC · QC/Annexures,job_card_shift_log,10,created_at,,
production,Jobcard · Production,JC · QC/Annexures,job_card_shift_log_v2,12,log_id,PK,
production,Jobcard · Production,JC · QC/Annexures,job_card_shift_log_v2,12,job_card_id,FK,job_card_v2.job_card_id
production,Jobcard · Production,JC · QC/Annexures,job_card_shift_log_v2,12,shift,,
production,Jobcard · Production,JC · QC/Annexures,job_card_shift_log_v2,12,shift_date,,
production,Jobcard · Production,JC · QC/Annexures,job_card_shift_log_v2,12,start_at,,
production,Jobcard · Production,JC · QC/Annexures,job_card_shift_log_v2,12,end_at,,
production,Jobcard · Production,JC · QC/Annexures,job_card_shift_log_v2,12,paused_minutes,,
production,Jobcard · Production,JC · QC/Annexures,job_card_shift_log_v2,12,operator_name,,
production,Jobcard · Production,JC · QC/Annexures,job_card_shift_log_v2,12,notes,,
production,Jobcard · Production,JC · QC/Annexures,job_card_shift_log_v2,12,created_at,,
production,Jobcard · Production,JC · QC/Annexures,job_card_shift_log_v2,12,phase_id,FK,job_card_phase_v2.phase_id
production,Jobcard · Production,JC · QC/Annexures,job_card_shift_log_v2,12,batch_id,,
production,Jobcard · Production,JC · QC/Annexures,job_card_weight_check,10,job_card_id,FK,job_card.job_card_id
production,Jobcard · Production,JC · QC/Annexures,job_card_weight_check,10,sample_number,,
production,Jobcard · Production,JC · QC/Annexures,job_card_weight_check,10,net_weight,,
production,Jobcard · Production,JC · QC/Annexures,job_card_weight_check,10,gross_weight,,
production,Jobcard · Production,JC · QC/Annexures,job_card_weight_check,10,leak_test_pass,,
production,Jobcard · Production,JC · QC/Annexures,job_card_weight_check,10,updated_at,,
production,Jobcard · Production,JC · QC/Annexures,job_card_weight_check,10,updated_by,,
production,Jobcard · Production,JC · QC/Annexures,job_card_weight_check,10,deleted_at,,
production,Jobcard · Production,JC · QC/Annexures,job_card_weight_check,10,deleted_by,,
production,Jobcard · Production,JC · QC/Annexures,job_card_weight_check,10,recorded_at,,
production,Jobcard · Production,JC · QC/Annexures,job_card_weight_check_v2,13,job_card_id,FK,job_card_v2.job_card_id
production,Jobcard · Production,JC · QC/Annexures,job_card_weight_check_v2,13,sample_number,,
production,Jobcard · Production,JC · QC/Annexures,job_card_weight_check_v2,13,net_weight,,
production,Jobcard · Production,JC · QC/Annexures,job_card_weight_check_v2,13,gross_weight,,
production,Jobcard · Production,JC · QC/Annexures,job_card_weight_check_v2,13,leak_test_pass,,
production,Jobcard · Production,JC · QC/Annexures,job_card_weight_check_v2,13,remarks,,
production,Jobcard · Production,JC · QC/Annexures,job_card_weight_check_v2,13,recorded_by,,
production,Jobcard · Production,JC · QC/Annexures,job_card_weight_check_v2,13,recorded_at,,
production,Jobcard · Production,JC · QC/Annexures,job_card_weight_check_v2,13,updated_at,,
production,Jobcard · Production,JC · QC/Annexures,job_card_weight_check_v2,13,updated_by,,
production,Jobcard · Production,JC · QC/Annexures,job_card_weight_check_v2,13,deleted_at,,
production,Jobcard · Production,JC · QC/Annexures,job_card_weight_check_v2,13,deleted_by,,
production,Jobcard · Production,JC · QC/Annexures,job_card_weight_check_v2,13,deletion_reason,,
production,Jobcard · Production,JC · Indents,job_card_pm_indent,24,pm_indent_id,PK,
production,Jobcard · Production,JC · Indents,job_card_pm_indent,24,job_card_id,FK,job_card.job_card_id
production,Jobcard · Production,JC · Indents,job_card_pm_indent,24,material_sku_name,,
production,Jobcard · Production,JC · Indents,job_card_pm_indent,24,uom,,
production,Jobcard · Production,JC · Indents,job_card_pm_indent,24,reqd_qty,,
production,Jobcard · Production,JC · Indents,job_card_pm_indent,24,loss_pct,,
production,Jobcard · Production,JC · Indents,job_card_pm_indent,24,gross_qty,,
production,Jobcard · Production,JC · Indents,job_card_pm_indent,24,issued_qty,,
production,Jobcard · Production,JC · Indents,job_card_pm_indent,24,batch_no,,
production,Jobcard · Production,JC · Indents,job_card_pm_indent,24,godown,,
production,Jobcard · Production,JC · Indents,job_card_pm_indent,24,scanned_box_ids,,
production,Jobcard · Production,JC · Indents,job_card_pm_indent,24,variance,,
production,Jobcard · Production,JC · Indents,job_card_pm_indent,24,status,,
production,Jobcard · Production,JC · Indents,job_card_pm_indent,24,created_at,,
production,Jobcard · Production,JC · Indents,job_card_pm_indent,24,store_decision,,
production,Jobcard · Production,JC · Indents,job_card_pm_indent,24,store_approved_qty,,
production,Jobcard · Production,JC · Indents,job_card_pm_indent,24,store_decided_by,,
production,Jobcard · Production,JC · Indents,job_card_pm_indent,24,store_decided_at,,
production,Jobcard · Production,JC · Indents,job_card_pm_indent,24,source_location,,
production,Jobcard · Production,JC · Indents,job_card_pm_indent,24,quality_grade,,
production,Jobcard · Production,JC · Indents,job_card_pm_indent,24,manual_ack_by,,
production,Jobcard · Production,JC · Indents,job_card_pm_indent,24,manual_ack_at,,
production,Jobcard · Production,JC · Indents,job_card_pm_indent,24,bom_line_id,,
production,Jobcard · Production,JC · Indents,job_card_pm_indent,24,consumed_qty,,
production,Jobcard · Production,JC · Indents,job_card_pm_indent_v2,16,pm_indent_id,PK,
production,Jobcard · Production,JC · Indents,job_card_pm_indent_v2,16,job_card_id,FK,job_card_v2.job_card_id
production,Jobcard · Production,JC · Indents,job_card_pm_indent_v2,16,material_sku_name,,
production,Jobcard · Production,JC · Indents,job_card_pm_indent_v2,16,uom,,
production,Jobcard · Production,JC · Indents,job_card_pm_indent_v2,16,reqd_qty,,
production,Jobcard · Production,JC · Indents,job_card_pm_indent_v2,16,loss_pct,,
production,Jobcard · Production,JC · Indents,job_card_pm_indent_v2,16,gross_qty,,
production,Jobcard · Production,JC · Indents,job_card_pm_indent_v2,16,issued_qty,,
production,Jobcard · Production,JC · Indents,job_card_pm_indent_v2,16,batch_no,,
production,Jobcard · Production,JC · Indents,job_card_pm_indent_v2,16,godown,,
production,Jobcard · Production,JC · Indents,job_card_pm_indent_v2,16,scanned_box_ids,,
production,Jobcard · Production,JC · Indents,job_card_pm_indent_v2,16,variance,,
production,Jobcard · Production,JC · Indents,job_card_pm_indent_v2,16,status,,
production,Jobcard · Production,JC · Indents,job_card_pm_indent_v2,16,created_at,,
production,Jobcard · Production,JC · Indents,job_card_pm_indent_v2,16,consumed_qty,,
production,Jobcard · Production,JC · Indents,job_card_pm_indent_v2,16,bom_line_id,,
production,Jobcard · Production,JC · Indents,job_card_rm_indent,24,rm_indent_id,PK,
production,Jobcard · Production,JC · Indents,job_card_rm_indent,24,job_card_id,FK,job_card.job_card_id
production,Jobcard · Production,JC · Indents,job_card_rm_indent,24,material_sku_name,,
production,Jobcard · Production,JC · Indents,job_card_rm_indent,24,uom,,
production,Jobcard · Production,JC · Indents,job_card_rm_indent,24,reqd_qty,,
production,Jobcard · Production,JC · Indents,job_card_rm_indent,24,loss_pct,,
production,Jobcard · Production,JC · Indents,job_card_rm_indent,24,gross_qty,,
production,Jobcard · Production,JC · Indents,job_card_rm_indent,24,issued_qty,,
production,Jobcard · Production,JC · Indents,job_card_rm_indent,24,batch_no,,
production,Jobcard · Production,JC · Indents,job_card_rm_indent,24,godown,,
production,Jobcard · Production,JC · Indents,job_card_rm_indent,24,scanned_box_ids,,
production,Jobcard · Production,JC · Indents,job_card_rm_indent,24,variance,,
production,Jobcard · Production,JC · Indents,job_card_rm_indent,24,status,,
production,Jobcard · Production,JC · Indents,job_card_rm_indent,24,created_at,,
production,Jobcard · Production,JC · Indents,job_card_rm_indent,24,store_decision,,
production,Jobcard · Production,JC · Indents,job_card_rm_indent,24,store_approved_qty,,
production,Jobcard · Production,JC · Indents,job_card_rm_indent,24,store_decided_by,,
production,Jobcard · Production,JC · Indents,job_card_rm_indent,24,store_decided_at,,
production,Jobcard · Production,JC · Indents,job_card_rm_indent,24,source_location,,
production,Jobcard · Production,JC · Indents,job_card_rm_indent,24,quality_grade,,
production,Jobcard · Production,JC · Indents,job_card_rm_indent,24,manual_ack_by,,
production,Jobcard · Production,JC · Indents,job_card_rm_indent,24,manual_ack_at,,
production,Jobcard · Production,JC · Indents,job_card_rm_indent,24,bom_line_id,,
production,Jobcard · Production,JC · Indents,job_card_rm_indent,24,consumed_qty,,
production,Jobcard · Production,JC · Indents,job_card_rm_indent_v2,16,rm_indent_id,PK,
production,Jobcard · Production,JC · Indents,job_card_rm_indent_v2,16,job_card_id,FK,job_card_v2.job_card_id
production,Jobcard · Production,JC · Indents,job_card_rm_indent_v2,16,material_sku_name,,
production,Jobcard · Production,JC · Indents,job_card_rm_indent_v2,16,uom,,
production,Jobcard · Production,JC · Indents,job_card_rm_indent_v2,16,reqd_qty,,
production,Jobcard · Production,JC · Indents,job_card_rm_indent_v2,16,loss_pct,,
production,Jobcard · Production,JC · Indents,job_card_rm_indent_v2,16,gross_qty,,
production,Jobcard · Production,JC · Indents,job_card_rm_indent_v2,16,issued_qty,,
production,Jobcard · Production,JC · Indents,job_card_rm_indent_v2,16,batch_no,,
production,Jobcard · Production,JC · Indents,job_card_rm_indent_v2,16,godown,,
production,Jobcard · Production,JC · Indents,job_card_rm_indent_v2,16,scanned_box_ids,,
production,Jobcard · Production,JC · Indents,job_card_rm_indent_v2,16,variance,,
production,Jobcard · Production,JC · Indents,job_card_rm_indent_v2,16,status,,
production,Jobcard · Production,JC · Indents,job_card_rm_indent_v2,16,created_at,,
production,Jobcard · Production,JC · Indents,job_card_rm_indent_v2,16,consumed_qty,,
production,Jobcard · Production,JC · Indents,job_card_rm_indent_v2,16,bom_line_id,,
production,Jobcard · Production,JC · Batches/Sign-off,job_card_phase_v2,14,phase_id,PK,
production,Jobcard · Production,JC · Batches/Sign-off,job_card_phase_v2,14,job_card_id,FK,job_card_v2.job_card_id
production,Jobcard · Production,JC · Batches/Sign-off,job_card_phase_v2,14,phase_number,,
production,Jobcard · Production,JC · Batches/Sign-off,job_card_phase_v2,14,phase_date,,
production,Jobcard · Production,JC · Batches/Sign-off,job_card_phase_v2,14,planned_qty_kg,,
production,Jobcard · Production,JC · Batches/Sign-off,job_card_phase_v2,14,produced_qty_kg,,
production,Jobcard · Production,JC · Batches/Sign-off,job_card_phase_v2,14,extra_give_away_qty,,
production,Jobcard · Production,JC · Batches/Sign-off,job_card_phase_v2,14,started_at,,
production,Jobcard · Production,JC · Batches/Sign-off,job_card_phase_v2,14,ended_at,,
production,Jobcard · Production,JC · Batches/Sign-off,job_card_phase_v2,14,status,,
production,Jobcard · Production,JC · Batches/Sign-off,job_card_phase_v2,14,closed_by,,
production,Jobcard · Production,JC · Batches/Sign-off,job_card_phase_v2,14,closed_at,,
production,Jobcard · Production,JC · Batches/Sign-off,job_card_phase_v2,14,notes,,
production,Jobcard · Production,JC · Batches/Sign-off,job_card_phase_v2,14,input_qty_kg,,
production,Jobcard · Production,JC · Batches/Sign-off,job_card_sign_off,5,sign_off_id,PK,
production,Jobcard · Production,JC · Batches/Sign-off,job_card_sign_off,5,job_card_id,FK,job_card.job_card_id
production,Jobcard · Production,JC · Batches/Sign-off,job_card_sign_off,5,sign_off_type,,
production,Jobcard · Production,JC · Batches/Sign-off,job_card_sign_off,5,name,,
production,Jobcard · Production,JC · Batches/Sign-off,job_card_sign_off,5,signed_at,,
production,Jobcard · Production,JC · Batches/Sign-off,job_card_sign_off_v2,6,sign_off_id,PK,
production,Jobcard · Production,JC · Batches/Sign-off,job_card_sign_off_v2,6,job_card_id,FK,job_card_v2.job_card_id
production,Jobcard · Production,JC · Batches/Sign-off,job_card_sign_off_v2,6,role,,
production,Jobcard · Production,JC · Batches/Sign-off,job_card_sign_off_v2,6,signed_by,,
production,Jobcard · Production,JC · Batches/Sign-off,job_card_sign_off_v2,6,signed_at,,
production,Jobcard · Production,JC · Batches/Sign-off,job_card_sign_off_v2,6,notes,,
production,Jobcard · Production,JC · v1 legacy,job_card,40,job_card_id,PK,
production,Jobcard · Production,JC · v1 legacy,job_card,40,job_card_number,,
production,Jobcard · Production,JC · v1 legacy,job_card,40,prod_order_id,FK,production_order.prod_order_id
production,Jobcard · Production,JC · v1 legacy,job_card,40,bom_id,FK,bom_header.bom_id
production,Jobcard · Production,JC · v1 legacy,job_card,40,step_number,,
production,Jobcard · Production,JC · v1 legacy,job_card,40,process_name,,
production,Jobcard · Production,JC · v1 legacy,job_card,40,stage,,
production,Jobcard · Production,JC · v1 legacy,job_card,40,fg_sku_name,,
production,Jobcard · Production,JC · v1 legacy,job_card,40,customer_name,,
production,Jobcard · Production,JC · v1 legacy,job_card,40,batch_number,,
production,Jobcard · Production,JC · v1 legacy,job_card,40,batch_size_kg,,
production,Jobcard · Production,JC · v1 legacy,job_card,40,machine_id,FK,machine.machine_id
production,Jobcard · Production,JC · v1 legacy,job_card,40,assigned_to_team_leader,,
production,Jobcard · Production,JC · v1 legacy,job_card,40,team_members,,
production,Jobcard · Production,JC · v1 legacy,job_card,40,is_locked,,
production,Jobcard · Production,JC · v1 legacy,job_card,40,locked_reason,,
production,Jobcard · Production,JC · v1 legacy,job_card,40,force_unlocked,,
production,Jobcard · Production,JC · v1 legacy,job_card,40,force_unlock_by,,
production,Jobcard · Production,JC · v1 legacy,job_card,40,force_unlock_reason,,
production,Jobcard · Production,JC · v1 legacy,job_card,40,force_unlock_at,,
production,Jobcard · Production,JC · v1 legacy,job_card,40,status,,
production,Jobcard · Production,JC · v1 legacy,job_card,40,start_time,,
production,Jobcard · Production,JC · v1 legacy,job_card,40,end_time,,
production,Jobcard · Production,JC · v1 legacy,job_card,40,total_time_min,,
production,Jobcard · Production,JC · v1 legacy,job_card,40,factory,,
production,Jobcard · Production,JC · v1 legacy,job_card,40,floor,,
production,Jobcard · Production,JC · v1 legacy,job_card,40,entity,,
production,Jobcard · Production,JC · v1 legacy,job_card,40,next_job_card_id,FK,job_card.job_card_id
production,Jobcard · Production,JC · v1 legacy,job_card,40,prev_job_card_id,FK,job_card.job_card_id
production,Jobcard · Production,JC · v1 legacy,job_card,40,carried_qty_kg,,
production,Jobcard · Production,JC · v1 legacy,job_card,40,dispatched_to_next_kg,,
production,Jobcard · Production,JC · v1 legacy,job_card,40,updated_at,,
production,Jobcard · Production,JC · v1 legacy,job_card,40,updated_by,,
production,Jobcard · Production,JC · v1 legacy,job_card,40,deleted_at,,
production,Jobcard · Production,JC · v1 legacy,job_card,40,deleted_by,,
production,Jobcard · Production,JC · v1 legacy,job_card,40,cancellation_reason,,
production,Jobcard · Production,JC · v1 legacy,job_card,40,created_at,,
production,Jobcard · Production,JC · v1 legacy,job_card,40,plan_id,,
production,Jobcard · Production,JC · v1 legacy,job_card,40,store_allocation_status,,
production,Jobcard · Production,JC · v1 legacy,job_card,40,sample_requisition_id,FK,sample_requisitions.id
production,Jobcard · Production,JC · v1 legacy,job_card_byproduct,7,byproduct_id,PK,
production,Jobcard · Production,JC · v1 legacy,job_card_byproduct,7,job_card_id,FK,job_card.job_card_id
production,Jobcard · Production,JC · v1 legacy,job_card_byproduct,7,category,,
production,Jobcard · Production,JC · v1 legacy,job_card_byproduct,7,quantity_kg,,
production,Jobcard · Production,JC · v1 legacy,job_card_byproduct,7,remarks,,
production,Jobcard · Production,JC · v1 legacy,job_card_byproduct,7,created_at,,
production,Jobcard · Production,JC · v1 legacy,job_card_byproduct,7,uom,,
production,Jobcard · Production,JC · v1 legacy,job_card_consumption_variance_v2,15,variance_id,PK,
production,Jobcard · Production,JC · v1 legacy,job_card_consumption_variance_v2,15,job_card_id,FK,job_card_v2.job_card_id
production,Jobcard · Production,JC · v1 legacy,job_card_consumption_variance_v2,15,material_sku_name,,
production,Jobcard · Production,JC · v1 legacy,job_card_consumption_variance_v2,15,bom_id,FK,bom_header.bom_id
production,Jobcard · Production,JC · v1 legacy,job_card_consumption_variance_v2,15,bom_version,,
production,Jobcard · Production,JC · v1 legacy,job_card_consumption_variance_v2,15,bom_prescribed_qty,,
production,Jobcard · Production,JC · v1 legacy,job_card_consumption_variance_v2,15,actual_consumed_qty,,
production,Jobcard · Production,JC · v1 legacy,job_card_consumption_variance_v2,15,uom,,
production,Jobcard · Production,JC · v1 legacy,job_card_consumption_variance_v2,15,variance_qty,,
production,Jobcard · Production,JC · v1 legacy,job_card_consumption_variance_v2,15,variance_pct,,
production,Jobcard · Production,JC · v1 legacy,job_card_consumption_variance_v2,15,unit_cost_at_consumption,,
production,Jobcard · Production,JC · v1 legacy,job_card_consumption_variance_v2,15,variance_cost_impact,,
production,Jobcard · Production,JC · v1 legacy,job_card_consumption_variance_v2,15,cost_basis,,
production,Jobcard · Production,JC · v1 legacy,job_card_consumption_variance_v2,15,recorded_at,,
production,Jobcard · Production,JC · v1 legacy,job_card_consumption_variance_v2,15,last_updated_at,,
production,Jobcard · Production,JC · v1 legacy,job_card_material_accounting,20,accounting_id,PK,
production,Jobcard · Production,JC · v1 legacy,job_card_material_accounting,20,job_card_id,FK,job_card.job_card_id
production,Jobcard · Production,JC · v1 legacy,job_card_material_accounting,20,total_material_issued_kg,,
production,Jobcard · Production,JC · v1 legacy,job_card_material_accounting,20,fg_output_kg,,
production,Jobcard · Production,JC · v1 legacy,job_card_material_accounting,20,process_loss_kg,,
production,Jobcard · Production,JC · v1 legacy,job_card_material_accounting,20,process_loss_sub_categories,,
production,Jobcard · Production,JC · v1 legacy,job_card_material_accounting,20,extra_give_away_kg,,
production,Jobcard · Production,JC · v1 legacy,job_card_material_accounting,20,balance_material_kg,,
production,Jobcard · Production,JC · v1 legacy,job_card_material_accounting,20,offgrade_total_kg,,
production,Jobcard · Production,JC · v1 legacy,job_card_material_accounting,20,rejection_kg,,
production,Jobcard · Production,JC · v1 legacy,job_card_material_accounting,20,wastage_kg,,
production,Jobcard · Production,JC · v1 legacy,job_card_material_accounting,20,process_loss_pct,,
production,Jobcard · Production,JC · v1 legacy,job_card_material_accounting,20,other_loss_pct,,
production,Jobcard · Production,JC · v1 legacy,job_card_material_accounting,20,total_loss_pct,,
production,Jobcard · Production,JC · v1 legacy,job_card_material_accounting,20,balance_difference_kg,,
production,Jobcard · Production,JC · v1 legacy,job_card_material_accounting,20,is_balanced,,
production,Jobcard · Production,JC · v1 legacy,job_card_material_accounting,20,balanced_by,,
production,Jobcard · Production,JC · v1 legacy,job_card_material_accounting,20,balanced_at,,
production,Jobcard · Production,JC · v1 legacy,job_card_material_accounting,20,created_at,,
production,Jobcard · Production,JC · v1 legacy,job_card_material_accounting,20,control_sample_kg,,
production,Jobcard · Production,JC · v1 legacy,job_card_process_step,14,step_id,PK,
production,Jobcard · Production,JC · v1 legacy,job_card_process_step,14,job_card_id,FK,job_card.job_card_id
production,Jobcard · Production,JC · v1 legacy,job_card_process_step,14,step_number,,
production,Jobcard · Production,JC · v1 legacy,job_card_process_step,14,process_name,,
production,Jobcard · Production,JC · v1 legacy,job_card_process_step,14,machine_name,,
production,Jobcard · Production,JC · v1 legacy,job_card_process_step,14,std_time_min,,
production,Jobcard · Production,JC · v1 legacy,job_card_process_step,14,qc_check,,
production,Jobcard · Production,JC · v1 legacy,job_card_process_step,14,loss_pct,,
production,Jobcard · Production,JC · v1 legacy,job_card_process_step,14,operator_name,,
production,Jobcard · Production,JC · v1 legacy,job_card_process_step,14,operator_sign_at,,
production,Jobcard · Production,JC · v1 legacy,job_card_process_step,14,qc_sign_at,,
production,Jobcard · Production,JC · v1 legacy,job_card_process_step,14,time_done,,
production,Jobcard · Production,JC · v1 legacy,job_card_process_step,14,status,,
production,Jobcard · Production,JC · v1 legacy,job_card_process_step,14,created_at,,
production,Jobcard · Production,BOM / Recipe,bom_amendment_request_v2,15,request_id,PK,
production,Jobcard · Production,BOM / Recipe,bom_amendment_request_v2,15,request_type,,
production,Jobcard · Production,BOM / Recipe,bom_amendment_request_v2,15,bom_id,FK,bom_header.bom_id
production,Jobcard · Production,BOM / Recipe,bom_amendment_request_v2,15,job_card_id,FK,job_card_v2.job_card_id
production,Jobcard · Production,BOM / Recipe,bom_amendment_request_v2,15,payload_jsonb,,
production,Jobcard · Production,BOM / Recipe,bom_amendment_request_v2,15,maker_user_id,FK,auth_user.user_id
production,Jobcard · Production,BOM / Recipe,bom_amendment_request_v2,15,status,,
production,Jobcard · Production,BOM / Recipe,bom_amendment_request_v2,15,reason,,
production,Jobcard · Production,BOM / Recipe,bom_amendment_request_v2,15,rejection_reason,,
production,Jobcard · Production,BOM / Recipe,bom_amendment_request_v2,15,applied_version,,
production,Jobcard · Production,BOM / Recipe,bom_amendment_request_v2,15,created_at,,
production,Jobcard · Production,BOM / Recipe,bom_amendment_request_v2,15,decided_at,,
production,Jobcard · Production,BOM / Recipe,bom_amendment_request_v2,15,applied_at,,
production,Jobcard · Production,BOM / Recipe,bom_amendment_request_v2,15,checker1_note,,
production,Jobcard · Production,BOM / Recipe,bom_amendment_request_v2,15,consumed_at,,
production,Jobcard · Production,BOM / Recipe,bom_header,13,bom_id,PK,
production,Jobcard · Production,BOM / Recipe,bom_header,13,fg_sku_name,,
production,Jobcard · Production,BOM / Recipe,bom_header,13,customer_name,,
production,Jobcard · Production,BOM / Recipe,bom_header,13,pack_size_kg,,
production,Jobcard · Production,BOM / Recipe,bom_header,13,version,,
production,Jobcard · Production,BOM / Recipe,bom_header,13,is_active,,
production,Jobcard · Production,BOM / Recipe,bom_header,13,effective_from,,
production,Jobcard · Production,BOM / Recipe,bom_header,13,effective_to,,
production,Jobcard · Production,BOM / Recipe,bom_header,13,item_group,,
production,Jobcard · Production,BOM / Recipe,bom_header,13,entity,,
production,Jobcard · Production,BOM / Recipe,bom_header,13,notes,,
production,Jobcard · Production,BOM / Recipe,bom_header,13,created_at,,
production,Jobcard · Production,BOM / Recipe,bom_header,13,allowed_balance_tolerance_pct,,
production,Jobcard · Production,BOM / Recipe,bom_line,13,bom_line_id,PK,
production,Jobcard · Production,BOM / Recipe,bom_line,13,bom_id,FK,bom_header.bom_id
production,Jobcard · Production,BOM / Recipe,bom_line,13,line_number,,
production,Jobcard · Production,BOM / Recipe,bom_line,13,material_sku_name,,
production,Jobcard · Production,BOM / Recipe,bom_line,13,item_type,,
production,Jobcard · Production,BOM / Recipe,bom_line,13,quantity_per_unit,,
production,Jobcard · Production,BOM / Recipe,bom_line,13,uom,,
production,Jobcard · Production,BOM / Recipe,bom_line,13,loss_pct,,
production,Jobcard · Production,BOM / Recipe,bom_line,13,godown,,
production,Jobcard · Production,BOM / Recipe,bom_line,13,can_use_offgrade,,
production,Jobcard · Production,BOM / Recipe,bom_line,13,offgrade_max_pct,,
production,Jobcard · Production,BOM / Recipe,bom_line,13,created_at,,
production,Jobcard · Production,BOM / Recipe,bom_line,13,staging_method,,
production,Jobcard · Production,BOM / Recipe,bom_process_route,10,route_id,PK,
production,Jobcard · Production,BOM / Recipe,bom_process_route,10,bom_id,FK,bom_header.bom_id
production,Jobcard · Production,BOM / Recipe,bom_process_route,10,step_number,,
production,Jobcard · Production,BOM / Recipe,bom_process_route,10,process_name,,
production,Jobcard · Production,BOM / Recipe,bom_process_route,10,stage,,
production,Jobcard · Production,BOM / Recipe,bom_process_route,10,std_time_min,,
production,Jobcard · Production,BOM / Recipe,bom_process_route,10,loss_pct,,
production,Jobcard · Production,BOM / Recipe,bom_process_route,10,qc_check,,
production,Jobcard · Production,BOM / Recipe,bom_process_route,10,machine_type,,
production,Jobcard · Production,BOM / Recipe,bom_process_route,10,created_at,,
production,Jobcard · Production,Inventory / Floor,floor_inventory,8,inventory_id,PK,
production,Jobcard · Production,Inventory / Floor,floor_inventory,8,sku_name,,
production,Jobcard · Production,Inventory / Floor,floor_inventory,8,item_type,,
production,Jobcard · Production,Inventory / Floor,floor_inventory,8,floor_location,,
production,Jobcard · Production,Inventory / Floor,floor_inventory,8,quantity_kg,,
production,Jobcard · Production,Inventory / Floor,floor_inventory,8,lot_number,,
production,Jobcard · Production,Inventory / Floor,floor_inventory,8,entity,,
production,Jobcard · Production,Inventory / Floor,floor_inventory,8,last_updated,,
production,Jobcard · Production,Inventory / Floor,floor_movement,11,movement_id,PK,
production,Jobcard · Production,Inventory / Floor,floor_movement,11,sku_name,,
production,Jobcard · Production,Inventory / Floor,floor_movement,11,from_location,,
production,Jobcard · Production,Inventory / Floor,floor_movement,11,to_location,,
production,Jobcard · Production,Inventory / Floor,floor_movement,11,quantity_kg,,
production,Jobcard · Production,Inventory / Floor,floor_movement,11,reason,,
production,Jobcard · Production,Inventory / Floor,floor_movement,11,job_card_id,FK,job_card.job_card_id
production,Jobcard · Production,Inventory / Floor,floor_movement,11,scanned_qr_codes,,
production,Jobcard · Production,Inventory / Floor,floor_movement,11,entity,,
production,Jobcard · Production,Inventory / Floor,floor_movement,11,moved_by,,
production,Jobcard · Production,Inventory / Floor,floor_movement,11,moved_at,,
production,Jobcard · Production,Inventory / Floor,inventory_batch,24,batch_id,PK,
production,Jobcard · Production,Inventory / Floor,inventory_batch,24,sku_name,,
production,Jobcard · Production,Inventory / Floor,inventory_batch,24,item_type,,
production,Jobcard · Production,Inventory / Floor,inventory_batch,24,transaction_no,,
production,Jobcard · Production,Inventory / Floor,inventory_batch,24,lot_number,,
production,Jobcard · Production,Inventory / Floor,inventory_batch,24,source,,
production,Jobcard · Production,Inventory / Floor,inventory_batch,24,inward_date,,
production,Jobcard · Production,Inventory / Floor,inventory_batch,24,manufacturing_date,,
production,Jobcard · Production,Inventory / Floor,inventory_batch,24,expiry_date,,
production,Jobcard · Production,Inventory / Floor,inventory_batch,24,original_qty_kg,,
production,Jobcard · Production,Inventory / Floor,inventory_batch,24,current_qty_kg,,
production,Jobcard · Production,Inventory / Floor,inventory_batch,24,warehouse_id,,
production,Jobcard · Production,Inventory / Floor,inventory_batch,24,floor_id,,
production,Jobcard · Production,Inventory / Floor,inventory_batch,24,status,,
production,Jobcard · Production,Inventory / Floor,inventory_batch,24,blocked_for_so_id,,
production,Jobcard · Production,Inventory / Floor,inventory_batch,24,blocked_by,,
production,Jobcard · Production,Inventory / Floor,inventory_batch,24,blocked_at,,
production,Jobcard · Production,Inventory / Floor,inventory_batch,24,block_reason,,
production,Jobcard · Production,Inventory / Floor,inventory_batch,24,flag_reason,,
production,Jobcard · Production,Inventory / Floor,inventory_batch,24,flag_detail,,
production,Jobcard · Production,Inventory / Floor,inventory_batch,24,ownership,,
production,Jobcard · Production,Inventory / Floor,inventory_batch,24,entity,,
production,Jobcard · Production,Inventory / Floor,inventory_batch,24,created_at,,
production,Jobcard · Production,Inventory / Floor,inventory_batch,24,updated_at,,
production,Jobcard · Production,Inventory / Floor,inventory_event_log,14,event_id,PK,
production,Jobcard · Production,Inventory / Floor,inventory_event_log,14,batch_id,,
production,Jobcard · Production,Inventory / Floor,inventory_event_log,14,event_type,,
production,Jobcard · Production,Inventory / Floor,inventory_event_log,14,from_status,,
production,Jobcard · Production,Inventory / Floor,inventory_event_log,14,to_status,,
production,Jobcard · Production,Inventory / Floor,inventory_event_log,14,from_location,,
production,Jobcard · Production,Inventory / Floor,inventory_event_log,14,to_location,,
production,Jobcard · Production,Inventory / Floor,inventory_event_log,14,quantity_kg,,
production,Jobcard · Production,Inventory / Floor,inventory_event_log,14,reference_type,,
production,Jobcard · Production,Inventory / Floor,inventory_event_log,14,reference_id,,
production,Jobcard · Production,Inventory / Floor,inventory_event_log,14,so_id,,
production,Jobcard · Production,Inventory / Floor,inventory_event_log,14,performed_by,,
production,Jobcard · Production,Inventory / Floor,inventory_event_log,14,notes,,
production,Jobcard · Production,Inventory / Floor,inventory_event_log,14,created_at,,
production,Jobcard · Production,Inventory / Floor,machine,10,machine_id,PK,
production,Jobcard · Production,Inventory / Floor,machine,10,machine_name,,
production,Jobcard · Production,Inventory / Floor,machine,10,machine_type,,
production,Jobcard · Production,Inventory / Floor,machine,10,category,,
production,Jobcard · Production,Inventory / Floor,machine,10,capable_stages,,
production,Jobcard · Production,Inventory / Floor,machine,10,floor,,
production,Jobcard · Production,Inventory / Floor,machine,10,factory,,
production,Jobcard · Production,Inventory / Floor,machine,10,status,,
production,Jobcard · Production,Inventory / Floor,machine,10,entity,,
production,Jobcard · Production,Inventory / Floor,machine,10,created_at,,
production,Jobcard · Production,Inventory / Floor,machine_capacity,6,capacity_id,PK,
production,Jobcard · Production,Inventory / Floor,machine_capacity,6,machine_id,FK,machine.machine_id
production,Jobcard · Production,Inventory / Floor,machine_capacity,6,stage,,
production,Jobcard · Production,Inventory / Floor,machine_capacity,6,item_group,,
production,Jobcard · Production,Inventory / Floor,machine_capacity,6,capacity_kg_per_hr,,
production,Jobcard · Production,Inventory / Floor,machine_capacity,6,created_at,,
production,Jobcard · Production,Fulfillment,fulfillment_bom_override,13,override_id,PK,
production,Jobcard · Production,Fulfillment,fulfillment_bom_override,13,fulfillment_id,FK,so_fulfillment.fulfillment_id
production,Jobcard · Production,Fulfillment,fulfillment_bom_override,13,bom_line_id,FK,bom_line.bom_line_id
production,Jobcard · Production,Fulfillment,fulfillment_bom_override,13,material_sku_name,,
production,Jobcard · Production,Fulfillment,fulfillment_bom_override,13,quantity_per_unit,,
production,Jobcard · Production,Fulfillment,fulfillment_bom_override,13,loss_pct,,
production,Jobcard · Production,Fulfillment,fulfillment_bom_override,13,uom,,
production,Jobcard · Production,Fulfillment,fulfillment_bom_override,13,godown,,
production,Jobcard · Production,Fulfillment,fulfillment_bom_override,13,is_removed,,
production,Jobcard · Production,Fulfillment,fulfillment_bom_override,13,override_reason,,
production,Jobcard · Production,Fulfillment,fulfillment_bom_override,13,overridden_by,,
production,Jobcard · Production,Fulfillment,fulfillment_bom_override,13,created_at,,
production,Jobcard · Production,Fulfillment,fulfillment_bom_override,13,updated_at,,
production,Jobcard · Production,Fulfillment,fulfillment_bom_override_v2,13,override_id,PK,
production,Jobcard · Production,Fulfillment,fulfillment_bom_override_v2,13,so_fulfillment_id,FK,so_fulfillment_v2.so_fulfillment_id
production,Jobcard · Production,Fulfillment,fulfillment_bom_override_v2,13,bom_line_id,,
production,Jobcard · Production,Fulfillment,fulfillment_bom_override_v2,13,material_sku_name,,
production,Jobcard · Production,Fulfillment,fulfillment_bom_override_v2,13,quantity_per_unit,,
production,Jobcard · Production,Fulfillment,fulfillment_bom_override_v2,13,loss_pct,,
production,Jobcard · Production,Fulfillment,fulfillment_bom_override_v2,13,uom,,
production,Jobcard · Production,Fulfillment,fulfillment_bom_override_v2,13,godown,,
production,Jobcard · Production,Fulfillment,fulfillment_bom_override_v2,13,is_removed,,
production,Jobcard · Production,Fulfillment,fulfillment_bom_override_v2,13,override_reason,,
production,Jobcard · Production,Fulfillment,fulfillment_bom_override_v2,13,overridden_by,,
production,Jobcard · Production,Fulfillment,fulfillment_bom_override_v2,13,created_at,,
production,Jobcard · Production,Fulfillment,fulfillment_bom_override_v2,13,updated_at,,
production,Jobcard · Production,Fulfillment,fulfillment_floor_stock,11,floor_stock_id,PK,
production,Jobcard · Production,Fulfillment,fulfillment_floor_stock,11,fulfillment_id,FK,so_fulfillment.fulfillment_id
production,Jobcard · Production,Fulfillment,fulfillment_floor_stock,11,material_sku_name,,
production,Jobcard · Production,Fulfillment,fulfillment_floor_stock,11,item_type,,
production,Jobcard · Production,Fulfillment,fulfillment_floor_stock,11,quantity_kg,,
production,Jobcard · Production,Fulfillment,fulfillment_floor_stock,11,unit,,
production,Jobcard · Production,Fulfillment,fulfillment_floor_stock,11,floor_location,,
production,Jobcard · Production,Fulfillment,fulfillment_floor_stock,11,added_by,,
production,Jobcard · Production,Fulfillment,fulfillment_floor_stock,11,notes,,
production,Jobcard · Production,Fulfillment,fulfillment_floor_stock,11,created_at,,
production,Jobcard · Production,Fulfillment,fulfillment_floor_stock,11,updated_at,,
production,Jobcard · Production,Fulfillment,fulfillment_floor_stock_v2,11,floor_stock_id,PK,
production,Jobcard · Production,Fulfillment,fulfillment_floor_stock_v2,11,so_fulfillment_id,FK,so_fulfillment_v2.so_fulfillment_id
production,Jobcard · Production,Fulfillment,fulfillment_floor_stock_v2,11,material_sku_name,,
production,Jobcard · Production,Fulfillment,fulfillment_floor_stock_v2,11,item_type,,
production,Jobcard · Production,Fulfillment,fulfillment_floor_stock_v2,11,quantity_kg,,
production,Jobcard · Production,Fulfillment,fulfillment_floor_stock_v2,11,unit,,
production,Jobcard · Production,Fulfillment,fulfillment_floor_stock_v2,11,floor_location,,
production,Jobcard · Production,Fulfillment,fulfillment_floor_stock_v2,11,added_by,,
production,Jobcard · Production,Fulfillment,fulfillment_floor_stock_v2,11,notes,,
production,Jobcard · Production,Fulfillment,fulfillment_floor_stock_v2,11,created_at,,
production,Jobcard · Production,Fulfillment,fulfillment_floor_stock_v2,11,updated_at,,
production,Jobcard · Production,Indents,production_indent,24,id,PK,
production,Jobcard · Production,Indents,production_indent,24,prod_indent_id,,
production,Jobcard · Production,Indents,production_indent,24,item_description,,
production,Jobcard · Production,Indents,production_indent,24,item_category,,
production,Jobcard · Production,Indents,production_indent,24,sub_category,,
production,Jobcard · Production,Indents,production_indent,24,material_type,,
production,Jobcard · Production,Indents,production_indent,24,uom,,
production,Jobcard · Production,Indents,production_indent,24,required_qty,,
production,Jobcard · Production,Indents,production_indent,24,available_qty,,
production,Jobcard · Production,Indents,production_indent,24,shortfall_qty,,
production,Jobcard · Production,Indents,production_indent,24,triggered_by_job_card,,
production,Jobcard · Production,Indents,production_indent,24,triggered_by_so,,
production,Jobcard · Production,Indents,production_indent,24,customer_name,,
production,Jobcard · Production,Indents,production_indent,24,maker_user,,
production,Jobcard · Production,Indents,production_indent,24,status,,
production,Jobcard · Production,Indents,production_indent,24,linked_internal_order,,
production,Jobcard · Production,Indents,production_indent,24,linked_internal_jc,,
production,Jobcard · Production,Indents,production_indent,24,entity,,
production,Jobcard · Production,Indents,production_indent,24,created_at,,
production,Jobcard · Production,Indents,production_indent,24,approved_at,,
production,Jobcard · Production,Indents,production_indent,24,fulfilled_at,,
production,Jobcard · Production,Indents,production_indent,24,cancel_reason,,
production,Jobcard · Production,Indents,production_indent,24,indent_value,,
production,Jobcard · Production,Indents,production_indent,24,approval_level,,
production,Jobcard · Production,Off-grade/Loss,offgrade_consumption,5,consumption_id,PK,
production,Jobcard · Production,Off-grade/Loss,offgrade_consumption,5,offgrade_id,FK,offgrade_inventory.offgrade_id
production,Jobcard · Production,Off-grade/Loss,offgrade_consumption,5,job_card_id,FK,job_card.job_card_id
production,Jobcard · Production,Off-grade/Loss,offgrade_consumption,5,qty_used_kg,,
production,Jobcard · Production,Off-grade/Loss,offgrade_consumption,5,consumed_at,,
production,Jobcard · Production,Off-grade/Loss,offgrade_inventory,12,offgrade_id,PK,
production,Jobcard · Production,Off-grade/Loss,offgrade_inventory,12,source_product,,
production,Jobcard · Production,Off-grade/Loss,offgrade_inventory,12,item_group,,
production,Jobcard · Production,Off-grade/Loss,offgrade_inventory,12,category,,
production,Jobcard · Production,Off-grade/Loss,offgrade_inventory,12,grade,,
production,Jobcard · Production,Off-grade/Loss,offgrade_inventory,12,available_qty_kg,,
production,Jobcard · Production,Off-grade/Loss,offgrade_inventory,12,production_date,,
production,Jobcard · Production,Off-grade/Loss,offgrade_inventory,12,expiry_date,,
production,Jobcard · Production,Off-grade/Loss,offgrade_inventory,12,job_card_id,FK,job_card.job_card_id
production,Jobcard · Production,Off-grade/Loss,offgrade_inventory,12,status,,
production,Jobcard · Production,Off-grade/Loss,offgrade_inventory,12,entity,,
production,Jobcard · Production,Off-grade/Loss,offgrade_inventory,12,created_at,,
production,Jobcard · Production,Off-grade/Loss,offgrade_reuse_rule,7,rule_id,PK,
production,Jobcard · Production,Off-grade/Loss,offgrade_reuse_rule,7,source_item_group,,
production,Jobcard · Production,Off-grade/Loss,offgrade_reuse_rule,7,target_item_group,,
production,Jobcard · Production,Off-grade/Loss,offgrade_reuse_rule,7,max_substitution_pct,,
production,Jobcard · Production,Off-grade/Loss,offgrade_reuse_rule,7,is_active,,
production,Jobcard · Production,Off-grade/Loss,offgrade_reuse_rule,7,notes,,
production,Jobcard · Production,Off-grade/Loss,offgrade_reuse_rule,7,created_at,,
production,Jobcard · Production,Amendments,amendment_log,9,id,PK,
production,Jobcard · Production,Amendments,amendment_log,9,record_id,,
production,Jobcard · Production,Amendments,amendment_log,9,record_type,,
production,Jobcard · Production,Amendments,amendment_log,9,field_name,,
production,Jobcard · Production,Amendments,amendment_log,9,previous_value,,
production,Jobcard · Production,Amendments,amendment_log,9,new_value,,
production,Jobcard · Production,Amendments,amendment_log,9,changed_by,,
production,Jobcard · Production,Amendments,amendment_log,9,changed_at,,
production,Jobcard · Production,Amendments,amendment_log,9,reason,,
production,Jobcard · Production,Ops,day_end_balance_scan,13,scan_id,PK,
production,Jobcard · Production,Ops,day_end_balance_scan,13,floor_location,,
production,Jobcard · Production,Ops,day_end_balance_scan,13,scan_date,,
production,Jobcard · Production,Ops,day_end_balance_scan,13,submitted_by,,
production,Jobcard · Production,Ops,day_end_balance_scan,13,submitted_at,,
production,Jobcard · Production,Ops,day_end_balance_scan,13,reviewed_by,,
production,Jobcard · Production,Ops,day_end_balance_scan,13,reviewed_at,,
production,Jobcard · Production,Ops,day_end_balance_scan,13,total_system_qty,,
production,Jobcard · Production,Ops,day_end_balance_scan,13,total_scanned_qty,,
production,Jobcard · Production,Ops,day_end_balance_scan,13,total_variance,,
production,Jobcard · Production,Ops,day_end_balance_scan,13,status,,
production,Jobcard · Production,Ops,day_end_balance_scan,13,entity,,
production,Jobcard · Production,Ops,day_end_balance_scan,13,created_at,,
production,Jobcard · Production,Ops,day_end_balance_scan_line,12,scan_line_id,PK,
production,Jobcard · Production,Ops,day_end_balance_scan_line,12,scan_id,FK,day_end_balance_scan.scan_id
production,Jobcard · Production,Ops,day_end_balance_scan_line,12,sku_name,,
production,Jobcard · Production,Ops,day_end_balance_scan_line,12,item_type,,
production,Jobcard · Production,Ops,day_end_balance_scan_line,12,system_qty_kg,,
production,Jobcard · Production,Ops,day_end_balance_scan_line,12,scanned_qty_kg,,
production,Jobcard · Production,Ops,day_end_balance_scan_line,12,variance_kg,,
production,Jobcard · Production,Ops,day_end_balance_scan_line,12,variance_pct,,
production,Jobcard · Production,Ops,day_end_balance_scan_line,12,scanned_box_ids,,
production,Jobcard · Production,Ops,day_end_balance_scan_line,12,variance_reason,,
production,Jobcard · Production,Ops,day_end_balance_scan_line,12,corrective_action,,
production,Jobcard · Production,Ops,day_end_balance_scan_line,12,status,,
production,Jobcard · Production,Ops,discrepancy_report,19,discrepancy_id,PK,
production,Jobcard · Production,Ops,discrepancy_report,19,discrepancy_type,,
production,Jobcard · Production,Ops,discrepancy_report,19,severity,,
production,Jobcard · Production,Ops,discrepancy_report,19,affected_material,,
production,Jobcard · Production,Ops,discrepancy_report,19,affected_machine_id,FK,machine.machine_id
production,Jobcard · Production,Ops,discrepancy_report,19,affected_job_card_ids,,
production,Jobcard · Production,Ops,discrepancy_report,19,affected_plan_line_ids,,
production,Jobcard · Production,Ops,discrepancy_report,19,details,,
production,Jobcard · Production,Ops,discrepancy_report,19,total_affected_qty_kg,,
production,Jobcard · Production,Ops,discrepancy_report,19,customer_impact,,
production,Jobcard · Production,Ops,discrepancy_report,19,resolution_type,,
production,Jobcard · Production,Ops,discrepancy_report,19,resolution_details,,
production,Jobcard · Production,Ops,discrepancy_report,19,reported_by,,
production,Jobcard · Production,Ops,discrepancy_report,19,reported_at,,
production,Jobcard · Production,Ops,discrepancy_report,19,resolved_by,,
production,Jobcard · Production,Ops,discrepancy_report,19,resolved_at,,
production,Jobcard · Production,Ops,discrepancy_report,19,status,,
production,Jobcard · Production,Ops,discrepancy_report,19,entity,,
production,Jobcard · Production,Ops,discrepancy_report,19,created_at,,
production,Jobcard · Production,Legacy,internal_job_card,11,id,PK,
production,Jobcard · Production,Legacy,internal_job_card,11,internal_jc_id,,
production,Jobcard · Production,Legacy,internal_job_card,11,internal_order_id,FK,internal_order.internal_order_id
production,Jobcard · Production,Legacy,internal_job_card,11,parent_job_card_id,,
production,Jobcard · Production,Legacy,internal_job_card,11,parent_so_ref,,
production,Jobcard · Production,Legacy,internal_job_card,11,fg_sku_name,,
production,Jobcard · Production,Legacy,internal_job_card,11,status,,
production,Jobcard · Production,Legacy,internal_job_card,11,bom_data,,
production,Jobcard · Production,Legacy,internal_job_card,11,entity,,
production,Jobcard · Production,Legacy,internal_job_card,11,created_at,,
production,Jobcard · Production,Legacy,internal_job_card,11,completed_at,,
production,Jobcard · Production,Jobcard · other,jc_material_exception_v2,10,exception_id,PK,
production,Jobcard · Production,Jobcard · other,jc_material_exception_v2,10,job_card_id,FK,job_card_v2.job_card_id
production,Jobcard · Production,Jobcard · other,jc_material_exception_v2,10,request_id,FK,bom_amendment_request_v2.request_id
production,Jobcard · Production,Jobcard · other,jc_material_exception_v2,10,material_sku_name,,
production,Jobcard · Production,Jobcard · other,jc_material_exception_v2,10,qty_kg,,
production,Jobcard · Production,Jobcard · other,jc_material_exception_v2,10,qty_pcs,,
production,Jobcard · Production,Jobcard · other,jc_material_exception_v2,10,exception_type,,
production,Jobcard · Production,Jobcard · other,jc_material_exception_v2,10,reason,,
production,Jobcard · Production,Jobcard · other,jc_material_exception_v2,10,status,,
production,Jobcard · Production,Jobcard · other,jc_material_exception_v2,10,created_at,,
purchase,Purchase · PO,PO Header/Lines,po_box,10,box_id,PK,
purchase,Purchase · PO,PO Header/Lines,po_box,10,transaction_no,FK,po_header.transaction_no
purchase,Purchase · PO,PO Header/Lines,po_box,10,line_number,,
purchase,Purchase · PO,PO Header/Lines,po_box,10,section_number,,
purchase,Purchase · PO,PO Header/Lines,po_box,10,box_number,,
purchase,Purchase · PO,PO Header/Lines,po_box,10,net_weight,,
purchase,Purchase · PO,PO Header/Lines,po_box,10,gross_weight,,
purchase,Purchase · PO,PO Header/Lines,po_box,10,lot_number,,
purchase,Purchase · PO,PO Header/Lines,po_box,10,count,,
purchase,Purchase · PO,PO Header/Lines,po_box,10,created_at,,
purchase,Purchase · PO,PO Header/Lines,po_header,38,transaction_no,PK,
purchase,Purchase · PO,PO Header/Lines,po_header,38,entity,,
purchase,Purchase · PO,PO Header/Lines,po_header,38,po_date,,
purchase,Purchase · PO,PO Header/Lines,po_header,38,voucher_type,,
purchase,Purchase · PO,PO Header/Lines,po_header,38,po_number,,
purchase,Purchase · PO,PO Header/Lines,po_header,38,order_reference_no,,
purchase,Purchase · PO,PO Header/Lines,po_header,38,narration,,
purchase,Purchase · PO,PO Header/Lines,po_header,38,vendor_supplier_name,,
purchase,Purchase · PO,PO Header/Lines,po_header,38,gross_total,,
purchase,Purchase · PO,PO Header/Lines,po_header,38,total_amount,,
purchase,Purchase · PO,PO Header/Lines,po_header,38,sgst_amount,,
purchase,Purchase · PO,PO Header/Lines,po_header,38,cgst_amount,,
purchase,Purchase · PO,PO Header/Lines,po_header,38,igst_amount,,
purchase,Purchase · PO,PO Header/Lines,po_header,38,round_off,,
purchase,Purchase · PO,PO Header/Lines,po_header,38,freight_transport_local,,
purchase,Purchase · PO,PO Header/Lines,po_header,38,apmc_tax,,
purchase,Purchase · PO,PO Header/Lines,po_header,38,packing_charges,,
purchase,Purchase · PO,PO Header/Lines,po_header,38,freight_transport_charges,,
purchase,Purchase · PO,PO Header/Lines,po_header,38,loading_unloading_charges,,
purchase,Purchase · PO,PO Header/Lines,po_header,38,other_charges_non_gst,,
purchase,Purchase · PO,PO Header/Lines,po_header,38,customer_party_name,,
purchase,Purchase · PO,PO Header/Lines,po_header,38,vehicle_number,,
purchase,Purchase · PO,PO Header/Lines,po_header,38,transporter_name,,
purchase,Purchase · PO,PO Header/Lines,po_header,38,lr_number,,
purchase,Purchase · PO,PO Header/Lines,po_header,38,source_location,,
purchase,Purchase · PO,PO Header/Lines,po_header,38,destination_location,,
purchase,Purchase · PO,PO Header/Lines,po_header,38,challan_number,,
purchase,Purchase · PO,PO Header/Lines,po_header,38,invoice_number,,
purchase,Purchase · PO,PO Header/Lines,po_header,38,grn_number,,
purchase,Purchase · PO,PO Header/Lines,po_header,38,system_grn_date,,
purchase,Purchase · PO,PO Header/Lines,po_header,38,purchased_by,,
purchase,Purchase · PO,PO Header/Lines,po_header,38,inward_authority,,
purchase,Purchase · PO,PO Header/Lines,po_header,38,warehouse,,
purchase,Purchase · PO,PO Header/Lines,po_header,38,status,,
purchase,Purchase · PO,PO Header/Lines,po_header,38,approved_by,,
purchase,Purchase · PO,PO Header/Lines,po_header,38,approved_at,,
purchase,Purchase · PO,PO Header/Lines,po_header,38,created_at,,
purchase,Purchase · PO,PO Header/Lines,po_header,38,deleted_at,,
purchase,Purchase · PO,PO Header/Lines,po_line,21,transaction_no,PK,po_header.transaction_no
purchase,Purchase · PO,PO Header/Lines,po_line,21,line_number,PK,
purchase,Purchase · PO,PO Header/Lines,po_line,21,sku_name,,
purchase,Purchase · PO,PO Header/Lines,po_line,21,uom,,
purchase,Purchase · PO,PO Header/Lines,po_line,21,pack_count,,
purchase,Purchase · PO,PO Header/Lines,po_line,21,po_weight,,
purchase,Purchase · PO,PO Header/Lines,po_line,21,rate,,
purchase,Purchase · PO,PO Header/Lines,po_line,21,amount,,
purchase,Purchase · PO,PO Header/Lines,po_line,21,particulars,,
purchase,Purchase · PO,PO Header/Lines,po_line,21,item_category,,
purchase,Purchase · PO,PO Header/Lines,po_line,21,sub_category,,
purchase,Purchase · PO,PO Header/Lines,po_line,21,item_type,,
purchase,Purchase · PO,PO Header/Lines,po_line,21,sales_group,,
purchase,Purchase · PO,PO Header/Lines,po_line,21,gst_rate,,
purchase,Purchase · PO,PO Header/Lines,po_line,21,match_score,,
purchase,Purchase · PO,PO Header/Lines,po_line,21,match_source,,
purchase,Purchase · PO,PO Header/Lines,po_line,21,carton_weight,,
purchase,Purchase · PO,PO Header/Lines,po_line,21,status,,
purchase,Purchase · PO,PO Header/Lines,po_line,21,created_at,,
purchase,Purchase · PO,PO Header/Lines,po_line,21,gr_tolerance_pct,,
purchase,Purchase · PO,PO Header/Lines,po_line,21,received_qty_kg,,
purchase,Purchase · PO,PO Header/Lines,po_section,8,transaction_no,PK,po_header.transaction_no
purchase,Purchase · PO,PO Header/Lines,po_section,8,line_number,PK,
purchase,Purchase · PO,PO Header/Lines,po_section,8,section_number,PK,
purchase,Purchase · PO,PO Header/Lines,po_section,8,lot_number,,
purchase,Purchase · PO,PO Header/Lines,po_section,8,box_count,,
purchase,Purchase · PO,PO Header/Lines,po_section,8,manufacturing_date,,
purchase,Purchase · PO,PO Header/Lines,po_section,8,expiry_date,,
purchase,Purchase · PO,PO Header/Lines,po_section,8,created_at,,
purchase,Purchase · PO,Events,po_event_log,9,event_id,PK,
purchase,Purchase · PO,Events,po_event_log,9,transaction_no,,
purchase,Purchase · PO,Events,po_event_log,9,entity,,
purchase,Purchase · PO,Events,po_event_log,9,event_type,,
purchase,Purchase · PO,Events,po_event_log,9,actor_user_id,,
purchase,Purchase · PO,Events,po_event_log,9,actor_role,,
purchase,Purchase · PO,Events,po_event_log,9,reason,,
purchase,Purchase · PO,Events,po_event_log,9,payload,,
purchase,Purchase · PO,Events,po_event_log,9,occurred_at,,
purchase,Purchase · PO,Purchase · other,purchase_indent,29,indent_id,PK,
purchase,Purchase · PO,Purchase · other,purchase_indent,29,indent_number,,
purchase,Purchase · PO,Purchase · other,purchase_indent,29,material_sku_name,,
purchase,Purchase · PO,Purchase · other,purchase_indent,29,required_qty_kg,,
purchase,Purchase · PO,Purchase · other,purchase_indent,29,required_by_date,,
purchase,Purchase · PO,Purchase · other,purchase_indent,29,priority,,
purchase,Purchase · PO,Purchase · other,purchase_indent,29,plan_line_id,FK,production_plan_line.plan_line_id
purchase,Purchase · PO,Purchase · other,purchase_indent,29,po_reference,,
purchase,Purchase · PO,Purchase · other,purchase_indent,29,status,,
purchase,Purchase · PO,Purchase · other,purchase_indent,29,acknowledged_by,,
purchase,Purchase · PO,Purchase · other,purchase_indent,29,acknowledged_at,,
purchase,Purchase · PO,Purchase · other,purchase_indent,29,entity,,
purchase,Purchase · PO,Purchase · other,purchase_indent,29,created_at,,
purchase,Purchase · PO,Purchase · other,purchase_indent,29,store_allocation_id,,
purchase,Purchase · PO,Purchase · other,purchase_indent,29,job_card_id,,
purchase,Purchase · PO,Purchase · other,purchase_indent,29,indent_source,,
purchase,Purchase · PO,Purchase · other,purchase_indent,29,customer_name,,
purchase,Purchase · PO,Purchase · other,purchase_indent,29,so_reference,,
purchase,Purchase · PO,Purchase · other,purchase_indent,29,triggered_by_batch,,
purchase,Purchase · PO,Purchase · other,purchase_indent,29,shortfall_qty_kg,,
purchase,Purchase · PO,Purchase · other,purchase_indent,29,cascade_from_indent_id,,
purchase,Purchase · PO,Purchase · other,purchase_indent,29,cascade_reason,,
purchase,Purchase · PO,Purchase · other,purchase_indent,29,cancelled_at,,
purchase,Purchase · PO,Purchase · other,purchase_indent,29,cancelled_reason,,
purchase,Purchase · PO,Purchase · other,purchase_indent,29,cascade_event_id,,
purchase,Purchase · PO,Purchase · other,purchase_indent,29,allocated_qty_kg,,
purchase,Purchase · PO,Purchase · other,purchase_indent,29,allocated_by,,
purchase,Purchase · PO,Purchase · other,purchase_indent,29,allocated_at,,
purchase,Purchase · PO,Purchase · other,purchase_indent,29,insufficient_reason,,
receipt,Inward · Receipt,Documents,coa_document,2,dock_intimation_id,,
receipt,Inward · Receipt,Documents,coa_document,2,replaces_coa_id,FK,coa_document.coa_id
receipt,Inward · Receipt,Documents,receipt_document,18,document_id,PK,
receipt,Inward · Receipt,Documents,receipt_document,18,document_type,,
receipt,Inward · Receipt,Documents,receipt_document,18,transaction_no,,
receipt,Inward · Receipt,Documents,receipt_document,18,po_number,,
receipt,Inward · Receipt,Documents,receipt_document,18,dock_intimation_id,,
receipt,Inward · Receipt,Documents,receipt_document,18,supplier_id,,
receipt,Inward · Receipt,Documents,receipt_document,18,entity,,
receipt,Inward · Receipt,Documents,receipt_document,18,s3_key,,
receipt,Inward · Receipt,Documents,receipt_document,18,file_name,,
receipt,Inward · Receipt,Documents,receipt_document,18,file_size_bytes,,
receipt,Inward · Receipt,Documents,receipt_document,18,mime_type,,
receipt,Inward · Receipt,Documents,receipt_document,18,scan_status,,
receipt,Inward · Receipt,Documents,receipt_document,18,remarks,,
receipt,Inward · Receipt,Documents,receipt_document,18,uploaded_by,,
receipt,Inward · Receipt,Documents,receipt_document,18,uploaded_at,,
receipt,Inward · Receipt,Documents,receipt_document,18,deleted_at,,
receipt,Inward · Receipt,Documents,receipt_document,18,deleted_by,,
receipt,Inward · Receipt,Documents,receipt_document,18,delete_reason,,
so,Outward · Sales Order,SO Header/Lines,so_gst_reconciliation,25,recon_id,PK,
so,Outward · Sales Order,SO Header/Lines,so_gst_reconciliation,25,so_line_id,FK,so_line.so_line_id
so,Outward · Sales Order,SO Header/Lines,so_gst_reconciliation,25,so_id,FK,so_header.so_id
so,Outward · Sales Order,SO Header/Lines,so_gst_reconciliation,25,expected_gst_rate,,
so,Outward · Sales Order,SO Header/Lines,so_gst_reconciliation,25,actual_gst_rate,,
so,Outward · Sales Order,SO Header/Lines,so_gst_reconciliation,25,expected_gst_amount,,
so,Outward · Sales Order,SO Header/Lines,so_gst_reconciliation,25,actual_gst_amount,,
so,Outward · Sales Order,SO Header/Lines,so_gst_reconciliation,25,gst_difference,,
so,Outward · Sales Order,SO Header/Lines,so_gst_reconciliation,25,gst_type,,
so,Outward · Sales Order,SO Header/Lines,so_gst_reconciliation,25,gst_type_valid,,
so,Outward · Sales Order,SO Header/Lines,so_gst_reconciliation,25,sgst_cgst_equal,,
so,Outward · Sales Order,SO Header/Lines,so_gst_reconciliation,25,total_with_gst_valid,,
so,Outward · Sales Order,SO Header/Lines,so_gst_reconciliation,25,uom_match,,
so,Outward · Sales Order,SO Header/Lines,so_gst_reconciliation,25,item_type_flag,,
so,Outward · Sales Order,SO Header/Lines,so_gst_reconciliation,25,rate_type,,
so,Outward · Sales Order,SO Header/Lines,so_gst_reconciliation,25,status,,
so,Outward · Sales Order,SO Header/Lines,so_gst_reconciliation,25,notes,,
so,Outward · Sales Order,SO Header/Lines,so_gst_reconciliation,25,created_at,,
so,Outward · Sales Order,SO Header/Lines,so_gst_reconciliation,25,matched_item_description,,
so,Outward · Sales Order,SO Header/Lines,so_gst_reconciliation,25,matched_item_type,,
so,Outward · Sales Order,SO Header/Lines,so_gst_reconciliation,25,matched_item_category,,
so,Outward · Sales Order,SO Header/Lines,so_gst_reconciliation,25,matched_sub_category,,
so,Outward · Sales Order,SO Header/Lines,so_gst_reconciliation,25,matched_sales_group,,
so,Outward · Sales Order,SO Header/Lines,so_gst_reconciliation,25,matched_uom,,
so,Outward · Sales Order,SO Header/Lines,so_gst_reconciliation,25,match_score,,
so,Outward · Sales Order,SO Header/Lines,so_header,9,so_id,PK,
so,Outward · Sales Order,SO Header/Lines,so_header,9,so_number,,
so,Outward · Sales Order,SO Header/Lines,so_header,9,so_date,,
so,Outward · Sales Order,SO Header/Lines,so_header,9,customer_name,,
so,Outward · Sales Order,SO Header/Lines,so_header,9,common_customer_name,,
so,Outward · Sales Order,SO Header/Lines,so_header,9,company,,
so,Outward · Sales Order,SO Header/Lines,so_header,9,voucher_type,,
so,Outward · Sales Order,SO Header/Lines,so_header,9,extraction_status,,
so,Outward · Sales Order,SO Header/Lines,so_header,9,created_at,,
so,Outward · Sales Order,SO Header/Lines,so_line,29,so_line_id,PK,
so,Outward · Sales Order,SO Header/Lines,so_line,29,so_id,FK,so_header.so_id
so,Outward · Sales Order,SO Header/Lines,so_line,29,line_number,,
so,Outward · Sales Order,SO Header/Lines,so_line,29,sku_name,,
so,Outward · Sales Order,SO Header/Lines,so_line,29,item_category,,
so,Outward · Sales Order,SO Header/Lines,so_line,29,sub_category,,
so,Outward · Sales Order,SO Header/Lines,so_line,29,uom,,
so,Outward · Sales Order,SO Header/Lines,so_line,29,grp_code,,
so,Outward · Sales Order,SO Header/Lines,so_line,29,quantity,,
so,Outward · Sales Order,SO Header/Lines,so_line,29,quantity_units,,
so,Outward · Sales Order,SO Header/Lines,so_line,29,rate_inr,,
so,Outward · Sales Order,SO Header/Lines,so_line,29,rate_type,,
so,Outward · Sales Order,SO Header/Lines,so_line,29,amount_inr,,
so,Outward · Sales Order,SO Header/Lines,so_line,29,igst_amount,,
so,Outward · Sales Order,SO Header/Lines,so_line,29,sgst_amount,,
so,Outward · Sales Order,SO Header/Lines,so_line,29,cgst_amount,,
so,Outward · Sales Order,SO Header/Lines,so_line,29,total_amount_inr,,
so,Outward · Sales Order,SO Header/Lines,so_line,29,apmc_amount,,
so,Outward · Sales Order,SO Header/Lines,so_line,29,packing_amount,,
so,Outward · Sales Order,SO Header/Lines,so_line,29,freight_amount,,
so,Outward · Sales Order,SO Header/Lines,so_line,29,processing_amount,,
so,Outward · Sales Order,SO Header/Lines,so_line,29,item_type,,
so,Outward · Sales Order,SO Header/Lines,so_line,29,item_description,,
so,Outward · Sales Order,SO Header/Lines,so_line,29,sales_group,,
so,Outward · Sales Order,SO Header/Lines,so_line,29,match_score,,
so,Outward · Sales Order,SO Header/Lines,so_line,29,match_source,,
so,Outward · Sales Order,SO Header/Lines,so_line,29,release_mode,,
so,Outward · Sales Order,SO Header/Lines,so_line,29,status,,
so,Outward · Sales Order,SO Header/Lines,so_line,29,created_at,,
so,Outward · Sales Order,Fulfillment,so_fulfillment,18,fulfillment_id,PK,
so,Outward · Sales Order,Fulfillment,so_fulfillment,18,so_line_id,,
so,Outward · Sales Order,Fulfillment,so_fulfillment,18,so_id,,
so,Outward · Sales Order,Fulfillment,so_fulfillment,18,financial_year,,
so,Outward · Sales Order,Fulfillment,so_fulfillment,18,fg_sku_name,,
so,Outward · Sales Order,Fulfillment,so_fulfillment,18,customer_name,,
so,Outward · Sales Order,Fulfillment,so_fulfillment,18,original_qty_kg,,
so,Outward · Sales Order,Fulfillment,so_fulfillment,18,revised_qty_kg,,
so,Outward · Sales Order,Fulfillment,so_fulfillment,18,pending_qty_kg,,
so,Outward · Sales Order,Fulfillment,so_fulfillment,18,produced_qty_kg,,
so,Outward · Sales Order,Fulfillment,so_fulfillment,18,dispatched_qty_kg,,
so,Outward · Sales Order,Fulfillment,so_fulfillment,18,order_status,,
so,Outward · Sales Order,Fulfillment,so_fulfillment,18,delivery_deadline,,
so,Outward · Sales Order,Fulfillment,so_fulfillment,18,priority,,
so,Outward · Sales Order,Fulfillment,so_fulfillment,18,carryforward_from_id,FK,so_fulfillment.fulfillment_id
so,Outward · Sales Order,Fulfillment,so_fulfillment,18,entity,,
so,Outward · Sales Order,Fulfillment,so_fulfillment,18,created_at,,
so,Outward · Sales Order,Fulfillment,so_fulfillment,18,updated_at,,
so,Outward · Sales Order,Fulfillment,so_fulfillment_v2,23,so_fulfillment_id,PK,
so,Outward · Sales Order,Fulfillment,so_fulfillment_v2,23,so_line_id,,
so,Outward · Sales Order,Fulfillment,so_fulfillment_v2,23,financial_year,,
so,Outward · Sales Order,Fulfillment,so_fulfillment_v2,23,fg_sku_name,,
so,Outward · Sales Order,Fulfillment,so_fulfillment_v2,23,customer_name,,
so,Outward · Sales Order,Fulfillment,so_fulfillment_v2,23,entity,,
so,Outward · Sales Order,Fulfillment,so_fulfillment_v2,23,original_qty_kg,,
so,Outward · Sales Order,Fulfillment,so_fulfillment_v2,23,produced_qty_kg,,
so,Outward · Sales Order,Fulfillment,so_fulfillment_v2,23,dispatched_qty_kg,,
so,Outward · Sales Order,Fulfillment,so_fulfillment_v2,23,pending_qty_kg,,
so,Outward · Sales Order,Fulfillment,so_fulfillment_v2,23,original_qty_units,,
so,Outward · Sales Order,Fulfillment,so_fulfillment_v2,23,produced_qty_units,,
so,Outward · Sales Order,Fulfillment,so_fulfillment_v2,23,dispatched_qty_units,,
so,Outward · Sales Order,Fulfillment,so_fulfillment_v2,23,pending_qty_units,,
so,Outward · Sales Order,Fulfillment,so_fulfillment_v2,23,priority,,
so,Outward · Sales Order,Fulfillment,so_fulfillment_v2,23,deadline_date,,
so,Outward · Sales Order,Fulfillment,so_fulfillment_v2,23,order_status,,
so,Outward · Sales Order,Fulfillment,so_fulfillment_v2,23,created_at,,
so,Outward · Sales Order,Fulfillment,so_fulfillment_v2,23,updated_at,,
so,Outward · Sales Order,Fulfillment,so_fulfillment_v2,23,carryforward_from_id,,
so,Outward · Sales Order,Fulfillment,so_fulfillment_v2,23,cancelled_by,,
so,Outward · Sales Order,Fulfillment,so_fulfillment_v2,23,planned_qty_kg,,
so,Outward · Sales Order,Fulfillment,so_fulfillment_v2,23,planned_qty_units,,
so,Outward · Sales Order,Outward · other,so_revision_log,8,revision_id,PK,
so,Outward · Sales Order,Outward · other,so_revision_log,8,fulfillment_id,FK,so_fulfillment.fulfillment_id
so,Outward · Sales Order,Outward · other,so_revision_log,8,revision_type,,
so,Outward · Sales Order,Outward · other,so_revision_log,8,old_value,,
so,Outward · Sales Order,Outward · other,so_revision_log,8,new_value,,
so,Outward · Sales Order,Outward · other,so_revision_log,8,reason,,
so,Outward · Sales Order,Outward · other,so_revision_log,8,revised_by,,
so,Outward · Sales Order,Outward · other,so_revision_log,8,revised_at,,
so,Outward · Sales Order,Outward · other,so_revision_log_v2,8,revision_id,PK,
so,Outward · Sales Order,Outward · other,so_revision_log_v2,8,so_fulfillment_id,FK,so_fulfillment_v2.so_fulfillment_id
so,Outward · Sales Order,Outward · other,so_revision_log_v2,8,revision_type,,
so,Outward · Sales Order,Outward · other,so_revision_log_v2,8,old_value,,
so,Outward · Sales Order,Outward · other,so_revision_log_v2,8,new_value,,
so,Outward · Sales Order,Outward · other,so_revision_log_v2,8,reason,,
so,Outward · Sales Order,Outward · other,so_revision_log_v2,8,revised_by,,
so,Outward · Sales Order,Outward · other,so_revision_log_v2,8,revised_at,,
transfer,Transfers,Request,transfer_request_lines,5,id,PK,
transfer,Transfers,Request,transfer_request_lines,5,request_id,FK,
transfer,Transfers,Request,transfer_request_lines,5,item_category,,
transfer,Transfers,Request,transfer_request_lines,5,qty,,
transfer,Transfers,Request,transfer_request_lines,5,net_weight,,
transfer,Transfers,Request,transfer_requests,6,id,PK,
transfer,Transfers,Request,transfer_requests,6,request_no,,
transfer,Transfers,Request,transfer_requests,6,from_site,FK,
transfer,Transfers,Request,transfer_requests,6,to_site,FK,
transfer,Transfers,Request,transfer_requests,6,status,,
transfer,Transfers,Request,transfer_requests,6,reason_code,,
transfer,Transfers,Transfer-out,interunit_transfers_header,6,id,PK,
transfer,Transfers,Transfer-out,interunit_transfers_header,6,challan_no,,
transfer,Transfers,Transfer-out,interunit_transfers_header,6,from_site,FK,
transfer,Transfers,Transfer-out,interunit_transfers_header,6,to_site,FK,
transfer,Transfers,Transfer-out,interunit_transfers_header,6,request_id,FK,
transfer,Transfers,Transfer-out,interunit_transfers_header,6,status,,
transfer,Transfers,Transfer-out,interunit_transfers_lines,4,id,PK,
transfer,Transfers,Transfer-out,interunit_transfers_lines,4,header_id,FK,
transfer,Transfers,Transfer-out,interunit_transfers_lines,4,item_category,,
transfer,Transfers,Transfer-out,interunit_transfers_lines,4,qty,,
transfer,Transfers,Transfer-in,interunit_transfer_in_boxes,5,id,PK,
transfer,Transfers,Transfer-in,interunit_transfer_in_boxes,5,header_id,FK,
transfer,Transfers,Transfer-in,interunit_transfer_in_boxes,5,box_id,,
transfer,Transfers,Transfer-in,interunit_transfer_in_boxes,5,is_matched,,
transfer,Transfers,Transfer-in,interunit_transfer_in_boxes,5,lot_number,,
transfer,Transfers,Transfer-in,interunit_transfer_in_header,5,id,PK,
transfer,Transfers,Transfer-in,interunit_transfer_in_header,5,transfer_out_id,FK,
transfer,Transfers,Transfer-in,interunit_transfer_in_header,5,grn_number,,
transfer,Transfers,Transfer-in,interunit_transfer_in_header,5,receiving_warehouse,,
transfer,Transfers,Transfer-in,interunit_transfer_in_header,5,status,,
transfer,Transfers,Pending / Sites,pending_transfer_stock,5,id,PK,
transfer,Transfers,Pending / Sites,pending_transfer_stock,5,transfer_out_id,FK,
transfer,Transfers,Pending / Sites,pending_transfer_stock,5,box_id,,
transfer,Transfers,Pending / Sites,pending_transfer_stock,5,status,,
transfer,Transfers,Pending / Sites,pending_transfer_stock,5,destination_table,,
transfer,Transfers,Pending / Sites,warehouse_sites,3,site_code,PK,
transfer,Transfers,Pending / Sites,warehouse_sites,3,site_name,,
transfer,Transfers,Pending / Sites,warehouse_sites,3,active,,
transfer,Transfers,Transfers · other,interunit_transfer_boxes,5,id,PK,
transfer,Transfers,Transfers · other,interunit_transfer_boxes,5,header_id,FK,
transfer,Transfers,Transfers · other,interunit_transfer_boxes,5,box_id,,
transfer,Transfers,Transfers · other,interunit_transfer_boxes,5,lot_number,,
transfer,Transfers,Transfers · other,interunit_transfer_boxes,5,net_weight,,
qc,Quality Control,Intimation,qc_intimation,16,qc_intimation_id,PK,
qc,Quality Control,Intimation,qc_intimation,16,po_number,,
qc,Quality Control,Intimation,qc_intimation,16,transaction_no,,
qc,Quality Control,Intimation,qc_intimation,16,sku_id,,
qc,Quality Control,Intimation,qc_intimation,16,sku_name,,
qc,Quality Control,Intimation,qc_intimation,16,sku_name_raw,,
qc,Quality Control,Intimation,qc_intimation,16,supplier_id,,
qc,Quality Control,Intimation,qc_intimation,16,supplier_name,,
qc,Quality Control,Intimation,qc_intimation,16,lot_number,,
qc,Quality Control,Intimation,qc_intimation,16,vehicle_no,,
qc,Quality Control,Intimation,qc_intimation,16,warehouse,,
qc,Quality Control,Intimation,qc_intimation,16,entity,,
qc,Quality Control,Intimation,qc_intimation,16,status,,
qc,Quality Control,Intimation,qc_intimation,16,coa_received,,
qc,Quality Control,Intimation,qc_intimation,16,created_at,,
qc,Quality Control,Intimation,qc_intimation,16,invoice_no,,
qc,Quality Control,Inspection,qc_inward_inspection,39,inspection_id,PK,
qc,Quality Control,Inspection,qc_inward_inspection,39,inspection_ref,,
qc,Quality Control,Inspection,qc_inward_inspection,39,qc_intimation_id,FK,qc_intimation.qc_intimation_id
qc,Quality Control,Inspection,qc_inward_inspection,39,status,,
qc,Quality Control,Inspection,qc_inward_inspection,39,verdict,,
qc,Quality Control,Inspection,qc_inward_inspection,39,sample_size,,
qc,Quality Control,Inspection,qc_inward_inspection,39,inspection_method,,
qc,Quality Control,Inspection,qc_inward_inspection,39,inspector_user_id,,
qc,Quality Control,Inspection,qc_inward_inspection,39,started_at,,
qc,Quality Control,Inspection,qc_inward_inspection,39,started_by,,
qc,Quality Control,Inspection,qc_inward_inspection,39,started_by_name,,
qc,Quality Control,Inspection,qc_inward_inspection,39,verdict_at,,
qc,Quality Control,Inspection,qc_inward_inspection,39,accepted_qty,,
qc,Quality Control,Inspection,qc_inward_inspection,39,rejected_qty,,
qc,Quality Control,Inspection,qc_inward_inspection,39,ncr_no,,
qc,Quality Control,Inspection,qc_inward_inspection,39,cancelled_at,,
qc,Quality Control,Inspection,qc_inward_inspection,39,cancelled_by,,
qc,Quality Control,Inspection,qc_inward_inspection,39,cancelled_by_name,,
qc,Quality Control,Inspection,qc_inward_inspection,39,cancel_reason,,
qc,Quality Control,Inspection,qc_inward_inspection,39,reopened_at,,
qc,Quality Control,Inspection,qc_inward_inspection,39,reopen_reason,,
qc,Quality Control,Inspection,qc_inward_inspection,39,verdict_overridden_by,,
qc,Quality Control,Inspection,qc_inward_inspection,39,verdict_overridden_by_name,,
qc,Quality Control,Inspection,qc_inward_inspection,39,override_reason,,
qc,Quality Control,Inspection,qc_inward_inspection,39,remarks,,
qc,Quality Control,Inspection,qc_inward_inspection,39,po_number,,
qc,Quality Control,Inspection,qc_inward_inspection,39,transaction_no,,
qc,Quality Control,Inspection,qc_inward_inspection,39,sku_id,,
qc,Quality Control,Inspection,qc_inward_inspection,39,sku_name,,
qc,Quality Control,Inspection,qc_inward_inspection,39,sku_name_raw,,
qc,Quality Control,Inspection,qc_inward_inspection,39,supplier_id,,
qc,Quality Control,Inspection,qc_inward_inspection,39,supplier_name,,
qc,Quality Control,Inspection,qc_inward_inspection,39,lot_number,,
qc,Quality Control,Inspection,qc_inward_inspection,39,vehicle_no,,
qc,Quality Control,Inspection,qc_inward_inspection,39,warehouse,,
qc,Quality Control,Inspection,qc_inward_inspection,39,created_at,,
qc,Quality Control,Inspection,qc_inward_inspection,39,approved_by,,
qc,Quality Control,Inspection,qc_inward_inspection,39,approved_by_name,,
qc,Quality Control,Inspection,qc_inward_inspection,39,approved_at,,
qc,Quality Control,Inspection,qc_inward_inspection_audit,8,audit_id,PK,
qc,Quality Control,Inspection,qc_inward_inspection_audit,8,inspection_id,FK,qc_inward_inspection.inspection_id
qc,Quality Control,Inspection,qc_inward_inspection_audit,8,event_type,,
qc,Quality Control,Inspection,qc_inward_inspection_audit,8,from_state,,
qc,Quality Control,Inspection,qc_inward_inspection_audit,8,to_state,,
qc,Quality Control,Inspection,qc_inward_inspection_audit,8,actor_user_id,,
qc,Quality Control,Inspection,qc_inward_inspection_audit,8,payload_diff,,
qc,Quality Control,Inspection,qc_inward_inspection_audit,8,occurred_at,,
qc,Quality Control,Inspection,qc_inward_reading,17,reading_id,PK,
qc,Quality Control,Inspection,qc_inward_reading,17,inspection_id,FK,qc_inward_inspection.inspection_id
qc,Quality Control,Inspection,qc_inward_reading,17,parameter_id,,
qc,Quality Control,Inspection,qc_inward_reading,17,parameter_name,,
qc,Quality Control,Inspection,qc_inward_reading,17,parameter_unit,,
qc,Quality Control,Inspection,qc_inward_reading,17,observed_value_num,,
qc,Quality Control,Inspection,qc_inward_reading,17,observed_value_text,,
qc,Quality Control,Inspection,qc_inward_reading,17,spec_min,,
qc,Quality Control,Inspection,qc_inward_reading,17,spec_max,,
qc,Quality Control,Inspection,qc_inward_reading,17,spec_target,,
qc,Quality Control,Inspection,qc_inward_reading,17,is_within_spec,,
qc,Quality Control,Inspection,qc_inward_reading,17,severity,,
qc,Quality Control,Inspection,qc_inward_reading,17,deviation_pct,,
qc,Quality Control,Inspection,qc_inward_reading,17,method,,
qc,Quality Control,Inspection,qc_inward_reading,17,instrument,,
qc,Quality Control,Inspection,qc_inward_reading,17,notes,,
qc,Quality Control,Inspection,qc_inward_reading,17,recorded_at,,
qc,Quality Control,Spec / Param,qc_parameter,10,parameter_id,PK,
qc,Quality Control,Spec / Param,qc_parameter,10,name,,
qc,Quality Control,Spec / Param,qc_parameter,10,unit,,
qc,Quality Control,Spec / Param,qc_parameter,10,code,,
qc,Quality Control,Spec / Param,qc_parameter,10,param_group,,
qc,Quality Control,Spec / Param,qc_parameter,10,data_type,,
qc,Quality Control,Spec / Param,qc_parameter,10,value_kind,,
qc,Quality Control,Spec / Param,qc_parameter,10,spec_note,,
qc,Quality Control,Spec / Param,qc_parameter,10,is_active,,
qc,Quality Control,Spec / Param,qc_parameter,10,sort_order,,
qc,Quality Control,Spec / Param,qc_sku_spec,5,sku_id,PK,
qc,Quality Control,Spec / Param,qc_sku_spec,5,parameter_id,PK,qc_parameter.parameter_id
qc,Quality Control,Spec / Param,qc_sku_spec,5,spec_min,,
qc,Quality Control,Spec / Param,qc_sku_spec,5,spec_max,,
qc,Quality Control,Spec / Param,qc_sku_spec,5,spec_target,,
qc,Quality Control,Quality Control · other,qc_inspection,15,id,PK,
qc,Quality Control,Quality Control · other,qc_inspection,15,inspection_id,,
qc,Quality Control,Quality Control · other,qc_inspection,15,job_card_id,,
qc,Quality Control,Quality Control · other,qc_inspection,15,jc_number,,
qc,Quality Control,Quality Control · other,qc_inspection,15,fg_sku_name,,
qc,Quality Control,Quality Control · other,qc_inspection,15,customer_name,,
qc,Quality Control,Quality Control · other,qc_inspection,15,floor,,
qc,Quality Control,Quality Control · other,qc_inspection,15,process_step,,
qc,Quality Control,Quality Control · other,qc_inspection,15,inspector_user,,
qc,Quality Control,Quality Control · other,qc_inspection,15,inspection_date,,
qc,Quality Control,Quality Control · other,qc_inspection,15,result,,
qc,Quality Control,Quality Control · other,qc_inspection,15,findings,,
qc,Quality Control,Quality Control · other,qc_inspection,15,corrective_action,,
qc,Quality Control,Quality Control · other,qc_inspection,15,signed_off_at,,
qc,Quality Control,Quality Control · other,qc_inspection,15,created_at,,
qc,Quality Control,Quality Control · other,qc_notification_log_v2,9,notification_id,PK,
qc,Quality Control,Quality Control · other,qc_notification_log_v2,9,job_card_id,FK,job_card_v2.job_card_id
qc,Quality Control,Quality Control · other,qc_notification_log_v2,9,recipient_user_id,FK,auth_user.user_id
qc,Quality Control,Quality Control · other,qc_notification_log_v2,9,dispatched_by,FK,auth_user.user_id
qc,Quality Control,Quality Control · other,qc_notification_log_v2,9,channel,,
qc,Quality Control,Quality Control · other,qc_notification_log_v2,9,note,,
qc,Quality Control,Quality Control · other,qc_notification_log_v2,9,delivery_status,,
qc,Quality Control,Quality Control · other,qc_notification_log_v2,9,delivery_meta,,
qc,Quality Control,Quality Control · other,qc_notification_log_v2,9,dispatched_at,,
ncr,NCR · Non-Conformance,NCR record,ncr_record,64,ncr_no,PK,
ncr,NCR · Non-Conformance,NCR record,ncr_record,64,status,,
ncr,NCR · Non-Conformance,NCR record,ncr_record,64,severity,,
ncr,NCR · Non-Conformance,NCR record,ncr_record,64,raised_via,,
ncr,NCR · Non-Conformance,NCR record,ncr_record,64,inspection_id,,
ncr,NCR · Non-Conformance,NCR record,ncr_record,64,transaction_no,,
ncr,NCR · Non-Conformance,NCR record,ncr_record,64,line_number,,
ncr,NCR · Non-Conformance,NCR record,ncr_record,64,sku_id,,
ncr,NCR · Non-Conformance,NCR record,ncr_record,64,sku_name,,
ncr,NCR · Non-Conformance,NCR record,ncr_record,64,supplier_id,,
ncr,NCR · Non-Conformance,NCR record,ncr_record,64,supplier_name,,
ncr,NCR · Non-Conformance,NCR record,ncr_record,64,lot_number,,
ncr,NCR · Non-Conformance,NCR record,ncr_record,64,rejected_qty,,
ncr,NCR · Non-Conformance,NCR record,ncr_record,64,summary,,
ncr,NCR · Non-Conformance,NCR record,ncr_record,64,documented_date,,
ncr,NCR · Non-Conformance,NCR record,ncr_record,64,disposition,,
ncr,NCR · Non-Conformance,NCR record,ncr_record,64,disposition_qty,,
ncr,NCR · Non-Conformance,NCR record,ncr_record,64,financial_impact,,
ncr,NCR · Non-Conformance,NCR record,ncr_record,64,rationale,,
ncr,NCR · Non-Conformance,NCR record,ncr_record,64,rtv_vehicle_no,,
ncr,NCR · Non-Conformance,NCR record,ncr_record,64,rtv_lr_no,,
ncr,NCR · Non-Conformance,NCR record,ncr_record,64,concurrence_user_id,,
ncr,NCR · Non-Conformance,NCR record,ncr_record,64,disposition_at,,
ncr,NCR · Non-Conformance,NCR record,ncr_record,64,disposition_by,,
ncr,NCR · Non-Conformance,NCR record,ncr_record,64,raised_at,,
ncr,NCR · Non-Conformance,NCR record,ncr_record,64,raised_by,,
ncr,NCR · Non-Conformance,NCR record,ncr_record,64,requires_dual_approval,,
ncr,NCR · Non-Conformance,NCR record,ncr_record,64,dual_approval_by,,
ncr,NCR · Non-Conformance,NCR record,ncr_record,64,dual_approval_at,,
ncr,NCR · Non-Conformance,NCR record,ncr_record,64,cancel_reason,,
ncr,NCR · Non-Conformance,NCR record,ncr_record,64,cancelled_at,,
ncr,NCR · Non-Conformance,NCR record,ncr_record,64,cancelled_by,,
ncr,NCR · Non-Conformance,NCR record,ncr_record,64,reopen_reason,,
ncr,NCR · Non-Conformance,NCR record,ncr_record,64,reopened_at,,
ncr,NCR · Non-Conformance,NCR record,ncr_record,64,reopened_by,,
ncr,NCR · Non-Conformance,NCR record,ncr_record,64,closed_at,,
ncr,NCR · Non-Conformance,NCR record,ncr_record,64,closure_tat_days,,
ncr,NCR · Non-Conformance,NCR record,ncr_record,64,ncr_id,PK,
ncr,NCR · Non-Conformance,NCR record,ncr_record,64,other_party,,
ncr,NCR · Non-Conformance,NCR record,ncr_record,64,detected_by,,
ncr,NCR · Non-Conformance,NCR record,ncr_record,64,invoice_challan_ref,,
ncr,NCR · Non-Conformance,NCR record,ncr_record,64,batch_no,,
ncr,NCR · Non-Conformance,NCR record,ncr_record,64,product_description,,
ncr,NCR · Non-Conformance,NCR record,ncr_record,64,rc_no,,
ncr,NCR · Non-Conformance,NCR record,ncr_record,64,quantity,,
ncr,NCR · Non-Conformance,NCR record,ncr_record,64,reason_nonconformity,,
ncr,NCR · Non-Conformance,NCR record,ncr_record,64,food_safety_flag,,
ncr,NCR · Non-Conformance,NCR record,ncr_record,64,documented_by,,
ncr,NCR · Non-Conformance,NCR record,ncr_record,64,financial_action,,
ncr,NCR · Non-Conformance,NCR record,ncr_record,64,supplier_action_type,,
ncr,NCR · Non-Conformance,NCR record,ncr_record,64,target_completion_date,,
ncr,NCR · Non-Conformance,NCR record,ncr_record,64,authorized_person,,
ncr,NCR · Non-Conformance,NCR record,ncr_record,64,authorized_date,,
ncr,NCR · Non-Conformance,NCR record,ncr_record,64,received_by,,
ncr,NCR · Non-Conformance,NCR record,ncr_record,64,received_date,,
ncr,NCR · Non-Conformance,NCR record,ncr_record,64,created_by,,
ncr,NCR · Non-Conformance,NCR record,ncr_record,64,approved_by,,
ncr,NCR · Non-Conformance,NCR record,ncr_record,64,ncr_category,,
ncr,NCR · Non-Conformance,NCR record,ncr_record,64,severity_rollup,,
ncr,NCR · Non-Conformance,NCR record,ncr_record,64,financial_impact_inr,,
ncr,NCR · Non-Conformance,NCR record,ncr_record,64,failed_parameters,,
ncr,NCR · Non-Conformance,NCR record,ncr_record,64,supplier_actions,,
ncr,NCR · Non-Conformance,NCR record,ncr_record,64,created_at,,
ncr,NCR · Non-Conformance,NCR record,ncr_record,64,entity,,
ncr,NCR · Non-Conformance,CAPA / Details,ncr_event_log,7,event_id,PK,
ncr,NCR · Non-Conformance,CAPA / Details,ncr_event_log,7,event_type,,
ncr,NCR · Non-Conformance,CAPA / Details,ncr_event_log,7,entity_type,,
ncr,NCR · Non-Conformance,CAPA / Details,ncr_event_log,7,entity_id,,
ncr,NCR · Non-Conformance,CAPA / Details,ncr_event_log,7,occurred_at,,
ncr,NCR · Non-Conformance,CAPA / Details,ncr_event_log,7,occurred_by,,
ncr,NCR · Non-Conformance,CAPA / Details,ncr_event_log,7,payload,,
ncr,NCR · Non-Conformance,CAPA / Details,ncr_parameter_detail,12,detail_id,PK,
ncr,NCR · Non-Conformance,CAPA / Details,ncr_parameter_detail,12,ncr_no,FK,ncr_record.ncr_no
ncr,NCR · Non-Conformance,CAPA / Details,ncr_parameter_detail,12,parameter_id,,
ncr,NCR · Non-Conformance,CAPA / Details,ncr_parameter_detail,12,parameter_name,,
ncr,NCR · Non-Conformance,CAPA / Details,ncr_parameter_detail,12,observed_value_text,,
ncr,NCR · Non-Conformance,CAPA / Details,ncr_parameter_detail,12,observed_value_num,,
ncr,NCR · Non-Conformance,CAPA / Details,ncr_parameter_detail,12,spec_min,,
ncr,NCR · Non-Conformance,CAPA / Details,ncr_parameter_detail,12,spec_max,,
ncr,NCR · Non-Conformance,CAPA / Details,ncr_parameter_detail,12,deviation_pct,,
ncr,NCR · Non-Conformance,CAPA / Details,ncr_parameter_detail,12,severity,,
ncr,NCR · Non-Conformance,CAPA / Details,ncr_parameter_detail,12,notes,,
ncr,NCR · Non-Conformance,CAPA / Details,ncr_parameter_detail,12,created_at,,
ncr,NCR · Non-Conformance,CAPA / Details,ncr_supplier_action,17,action_id,PK,
ncr,NCR · Non-Conformance,CAPA / Details,ncr_supplier_action,17,ncr_no,FK,ncr_record.ncr_no
ncr,NCR · Non-Conformance,CAPA / Details,ncr_supplier_action,17,round_no,,
ncr,NCR · Non-Conformance,CAPA / Details,ncr_supplier_action,17,root_cause,,
ncr,NCR · Non-Conformance,CAPA / Details,ncr_supplier_action,17,corrective_action,,
ncr,NCR · Non-Conformance,CAPA / Details,ncr_supplier_action,17,preventive_action,,
ncr,NCR · Non-Conformance,CAPA / Details,ncr_supplier_action,17,target_date,,
ncr,NCR · Non-Conformance,CAPA / Details,ncr_supplier_action,17,responsible_person,,
ncr,NCR · Non-Conformance,CAPA / Details,ncr_supplier_action,17,evidence_s3_keys,,
ncr,NCR · Non-Conformance,CAPA / Details,ncr_supplier_action,17,submitted_at,,
ncr,NCR · Non-Conformance,CAPA / Details,ncr_supplier_action,17,submitted_by,,
ncr,NCR · Non-Conformance,CAPA / Details,ncr_supplier_action,17,submitted_via,,
ncr,NCR · Non-Conformance,CAPA / Details,ncr_supplier_action,17,verified_at,,
ncr,NCR · Non-Conformance,CAPA / Details,ncr_supplier_action,17,verified_by,,
ncr,NCR · Non-Conformance,CAPA / Details,ncr_supplier_action,17,is_effective,,
ncr,NCR · Non-Conformance,CAPA / Details,ncr_supplier_action,17,verification_notes,,
ncr,NCR · Non-Conformance,CAPA / Details,ncr_supplier_action,17,verification_evidence_s3_keys,,
sample,Sample · NPD,Requisition,sample_approvals,10,id,PK,
sample,Sample · NPD,Requisition,sample_approvals,10,requisition_id,FK,sample_requisitions.id
sample,Sample · NPD,Requisition,sample_approvals,10,approval_stage,,
sample,Sample · NPD,Requisition,sample_approvals,10,approver_user_id,FK,auth_user.user_id
sample,Sample · NPD,Requisition,sample_approvals,10,role_at_action,,
sample,Sample · NPD,Requisition,sample_approvals,10,action,,
sample,Sample · NPD,Requisition,sample_approvals,10,remarks,,
sample,Sample · NPD,Requisition,sample_approvals,10,sequence_no,,
sample,Sample · NPD,Requisition,sample_approvals,10,actioned_at,,
sample,Sample · NPD,Requisition,sample_approvals,10,created_at,,
sample,Sample · NPD,Requisition,sample_requisition_articles,11,id,PK,
sample,Sample · NPD,Requisition,sample_requisition_articles,11,requisition_id,FK,sample_requisitions.id
sample,Sample · NPD,Requisition,sample_requisition_articles,11,sku_id,FK,all_sku.sku_id
sample,Sample · NPD,Requisition,sample_requisition_articles,11,sku_name,,
sample,Sample · NPD,Requisition,sample_requisition_articles,11,required_qty,,
sample,Sample · NPD,Requisition,sample_requisition_articles,11,issued_qty,,
sample,Sample · NPD,Requisition,sample_requisition_articles,11,uom,,
sample,Sample · NPD,Requisition,sample_requisition_articles,11,article_role,,
sample,Sample · NPD,Requisition,sample_requisition_articles,11,pack_size_kg,,
sample,Sample · NPD,Requisition,sample_requisition_articles,11,notes,,
sample,Sample · NPD,Requisition,sample_requisition_articles,11,created_at,,
sample,Sample · NPD,Requisition,sample_requisitions,35,id,PK,
sample,Sample · NPD,Requisition,sample_requisitions,35,requisition_number,,
sample,Sample · NPD,Requisition,sample_requisitions,35,sample_type,,
sample,Sample · NPD,Requisition,sample_requisitions,35,status,,
sample,Sample · NPD,Requisition,sample_requisitions,35,requestor_user_id,FK,auth_user.user_id
sample,Sample · NPD,Requisition,sample_requisitions,35,requestor_team,,
sample,Sample · NPD,Requisition,sample_requisitions,35,business_head_user_id,FK,auth_user.user_id
sample,Sample · NPD,Requisition,sample_requisitions,35,purpose_tag,,
sample,Sample · NPD,Requisition,sample_requisitions,35,purpose_note,,
sample,Sample · NPD,Requisition,sample_requisitions,35,base_bom_id,FK,bom_header.bom_id
sample,Sample · NPD,Requisition,sample_requisitions,35,npd_draft_bom_id,,
sample,Sample · NPD,Requisition,sample_requisitions,35,linked_job_card_id,,
sample,Sample · NPD,Requisition,sample_requisitions,35,linked_gate_pass_id,,
sample,Sample · NPD,Requisition,sample_requisitions,35,converted_from_id,FK,sample_requisitions.id
sample,Sample · NPD,Requisition,sample_requisitions,35,internal_override,,
sample,Sample · NPD,Requisition,sample_requisitions,35,converted_to_external,,
sample,Sample · NPD,Requisition,sample_requisitions,35,entity,,
sample,Sample · NPD,Requisition,sample_requisitions,35,cancellation_reason,,
sample,Sample · NPD,Requisition,sample_requisitions,35,created_at,,
sample,Sample · NPD,Requisition,sample_requisitions,35,updated_at,,
sample,Sample · NPD,Requisition,sample_requisitions,35,created_by,FK,auth_user.user_id
sample,Sample · NPD,Requisition,sample_requisitions,35,updated_by,FK,auth_user.user_id
sample,Sample · NPD,Requisition,sample_requisitions,35,deleted_at,,
sample,Sample · NPD,Requisition,sample_requisitions,35,deleted_by,FK,auth_user.user_id
sample,Sample · NPD,Requisition,sample_requisitions,35,transporter_name,,
sample,Sample · NPD,Requisition,sample_requisitions,35,fg_sample_batch_id,,
sample,Sample · NPD,Requisition,sample_requisitions,35,npd_target_name,,
sample,Sample · NPD,Requisition,sample_requisitions,35,request_id,,
sample,Sample · NPD,Requisition,sample_requisitions,35,quantity,,
sample,Sample · NPD,Requisition,sample_requisitions,35,linked_dev_jc_id,,
sample,Sample · NPD,Requisition,sample_requisitions,35,description,,
sample,Sample · NPD,Requisition,sample_requisitions,35,hold_start_date,,
sample,Sample · NPD,Requisition,sample_requisitions,35,company_name,,
sample,Sample · NPD,Requisition,sample_requisitions,35,pcs,,
sample,Sample · NPD,Requisition,sample_requisitions,35,email_thread_msgid,,
sample,Sample · NPD,NPD BOM,npd_draft_bom_lines,12,id,PK,
sample,Sample · NPD,NPD BOM,npd_draft_bom_lines,12,draft_bom_id,FK,npd_draft_boms.id
sample,Sample · NPD,NPD BOM,npd_draft_bom_lines,12,sku_id,FK,all_sku.sku_id
sample,Sample · NPD,NPD BOM,npd_draft_bom_lines,12,sku_name,,
sample,Sample · NPD,NPD BOM,npd_draft_bom_lines,12,qty,,
sample,Sample · NPD,NPD BOM,npd_draft_bom_lines,12,uom,,
sample,Sample · NPD,NPD BOM,npd_draft_bom_lines,12,item_type,,
sample,Sample · NPD,NPD BOM,npd_draft_bom_lines,12,delta_type,,
sample,Sample · NPD,NPD BOM,npd_draft_bom_lines,12,original_qty,,
sample,Sample · NPD,NPD BOM,npd_draft_bom_lines,12,line_order,,
sample,Sample · NPD,NPD BOM,npd_draft_bom_lines,12,notes,,
sample,Sample · NPD,NPD BOM,npd_draft_bom_lines,12,ownership,,
sample,Sample · NPD,NPD BOM,npd_draft_boms,13,id,PK,
sample,Sample · NPD,NPD BOM,npd_draft_boms,13,requisition_id,FK,sample_requisitions.id
sample,Sample · NPD,NPD BOM,npd_draft_boms,13,base_bom_id,FK,bom_header.bom_id
sample,Sample · NPD,NPD BOM,npd_draft_boms,13,fg_sku_id,FK,all_sku.sku_id
sample,Sample · NPD,NPD BOM,npd_draft_boms,13,fg_sku_name,,
sample,Sample · NPD,NPD BOM,npd_draft_boms,13,description,,
sample,Sample · NPD,NPD BOM,npd_draft_boms,13,status,,
sample,Sample · NPD,NPD BOM,npd_draft_boms,13,promoted_bom_id,FK,bom_header.bom_id
sample,Sample · NPD,NPD BOM,npd_draft_boms,13,promoted_at,,
sample,Sample · NPD,NPD BOM,npd_draft_boms,13,promoted_by,FK,auth_user.user_id
sample,Sample · NPD,NPD BOM,npd_draft_boms,13,promotion_approval_id,FK,sample_approvals.id
sample,Sample · NPD,NPD BOM,npd_draft_boms,13,created_by,FK,auth_user.user_id
sample,Sample · NPD,NPD BOM,npd_draft_boms,13,created_at,,
sample,Sample · NPD,Dev JC,npd_dev_job_card_lines,11,id,PK,
sample,Sample · NPD,Dev JC,npd_dev_job_card_lines,11,dev_jc_id,FK,npd_dev_job_cards.id
sample,Sample · NPD,Dev JC,npd_dev_job_card_lines,11,sku_id,FK,all_sku.sku_id
sample,Sample · NPD,Dev JC,npd_dev_job_card_lines,11,sku_name,,
sample,Sample · NPD,Dev JC,npd_dev_job_card_lines,11,qty,,
sample,Sample · NPD,Dev JC,npd_dev_job_card_lines,11,uom,,
sample,Sample · NPD,Dev JC,npd_dev_job_card_lines,11,item_type,,
sample,Sample · NPD,Dev JC,npd_dev_job_card_lines,11,line_order,,
sample,Sample · NPD,Dev JC,npd_dev_job_card_lines,11,notes,,
sample,Sample · NPD,Dev JC,npd_dev_job_card_lines,11,ownership,,
sample,Sample · NPD,Dev JC,npd_dev_job_card_lines,11,phase_id,,
sample,Sample · NPD,Dev JC,npd_dev_job_card_phases,12,phase_id,PK,
sample,Sample · NPD,Dev JC,npd_dev_job_card_phases,12,dev_jc_id,FK,npd_dev_job_cards.id
sample,Sample · NPD,Dev JC,npd_dev_job_card_phases,12,phase_number,,
sample,Sample · NPD,Dev JC,npd_dev_job_card_phases,12,name,,
sample,Sample · NPD,Dev JC,npd_dev_job_card_phases,12,status,,
sample,Sample · NPD,Dev JC,npd_dev_job_card_phases,12,started_at,,
sample,Sample · NPD,Dev JC,npd_dev_job_card_phases,12,started_by,FK,auth_user.user_id
sample,Sample · NPD,Dev JC,npd_dev_job_card_phases,12,completed_at,,
sample,Sample · NPD,Dev JC,npd_dev_job_card_phases,12,completed_by,FK,auth_user.user_id
sample,Sample · NPD,Dev JC,npd_dev_job_card_phases,12,notes,,
sample,Sample · NPD,Dev JC,npd_dev_job_card_phases,12,created_at,,
sample,Sample · NPD,Dev JC,npd_dev_job_card_phases,12,output_qty,,
sample,Sample · NPD,Dev JC,npd_dev_job_cards,32,id,PK,
sample,Sample · NPD,Dev JC,npd_dev_job_cards,32,dev_jc_number,,
sample,Sample · NPD,Dev JC,npd_dev_job_cards,32,title,,
sample,Sample · NPD,Dev JC,npd_dev_job_cards,32,description,,
sample,Sample · NPD,Dev JC,npd_dev_job_cards,32,warehouse,,
sample,Sample · NPD,Dev JC,npd_dev_job_cards,32,base_bom_id,FK,bom_header.bom_id
sample,Sample · NPD,Dev JC,npd_dev_job_cards,32,fg_sku_id,FK,all_sku.sku_id
sample,Sample · NPD,Dev JC,npd_dev_job_cards,32,fg_sku_name,,
sample,Sample · NPD,Dev JC,npd_dev_job_cards,32,target_qty,,
sample,Sample · NPD,Dev JC,npd_dev_job_cards,32,uom,,
sample,Sample · NPD,Dev JC,npd_dev_job_cards,32,status,,
sample,Sample · NPD,Dev JC,npd_dev_job_cards,32,output_qty,,
sample,Sample · NPD,Dev JC,npd_dev_job_cards,32,output_uom,,
sample,Sample · NPD,Dev JC,npd_dev_job_cards,32,yield_pct,,
sample,Sample · NPD,Dev JC,npd_dev_job_cards,32,output_notes,,
sample,Sample · NPD,Dev JC,npd_dev_job_cards,32,promoted_bom_id,FK,bom_header.bom_id
sample,Sample · NPD,Dev JC,npd_dev_job_cards,32,cancellation_reason,,
sample,Sample · NPD,Dev JC,npd_dev_job_cards,32,created_by,FK,auth_user.user_id
sample,Sample · NPD,Dev JC,npd_dev_job_cards,32,created_at,,
sample,Sample · NPD,Dev JC,npd_dev_job_cards,32,started_by,FK,auth_user.user_id
sample,Sample · NPD,Dev JC,npd_dev_job_cards,32,started_at,,
sample,Sample · NPD,Dev JC,npd_dev_job_cards,32,closed_by,FK,auth_user.user_id
sample,Sample · NPD,Dev JC,npd_dev_job_cards,32,closed_at,,
sample,Sample · NPD,Dev JC,npd_dev_job_cards,32,updated_at,,
sample,Sample · NPD,Dev JC,npd_dev_job_cards,32,fg_sample_batch_id,,
sample,Sample · NPD,Dev JC,npd_dev_job_cards,32,dispatched_at,,
sample,Sample · NPD,Dev JC,npd_dev_job_cards,32,rm_consumed_qty,,
sample,Sample · NPD,Dev JC,npd_dev_job_cards,32,wastage_qty,,
sample,Sample · NPD,Dev JC,npd_dev_job_cards,32,extra_give_away_qty,,
sample,Sample · NPD,Dev JC,npd_dev_job_cards,32,source_requisition_id,,
sample,Sample · NPD,Dev JC,npd_dev_job_cards,32,company_name,,
sample,Sample · NPD,Dev JC,npd_dev_job_cards,32,pcs,,
sample,Sample · NPD,Dev JC,npd_dev_promote_approval,7,id,PK,
sample,Sample · NPD,Dev JC,npd_dev_promote_approval,7,promote_request_id,FK,npd_dev_promote_request.id
sample,Sample · NPD,Dev JC,npd_dev_promote_approval,7,approver_kind,,
sample,Sample · NPD,Dev JC,npd_dev_promote_approval,7,approver_user_id,FK,auth_user.user_id
sample,Sample · NPD,Dev JC,npd_dev_promote_approval,7,status,,
sample,Sample · NPD,Dev JC,npd_dev_promote_approval,7,remarks,,
sample,Sample · NPD,Dev JC,npd_dev_promote_approval,7,decided_at,,
sample,Sample · NPD,Dev JC,npd_dev_promote_request,8,id,PK,
sample,Sample · NPD,Dev JC,npd_dev_promote_request,8,dev_jc_id,FK,npd_dev_job_cards.id
sample,Sample · NPD,Dev JC,npd_dev_promote_request,8,promote_phase_id,,
sample,Sample · NPD,Dev JC,npd_dev_promote_request,8,close_payload,,
sample,Sample · NPD,Dev JC,npd_dev_promote_request,8,status,,
sample,Sample · NPD,Dev JC,npd_dev_promote_request,8,created_by,FK,auth_user.user_id
sample,Sample · NPD,Dev JC,npd_dev_promote_request,8,created_at,,
sample,Sample · NPD,Dev JC,npd_dev_promote_request,8,decided_at,,
sample,Sample · NPD,Gate Pass,gate_pass_sample_details,9,gate_pass_id,PK,gate_passes.id
sample,Sample · NPD,Gate Pass,gate_pass_sample_details,9,requisition_id,FK,sample_requisitions.id
sample,Sample · NPD,Gate Pass,gate_pass_sample_details,9,original_requisition_id,FK,sample_requisitions.id
sample,Sample · NPD,Gate Pass,gate_pass_sample_details,9,sample_type,,
sample,Sample · NPD,Gate Pass,gate_pass_sample_details,9,purpose_tag,,
sample,Sample · NPD,Gate Pass,gate_pass_sample_details,9,purpose_note,,
sample,Sample · NPD,Gate Pass,gate_pass_sample_details,9,converted_from_internal,,
sample,Sample · NPD,Gate Pass,gate_pass_sample_details,9,conversion_qty,,
sample,Sample · NPD,Gate Pass,gate_pass_sample_details,9,created_at,,
sample,Sample · NPD,Gate Pass,gate_passes,26,id,PK,
sample,Sample · NPD,Gate Pass,gate_passes,26,gate_pass_number,,
sample,Sample · NPD,Gate Pass,gate_passes,26,gate_pass_type,,
sample,Sample · NPD,Gate Pass,gate_passes,26,source_ref_type,,
sample,Sample · NPD,Gate Pass,gate_passes,26,source_ref_id,,
sample,Sample · NPD,Gate Pass,gate_passes,26,material_document_id,FK,material_document.id
sample,Sample · NPD,Gate Pass,gate_passes,26,from_location,,
sample,Sample · NPD,Gate Pass,gate_passes,26,to_location,,
sample,Sample · NPD,Gate Pass,gate_passes,26,recipient_name,,
sample,Sample · NPD,Gate Pass,gate_passes,26,recipient_contact,,
sample,Sample · NPD,Gate Pass,gate_passes,26,vehicle_carrier,,
sample,Sample · NPD,Gate Pass,gate_passes,26,driver_name,,
sample,Sample · NPD,Gate Pass,gate_passes,26,issued_by,FK,auth_user.user_id
sample,Sample · NPD,Gate Pass,gate_passes,26,issued_at,,
sample,Sample · NPD,Gate Pass,gate_passes,26,approver1_user_id,FK,auth_user.user_id
sample,Sample · NPD,Gate Pass,gate_passes,26,approver1_at,,
sample,Sample · NPD,Gate Pass,gate_passes,26,approver2_user_id,FK,auth_user.user_id
sample,Sample · NPD,Gate Pass,gate_passes,26,approver2_at,,
sample,Sample · NPD,Gate Pass,gate_passes,26,print_count,,
sample,Sample · NPD,Gate Pass,gate_passes,26,last_printed_at,,
sample,Sample · NPD,Gate Pass,gate_passes,26,voided,,
sample,Sample · NPD,Gate Pass,gate_passes,26,voided_at,,
sample,Sample · NPD,Gate Pass,gate_passes,26,voided_by,FK,auth_user.user_id
sample,Sample · NPD,Gate Pass,gate_passes,26,void_reason,,
sample,Sample · NPD,Gate Pass,gate_passes,26,entity,,
sample,Sample · NPD,Gate Pass,gate_passes,26,created_at,,
sample,Sample · NPD,RM Issue,rm_issue_form,20,id,PK,
sample,Sample · NPD,RM Issue,rm_issue_form,20,form_number,,
sample,Sample · NPD,RM Issue,rm_issue_form,20,trial_name,,
sample,Sample · NPD,RM Issue,rm_issue_form,20,product_name,,
sample,Sample · NPD,RM Issue,rm_issue_form,20,customer_name,,
sample,Sample · NPD,RM Issue,rm_issue_form,20,purpose_tag,,
sample,Sample · NPD,RM Issue,rm_issue_form,20,source_type,,
sample,Sample · NPD,RM Issue,rm_issue_form,20,source_id,,
sample,Sample · NPD,RM Issue,rm_issue_form,20,requisition_id,FK,sample_requisitions.id
sample,Sample · NPD,RM Issue,rm_issue_form,20,entity,,
sample,Sample · NPD,RM Issue,rm_issue_form,20,status,,
sample,Sample · NPD,RM Issue,rm_issue_form,20,requested_by,FK,auth_user.user_id
sample,Sample · NPD,RM Issue,rm_issue_form,20,requested_at,,
sample,Sample · NPD,RM Issue,rm_issue_form,20,issued_by,FK,auth_user.user_id
sample,Sample · NPD,RM Issue,rm_issue_form,20,issued_at,,
sample,Sample · NPD,RM Issue,rm_issue_form,20,issue_mat_doc_id,,
sample,Sample · NPD,RM Issue,rm_issue_form,20,cancellation_reason,,
sample,Sample · NPD,RM Issue,rm_issue_form,20,notes,,
sample,Sample · NPD,RM Issue,rm_issue_form,20,created_at,,
sample,Sample · NPD,RM Issue,rm_issue_form,20,updated_at,,
sample,Sample · NPD,RM Issue,rm_issue_form_lines,14,id,PK,
sample,Sample · NPD,RM Issue,rm_issue_form_lines,14,form_id,FK,rm_issue_form.id
sample,Sample · NPD,RM Issue,rm_issue_form_lines,14,sku_id,FK,all_sku.sku_id
sample,Sample · NPD,RM Issue,rm_issue_form_lines,14,sku_name,,
sample,Sample · NPD,RM Issue,rm_issue_form_lines,14,location,,
sample,Sample · NPD,RM Issue,rm_issue_form_lines,14,lot_no,,
sample,Sample · NPD,RM Issue,rm_issue_form_lines,14,reqd_qty,,
sample,Sample · NPD,RM Issue,rm_issue_form_lines,14,issued_qty,,
sample,Sample · NPD,RM Issue,rm_issue_form_lines,14,uom,,
sample,Sample · NPD,RM Issue,rm_issue_form_lines,14,ownership,,
sample,Sample · NPD,RM Issue,rm_issue_form_lines,14,is_off_master,,
sample,Sample · NPD,RM Issue,rm_issue_form_lines,14,unit_cost,,
sample,Sample · NPD,RM Issue,rm_issue_form_lines,14,notes,,
sample,Sample · NPD,RM Issue,rm_issue_form_lines,14,line_order,,
sample,Sample · NPD,Sample · other,npd_authorized_users,6,id,PK,
sample,Sample · NPD,Sample · other,npd_authorized_users,6,user_id,FK,auth_user.user_id
sample,Sample · NPD,Sample · other,npd_authorized_users,6,capability,,
sample,Sample · NPD,Sample · other,npd_authorized_users,6,active,,
sample,Sample · NPD,Sample · other,npd_authorized_users,6,granted_by,FK,auth_user.user_id
sample,Sample · NPD,Sample · other,npd_authorized_users,6,granted_at,,
sample,Sample · NPD,Sample · other,sample_approval_role_map,7,id,PK,
sample,Sample · NPD,Sample · other,sample_approval_role_map,7,approval_stage,,
sample,Sample · NPD,Sample · other,sample_approval_role_map,7,sample_type,,
sample,Sample · NPD,Sample · other,sample_approval_role_map,7,entity,,
sample,Sample · NPD,Sample · other,sample_approval_role_map,7,required_role,FK,auth_role.role_name
sample,Sample · NPD,Sample · other,sample_approval_role_map,7,is_active,,
sample,Sample · NPD,Sample · other,sample_approval_role_map,7,created_at,,
sample,Sample · NPD,Sample · other,sample_audit_log,9,id,PK,
sample,Sample · NPD,Sample · other,sample_audit_log,9,requisition_id,FK,sample_requisitions.id
sample,Sample · NPD,Sample · other,sample_audit_log,9,event_type,,
sample,Sample · NPD,Sample · other,sample_audit_log,9,old_value,,
sample,Sample · NPD,Sample · other,sample_audit_log,9,new_value,,
sample,Sample · NPD,Sample · other,sample_audit_log,9,actor_user_id,FK,auth_user.user_id
sample,Sample · NPD,Sample · other,sample_audit_log,9,actor_role,,
sample,Sample · NPD,Sample · other,sample_audit_log,9,remarks,,
sample,Sample · NPD,Sample · other,sample_audit_log,9,created_at,,
sample,Sample · NPD,Sample · other,sample_config,5,config_key,PK,
sample,Sample · NPD,Sample · other,sample_config,5,config_value,,
sample,Sample · NPD,Sample · other,sample_config,5,description,,
sample,Sample · NPD,Sample · other,sample_config,5,updated_at,,
sample,Sample · NPD,Sample · other,sample_config,5,updated_by,FK,auth_user.user_id
sample,Sample · NPD,Sample · other,sample_consumption_variance,11,id,PK,
sample,Sample · NPD,Sample · other,sample_consumption_variance,11,source_type,,
sample,Sample · NPD,Sample · other,sample_consumption_variance,11,source_id,,
sample,Sample · NPD,Sample · other,sample_consumption_variance,11,material_sku_name,,
sample,Sample · NPD,Sample · other,sample_consumption_variance,11,required_qty,,
sample,Sample · NPD,Sample · other,sample_consumption_variance,11,issued_qty,,
sample,Sample · NPD,Sample · other,sample_consumption_variance,11,variance_qty,,
sample,Sample · NPD,Sample · other,sample_consumption_variance,11,uom,,
sample,Sample · NPD,Sample · other,sample_consumption_variance,11,unit_cost,,
sample,Sample · NPD,Sample · other,sample_consumption_variance,11,variance_cost,,
sample,Sample · NPD,Sample · other,sample_consumption_variance,11,recorded_at,,
sample,Sample · NPD,Sample · other,sample_notification_map,9,id,PK,
sample,Sample · NPD,Sample · other,sample_notification_map,9,event,,
sample,Sample · NPD,Sample · other,sample_notification_map,9,sample_type,,
sample,Sample · NPD,Sample · other,sample_notification_map,9,notify_teams,,
sample,Sample · NPD,Sample · other,sample_notification_map,9,mail_template,,
sample,Sample · NPD,Sample · other,sample_notification_map,9,mail_enabled,,
sample,Sample · NPD,Sample · other,sample_notification_map,9,requires_maker_checker,,
sample,Sample · NPD,Sample · other,sample_notification_map,9,is_active,,
sample,Sample · NPD,Sample · other,sample_notification_map,9,created_at,,
vendor,Vendor Master,History,vendor_banking_history,11,history_id,PK,
vendor,Vendor Master,History,vendor_banking_history,11,bank_id,,
vendor,Vendor Master,History,vendor_banking_history,11,vendor_id,,
vendor,Vendor Master,History,vendor_banking_history,11,operation,,
vendor,Vendor Master,History,vendor_banking_history,11,changed_by,,
vendor,Vendor Master,History,vendor_banking_history,11,changed_at,,
vendor,Vendor Master,History,vendor_banking_history,11,previous_state,,
vendor,Vendor Master,History,vendor_banking_history,11,new_state,,
vendor,Vendor Master,History,vendor_banking_history,11,diff,,
vendor,Vendor Master,History,vendor_banking_history,11,source,,
vendor,Vendor Master,History,vendor_banking_history,11,reason,,
vendor,Vendor Master,History,vendor_contract_history,11,history_id,PK,
vendor,Vendor Master,History,vendor_contract_history,11,contract_id,,
vendor,Vendor Master,History,vendor_contract_history,11,vendor_id,,
vendor,Vendor Master,History,vendor_contract_history,11,operation,,
vendor,Vendor Master,History,vendor_contract_history,11,changed_by,,
vendor,Vendor Master,History,vendor_contract_history,11,changed_at,,
vendor,Vendor Master,History,vendor_contract_history,11,previous_state,,
vendor,Vendor Master,History,vendor_contract_history,11,new_state,,
vendor,Vendor Master,History,vendor_contract_history,11,diff,,
vendor,Vendor Master,History,vendor_contract_history,11,source,,
vendor,Vendor Master,History,vendor_contract_history,11,reason,,
vendor,Vendor Master,History,vendor_document_history,11,history_id,PK,
vendor,Vendor Master,History,vendor_document_history,11,doc_id,,
vendor,Vendor Master,History,vendor_document_history,11,vendor_id,,
vendor,Vendor Master,History,vendor_document_history,11,operation,,
vendor,Vendor Master,History,vendor_document_history,11,changed_by,,
vendor,Vendor Master,History,vendor_document_history,11,changed_at,,
vendor,Vendor Master,History,vendor_document_history,11,previous_state,,
vendor,Vendor Master,History,vendor_document_history,11,new_state,,
vendor,Vendor Master,History,vendor_document_history,11,diff,,
vendor,Vendor Master,History,vendor_document_history,11,source,,
vendor,Vendor Master,History,vendor_document_history,11,reason,,
vendor,Vendor Master,History,vendor_master_history,10,history_id,PK,
vendor,Vendor Master,History,vendor_master_history,10,vendor_id,FK,vendor_master.vendor_id
vendor,Vendor Master,History,vendor_master_history,10,operation,,
vendor,Vendor Master,History,vendor_master_history,10,changed_by,,
vendor,Vendor Master,History,vendor_master_history,10,changed_at,,
vendor,Vendor Master,History,vendor_master_history,10,previous_state,,
vendor,Vendor Master,History,vendor_master_history,10,new_state,,
vendor,Vendor Master,History,vendor_master_history,10,diff,,
vendor,Vendor Master,History,vendor_master_history,10,source,,
vendor,Vendor Master,History,vendor_master_history,10,reason,,
vendor,Vendor Master,Staging,vendor_extraction_staging,8,staging_id,PK,
vendor,Vendor Master,Staging,vendor_extraction_staging,8,created_by,,
vendor,Vendor Master,Staging,vendor_extraction_staging,8,created_at,,
vendor,Vendor Master,Staging,vendor_extraction_staging,8,payload,,
vendor,Vendor Master,Staging,vendor_extraction_staging,8,s3_staging_prefix,,
vendor,Vendor Master,Staging,vendor_extraction_staging,8,expires_at,,
vendor,Vendor Master,Staging,vendor_extraction_staging,8,consumed_at,,
vendor,Vendor Master,Staging,vendor_extraction_staging,8,consumed_vendor_id,FK,vendor_master.vendor_id
vendor,Vendor Master,Vendor,vendor_banking,4,bank_id,PK,
vendor,Vendor Master,Vendor,vendor_banking,4,vendor_id,FK,
vendor,Vendor Master,Vendor,vendor_banking,4,account_no,,
vendor,Vendor Master,Vendor,vendor_banking,4,is_primary,,
vendor,Vendor Master,Vendor,vendor_contract,3,contract_id,PK,
vendor,Vendor Master,Vendor,vendor_contract,3,vendor_id,FK,
vendor,Vendor Master,Vendor,vendor_contract,3,contract_type,,
vendor,Vendor Master,Vendor,vendor_document,4,doc_id,PK,
vendor,Vendor Master,Vendor,vendor_document,4,vendor_id,FK,
vendor,Vendor Master,Vendor,vendor_document,4,doc_type,,
vendor,Vendor Master,Vendor,vendor_document,4,valid_to,,
vendor,Vendor Master,Vendor,vendor_master,5,vendor_id,PK,
vendor,Vendor Master,Vendor,vendor_master,5,supplier_code,,
vendor,Vendor Master,Vendor,vendor_master,5,name,,
vendor,Vendor Master,Vendor,vendor_master,5,status,,
vendor,Vendor Master,Vendor,vendor_master,5,created_by,,
auth,Auth · Access,Sessions,auth_session,9,session_id,PK,
auth,Auth · Access,Sessions,auth_session,9,user_id,FK,auth_user.user_id
auth,Auth · Access,Sessions,auth_session,9,token,,
auth,Auth · Access,Sessions,auth_session,9,ip_address,,
auth,Auth · Access,Sessions,auth_session,9,user_agent,,
auth,Auth · Access,Sessions,auth_session,9,created_at,,
auth,Auth · Access,Sessions,auth_session,9,expires_at,,
auth,Auth · Access,Sessions,auth_session,9,last_activity_at,,
auth,Auth · Access,Sessions,auth_session,9,is_active,,
auth,Auth · Access,Identity / Roles,auth_password_reset_otp,5,user_id,PK,auth_user.user_id
auth,Auth · Access,Identity / Roles,auth_password_reset_otp,5,otp_hash,,
auth,Auth · Access,Identity / Roles,auth_password_reset_otp,5,expires_at,,
auth,Auth · Access,Identity / Roles,auth_password_reset_otp,5,created_at,,
auth,Auth · Access,Identity / Roles,auth_password_reset_otp,5,last_phone,,
auth,Auth · Access,Identity / Roles,auth_permission,6,permission_id,PK,
auth,Auth · Access,Identity / Roles,auth_permission,6,module,,
auth,Auth · Access,Identity / Roles,auth_permission,6,sub_module,,
auth,Auth · Access,Identity / Roles,auth_permission,6,sub_sub_module,,
auth,Auth · Access,Identity / Roles,auth_permission,6,action,,
auth,Auth · Access,Identity / Roles,auth_permission,6,description,,
auth,Auth · Access,Identity / Roles,auth_refresh_token,12,jti,PK,
auth,Auth · Access,Identity / Roles,auth_refresh_token,12,user_id,FK,auth_user.user_id
auth,Auth · Access,Identity / Roles,auth_refresh_token,12,parent_jti,,
auth,Auth · Access,Identity / Roles,auth_refresh_token,12,chain_root,,
auth,Auth · Access,Identity / Roles,auth_refresh_token,12,issued_at,,
auth,Auth · Access,Identity / Roles,auth_refresh_token,12,expires_at,,
auth,Auth · Access,Identity / Roles,auth_refresh_token,12,rotated_at,,
auth,Auth · Access,Identity / Roles,auth_refresh_token,12,revoked_at,,
auth,Auth · Access,Identity / Roles,auth_refresh_token,12,revoke_reason,,
auth,Auth · Access,Identity / Roles,auth_refresh_token,12,ip,,
auth,Auth · Access,Identity / Roles,auth_refresh_token,12,user_agent,,
auth,Auth · Access,Identity / Roles,auth_refresh_token,12,device_info,,
auth,Auth · Access,Identity / Roles,auth_role,5,role_id,PK,
auth,Auth · Access,Identity / Roles,auth_role,5,role_name,,
auth,Auth · Access,Identity / Roles,auth_role,5,description,,
auth,Auth · Access,Identity / Roles,auth_role,5,is_admin,,
auth,Auth · Access,Identity / Roles,auth_role,5,created_at,,
auth,Auth · Access,Identity / Roles,auth_role_permission,5,role_id,PK,auth_role.role_id
auth,Auth · Access,Identity / Roles,auth_role_permission,5,permission_id,PK,auth_permission.permission_id
auth,Auth · Access,Identity / Roles,auth_role_permission,5,allowed_entities,,
auth,Auth · Access,Identity / Roles,auth_role_permission,5,allowed_warehouses,,
auth,Auth · Access,Identity / Roles,auth_role_permission,5,allowed_floors,,
auth,Auth · Access,Identity / Roles,auth_user,14,user_id,PK,
auth,Auth · Access,Identity / Roles,auth_user,14,phone,,
auth,Auth · Access,Identity / Roles,auth_user,14,password_encrypted,,
auth,Auth · Access,Identity / Roles,auth_user,14,full_name,,
auth,Auth · Access,Identity / Roles,auth_user,14,email,,
auth,Auth · Access,Identity / Roles,auth_user,14,role_id,FK,auth_role.role_id
auth,Auth · Access,Identity / Roles,auth_user,14,entity,,
auth,Auth · Access,Identity / Roles,auth_user,14,allowed_warehouses,,
auth,Auth · Access,Identity / Roles,auth_user,14,is_active,,
auth,Auth · Access,Identity / Roles,auth_user,14,created_at,,
auth,Auth · Access,Identity / Roles,auth_user,14,last_login_at,,
auth,Auth · Access,Identity / Roles,auth_user,14,status,,
auth,Auth · Access,Identity / Roles,auth_user,14,allowed_floors,,
auth,Auth · Access,Identity / Roles,auth_user,14,allowed_entities,,
shared,Shared · Masters,Catalog,all_sku,11,sku_id,PK,
shared,Shared · Masters,Catalog,all_sku,11,particulars,,
shared,Shared · Masters,Catalog,all_sku,11,item_type,,
shared,Shared · Masters,Catalog,all_sku,11,item_group,,
shared,Shared · Masters,Catalog,all_sku,11,sub_group,,
shared,Shared · Masters,Catalog,all_sku,11,uom,,
shared,Shared · Masters,Catalog,all_sku,11,sale_group,,
shared,Shared · Masters,Catalog,all_sku,11,gst,,
shared,Shared · Masters,Catalog,all_sku,11,created_at,,
shared,Shared · Masters,Catalog,all_sku,11,batch_strategy,,
shared,Shared · Masters,Catalog,all_sku,11,min_shelf_life_days,,
shared,Shared · Masters,Audit / Log,log_edit,11,log_id,PK,
shared,Shared · Masters,Audit / Log,log_edit,11,table_name,,
shared,Shared · Masters,Audit / Log,log_edit,11,record_id,,
shared,Shared · Masters,Audit / Log,log_edit,11,field_name,,
shared,Shared · Masters,Audit / Log,log_edit,11,action,,
shared,Shared · Masters,Audit / Log,log_edit,11,old_value,,
shared,Shared · Masters,Audit / Log,log_edit,11,new_value,,
shared,Shared · Masters,Audit / Log,log_edit,11,changed_by,,
shared,Shared · Masters,Audit / Log,log_edit,11,changed_at,,
shared,Shared · Masters,Audit / Log,log_edit,11,request_id,,
shared,Shared · Masters,Audit / Log,log_edit,11,module,,
shared,Shared · Masters,Analytics,ai_recommendation,13,recommendation_id,PK,
shared,Shared · Masters,Analytics,ai_recommendation,13,recommendation_type,,
shared,Shared · Masters,Analytics,ai_recommendation,13,entity,,
shared,Shared · Masters,Analytics,ai_recommendation,13,prompt_text,,
shared,Shared · Masters,Analytics,ai_recommendation,13,response_text,,
shared,Shared · Masters,Analytics,ai_recommendation,13,response_json,,
shared,Shared · Masters,Analytics,ai_recommendation,13,tokens_used,,
shared,Shared · Masters,Analytics,ai_recommendation,13,latency_ms,,
shared,Shared · Masters,Analytics,ai_recommendation,13,model_used,,
shared,Shared · Masters,Analytics,ai_recommendation,13,status,,
shared,Shared · Masters,Analytics,ai_recommendation,13,feedback,,
shared,Shared · Masters,Analytics,ai_recommendation,13,plan_id,FK,production_plan.plan_id
shared,Shared · Masters,Analytics,ai_recommendation,13,created_at,,
shared,Shared · Masters,Webhooks,webhook_delivery,12,id,PK,
shared,Shared · Masters,Webhooks,webhook_delivery,12,endpoint_id,FK,webhook_endpoint.id
shared,Shared · Masters,Webhooks,webhook_delivery,12,event_type,,
shared,Shared · Masters,Webhooks,webhook_delivery,12,event_id,,
shared,Shared · Masters,Webhooks,webhook_delivery,12,payload,,
shared,Shared · Masters,Webhooks,webhook_delivery,12,status,,
shared,Shared · Masters,Webhooks,webhook_delivery,12,attempts,,
shared,Shared · Masters,Webhooks,webhook_delivery,12,last_attempt_at,,
shared,Shared · Masters,Webhooks,webhook_delivery,12,response_code,,
shared,Shared · Masters,Webhooks,webhook_delivery,12,response_body,,
shared,Shared · Masters,Webhooks,webhook_delivery,12,created_at,,
shared,Shared · Masters,Webhooks,webhook_delivery,12,target_roles,,
shared,Shared · Masters,Webhooks,webhook_endpoint,9,id,PK,
shared,Shared · Masters,Webhooks,webhook_endpoint,9,entity,,
shared,Shared · Masters,Webhooks,webhook_endpoint,9,url,,
shared,Shared · Masters,Webhooks,webhook_endpoint,9,secret,,
shared,Shared · Masters,Webhooks,webhook_endpoint,9,description,,
shared,Shared · Masters,Webhooks,webhook_endpoint,9,is_active,,
shared,Shared · Masters,Webhooks,webhook_endpoint,9,created_by,,
shared,Shared · Masters,Webhooks,webhook_endpoint,9,created_at,,
shared,Shared · Masters,Webhooks,webhook_endpoint,9,updated_at,,
shared,Shared · Masters,Webhooks,webhook_subscription,6,id,PK,
shared,Shared · Masters,Webhooks,webhook_subscription,6,endpoint_id,FK,webhook_endpoint.id
shared,Shared · Masters,Webhooks,webhook_subscription,6,event_type,,
shared,Shared · Masters,Webhooks,webhook_subscription,6,filter_jsonb,,
shared,Shared · Masters,Webhooks,webhook_subscription,6,is_active,,
shared,Shared · Masters,Webhooks,webhook_subscription,6,created_at,,
shared,Shared · Masters,Shared · other,batch_block_history,8,id,PK,
shared,Shared · Masters,Shared · other,batch_block_history,8,batch_id,,
shared,Shared · Masters,Shared · other,batch_block_history,8,action,,
shared,Shared · Masters,Shared · other,batch_block_history,8,so_id,,
shared,Shared · Masters,Shared · other,batch_block_history,8,blocked_by,,
shared,Shared · Masters,Shared · other,batch_block_history,8,override_by,,
shared,Shared · Masters,Shared · other,batch_block_history,8,override_note,,
shared,Shared · Masters,Shared · other,batch_block_history,8,created_at,,
shared,Shared · Masters,Shared · other,batch_rejection_log,9,log_id,PK,
shared,Shared · Masters,Shared · other,batch_rejection_log,9,batch_id,,
shared,Shared · Masters,Shared · other,batch_rejection_log,9,rejected_by,,
shared,Shared · Masters,Shared · other,batch_rejection_log,9,rejected_at,,
shared,Shared · Masters,Shared · other,batch_rejection_log,9,reason_code,,
shared,Shared · Masters,Shared · other,batch_rejection_log,9,reason_text,,
shared,Shared · Masters,Shared · other,batch_rejection_log,9,job_card_id,,
shared,Shared · Masters,Shared · other,batch_rejection_log,9,so_id,,
shared,Shared · Masters,Shared · other,batch_rejection_log,9,entity,,
shared,Shared · Masters,Shared · other,cascade_events,8,event_id,PK,
shared,Shared · Masters,Shared · other,cascade_events,8,batch_id,,
shared,Shared · Masters,Shared · other,cascade_events,8,old_so_id,,
shared,Shared · Masters,Shared · other,cascade_events,8,new_so_id,,
shared,Shared · Masters,Shared · other,cascade_events,8,old_indent_id,,
shared,Shared · Masters,Shared · other,cascade_events,8,new_indent_id,,
shared,Shared · Masters,Shared · other,cascade_events,8,executed_by,,
shared,Shared · Masters,Shared · other,cascade_events,8,executed_at,,
shared,Shared · Masters,Shared · other,fifo_skip_log,9,id,PK,
shared,Shared · Masters,Shared · other,fifo_skip_log,9,batch_id,,
shared,Shared · Masters,Shared · other,fifo_skip_log,9,job_card_id,,
shared,Shared · Masters,Shared · other,fifo_skip_log,9,reason,,
shared,Shared · Masters,Shared · other,fifo_skip_log,9,detail,,
shared,Shared · Masters,Shared · other,fifo_skip_log,9,disposition,,
shared,Shared · Masters,Shared · other,fifo_skip_log,9,block_for_so,,
shared,Shared · Masters,Shared · other,fifo_skip_log,9,skipped_by,,
shared,Shared · Masters,Shared · other,fifo_skip_log,9,skipped_at,,
shared,Shared · Masters,Shared · other,inter_entity_transfer,14,id,PK,
shared,Shared · Masters,Shared · other,inter_entity_transfer,14,transfer_id,,
shared,Shared · Masters,Shared · other,inter_entity_transfer,14,from_entity,,
shared,Shared · Masters,Shared · other,inter_entity_transfer,14,to_entity,,
shared,Shared · Masters,Shared · other,inter_entity_transfer,14,transfer_date,,
shared,Shared · Masters,Shared · other,inter_entity_transfer,14,status,,
shared,Shared · Masters,Shared · other,inter_entity_transfer,14,dispatched_by,,
shared,Shared · Masters,Shared · other,inter_entity_transfer,14,dispatched_at,,
shared,Shared · Masters,Shared · other,inter_entity_transfer,14,received_by,,
shared,Shared · Masters,Shared · other,inter_entity_transfer,14,received_at,,
shared,Shared · Masters,Shared · other,inter_entity_transfer,14,mat_doc_dispatch,,
shared,Shared · Masters,Shared · other,inter_entity_transfer,14,mat_doc_receipt,,
shared,Shared · Masters,Shared · other,inter_entity_transfer,14,notes,,
shared,Shared · Masters,Shared · other,inter_entity_transfer,14,created_at,,
shared,Shared · Masters,Shared · other,inter_entity_transfer_line,8,id,PK,
shared,Shared · Masters,Shared · other,inter_entity_transfer_line,8,transfer_id,FK,inter_entity_transfer.transfer_id
shared,Shared · Masters,Shared · other,inter_entity_transfer_line,8,batch_id,,
shared,Shared · Masters,Shared · other,inter_entity_transfer_line,8,sku_name,,
shared,Shared · Masters,Shared · other,inter_entity_transfer_line,8,quantity_kg,,
shared,Shared · Masters,Shared · other,inter_entity_transfer_line,8,lot_number,,
shared,Shared · Masters,Shared · other,inter_entity_transfer_line,8,dispatched_qty_kg,,
shared,Shared · Masters,Shared · other,inter_entity_transfer_line,8,received_qty_kg,,
shared,Shared · Masters,Shared · other,internal_issue_note,17,note_id,PK,
shared,Shared · Masters,Shared · other,internal_issue_note,17,note_number,,
shared,Shared · Masters,Shared · other,internal_issue_note,17,sku_name,,
shared,Shared · Masters,Shared · other,internal_issue_note,17,batch_id,,
shared,Shared · Masters,Shared · other,internal_issue_note,17,quantity_kg,,
shared,Shared · Masters,Shared · other,internal_issue_note,17,source_warehouse,,
shared,Shared · Masters,Shared · other,internal_issue_note,17,source_floor,,
shared,Shared · Masters,Shared · other,internal_issue_note,17,destination_floor,,
shared,Shared · Masters,Shared · other,internal_issue_note,17,purpose,,
shared,Shared · Masters,Shared · other,internal_issue_note,17,requested_by,,
shared,Shared · Masters,Shared · other,internal_issue_note,17,approved_by,,
shared,Shared · Masters,Shared · other,internal_issue_note,17,approved_at,,
shared,Shared · Masters,Shared · other,internal_issue_note,17,status,,
shared,Shared · Masters,Shared · other,internal_issue_note,17,entity,,
shared,Shared · Masters,Shared · other,internal_issue_note,17,created_at,,
shared,Shared · Masters,Shared · other,internal_issue_note,17,is_space_constrained,,
shared,Shared · Masters,Shared · other,internal_issue_note,17,reject_reason,,
shared,Shared · Masters,Shared · other,internal_order,10,id,PK,
shared,Shared · Masters,Shared · other,internal_order,10,internal_order_id,,
shared,Shared · Masters,Shared · other,internal_order,10,prod_indent_id,FK,production_indent.prod_indent_id
shared,Shared · Masters,Shared · other,internal_order,10,item_description,,
shared,Shared · Masters,Shared · other,internal_order,10,material_type,,
shared,Shared · Masters,Shared · other,internal_order,10,required_qty,,
shared,Shared · Masters,Shared · other,internal_order,10,status,,
shared,Shared · Masters,Shared · other,internal_order,10,entity,,
shared,Shared · Masters,Shared · other,internal_order,10,created_at,,
shared,Shared · Masters,Shared · other,internal_order,10,completed_at,,
shared,Shared · Masters,Shared · other,issue_note,14,id,PK,
shared,Shared · Masters,Shared · other,issue_note,14,issue_note_id,,
shared,Shared · Masters,Shared · other,issue_note,14,job_card_id,,
shared,Shared · Masters,Shared · other,issue_note,14,so_id,,
shared,Shared · Masters,Shared · other,issue_note,14,customer_name,,
shared,Shared · Masters,Shared · other,issue_note,14,bom_line_id,,
shared,Shared · Masters,Shared · other,issue_note,14,issued_by,,
shared,Shared · Masters,Shared · other,issue_note,14,issued_at,,
shared,Shared · Masters,Shared · other,issue_note,14,status,,
shared,Shared · Masters,Shared · other,issue_note,14,reservation_expires_at,,
shared,Shared · Masters,Shared · other,issue_note,14,total_weight_kg,,
shared,Shared · Masters,Shared · other,issue_note,14,entity,,
shared,Shared · Masters,Shared · other,issue_note,14,created_at,,
shared,Shared · Masters,Shared · other,issue_note,14,movement_type,,
shared,Shared · Masters,Shared · other,issue_note_line,15,id,PK,
shared,Shared · Masters,Shared · other,issue_note_line,15,issue_note_id,FK,issue_note.issue_note_id
shared,Shared · Masters,Shared · other,issue_note_line,15,bom_line_id,,
shared,Shared · Masters,Shared · other,issue_note_line,15,sku,,
shared,Shared · Masters,Shared · other,issue_note_line,15,material_type,,
shared,Shared · Masters,Shared · other,issue_note_line,15,lot_number,,
shared,Shared · Masters,Shared · other,issue_note_line,15,lot_id,,
shared,Shared · Masters,Shared · other,issue_note_line,15,tr_number,,
shared,Shared · Masters,Shared · other,issue_note_line,15,warehouse,,
shared,Shared · Masters,Shared · other,issue_note_line,15,net_wt_issued,,
shared,Shared · Masters,Shared · other,issue_note_line,15,qty_cartons,,
shared,Shared · Masters,Shared · other,issue_note_line,15,box_id,,
shared,Shared · Masters,Shared · other,issue_note_line,15,fifo_skipped,,
shared,Shared · Masters,Shared · other,issue_note_line,15,skip_reason,,
shared,Shared · Masters,Shared · other,issue_note_line,15,movement_type,,
shared,Shared · Masters,Shared · other,legacy_import_log,7,import_id,PK,
shared,Shared · Masters,Shared · other,legacy_import_log,7,batch_id,,
shared,Shared · Masters,Shared · other,legacy_import_log,7,item_code,,
shared,Shared · Masters,Shared · other,legacy_import_log,7,generated_at,,
shared,Shared · Masters,Shared · other,legacy_import_log,7,imported_by,,
shared,Shared · Masters,Shared · other,legacy_import_log,7,source_file_ref,,
shared,Shared · Masters,Shared · other,legacy_import_log,7,entity,,
shared,Shared · Masters,Shared · other,lot_block,16,id,PK,
shared,Shared · Masters,Shared · other,lot_block,16,block_id,,
shared,Shared · Masters,Shared · other,lot_block,16,transaction_no,,
shared,Shared · Masters,Shared · other,lot_block,16,lot_number,,
shared,Shared · Masters,Shared · other,lot_block,16,batch_id,,
shared,Shared · Masters,Shared · other,lot_block,16,blocked_for_so,,
shared,Shared · Masters,Shared · other,lot_block,16,blocked_for_customer,,
shared,Shared · Masters,Shared · other,lot_block,16,blocked_by_user,,
shared,Shared · Masters,Shared · other,lot_block,16,blocked_at,,
shared,Shared · Masters,Shared · other,lot_block,16,skip_reason,,
shared,Shared · Masters,Shared · other,lot_block,16,comment,,
shared,Shared · Masters,Shared · other,lot_block,16,previous_so,,
shared,Shared · Masters,Shared · other,lot_block,16,force_assigned_by,,
shared,Shared · Masters,Shared · other,lot_block,16,force_assigned_at,,
shared,Shared · Masters,Shared · other,lot_block,16,override_comment,,
shared,Shared · Masters,Shared · other,lot_block,16,is_active,,
shared,Shared · Masters,Shared · other,material_document,14,id,PK,
shared,Shared · Masters,Shared · other,material_document,14,mat_doc_id,,
shared,Shared · Masters,Shared · other,material_document,14,doc_date,,
shared,Shared · Masters,Shared · other,material_document,14,posting_date,,
shared,Shared · Masters,Shared · other,material_document,14,movement_type,,
shared,Shared · Masters,Shared · other,material_document,14,reference_type,,
shared,Shared · Masters,Shared · other,material_document,14,reference_id,,
shared,Shared · Masters,Shared · other,material_document,14,created_by,,
shared,Shared · Masters,Shared · other,material_document,14,entity,,
shared,Shared · Masters,Shared · other,material_document,14,reversal_of,,
shared,Shared · Masters,Shared · other,material_document,14,is_reversal,,
shared,Shared · Masters,Shared · other,material_document,14,notes,,
shared,Shared · Masters,Shared · other,material_document,14,created_at,,
shared,Shared · Masters,Shared · other,material_document,14,sample_requisition_id,FK,sample_requisitions.id
shared,Shared · Masters,Shared · other,material_document_line,14,id,PK,
shared,Shared · Masters,Shared · other,material_document_line,14,mat_doc_id,FK,material_document.mat_doc_id
shared,Shared · Masters,Shared · other,material_document_line,14,line_number,,
shared,Shared · Masters,Shared · other,material_document_line,14,sku_name,,
shared,Shared · Masters,Shared · other,material_document_line,14,batch_id,,
shared,Shared · Masters,Shared · other,material_document_line,14,movement_type,,
shared,Shared · Masters,Shared · other,material_document_line,14,quantity_kg,,
shared,Shared · Masters,Shared · other,material_document_line,14,uom,,
shared,Shared · Masters,Shared · other,material_document_line,14,from_location,,
shared,Shared · Masters,Shared · other,material_document_line,14,to_location,,
shared,Shared · Masters,Shared · other,material_document_line,14,from_status,,
shared,Shared · Masters,Shared · other,material_document_line,14,to_status,,
shared,Shared · Masters,Shared · other,material_document_line,14,lot_number,,
shared,Shared · Masters,Shared · other,material_document_line,14,box_id,,
shared,Shared · Masters,Shared · other,movement_type_ref,5,movement_type,PK,
shared,Shared · Masters,Shared · other,movement_type_ref,5,description,,
shared,Shared · Masters,Shared · other,movement_type_ref,5,direction,,
shared,Shared · Masters,Shared · other,movement_type_ref,5,affects_stock,,
shared,Shared · Masters,Shared · other,movement_type_ref,5,reversal_type,,
shared,Shared · Masters,Shared · other,off_grade_inventory,16,id,PK,
shared,Shared · Masters,Shared · other,off_grade_inventory,16,offgrade_id,,
shared,Shared · Masters,Shared · other,off_grade_inventory,16,original_tr_number,,
shared,Shared · Masters,Shared · other,off_grade_inventory,16,original_lot_number,,
shared,Shared · Masters,Shared · other,off_grade_inventory,16,item_description,,
shared,Shared · Masters,Shared · other,off_grade_inventory,16,material_type,,
shared,Shared · Masters,Shared · other,off_grade_inventory,16,qty,,
shared,Shared · Masters,Shared · other,off_grade_inventory,16,net_weight,,
shared,Shared · Masters,Shared · other,off_grade_inventory,16,source_type,,
shared,Shared · Masters,Shared · other,off_grade_inventory,16,source_id,,
shared,Shared · Masters,Shared · other,off_grade_inventory,16,condition_notes,,
shared,Shared · Masters,Shared · other,off_grade_inventory,16,disposition,,
shared,Shared · Masters,Shared · other,off_grade_inventory,16,management_decision_by,,
shared,Shared · Masters,Shared · other,off_grade_inventory,16,management_decision_at,,
shared,Shared · Masters,Shared · other,off_grade_inventory,16,entity,,
shared,Shared · Masters,Shared · other,off_grade_inventory,16,created_at,,
shared,Shared · Masters,Shared · other,process_loss,13,loss_id,PK,
shared,Shared · Masters,Shared · other,process_loss,13,job_card_id,FK,job_card.job_card_id
shared,Shared · Masters,Shared · other,process_loss,13,product_name,,
shared,Shared · Masters,Shared · other,process_loss,13,item_group,,
shared,Shared · Masters,Shared · other,process_loss,13,machine_name,,
shared,Shared · Masters,Shared · other,process_loss,13,stage,,
shared,Shared · Masters,Shared · other,process_loss,13,loss_kg,,
shared,Shared · Masters,Shared · other,process_loss,13,loss_pct,,
shared,Shared · Masters,Shared · other,process_loss,13,loss_category,,
shared,Shared · Masters,Shared · other,process_loss,13,batch_number,,
shared,Shared · Masters,Shared · other,process_loss,13,production_date,,
shared,Shared · Masters,Shared · other,process_loss,13,entity,,
shared,Shared · Masters,Shared · other,process_loss,13,created_at,,
shared,Shared · Masters,Shared · other,production_order,17,prod_order_id,PK,
shared,Shared · Masters,Shared · other,production_order,17,prod_order_number,,
shared,Shared · Masters,Shared · other,production_order,17,plan_line_id,FK,production_plan_line.plan_line_id
shared,Shared · Masters,Shared · other,production_order,17,bom_id,FK,bom_header.bom_id
shared,Shared · Masters,Shared · other,production_order,17,fg_sku_name,,
shared,Shared · Masters,Shared · other,production_order,17,customer_name,,
shared,Shared · Masters,Shared · other,production_order,17,batch_number,,
shared,Shared · Masters,Shared · other,production_order,17,batch_size_kg,,
shared,Shared · Masters,Shared · other,production_order,17,net_wt_per_unit,,
shared,Shared · Masters,Shared · other,production_order,17,best_before,,
shared,Shared · Masters,Shared · other,production_order,17,total_stages,,
shared,Shared · Masters,Shared · other,production_order,17,status,,
shared,Shared · Masters,Shared · other,production_order,17,entity,,
shared,Shared · Masters,Shared · other,production_order,17,factory,,
shared,Shared · Masters,Shared · other,production_order,17,floor,,
shared,Shared · Masters,Shared · other,production_order,17,created_at,,
shared,Shared · Masters,Shared · other,production_order,17,machine_id,FK,machine.machine_id
shared,Shared · Masters,Shared · other,quality_inspection,8,inspection_id,PK,
shared,Shared · Masters,Shared · other,quality_inspection,8,job_card_id,FK,job_card.job_card_id
shared,Shared · Masters,Shared · other,quality_inspection,8,inspection_type,,
shared,Shared · Masters,Shared · other,quality_inspection,8,result,,
shared,Shared · Masters,Shared · other,quality_inspection,8,notes,,
shared,Shared · Masters,Shared · other,quality_inspection,8,inspector_name,,
shared,Shared · Masters,Shared · other,quality_inspection,8,entity,,
shared,Shared · Masters,Shared · other,quality_inspection,8,inspected_at,,
shared,Shared · Masters,Shared · other,reconciliation_failures,11,failure_id,PK,
shared,Shared · Masters,Shared · other,reconciliation_failures,11,sku_name,,
shared,Shared · Masters,Shared · other,reconciliation_failures,11,entity,,
shared,Shared · Masters,Shared · other,reconciliation_failures,11,expected_total,,
shared,Shared · Masters,Shared · other,reconciliation_failures,11,actual_total,,
shared,Shared · Masters,Shared · other,reconciliation_failures,11,discrepancy_kg,,
shared,Shared · Masters,Shared · other,reconciliation_failures,11,status_breakdown,,
shared,Shared · Masters,Shared · other,reconciliation_failures,11,detected_at,,
shared,Shared · Masters,Shared · other,reconciliation_failures,11,resolved_at,,
shared,Shared · Masters,Shared · other,reconciliation_failures,11,resolved_by,,
shared,Shared · Masters,Shared · other,reconciliation_failures,11,transaction_context,,
shared,Shared · Masters,Shared · other,rtv_disposition,16,id,PK,
shared,Shared · Masters,Shared · other,rtv_disposition,16,disposition_id,,
shared,Shared · Masters,Shared · other,rtv_disposition,16,rtv_id,,
shared,Shared · Masters,Shared · other,rtv_disposition,16,item_description,,
shared,Shared · Masters,Shared · other,rtv_disposition,16,qty,,
shared,Shared · Masters,Shared · other,rtv_disposition,16,net_weight,,
shared,Shared · Masters,Shared · other,rtv_disposition,16,source_type,,
shared,Shared · Masters,Shared · other,rtv_disposition,16,disposition_type,,
shared,Shared · Masters,Shared · other,rtv_disposition,16,decided_by,,
shared,Shared · Masters,Shared · other,rtv_disposition,16,decided_at,,
shared,Shared · Masters,Shared · other,rtv_disposition,16,qc_remarks,,
shared,Shared · Masters,Shared · other,rtv_disposition,16,linked_internal_order,,
shared,Shared · Masters,Shared · other,rtv_disposition,16,linked_offgrade_lot,,
shared,Shared · Masters,Shared · other,rtv_disposition,16,discard_approved,,
shared,Shared · Masters,Shared · other,rtv_disposition,16,entity,,
shared,Shared · Masters,Shared · other,rtv_disposition,16,created_at,,
shared,Shared · Masters,Shared · other,store_alert,9,alert_id,PK,
shared,Shared · Masters,Shared · other,store_alert,9,alert_type,,
shared,Shared · Masters,Shared · other,store_alert,9,target_team,,
shared,Shared · Masters,Shared · other,store_alert,9,message,,
shared,Shared · Masters,Shared · other,store_alert,9,related_id,,
shared,Shared · Masters,Shared · other,store_alert,9,related_type,,
shared,Shared · Masters,Shared · other,store_alert,9,is_read,,
shared,Shared · Masters,Shared · other,store_alert,9,entity,,
shared,Shared · Masters,Shared · other,store_alert,9,created_at,,
shared,Shared · Masters,Shared · other,store_allocation,25,allocation_id,PK,
shared,Shared · Masters,Shared · other,store_allocation,25,job_card_id,FK,job_card.job_card_id
shared,Shared · Masters,Shared · other,store_allocation,25,indent_type,,
shared,Shared · Masters,Shared · other,store_allocation,25,indent_id,,
shared,Shared · Masters,Shared · other,store_allocation,25,material_sku_name,,
shared,Shared · Masters,Shared · other,store_allocation,25,reqd_qty,,
shared,Shared · Masters,Shared · other,store_allocation,25,approved_qty,,
shared,Shared · Masters,Shared · other,store_allocation,25,rejected_qty,,
shared,Shared · Masters,Shared · other,store_allocation,25,decision,,
shared,Shared · Masters,Shared · other,store_allocation,25,rejection_reason,,
shared,Shared · Masters,Shared · other,store_allocation,25,rejection_detail,,
shared,Shared · Masters,Shared · other,store_allocation,25,reserved_for_customer,,
shared,Shared · Masters,Shared · other,store_allocation,25,quality_grade_available,,
shared,Shared · Masters,Shared · other,store_allocation,25,quality_grade_required,,
shared,Shared · Masters,Shared · other,store_allocation,25,expiry_date,,
shared,Shared · Masters,Shared · other,store_allocation,25,suggested_alternative_id,,
shared,Shared · Masters,Shared · other,store_allocation,25,suggested_alternative_qty,,
shared,Shared · Masters,Shared · other,store_allocation,25,purchase_indent_id,,
shared,Shared · Masters,Shared · other,store_allocation,25,floor_stock_verified,,
shared,Shared · Masters,Shared · other,store_allocation,25,floor_stock_qty,,
shared,Shared · Masters,Shared · other,store_allocation,25,source_location,,
shared,Shared · Masters,Shared · other,store_allocation,25,decided_by,,
shared,Shared · Masters,Shared · other,store_allocation,25,decided_at,,
shared,Shared · Masters,Shared · other,store_allocation,25,entity,,
shared,Shared · Masters,Shared · other,store_allocation,25,created_at,,
shared,Shared · Masters,Shared · other,wa_pending_action,4,wa_phone,PK,
shared,Shared · Masters,Shared · other,wa_pending_action,4,requisition_id,FK,sample_requisitions.id
shared,Shared · Masters,Shared · other,wa_pending_action,4,action,,
shared,Shared · Masters,Shared · other,wa_pending_action,4,created_at,,
shared,Shared · Masters,Shared · other,wa_review_message,5,wamid,PK,
shared,Shared · Masters,Shared · other,wa_review_message,5,requisition_id,FK,sample_requisitions.id
shared,Shared · Masters,Shared · other,wa_review_message,5,kind,,
shared,Shared · Masters,Shared · other,wa_review_message,5,wa_phone,,
shared,Shared · Masters,Shared · other,wa_review_message,5,created_at,,
shared,Shared · Masters,Shared · other,write_off_ledger,10,id,PK,
shared,Shared · Masters,Shared · other,write_off_ledger,10,rtv_id,,
shared,Shared · Masters,Shared · other,write_off_ledger,10,offgrade_id,,
shared,Shared · Masters,Shared · other,write_off_ledger,10,item_description,,
shared,Shared · Masters,Shared · other,write_off_ledger,10,lot_number,,
shared,Shared · Masters,Shared · other,write_off_ledger,10,qty,,
shared,Shared · Masters,Shared · other,write_off_ledger,10,net_weight,,
shared,Shared · Masters,Shared · other,write_off_ledger,10,reason,,
shared,Shared · Masters,Shared · other,write_off_ledger,10,authorised_by,,
shared,Shared · Masters,Shared · other,write_off_ledger,10,written_off_at,,
shared,Shared · Masters,Shared · other,yield_summary,11,yield_id,PK,
shared,Shared · Masters,Shared · other,yield_summary,11,product_name,,
shared,Shared · Masters,Shared · other,yield_summary,11,item_group,,
shared,Shared · Masters,Shared · other,yield_summary,11,period,,
shared,Shared · Masters,Shared · other,yield_summary,11,total_input_kg,,
shared,Shared · Masters,Shared · other,yield_summary,11,total_output_kg,,
shared,Shared · Masters,Shared · other,yield_summary,11,yield_pct,,
shared,Shared · Masters,Shared · other,yield_summary,11,total_loss_kg,,
shared,Shared · Masters,Shared · other,yield_summary,11,total_offgrade_kg,,
shared,Shared · Masters,Shared · other,yield_summary,11,entity,,
shared,Shared · Masters,Shared · other,yield_summary,11,computed_at,,
