bucket,transfer_date,txn_number,from_site,to_site,receiving_warehouse,grn_number,received_at,out_box_count,in_box_count,diff,unmatched_in_count,out_has_variance,out_header_id,in_header_id,only_in_out_count,only_in_in_count,only_in_out_box_ids,only_in_in_box_ids
BOX_ID_MISMATCH,2026-05-18,TRANS202605181041,Cold Storage,W202,W202,GRN-20260518165559,2026-05-18 11:26:04.217189,24,1,-23,0,False,684,337,0,0,,
BOX_ID_MISMATCH,2026-05-17,TRANS202605171308,Cold Storage,W202,W202,GRN-20260518165636,2026-05-18 11:26:45.939117,176,4,-172,0,False,683,338,0,0,,
NO_OUT_SCANS,2026-05-16,TRANS202605161805,W202,F53,F53,GRN-20260516201859,2026-05-18 06:46:33.304143,0,50,50,0,False,680,335,0,50,,ART-40|ART-43|ART-34|ART-22|ART-13|ART-48|ART-25|ART-46|ART-33|ART-38|ART-6|ART-32|ART-36|ART-1|ART-50|ART-4|ART-23|ART-49|ART-35|ART-12|ART-37|ART-29|ART-47|ART-42|ART-20|ART-17|ART-19|ART-21|ART-27|ART-31|ART-26|ART-41|ART-24|ART-8|ART-16|ART-18|ART-15|ART-28|ART-39|ART-14|ART-5|ART-7|ART-2|ART-45|ART-10|ART-3|ART-44|ART-9|ART-11|ART-30
NO_OUT_SCANS,2026-05-16,TRANS202605161706,A185,W202,W202,GRN-20260516192004,2026-05-16 13:50:15.537286,0,29,29,0,False,679,333,0,29,,ART-22|ART-13|ART-25|ART-6|ART-1|ART-4|ART-23|ART-12|ART-29|ART-20|ART-17|ART-19|ART-21|ART-27|ART-26|ART-24|ART-8|ART-16|ART-18|ART-15|ART-28|ART-14|ART-5|ART-7|ART-2|ART-10|ART-3|ART-9|ART-11
NO_OUT_SCANS,2026-05-16,TRANS202605161429,F53,W202,W202,GRN-20260516165321,2026-05-16 11:23:30.280684,0,10,10,0,False,677,328,0,10,,ART-6|ART-1|ART-4|ART-8|ART-5|ART-7|ART-2|ART-10|ART-3|ART-9
NO_OUT_SCANS,2026-05-16,TRANS202605161257,W202,F53,F53,GRN-20260518121958,2026-05-18 06:50:43.335684,0,50,50,0,False,675,336,0,50,,ART-40|ART-43|ART-34|ART-22|ART-13|ART-48|ART-25|ART-46|ART-33|ART-38|ART-6|ART-32|ART-36|ART-1|ART-50|ART-4|ART-23|ART-49|ART-35|ART-12|ART-37|ART-29|ART-47|ART-42|ART-20|ART-17|ART-19|ART-21|ART-27|ART-31|ART-26|ART-41|ART-24|ART-8|ART-16|ART-18|ART-15|ART-28|ART-39|ART-14|ART-5|ART-7|ART-2|ART-45|ART-10|ART-3|ART-44|ART-9|ART-11|ART-30
NO_OUT_SCANS,2026-05-16,TRANS202605161146,A185,W202,W202,GRN-20260516171917,2026-05-16 11:51:16.797926,0,180,180,0,False,674,332,0,180,,ART-142|ART-40|ART-177|ART-43|ART-97|ART-34|ART-179|ART-69|ART-112|ART-22|ART-79|ART-85|ART-127|ART-122|ART-68|ART-105|ART-121|ART-13|ART-168|ART-100|ART-156|ART-141|ART-99|ART-114|ART-48|ART-135|ART-126|ART-25|ART-101|ART-165|ART-164|ART-132|ART-129|ART-143|ART-46|ART-98|ART-152|ART-33|ART-63|ART-38|ART-6|ART-32|ART-109|ART-96|ART-36|ART-120|ART-80|ART-71|ART-81|ART-154|ART-51|ART-125|ART-130|ART-92|ART-117|ART-104|ART-1|ART-145|ART-90|ART-124|ART-166|ART-50|ART-4|ART-157|ART-93|ART-23|ART-153|ART-49|ART-35|ART-58|ART-134|ART-150|ART-102|ART-82|ART-12|ART-88|ART-62|ART-37|ART-77|ART-59|ART-75|ART-29|ART-47|ART-137|ART-87|ART-123|ART-42|ART-174|ART-138|ART-20|ART-78|ART-139|ART-180|ART-17|ART-19|ART-21|ART-111|ART-144|ART-70|ART-55|ART-128|ART-72|ART-149|ART-27|ART-116|ART-107|ART-94|ART-66|ART-133|ART-171|ART-53|ART-31|ART-57|ART-26|ART-41|ART-67|ART-136|ART-119|ART-167|ART-146|ART-24|ART-108|ART-73|ART-74|ART-103|ART-8|ART-16|ART-18|ART-15|ART-91|ART-84|ART-147|ART-148|ART-28|ART-115|ART-89|ART-39|ART-151|ART-172|ART-14|ART-140|ART-76|ART-5|ART-64|ART-161|ART-118|ART-7|ART-86|ART-178|ART-173|ART-160|ART-162|ART-61|ART-60|ART-2|ART-45|ART-169|ART-110|ART-83|ART-158|ART-10|ART-3|ART-95|ART-52|ART-175|ART-106|ART-44|ART-170|ART-163|ART-54|ART-113|ART-159|ART-176|ART-56|ART-155|ART-131|ART-9|ART-65|ART-11|ART-30
NO_OUT_SCANS,2026-05-16,TRANS202605161129,W202,F53,F53,GRN-20260516201322,2026-05-18 06:40:21.243266,0,39,39,0,False,673,334,0,39,,ART-34|ART-22|ART-13|ART-25|ART-33|ART-38|ART-6|ART-32|ART-36|ART-1|ART-4|ART-23|ART-35|ART-12|ART-37|ART-29|ART-20|ART-17|ART-19|ART-21|ART-27|ART-31|ART-26|ART-24|ART-8|ART-16|ART-18|ART-15|ART-28|ART-39|ART-14|ART-5|ART-7|ART-2|ART-10|ART-3|ART-9|ART-11|ART-30
NO_OUT_SCANS,2026-05-16,TRANS202605081811,W202,Rishi,RISHI,GRN-20260516152451,2026-05-16 10:15:05.748829,0,610,610,0,False,514,327,0,610,,ART-321|ART-142|ART-333|ART-40|ART-258|ART-177|ART-520|ART-301|ART-43|ART-551|ART-97|ART-34|ART-304|ART-488|ART-179|ART-200|ART-605|ART-69|ART-557|ART-311|ART-185|ART-291|ART-456|ART-226|ART-223|ART-267|ART-392|ART-381|ART-568|ART-589|ART-274|ART-212|ART-284|ART-523|ART-298|ART-112|ART-345|ART-522|ART-287|ART-476|ART-22|ART-79|ART-399|ART-591|ART-573|ART-532|ART-475|ART-85|ART-368|ART-325|ART-232|ART-127|ART-554|ART-122|ART-363|ART-68|ART-240|ART-105|ART-121|ART-538|ART-241|ART-13|ART-168|ART-527|ART-437|ART-100|ART-156|ART-444|ART-427|ART-389|ART-202|ART-141|ART-489|ART-445|ART-99|ART-422|ART-330|ART-555|ART-215|ART-511|ART-362|ART-592|ART-328|ART-442|ART-220|ART-114|ART-517|ART-594|ART-387|ART-48|ART-135|ART-293|ART-272|ART-572|ART-396|ART-556|ART-496|ART-322|ART-201|ART-604|ART-390|ART-560|ART-451|ART-126|ART-25|ART-206|ART-574|ART-101|ART-487|ART-198|ART-410|ART-165|ART-262|ART-164|ART-367|ART-521|ART-429|ART-480|ART-190|ART-235|ART-217|ART-132|ART-129|ART-376|ART-143|ART-519|ART-463|ART-46|ART-518|ART-280|ART-472|ART-543|ART-98|ART-474|ART-586|ART-338|ART-152|ART-33|ART-316|ART-382|ART-585|ART-377|ART-63|ART-366|ART-257|ART-500|ART-359|ART-38|ART-193|ART-385|ART-6|ART-32|ART-547|ART-109|ART-282|ART-216|ART-96|ART-566|ART-404|ART-356|ART-36|ART-209|ART-120|ART-303|ART-431|ART-80|ART-408|ART-552|ART-454|ART-71|ART-81|ART-596|ART-286|ART-259|ART-412|ART-372|ART-154|ART-51|ART-125|ART-579|ART-534|ART-130|ART-260|ART-219|ART-92|ART-418|ART-117|ART-104|ART-347|ART-384|ART-225|ART-498|ART-541|ART-1|ART-145|ART-90|ART-494|ART-313|ART-191|ART-312|ART-530|ART-400|ART-124|ART-508|ART-265|ART-166|ART-331|ART-50|ART-4|ART-275|ART-157|ART-93|ART-491|ART-23|ART-460|ART-153|ART-483|ART-49|ART-35|ART-583|ART-438|ART-247|ART-183|ART-203|ART-540|ART-450|ART-58|ART-196|ART-134|ART-150|ART-539|ART-207|ART-471|ART-588|ART-261|ART-102|ART-420|ART-276|ART-371|ART-222|ART-82|ART-482|ART-374|ART-297|ART-199|ART-12|ART-504|ART-88|ART-449|ART-62|ART-292|ART-492|ART-339|ART-254|ART-37|ART-263|ART-369|ART-205|ART-77|ART-59|ART-423|ART-441|ART-467|ART-351|ART-75|ART-513|ART-29|ART-546|ART-601|ART-458|ART-435|ART-47|ART-434|ART-443|ART-409|ART-231|ART-524|ART-137|ART-575|ART-87|ART-550|ART-507|ART-567|ART-123|ART-42|ART-174|ART-348|ART-343|ART-138|ART-208|ART-188|ART-479|ART-393|ART-20|ART-383|ART-401|ART-391|ART-78|ART-459|ART-139|ART-350|ART-493|ART-180|ART-562|ART-17|ART-354|ART-357|ART-243|ART-453|ART-290|ART-253|ART-251|ART-19|ART-595|ART-358|ART-221|ART-21|ART-111|ART-144|ART-553|ART-70|ART-55|ART-447|ART-370|ART-227|ART-128|ART-606|ART-189|ART-386|ART-599|ART-533|ART-72|ART-228|ART-149|ART-436|ART-361|ART-305|ART-187|ART-364|ART-490|ART-395|ART-27|ART-237|ART-610|ART-270|ART-432|ART-542|ART-285|ART-302|ART-413|ART-116|ART-598|ART-425|ART-107|ART-506|ART-470|ART-341|ART-360|ART-94|ART-473|ART-66|ART-415|ART-246|ART-346|ART-300|ART-584|ART-329|ART-308|ART-327|ART-299|ART-571|ART-457|ART-186|ART-505|ART-525|ART-510|ART-133|ART-394|ART-326|ART-171|ART-514|ART-53|ART-31|ART-314|ART-503|ART-195|ART-255|ART-57|ART-484|ART-26|ART-440|ART-323|ART-497|ART-279|ART-608|ART-41|ART-67|ART-252|ART-531|ART-430|ART-403|ART-136|ART-537|ART-119|ART-296|ART-167|ART-146|ART-486|ART-24|ART-108|ART-355|ART-428|ART-465|ART-73|ART-74|ART-295|ART-103|ART-509|ART-8|ART-334|ART-501|ART-16|ART-281|ART-18|ART-499|ART-211|ART-268|ART-250|ART-15|ART-91|ART-204|ART-288|ART-273|ART-433|ART-609|ART-84|ART-147|ART-565|ART-485|ART-315|ART-148|ART-577|ART-317|ART-324|ART-194|ART-581|ART-277|ART-548|ART-559|ART-28|ART-197|ART-593|ART-448|ART-373|ART-115|ART-244|ART-234|ART-264|ART-582|ART-516|ART-319|ART-271|ART-192|ART-466|ART-233|ART-89|ART-344|ART-39|ART-151|ART-318|ART-248|ART-515|ART-398|ART-336|ART-462|ART-172|ART-14|ART-140|ART-545|ART-76|ART-464|ART-544|ART-478|ART-266|ART-526|ART-528|ART-600|ART-424|ART-602|ART-5|ART-529|ART-64|ART-426|ART-417|ART-161|ART-210|ART-416|ART-218|ART-118|ART-224|ART-578|ART-558|ART-256|ART-7|ART-307|ART-375|ART-86|ART-452|ART-178|ART-173|ART-160|ART-421|ART-380|ART-580|ART-512|ART-439|ART-353|ART-352|ART-162|ART-294|ART-349|ART-590|ART-405|ART-536|ART-306|ART-310|ART-469|ART-388|ART-332|ART-337|ART-495|ART-446|ART-61|ART-342|ART-309|ART-60|ART-238|ART-597|ART-603|ART-236|ART-406|ART-397|ART-320|ART-2|ART-481|ART-535|ART-181|ART-184|ART-378|ART-45|ART-213|ART-169|ART-563|ART-468|ART-239|ART-419|ART-335|ART-379|ART-269|ART-110|ART-83|ART-561|ART-278|ART-569|ART-158|ART-10|ART-229|ART-477|ART-502|ART-3|ART-245|ART-95|ART-52|ART-175|ART-587|ART-249|ART-214|ART-106|ART-455|ART-283|ART-461|ART-340|ART-549|ART-44|ART-170|ART-163|ART-54|ART-113|ART-159|ART-176|ART-56|ART-182|ART-155|ART-289|ART-230|ART-242|ART-131|ART-9|ART-65|ART-402|ART-414|ART-11|ART-30|ART-607|ART-576|ART-564|ART-411|ART-570|ART-365|ART-407
BOX_ID_MISMATCH,2026-05-15,TRANS202605151953,Cold Storage,W202,W202,GRN-20260516165357,2026-05-16 11:24:03.864474,10,1,-9,0,False,670,329,0,0,,
BOX_ID_MISMATCH,2026-05-15,TRANS202605131808,Cold Storage,W202,W202,GRN-20260516165455,2026-05-16 11:25:04.298319,64,5,-59,0,False,669,330,0,0,,
NO_OUT_SCANS,2026-05-15,TRANS202605151749,A185,W202,W202,GRN-20260515191633,2026-05-15 13:47:00.435115,0,48,48,0,False,668,319,0,48,,ART-40|ART-43|ART-34|ART-22|ART-13|ART-48|ART-25|ART-46|ART-33|ART-38|ART-6|ART-32|ART-36|ART-1|ART-4|ART-23|ART-35|ART-12|ART-37|ART-29|ART-47|ART-42|ART-20|ART-17|ART-19|ART-21|ART-27|ART-31|ART-26|ART-41|ART-24|ART-8|ART-16|ART-18|ART-15|ART-28|ART-39|ART-14|ART-5|ART-7|ART-2|ART-45|ART-10|ART-3|ART-44|ART-9|ART-11|ART-30
BOX_ID_MISMATCH,2026-05-15,TRANS202605151608,Cold Storage,W202,W202,GRN-20260516165546,2026-05-16 11:25:55.416996,130,3,-127,0,False,665,331,0,0,,
NO_OUT_SCANS,2026-05-15,TRANS202605151511,W202,F53,F53,GRN-20260516145331,2026-05-16 09:24:56.689535,0,95,95,0,False,662,326,0,95,,ART-40|ART-43|ART-34|ART-69|ART-22|ART-79|ART-85|ART-68|ART-13|ART-48|ART-25|ART-46|ART-33|ART-63|ART-38|ART-6|ART-32|ART-36|ART-80|ART-71|ART-81|ART-51|ART-92|ART-1|ART-90|ART-50|ART-4|ART-93|ART-23|ART-49|ART-35|ART-58|ART-82|ART-12|ART-88|ART-62|ART-37|ART-77|ART-59|ART-75|ART-29|ART-47|ART-87|ART-42|ART-20|ART-78|ART-17|ART-19|ART-21|ART-70|ART-55|ART-72|ART-27|ART-94|ART-66|ART-53|ART-31|ART-57|ART-26|ART-41|ART-67|ART-24|ART-73|ART-74|ART-8|ART-16|ART-18|ART-15|ART-91|ART-84|ART-28|ART-89|ART-39|ART-14|ART-76|ART-5|ART-64|ART-7|ART-86|ART-61|ART-60|ART-2|ART-45|ART-83|ART-10|ART-3|ART-95|ART-52|ART-44|ART-54|ART-56|ART-9|ART-65|ART-11|ART-30
BOX_ID_MISMATCH,2026-05-14,TRANS202605141759,Cold Storage,W202,W202,GRN-20260515132959,2026-05-15 08:00:12.570222,507,3,-504,0,False,661,318,0,0,,
NO_OUT_SCANS,2026-05-14,TRANS202605141653,W202,F53,F53,GRN-20260515122440,2026-05-15 06:55:25.668423,0,40,40,0,False,660,317,0,40,,ART-40|ART-34|ART-22|ART-13|ART-25|ART-33|ART-38|ART-6|ART-32|ART-36|ART-1|ART-4|ART-23|ART-35|ART-12|ART-37|ART-29|ART-20|ART-17|ART-19|ART-21|ART-27|ART-31|ART-26|ART-24|ART-8|ART-16|ART-18|ART-15|ART-28|ART-39|ART-14|ART-5|ART-7|ART-2|ART-10|ART-3|ART-9|ART-11|ART-30
NO_OUT_SCANS,2026-05-14,TRANS202605141430,A185,W202,W202,GRN-20260514153934,2026-05-14 10:09:45.982058,0,30,30,0,False,658,312,0,30,,ART-22|ART-13|ART-25|ART-6|ART-1|ART-4|ART-23|ART-12|ART-29|ART-20|ART-17|ART-19|ART-21|ART-27|ART-26|ART-24|ART-8|ART-16|ART-18|ART-15|ART-28|ART-14|ART-5|ART-7|ART-2|ART-10|ART-3|ART-9|ART-11|ART-30
NO_OUT_SCANS,2026-05-14,TRANS202605141205,W202,F53,F53,GRN-20260515121816,2026-05-15 06:49:09.871014,0,55,55,0,False,657,316,0,55,,ART-40|ART-43|ART-34|ART-22|ART-13|ART-48|ART-25|ART-46|ART-33|ART-38|ART-6|ART-32|ART-36|ART-51|ART-1|ART-50|ART-4|ART-23|ART-49|ART-35|ART-12|ART-37|ART-29|ART-47|ART-42|ART-20|ART-17|ART-19|ART-21|ART-55|ART-27|ART-53|ART-31|ART-26|ART-41|ART-24|ART-8|ART-16|ART-18|ART-15|ART-28|ART-39|ART-14|ART-5|ART-7|ART-2|ART-45|ART-10|ART-3|ART-52|ART-44|ART-54|ART-9|ART-11|ART-30
NO_OUT_SCANS,2026-05-14,TRANS202605141121,W202,A185,A185,GRN-20260514155759,2026-05-14 10:29:26.944074,0,155,155,0,False,656,314,0,155,,ART-142|ART-40|ART-43|ART-97|ART-34|ART-69|ART-112|ART-22|ART-79|ART-85|ART-127|ART-122|ART-68|ART-105|ART-121|ART-13|ART-100|ART-141|ART-99|ART-114|ART-48|ART-135|ART-126|ART-25|ART-101|ART-132|ART-129|ART-143|ART-46|ART-98|ART-152|ART-33|ART-63|ART-38|ART-6|ART-32|ART-109|ART-96|ART-36|ART-120|ART-80|ART-71|ART-81|ART-154|ART-51|ART-125|ART-130|ART-92|ART-117|ART-104|ART-1|ART-145|ART-90|ART-124|ART-50|ART-4|ART-93|ART-23|ART-153|ART-49|ART-35|ART-58|ART-134|ART-150|ART-102|ART-82|ART-12|ART-88|ART-62|ART-37|ART-77|ART-59|ART-75|ART-29|ART-47|ART-137|ART-87|ART-123|ART-42|ART-138|ART-20|ART-78|ART-139|ART-17|ART-19|ART-21|ART-111|ART-144|ART-70|ART-55|ART-128|ART-72|ART-149|ART-27|ART-116|ART-107|ART-94|ART-66|ART-133|ART-53|ART-31|ART-57|ART-26|ART-41|ART-67|ART-136|ART-119|ART-146|ART-24|ART-108|ART-73|ART-74|ART-103|ART-8|ART-16|ART-18|ART-15|ART-91|ART-84|ART-147|ART-148|ART-28|ART-115|ART-89|ART-39|ART-151|ART-14|ART-140|ART-76|ART-5|ART-64|ART-118|ART-7|ART-86|ART-61|ART-60|ART-2|ART-45|ART-110|ART-83|ART-10|ART-3|ART-95|ART-52|ART-106|ART-44|ART-54|ART-113|ART-56|ART-155|ART-131|ART-9|ART-65|ART-11|ART-30
NO_OUT_SCANS,2026-05-13,TRANS202605131951,W202,Savla D-39,SAVLA D-39,GRN-20260516112350,2026-05-16 05:54:13.676711,0,97,97,0,False,655,320,0,97,,ART-40|ART-43|ART-97|ART-34|ART-69|ART-22|ART-79|ART-85|ART-68|ART-13|ART-48|ART-25|ART-46|ART-33|ART-63|ART-38|ART-6|ART-32|ART-96|ART-36|ART-80|ART-71|ART-81|ART-51|ART-92|ART-1|ART-90|ART-50|ART-4|ART-93|ART-23|ART-49|ART-35|ART-58|ART-82|ART-12|ART-88|ART-62|ART-37|ART-77|ART-59|ART-75|ART-29|ART-47|ART-87|ART-42|ART-20|ART-78|ART-17|ART-19|ART-21|ART-70|ART-55|ART-72|ART-27|ART-94|ART-66|ART-53|ART-31|ART-57|ART-26|ART-41|ART-67|ART-24|ART-73|ART-74|ART-8|ART-16|ART-18|ART-15|ART-91|ART-84|ART-28|ART-89|ART-39|ART-14|ART-76|ART-5|ART-64|ART-7|ART-86|ART-61|ART-60|ART-2|ART-45|ART-83|ART-10|ART-3|ART-95|ART-52|ART-44|ART-54|ART-56|ART-9|ART-65|ART-11|ART-30
NO_OUT_SCANS,2026-05-13,TRANS202605131948,W202,Rishi,RISHI,GRN-20260516112933,2026-05-16 06:00:39.035529,0,5,5,0,False,654,321,0,5,,ART-1|ART-4|ART-5|ART-2|ART-3
BOX_ID_MISMATCH,2026-05-13,TRANS202605131331,Cold Storage,W202,W202,GRN-20260514153545,2026-05-14 13:02:01.117636,711,3,-708,0,False,653,304,0,0,,
NO_OUT_SCANS,2026-05-13,TRANS202605131707,F53,W202,W202,GRN-20260514153618,2026-05-14 10:06:38.150643,0,6,6,0,False,652,305,0,6,,ART-6|ART-1|ART-4|ART-5|ART-2|ART-3
NO_OUT_SCANS,2026-05-13,TRANS202605131705,F53,W202,W202,GRN-20260514153651,2026-05-14 10:06:54.517350,0,2,2,0,False,651,306,0,2,,ART-1|ART-2
NO_OUT_SCANS,2026-05-13,TRANS202605131703,F53,W202,W202,GRN-20260514153710,2026-05-14 10:07:14.388374,0,4,4,0,False,650,307,0,4,,ART-1|ART-4|ART-2|ART-3
NO_OUT_SCANS,2026-05-13,TRANS202605131648,F53,W202,W202,GRN-20260514153729,2026-05-14 10:07:33.797904,0,5,5,0,False,649,308,0,5,,ART-1|ART-4|ART-5|ART-2|ART-3
NO_OUT_SCANS,2026-05-13,TRANS202605131502,F53,W202,W202,GRN-20260514153747,2026-05-14 10:07:51.521890,0,3,3,0,False,647,309,0,3,,ART-1|ART-2|ART-3
NO_OUT_SCANS,2026-05-13,TRANS202605131355,W202,F53,F53,GRN-20260514120110,2026-05-14 06:32:06.047434,0,38,38,0,False,646,303,0,38,,ART-34|ART-22|ART-13|ART-25|ART-33|ART-38|ART-6|ART-32|ART-36|ART-1|ART-4|ART-23|ART-35|ART-12|ART-37|ART-29|ART-20|ART-17|ART-19|ART-21|ART-27|ART-31|ART-26|ART-24|ART-8|ART-16|ART-18|ART-15|ART-28|ART-14|ART-5|ART-7|ART-2|ART-10|ART-3|ART-9|ART-11|ART-30
NO_OUT_SCANS,2026-05-13,TRANS202605091839,W202,F53,F53,GRN-20260515202247,2026-05-16 06:53:49.138858,0,6,6,0,False,645,323,0,6,,ART-6|ART-1|ART-4|ART-5|ART-2|ART-3
NO_OUT_SCANS,2026-05-13,TRANS202605131256,A185,F53,F53,GRN-20260513172304,2026-05-13 11:53:09.929588,0,5,5,0,False,618,302,0,5,,ART-1|ART-4|ART-5|ART-2|ART-3
NO_OUT_SCANS,2026-05-12,TRANS202605121658,W202,F53,F53,GRN-20260513120732,2026-05-13 06:37:36.868186,0,4,4,0,False,612,299,0,4,,ART-1|ART-4|ART-2|ART-3
NO_OUT_SCANS,2026-05-12,TRANS202605121655,W202,F53,F53,GRN-20260513120501,2026-05-13 06:35:41.494830,0,42,42,0,False,611,298,0,42,,ART-40|ART-34|ART-22|ART-13|ART-25|ART-33|ART-38|ART-6|ART-32|ART-36|ART-1|ART-4|ART-23|ART-35|ART-12|ART-37|ART-29|ART-42|ART-20|ART-17|ART-19|ART-21|ART-27|ART-31|ART-26|ART-41|ART-24|ART-8|ART-16|ART-18|ART-15|ART-28|ART-39|ART-14|ART-5|ART-7|ART-2|ART-10|ART-3|ART-9|ART-11|ART-30
NO_OUT_SCANS,2026-05-12,TRANS202605121327,W202,F53,F53,GRN-20260513120249,2026-05-13 06:33:07.673029,0,20,20,0,False,610,297,0,20,,ART-13|ART-6|ART-1|ART-4|ART-12|ART-20|ART-17|ART-19|ART-8|ART-16|ART-18|ART-15|ART-14|ART-5|ART-7|ART-2|ART-10|ART-3|ART-9|ART-11
NO_OUT_SCANS,2026-05-11,TRANS202605111214,W202,F53,F53,GRN-20260512125812,2026-05-12 07:29:25.106276,0,77,77,0,False,532,294,0,77,,ART-40|ART-43|ART-34|ART-69|ART-22|ART-68|ART-13|ART-48|ART-25|ART-46|ART-33|ART-63|ART-38|ART-6|ART-32|ART-36|ART-71|ART-51|ART-1|ART-50|ART-4|ART-23|ART-49|ART-35|ART-58|ART-12|ART-62|ART-37|ART-77|ART-59|ART-75|ART-29|ART-47|ART-42|ART-20|ART-17|ART-19|ART-21|ART-70|ART-55|ART-72|ART-27|ART-66|ART-53|ART-31|ART-57|ART-26|ART-41|ART-67|ART-24|ART-73|ART-74|ART-8|ART-16|ART-18|ART-15|ART-28|ART-39|ART-14|ART-76|ART-5|ART-64|ART-7|ART-61|ART-60|ART-2|ART-45|ART-10|ART-3|ART-52|ART-44|ART-54|ART-56|ART-9|ART-65|ART-11|ART-30
BOX_ID_MISMATCH,2026-05-11,TRANS202605111620,A68,W202,W202,GRN-20260512115813,2026-05-12 06:28:16.447211,20,18,-2,0,False,531,291,0,0,,
NO_OUT_SCANS,2026-05-11,TRANS202605111613,A185,W202,W202,GRN-20260512115753,2026-05-12 06:27:56.271555,0,73,73,0,False,530,290,0,73,,ART-40|ART-43|ART-34|ART-69|ART-22|ART-68|ART-13|ART-48|ART-25|ART-46|ART-33|ART-63|ART-38|ART-6|ART-32|ART-36|ART-71|ART-51|ART-1|ART-50|ART-4|ART-23|ART-49|ART-35|ART-58|ART-12|ART-62|ART-37|ART-59|ART-29|ART-47|ART-42|ART-20|ART-17|ART-19|ART-21|ART-70|ART-55|ART-72|ART-27|ART-66|ART-53|ART-31|ART-57|ART-26|ART-41|ART-67|ART-24|ART-73|ART-8|ART-16|ART-18|ART-15|ART-28|ART-39|ART-14|ART-5|ART-64|ART-7|ART-61|ART-60|ART-2|ART-45|ART-10|ART-3|ART-52|ART-44|ART-54|ART-56|ART-9|ART-65|ART-11|ART-30
NO_OUT_SCANS,2026-05-11,TRANS202605111403,A185,W202,W202,GRN-20260511151222,2026-05-11 09:42:28.909466,0,234,234,0,False,523,284,0,234,,ART-142|ART-40|ART-177|ART-43|ART-97|ART-34|ART-179|ART-200|ART-69|ART-185|ART-226|ART-223|ART-212|ART-112|ART-22|ART-79|ART-85|ART-232|ART-127|ART-122|ART-68|ART-105|ART-121|ART-13|ART-168|ART-100|ART-156|ART-202|ART-141|ART-99|ART-215|ART-220|ART-114|ART-48|ART-135|ART-201|ART-126|ART-25|ART-206|ART-101|ART-198|ART-165|ART-164|ART-190|ART-217|ART-132|ART-129|ART-143|ART-46|ART-98|ART-152|ART-33|ART-63|ART-38|ART-193|ART-6|ART-32|ART-109|ART-216|ART-96|ART-36|ART-209|ART-120|ART-80|ART-71|ART-81|ART-154|ART-51|ART-125|ART-130|ART-219|ART-92|ART-117|ART-104|ART-225|ART-1|ART-145|ART-90|ART-191|ART-124|ART-166|ART-50|ART-4|ART-157|ART-93|ART-23|ART-153|ART-49|ART-35|ART-183|ART-203|ART-58|ART-196|ART-134|ART-150|ART-207|ART-102|ART-222|ART-82|ART-199|ART-12|ART-88|ART-62|ART-37|ART-205|ART-77|ART-59|ART-75|ART-29|ART-47|ART-231|ART-137|ART-87|ART-123|ART-42|ART-174|ART-138|ART-208|ART-188|ART-20|ART-78|ART-139|ART-180|ART-17|ART-19|ART-221|ART-21|ART-111|ART-144|ART-70|ART-55|ART-227|ART-128|ART-189|ART-72|ART-228|ART-149|ART-187|ART-27|ART-116|ART-107|ART-94|ART-66|ART-186|ART-133|ART-171|ART-53|ART-31|ART-195|ART-57|ART-26|ART-41|ART-67|ART-136|ART-119|ART-167|ART-146|ART-24|ART-108|ART-73|ART-74|ART-103|ART-8|ART-16|ART-18|ART-211|ART-15|ART-91|ART-204|ART-84|ART-147|ART-148|ART-194|ART-28|ART-197|ART-115|ART-234|ART-192|ART-233|ART-89|ART-39|ART-151|ART-172|ART-14|ART-140|ART-76|ART-5|ART-64|ART-161|ART-210|ART-218|ART-118|ART-224|ART-7|ART-86|ART-178|ART-173|ART-160|ART-162|ART-61|ART-60|ART-2|ART-181|ART-184|ART-45|ART-213|ART-169|ART-110|ART-83|ART-158|ART-10|ART-229|ART-3|ART-95|ART-52|ART-175|ART-214|ART-106|ART-44|ART-170|ART-163|ART-54|ART-113|ART-159|ART-176|ART-56|ART-182|ART-155|ART-230|ART-131|ART-9|ART-65|ART-11|ART-30
NO_OUT_SCANS,2026-05-11,TRANS202605111203,W202,F53,F53,GRN-20260512120847,2026-05-12 06:39:16.696654,0,30,30,0,False,522,293,0,30,,ART-22|ART-13|ART-25|ART-6|ART-1|ART-4|ART-23|ART-12|ART-29|ART-20|ART-17|ART-19|ART-21|ART-27|ART-26|ART-24|ART-8|ART-16|ART-18|ART-15|ART-28|ART-14|ART-5|ART-7|ART-2|ART-10|ART-3|ART-9|ART-11|ART-30
BOX_ID_MISMATCH,2026-05-11,TRANS202605111101,Cold Storage,W202,W202,GRN-20260511155428,2026-05-12 05:54:41.584518,114,2,-112,0,False,521,285,0,0,,
NO_OUT_SCANS,2026-05-09,TRANS202605091638,W202,A185,A185,GRN-20260510121246,2026-05-10 06:43:21.523449,0,50,50,0,False,520,281,0,50,,ART-40|ART-43|ART-34|ART-22|ART-13|ART-48|ART-25|ART-46|ART-33|ART-38|ART-6|ART-32|ART-36|ART-1|ART-50|ART-4|ART-23|ART-49|ART-35|ART-12|ART-37|ART-29|ART-47|ART-42|ART-20|ART-17|ART-19|ART-21|ART-27|ART-31|ART-26|ART-41|ART-24|ART-8|ART-16|ART-18|ART-15|ART-28|ART-39|ART-14|ART-5|ART-7|ART-2|ART-45|ART-10|ART-3|ART-44|ART-9|ART-11|ART-30
NO_OUT_SCANS,2026-05-09,TRANS202605091625,W202,A185,A185,GRN-20260510121152,2026-05-10 06:42:23.747862,0,43,43,0,False,518,280,0,43,,ART-40|ART-43|ART-34|ART-22|ART-13|ART-25|ART-33|ART-38|ART-6|ART-32|ART-36|ART-1|ART-4|ART-23|ART-35|ART-12|ART-37|ART-29|ART-42|ART-20|ART-17|ART-19|ART-21|ART-27|ART-31|ART-26|ART-41|ART-24|ART-8|ART-16|ART-18|ART-15|ART-28|ART-39|ART-14|ART-5|ART-7|ART-2|ART-10|ART-3|ART-9|ART-11|ART-30
NO_OUT_SCANS,2026-05-09,TRANS202605091415,W202,F53,F53,GRN-20260512115637,2026-05-12 06:26:54.481780,0,15,15,0,False,517,288,0,15,,ART-13|ART-6|ART-1|ART-4|ART-12|ART-8|ART-15|ART-14|ART-5|ART-7|ART-2|ART-10|ART-3|ART-9|ART-11
BOX_ID_MISMATCH,2026-05-09,TRANS202603311117,Cold Storage,W202,W202,GRN-20260512115924,2026-05-12 06:29:30.451722,294,272,-22,0,False,516,292,0,0,,
NO_OUT_SCANS,2026-05-09,TRANS202605091242,A185,W202,W202,GRN-20260509133257,2026-05-09 08:14:19.629942,0,101,101,0,False,515,279,0,101,,ART-40|ART-43|ART-97|ART-34|ART-69|ART-22|ART-79|ART-85|ART-68|ART-13|ART-100|ART-99|ART-48|ART-25|ART-101|ART-46|ART-98|ART-33|ART-63|ART-38|ART-6|ART-32|ART-96|ART-36|ART-80|ART-71|ART-81|ART-51|ART-92|ART-1|ART-90|ART-50|ART-4|ART-93|ART-23|ART-49|ART-35|ART-58|ART-82|ART-12|ART-88|ART-62|ART-37|ART-77|ART-59|ART-75|ART-29|ART-47|ART-87|ART-42|ART-20|ART-78|ART-17|ART-19|ART-21|ART-70|ART-55|ART-72|ART-27|ART-94|ART-66|ART-53|ART-31|ART-57|ART-26|ART-41|ART-67|ART-24|ART-73|ART-74|ART-8|ART-16|ART-18|ART-15|ART-91|ART-84|ART-28|ART-89|ART-39|ART-14|ART-76|ART-5|ART-64|ART-7|ART-86|ART-61|ART-60|ART-2|ART-45|ART-83|ART-10|ART-3|ART-95|ART-52|ART-44|ART-54|ART-56|ART-9|ART-65|ART-11|ART-30
NO_OUT_SCANS,2026-05-08,TRANS202605081553,W202,F53,F53,GRN-20260508201719,2026-05-09 06:51:55.943703,0,37,37,0,False,513,278,0,37,,ART-34|ART-22|ART-13|ART-25|ART-33|ART-6|ART-32|ART-36|ART-1|ART-4|ART-23|ART-35|ART-12|ART-37|ART-29|ART-20|ART-17|ART-19|ART-21|ART-27|ART-31|ART-26|ART-24|ART-8|ART-16|ART-18|ART-15|ART-28|ART-14|ART-5|ART-7|ART-2|ART-10|ART-3|ART-9|ART-11|ART-30
NO_OUT_SCANS,2026-05-08,TRANS202605071611,A185,W202,W202,GRN-20260508152022,2026-05-08 09:51:06.461395,0,91,91,0,False,512,272,0,91,,ART-40|ART-43|ART-34|ART-69|ART-22|ART-79|ART-85|ART-68|ART-13|ART-48|ART-25|ART-46|ART-33|ART-63|ART-38|ART-6|ART-32|ART-36|ART-80|ART-71|ART-81|ART-51|ART-1|ART-90|ART-50|ART-4|ART-23|ART-49|ART-35|ART-58|ART-82|ART-12|ART-88|ART-62|ART-37|ART-77|ART-59|ART-75|ART-29|ART-47|ART-87|ART-42|ART-20|ART-78|ART-17|ART-19|ART-21|ART-70|ART-55|ART-72|ART-27|ART-66|ART-53|ART-31|ART-57|ART-26|ART-41|ART-67|ART-24|ART-73|ART-74|ART-8|ART-16|ART-18|ART-15|ART-91|ART-84|ART-28|ART-89|ART-39|ART-14|ART-76|ART-5|ART-64|ART-7|ART-86|ART-61|ART-60|ART-2|ART-45|ART-83|ART-10|ART-3|ART-52|ART-44|ART-54|ART-56|ART-9|ART-65|ART-11|ART-30
NO_OUT_SCANS,2026-05-08,TRANS202605081348,W202,A185,A185,GRN-20260510121401,2026-05-10 08:42:32.529364,0,43,43,0,False,511,282,0,43,,ART-40|ART-43|ART-34|ART-22|ART-13|ART-25|ART-33|ART-38|ART-6|ART-32|ART-36|ART-1|ART-4|ART-23|ART-35|ART-12|ART-37|ART-29|ART-42|ART-20|ART-17|ART-19|ART-21|ART-27|ART-31|ART-26|ART-41|ART-24|ART-8|ART-16|ART-18|ART-15|ART-28|ART-39|ART-14|ART-5|ART-7|ART-2|ART-10|ART-3|ART-9|ART-11|ART-30
NO_OUT_SCANS,2026-05-08,TRANS202605081301,W202,F53,F53,GRN-20260508201621,2026-05-09 06:50:46.997331,0,20,20,0,False,510,277,0,20,,ART-13|ART-6|ART-1|ART-4|ART-12|ART-20|ART-17|ART-19|ART-8|ART-16|ART-18|ART-15|ART-14|ART-5|ART-7|ART-2|ART-10|ART-3|ART-9|ART-11
BOX_ID_MISMATCH,2026-05-08,TRANS202605081207,Cold Storage,W202,W202,GRN-20260508170453,2026-05-08 11:35:03.407378,100,99,-1,0,False,509,276,1,0,90546000-101,
BOX_ID_MISMATCH,2026-05-08,TRANS202605081204,Cold Storage,W202,W202,GRN-20260508170216,2026-05-08 11:32:44.106234,97,93,-4,0,False,508,275,4,0,90689000-38|90615000-16|90550000-2|90662000-80,
NO_OUT_SCANS,2026-05-07,TRANS202605071627,W202,A185,A185,GRN-20260510141305,2026-05-10 08:43:41.417583,0,52,52,0,False,507,283,0,52,,ART-40|ART-43|ART-34|ART-22|ART-13|ART-48|ART-25|ART-46|ART-33|ART-38|ART-6|ART-32|ART-36|ART-51|ART-1|ART-50|ART-4|ART-23|ART-49|ART-35|ART-12|ART-37|ART-29|ART-47|ART-42|ART-20|ART-17|ART-19|ART-21|ART-27|ART-31|ART-26|ART-41|ART-24|ART-8|ART-16|ART-18|ART-15|ART-28|ART-39|ART-14|ART-5|ART-7|ART-2|ART-45|ART-10|ART-3|ART-52|ART-44|ART-9|ART-11|ART-30
NO_OUT_SCANS,2026-05-07,TRANS202605071204,W202,F53,F53,GRN-20260508122517,2026-05-08 06:55:52.230443,0,34,34,0,False,506,271,0,34,,ART-34|ART-22|ART-13|ART-25|ART-33|ART-6|ART-32|ART-1|ART-4|ART-23|ART-12|ART-29|ART-20|ART-17|ART-19|ART-21|ART-27|ART-31|ART-26|ART-24|ART-8|ART-16|ART-18|ART-15|ART-28|ART-14|ART-5|ART-7|ART-2|ART-10|ART-3|ART-9|ART-11|ART-30
BOX_ID_MISMATCH,2026-05-07,TRANS202605071048,Cold Storage,A185,A185,GRN-20260507131754,2026-05-07 08:41:38.337733,52,51,-1,0,False,505,266,1,0,90664000-92,
BOX_ID_MISMATCH,2026-05-07,TRANS202605071044,Cold Storage,W202,W202,GRN-20260507141357,2026-05-07 08:46:32.554261,69,67,-2,0,False,504,268,2,0,90563000-3|90564000-68,
BOX_ID_MISMATCH,2026-05-07,TRANS202605071043,Cold Storage,W202,W202,GRN-20260507141709,2026-05-07 08:57:54.177425,45,43,-2,0,False,503,270,2,0,90664000-80|90705000-1,
NO_OUT_SCANS,2026-05-06,TRANS202605061817,W202,Savla D-39,SAVLA D-39,GRN-20260508152137,2026-05-08 09:52:09.622795,0,12,12,0,False,502,273,0,12,,ART-6|ART-1|ART-4|ART-12|ART-8|ART-5|ART-7|ART-2|ART-10|ART-3|ART-9|ART-11
NO_OUT_SCANS,2026-05-06,TRANS202605061811,W202,Rishi,RISHI,GRN-20260508162547,2026-05-08 10:55:54.895783,0,14,14,0,False,501,274,0,14,,ART-13|ART-6|ART-1|ART-4|ART-12|ART-8|ART-14|ART-5|ART-7|ART-2|ART-10|ART-3|ART-9|ART-11
NO_OUT_SCANS,2026-05-06,TRANS202605061525,F53,W202,W202,GRN-20260506181020,2026-05-06 12:41:07.472257,0,2,2,0,False,500,264,0,2,,ART-1|ART-2
NO_OUT_SCANS,2026-05-06,TRANS202605061517,F53,A185,A185,GRN-20260507141214,2026-05-07 08:43:07.144792,0,10,10,0,False,499,267,0,10,,ART-6|ART-1|ART-4|ART-8|ART-5|ART-7|ART-2|ART-10|ART-3|ART-9
NO_OUT_SCANS,2026-05-06,TRANS202605061332,W202,F53,F53,GRN-20260506153339,2026-05-06 10:04:00.282526,0,23,23,0,False,498,263,0,23,,ART-22|ART-13|ART-6|ART-1|ART-4|ART-23|ART-12|ART-20|ART-17|ART-19|ART-21|ART-8|ART-16|ART-18|ART-15|ART-14|ART-5|ART-7|ART-2|ART-10|ART-3|ART-9|ART-11
NO_OUT_SCANS,2026-05-06,TRANS202605061258,A185,W202,W202,GRN-20260506134106,2026-05-06 08:11:12.047254,0,6,6,0,False,497,260,0,6,,ART-6|ART-1|ART-4|ART-5|ART-2|ART-3
NO_OUT_SCANS,2026-05-06,TRANS202605051848,W202,F53,F53,GRN-20260507124043,2026-05-07 07:11:18.270250,0,40,40,0,False,496,265,0,40,,ART-40|ART-34|ART-22|ART-13|ART-25|ART-33|ART-38|ART-6|ART-32|ART-36|ART-1|ART-4|ART-23|ART-35|ART-12|ART-37|ART-29|ART-20|ART-17|ART-19|ART-21|ART-27|ART-31|ART-26|ART-24|ART-8|ART-16|ART-18|ART-15|ART-28|ART-39|ART-14|ART-5|ART-7|ART-2|ART-10|ART-3|ART-9|ART-11|ART-30
NO_OUT_SCANS,2026-05-06,TRANS202605061137,W202,F53,F53,GRN-20260506153236,2026-05-06 10:02:59.349393,0,22,22,0,False,495,262,0,22,,ART-22|ART-13|ART-6|ART-1|ART-4|ART-12|ART-20|ART-17|ART-19|ART-21|ART-8|ART-16|ART-18|ART-15|ART-14|ART-5|ART-7|ART-2|ART-10|ART-3|ART-9|ART-11
NO_OUT_SCANS,2026-05-05,TRANS202605051418,W202,A185,A185,GRN-20260506131246,2026-05-06 07:43:16.345399,0,47,47,0,False,493,259,0,47,,ART-40|ART-43|ART-34|ART-22|ART-13|ART-25|ART-46|ART-33|ART-38|ART-6|ART-32|ART-36|ART-1|ART-4|ART-23|ART-35|ART-12|ART-37|ART-29|ART-47|ART-42|ART-20|ART-17|ART-19|ART-21|ART-27|ART-31|ART-26|ART-41|ART-24|ART-8|ART-16|ART-18|ART-15|ART-28|ART-39|ART-14|ART-5|ART-7|ART-2|ART-45|ART-10|ART-3|ART-44|ART-9|ART-11|ART-30
NO_OUT_SCANS,2026-05-05,TRANS202605051241,A185,W202,W202,GRN-20260505145952,2026-05-05 09:31:16.562094,0,100,100,0,False,492,255,0,100,,ART-40|ART-43|ART-97|ART-34|ART-69|ART-22|ART-79|ART-85|ART-68|ART-13|ART-100|ART-99|ART-48|ART-25|ART-46|ART-98|ART-33|ART-63|ART-38|ART-6|ART-32|ART-96|ART-36|ART-80|ART-71|ART-81|ART-51|ART-92|ART-1|ART-90|ART-50|ART-4|ART-93|ART-23|ART-49|ART-35|ART-58|ART-82|ART-12|ART-88|ART-62|ART-37|ART-77|ART-59|ART-75|ART-29|ART-47|ART-87|ART-42|ART-20|ART-78|ART-17|ART-19|ART-21|ART-70|ART-55|ART-72|ART-27|ART-94|ART-66|ART-53|ART-31|ART-57|ART-26|ART-41|ART-67|ART-24|ART-73|ART-74|ART-8|ART-16|ART-18|ART-15|ART-91|ART-84|ART-28|ART-89|ART-39|ART-14|ART-76|ART-5|ART-64|ART-7|ART-86|ART-61|ART-60|ART-2|ART-45|ART-83|ART-10|ART-3|ART-95|ART-52|ART-44|ART-54|ART-56|ART-9|ART-65|ART-11|ART-30
NO_OUT_SCANS,2026-05-05,TRANS202605051222,W202,F53,F53,GRN-20260506120908,2026-05-06 06:39:57.477748,0,40,40,0,False,491,258,0,40,,ART-40|ART-34|ART-22|ART-13|ART-25|ART-33|ART-38|ART-6|ART-32|ART-36|ART-1|ART-4|ART-23|ART-35|ART-12|ART-37|ART-29|ART-20|ART-17|ART-19|ART-21|ART-27|ART-31|ART-26|ART-24|ART-8|ART-16|ART-18|ART-15|ART-28|ART-39|ART-14|ART-5|ART-7|ART-2|ART-10|ART-3|ART-9|ART-11|ART-30
NO_OUT_SCANS,2026-05-04,TRANS202605041737,W202,F53,F53,GRN-20260505124412,2026-05-05 07:15:13.148597,0,62,62,0,False,490,254,0,62,,ART-40|ART-43|ART-34|ART-22|ART-13|ART-48|ART-25|ART-46|ART-33|ART-38|ART-6|ART-32|ART-36|ART-51|ART-1|ART-50|ART-4|ART-23|ART-49|ART-35|ART-58|ART-12|ART-62|ART-37|ART-59|ART-29|ART-47|ART-42|ART-20|ART-17|ART-19|ART-21|ART-55|ART-27|ART-53|ART-31|ART-57|ART-26|ART-41|ART-24|ART-8|ART-16|ART-18|ART-15|ART-28|ART-39|ART-14|ART-5|ART-7|ART-61|ART-60|ART-2|ART-45|ART-10|ART-3|ART-52|ART-44|ART-54|ART-56|ART-9|ART-11|ART-30
NO_OUT_SCANS,2026-05-04,TRANS202605041607,W202,A185,A185,GRN-20260507141359,2026-05-07 08:51:13.439345,0,633,633,0,False,489,269,0,633,,ART-321|ART-142|ART-333|ART-40|ART-258|ART-177|ART-520|ART-301|ART-43|ART-551|ART-97|ART-34|ART-304|ART-488|ART-179|ART-200|ART-605|ART-69|ART-557|ART-627|ART-311|ART-185|ART-291|ART-456|ART-226|ART-223|ART-267|ART-392|ART-381|ART-568|ART-589|ART-274|ART-212|ART-284|ART-523|ART-298|ART-112|ART-345|ART-522|ART-287|ART-476|ART-22|ART-79|ART-399|ART-591|ART-573|ART-532|ART-475|ART-85|ART-368|ART-325|ART-232|ART-127|ART-554|ART-122|ART-363|ART-68|ART-240|ART-105|ART-121|ART-613|ART-538|ART-241|ART-13|ART-168|ART-527|ART-437|ART-100|ART-156|ART-444|ART-427|ART-389|ART-202|ART-141|ART-489|ART-445|ART-99|ART-422|ART-330|ART-555|ART-215|ART-511|ART-362|ART-592|ART-328|ART-442|ART-220|ART-114|ART-517|ART-594|ART-387|ART-48|ART-135|ART-293|ART-272|ART-572|ART-396|ART-556|ART-496|ART-322|ART-201|ART-604|ART-390|ART-560|ART-451|ART-126|ART-25|ART-206|ART-574|ART-101|ART-487|ART-198|ART-410|ART-165|ART-262|ART-164|ART-367|ART-521|ART-429|ART-480|ART-190|ART-235|ART-620|ART-217|ART-132|ART-129|ART-376|ART-143|ART-519|ART-463|ART-46|ART-518|ART-280|ART-472|ART-543|ART-98|ART-474|ART-632|ART-586|ART-338|ART-152|ART-33|ART-316|ART-382|ART-585|ART-377|ART-63|ART-366|ART-257|ART-622|ART-500|ART-359|ART-38|ART-193|ART-385|ART-6|ART-32|ART-612|ART-547|ART-109|ART-282|ART-216|ART-96|ART-566|ART-404|ART-356|ART-36|ART-209|ART-120|ART-303|ART-431|ART-80|ART-408|ART-552|ART-454|ART-71|ART-81|ART-619|ART-596|ART-286|ART-259|ART-412|ART-372|ART-154|ART-51|ART-125|ART-579|ART-534|ART-130|ART-260|ART-219|ART-92|ART-418|ART-117|ART-104|ART-347|ART-384|ART-225|ART-498|ART-541|ART-1|ART-145|ART-90|ART-494|ART-313|ART-191|ART-312|ART-530|ART-400|ART-124|ART-508|ART-265|ART-166|ART-331|ART-50|ART-4|ART-275|ART-157|ART-93|ART-491|ART-23|ART-460|ART-153|ART-483|ART-49|ART-35|ART-583|ART-438|ART-247|ART-183|ART-203|ART-540|ART-450|ART-58|ART-196|ART-134|ART-150|ART-539|ART-207|ART-471|ART-588|ART-261|ART-102|ART-420|ART-276|ART-371|ART-222|ART-82|ART-482|ART-374|ART-297|ART-199|ART-12|ART-504|ART-88|ART-449|ART-62|ART-292|ART-492|ART-339|ART-254|ART-37|ART-263|ART-369|ART-205|ART-77|ART-59|ART-423|ART-441|ART-467|ART-351|ART-75|ART-513|ART-29|ART-546|ART-601|ART-458|ART-435|ART-47|ART-434|ART-443|ART-409|ART-231|ART-524|ART-137|ART-575|ART-87|ART-550|ART-507|ART-567|ART-123|ART-42|ART-174|ART-348|ART-343|ART-138|ART-208|ART-188|ART-479|ART-393|ART-20|ART-383|ART-401|ART-391|ART-78|ART-459|ART-139|ART-350|ART-493|ART-180|ART-562|ART-17|ART-354|ART-357|ART-243|ART-453|ART-290|ART-253|ART-251|ART-19|ART-595|ART-358|ART-221|ART-21|ART-111|ART-144|ART-553|ART-70|ART-55|ART-447|ART-370|ART-227|ART-128|ART-606|ART-189|ART-386|ART-599|ART-533|ART-72|ART-228|ART-149|ART-436|ART-361|ART-305|ART-187|ART-364|ART-490|ART-395|ART-27|ART-237|ART-610|ART-270|ART-432|ART-542|ART-285|ART-302|ART-413|ART-116|ART-598|ART-425|ART-107|ART-506|ART-470|ART-341|ART-360|ART-94|ART-473|ART-66|ART-415|ART-246|ART-629|ART-626|ART-346|ART-300|ART-584|ART-329|ART-308|ART-327|ART-299|ART-571|ART-457|ART-186|ART-505|ART-525|ART-510|ART-133|ART-614|ART-394|ART-611|ART-326|ART-171|ART-514|ART-53|ART-31|ART-314|ART-503|ART-195|ART-255|ART-57|ART-484|ART-26|ART-440|ART-323|ART-497|ART-279|ART-608|ART-41|ART-67|ART-252|ART-531|ART-430|ART-403|ART-136|ART-537|ART-119|ART-296|ART-167|ART-146|ART-486|ART-24|ART-108|ART-355|ART-428|ART-465|ART-73|ART-74|ART-295|ART-103|ART-509|ART-8|ART-334|ART-501|ART-16|ART-281|ART-18|ART-499|ART-211|ART-268|ART-250|ART-15|ART-91|ART-204|ART-288|ART-273|ART-433|ART-609|ART-84|ART-147|ART-565|ART-485|ART-315|ART-148|ART-577|ART-317|ART-324|ART-194|ART-628|ART-581|ART-277|ART-548|ART-559|ART-28|ART-197|ART-593|ART-448|ART-373|ART-115|ART-633|ART-244|ART-617|ART-234|ART-264|ART-582|ART-516|ART-319|ART-271|ART-192|ART-466|ART-233|ART-89|ART-344|ART-39|ART-151|ART-318|ART-248|ART-616|ART-515|ART-398|ART-336|ART-462|ART-172|ART-14|ART-140|ART-631|ART-545|ART-76|ART-464|ART-544|ART-478|ART-266|ART-526|ART-528|ART-600|ART-424|ART-602|ART-5|ART-529|ART-64|ART-426|ART-417|ART-161|ART-210|ART-416|ART-218|ART-118|ART-224|ART-578|ART-558|ART-256|ART-7|ART-307|ART-375|ART-86|ART-452|ART-621|ART-178|ART-173|ART-160|ART-421|ART-380|ART-580|ART-618|ART-512|ART-439|ART-353|ART-352|ART-162|ART-294|ART-349|ART-590|ART-405|ART-536|ART-306|ART-310|ART-469|ART-388|ART-332|ART-337|ART-495|ART-446|ART-61|ART-342|ART-309|ART-60|ART-238|ART-597|ART-603|ART-236|ART-623|ART-406|ART-397|ART-320|ART-2|ART-481|ART-535|ART-181|ART-184|ART-378|ART-45|ART-213|ART-169|ART-563|ART-468|ART-239|ART-419|ART-335|ART-379|ART-269|ART-110|ART-83|ART-630|ART-561|ART-278|ART-569|ART-158|ART-10|ART-229|ART-624|ART-477|ART-502|ART-3|ART-245|ART-625|ART-95|ART-615|ART-52|ART-175|ART-587|ART-249|ART-214|ART-106|ART-455|ART-283|ART-461|ART-340|ART-549|ART-44|ART-170|ART-163|ART-54|ART-113|ART-159|ART-176|ART-56|ART-182|ART-155|ART-289|ART-230|ART-242|ART-131|ART-9|ART-65|ART-402|ART-414|ART-11|ART-30|ART-607|ART-576|ART-564|ART-411|ART-570|ART-365|ART-407
NO_OUT_SCANS,2026-05-04,TRANS202605041425,A185,W202,W202,GRN-20260504153127,2026-05-04 10:01:33.607910,0,4,4,0,False,488,250,0,4,,ART-1|ART-4|ART-2|ART-3
BOX_ID_MISMATCH,2026-05-04,TRANS202605041327,Cold Storage,W202,W202,GRN-20260504152514,2026-05-04 10:02:35.396693,47,191,144,0,False,487,249,0,144,,ART-142|ART-40|ART-43|ART-97|ART-34|ART-69|ART-112|ART-22|ART-79|ART-85|ART-127|ART-122|ART-68|ART-105|ART-121|ART-13|ART-100|ART-141|ART-99|ART-114|ART-48|ART-135|ART-126|ART-25|ART-101|ART-132|ART-129|ART-143|ART-46|ART-98|ART-33|ART-63|ART-38|ART-6|ART-32|ART-109|ART-96|ART-36|ART-120|ART-80|ART-71|ART-81|ART-51|ART-125|ART-130|ART-92|ART-117|ART-104|ART-1|ART-90|ART-124|ART-50|ART-4|ART-93|ART-23|ART-49|ART-35|ART-58|ART-134|ART-102|ART-82|ART-12|ART-88|ART-62|ART-37|ART-77|ART-59|ART-75|ART-29|ART-47|ART-137|ART-87|ART-123|ART-42|ART-138|ART-20|ART-78|ART-139|ART-17|ART-19|ART-21|ART-111|ART-144|ART-70|ART-55|ART-128|ART-72|ART-27|ART-116|ART-107|ART-94|ART-66|ART-133|ART-53|ART-31|ART-57|ART-26|ART-41|ART-67|ART-136|ART-119|ART-24|ART-108|ART-73|ART-74|ART-103|ART-8|ART-16|ART-18|ART-15|ART-91|ART-84|ART-28|ART-115|ART-89|ART-39|ART-14|ART-140|ART-76|ART-5|ART-64|ART-118|ART-7|ART-86|ART-61|ART-60|ART-2|ART-45|ART-110|ART-83|ART-10|ART-3|ART-95|ART-52|ART-106|ART-44|ART-54|ART-113|ART-56|ART-131|ART-9|ART-65|ART-11|ART-30
NO_OUT_SCANS,2026-05-04,TRANS202605041214,A185,F53,F53,GRN-20260505124337,2026-05-05 07:13:43.023152,0,3,3,0,False,485,253,0,3,,ART-1|ART-2|ART-3
NO_OUT_SCANS,2026-05-02,TRANS202605021547,A185,W202,W202,GRN-20260502180851,2026-05-02 12:39:04.132824,0,25,25,0,False,483,244,0,25,,ART-22|ART-13|ART-25|ART-6|ART-1|ART-4|ART-23|ART-12|ART-20|ART-17|ART-19|ART-21|ART-24|ART-8|ART-16|ART-18|ART-15|ART-14|ART-5|ART-7|ART-2|ART-10|ART-3|ART-9|ART-11
NO_OUT_SCANS,2026-05-02,TRANS202605021611,W202,F53,F53,GRN-20260505124244,2026-05-05 07:13:02.482942,0,20,20,0,False,482,252,0,20,,ART-13|ART-6|ART-1|ART-4|ART-12|ART-20|ART-17|ART-19|ART-8|ART-16|ART-18|ART-15|ART-14|ART-5|ART-7|ART-2|ART-10|ART-3|ART-9|ART-11
BOX_ID_MISMATCH,2026-05-02,TRANS202605021301,Cold Storage,W202,W202,GRN-20260502180938,2026-05-02 12:39:45.789480,100,1,-99,0,False,481,245,0,0,,
NO_OUT_SCANS,2026-05-02,TRANS202605021224,W202,F53,F53,GRN-20260505123840,2026-05-05 07:09:57.554525,0,47,47,0,False,480,251,0,47,,ART-40|ART-43|ART-34|ART-22|ART-13|ART-25|ART-46|ART-33|ART-38|ART-6|ART-32|ART-36|ART-1|ART-4|ART-23|ART-35|ART-12|ART-37|ART-29|ART-47|ART-42|ART-20|ART-17|ART-19|ART-21|ART-27|ART-31|ART-26|ART-41|ART-24|ART-8|ART-16|ART-18|ART-15|ART-28|ART-39|ART-14|ART-5|ART-7|ART-2|ART-45|ART-10|ART-3|ART-44|ART-9|ART-11|ART-30
NO_OUT_SCANS,2026-05-02,TRANS202605021153,A185,W202,W202,GRN-20260502123424,2026-05-02 07:04:44.701610,0,40,40,0,False,479,243,0,40,,ART-40|ART-34|ART-22|ART-13|ART-25|ART-33|ART-38|ART-6|ART-32|ART-36|ART-1|ART-4|ART-23|ART-35|ART-12|ART-37|ART-29|ART-20|ART-17|ART-19|ART-21|ART-27|ART-31|ART-26|ART-24|ART-8|ART-16|ART-18|ART-15|ART-28|ART-39|ART-14|ART-5|ART-7|ART-2|ART-10|ART-3|ART-9|ART-11|ART-30
BOX_ID_MISMATCH,2026-05-02,TRANS202604302039,Cold Storage,W202,W202,GRN-20260502181020,2026-05-02 12:40:25.008133,16,15,-1,0,False,478,246,1,0,90704000-16,
BOX_ID_MISMATCH,2026-04-30,TRANS202604302029,Cold Storage,W202,W202,GRN-20260502181152,2026-05-02 12:42:01.873911,487,484,-3,0,False,477,247,3,0,90665000-128|90616000-160|90682000-18,
NO_OUT_SCANS,2026-04-30,TRANS202604301422,A185,W202,W202,GRN-20260430160325,2026-04-30 10:33:39.736950,0,28,28,0,False,476,242,0,28,,ART-22|ART-13|ART-25|ART-6|ART-1|ART-4|ART-23|ART-12|ART-20|ART-17|ART-19|ART-21|ART-27|ART-26|ART-24|ART-8|ART-16|ART-18|ART-15|ART-28|ART-14|ART-5|ART-7|ART-2|ART-10|ART-3|ART-9|ART-11
NO_OUT_SCANS,2026-04-30,TRANS202604301208,W202,F53,F53,GRN-20260505165249,2026-05-05 11:23:56.391531,0,60,60,0,False,475,256,0,60,,ART-40|ART-43|ART-34|ART-22|ART-13|ART-48|ART-25|ART-46|ART-33|ART-38|ART-6|ART-32|ART-36|ART-51|ART-1|ART-50|ART-4|ART-23|ART-49|ART-35|ART-58|ART-12|ART-37|ART-59|ART-29|ART-47|ART-42|ART-20|ART-17|ART-19|ART-21|ART-55|ART-27|ART-53|ART-31|ART-57|ART-26|ART-41|ART-24|ART-8|ART-16|ART-18|ART-15|ART-28|ART-39|ART-14|ART-5|ART-7|ART-60|ART-2|ART-45|ART-10|ART-3|ART-52|ART-44|ART-54|ART-56|ART-9|ART-11|ART-30
NO_OUT_SCANS,2026-04-30,TRANS202604301133,A185,W202,W202,GRN-20260430115145,2026-04-30 06:21:51.248751,0,3,3,0,False,474,241,0,3,,ART-1|ART-2|ART-3
BOX_ID_MISMATCH,2026-04-29,TRANS202604291516,Cold Storage,W202,W202,GRN-20260429155542,2026-04-29 10:28:03.863257,100,99,-1,0,False,473,240,1,0,90620000-101,
NO_OUT_SCANS,2026-04-29,TRANS202604291403,A185,W202,W202,GRN-20260429153228,2026-04-29 10:02:36.132506,0,10,10,0,False,472,239,0,10,,ART-6|ART-1|ART-4|ART-8|ART-5|ART-7|ART-2|ART-10|ART-3|ART-9
NO_OUT_SCANS,2026-04-29,TRANS202604291301,A185,W202,W202,GRN-20260429135550,2026-04-29 08:26:03.793187,0,16,16,0,False,471,236,0,16,,ART-13|ART-6|ART-1|ART-4|ART-12|ART-8|ART-16|ART-15|ART-14|ART-5|ART-7|ART-2|ART-10|ART-3|ART-9|ART-11
NO_OUT_SCANS,2026-04-29,TRANS202604291227,F53,W202,W202,GRN-20260429135640,2026-04-29 08:26:42.243102,0,1,1,0,False,470,237,0,1,,ART-1
NO_OUT_SCANS,2026-04-29,TRANS202604241457,F53,W202,W202,GRN-20260429135659,2026-04-29 08:27:04.420929,0,1,1,0,False,469,238,0,1,,ART-1
NO_OUT_SCANS,2026-04-29,TRANS202604291156,W202,F53,F53,GRN-20260429124234,2026-04-29 07:12:46.649526,0,16,16,0,False,467,234,0,16,,ART-13|ART-6|ART-1|ART-4|ART-12|ART-8|ART-16|ART-15|ART-14|ART-5|ART-7|ART-2|ART-10|ART-3|ART-9|ART-11
NO_OUT_SCANS,2026-04-28,TRANS202604281727,A185,W202,W202,GRN-20260428183646,2026-04-28 13:07:34.831715,0,92,92,0,False,466,231,0,92,,ART-40|ART-43|ART-34|ART-69|ART-22|ART-79|ART-85|ART-68|ART-13|ART-48|ART-25|ART-46|ART-33|ART-63|ART-38|ART-6|ART-32|ART-36|ART-80|ART-71|ART-81|ART-51|ART-92|ART-1|ART-90|ART-50|ART-4|ART-23|ART-49|ART-35|ART-58|ART-82|ART-12|ART-88|ART-62|ART-37|ART-77|ART-59|ART-75|ART-29|ART-47|ART-87|ART-42|ART-20|ART-78|ART-17|ART-19|ART-21|ART-70|ART-55|ART-72|ART-27|ART-66|ART-53|ART-31|ART-57|ART-26|ART-41|ART-67|ART-24|ART-73|ART-74|ART-8|ART-16|ART-18|ART-15|ART-91|ART-84|ART-28|ART-89|ART-39|ART-14|ART-76|ART-5|ART-64|ART-7|ART-86|ART-61|ART-60|ART-2|ART-45|ART-83|ART-10|ART-3|ART-52|ART-44|ART-54|ART-56|ART-9|ART-65|ART-11|ART-30
NO_OUT_SCANS,2026-04-28,TRANS202604281606,Cold Storage,A185,A185,GRN-20260429133554,2026-04-29 08:33:03.540186,0,208,208,0,False,465,235,0,208,,ART-142|ART-40|ART-177|ART-43|ART-97|ART-34|ART-179|ART-200|ART-69|ART-185|ART-112|ART-22|ART-79|ART-85|ART-127|ART-122|ART-68|ART-105|ART-121|ART-13|ART-168|ART-100|ART-156|ART-202|ART-141|ART-99|ART-114|ART-48|ART-135|ART-201|ART-126|ART-25|ART-206|ART-101|ART-198|ART-165|ART-164|ART-190|ART-132|ART-129|ART-143|ART-46|ART-98|ART-152|ART-33|ART-63|ART-38|ART-193|ART-6|ART-32|ART-109|ART-96|ART-36|ART-120|ART-80|ART-71|ART-81|ART-154|ART-51|ART-125|ART-130|ART-92|ART-117|ART-104|ART-1|ART-145|ART-90|ART-191|ART-124|ART-166|ART-50|ART-4|ART-157|ART-93|ART-23|ART-153|ART-49|ART-35|ART-183|ART-203|ART-58|ART-196|ART-134|ART-150|ART-207|ART-102|ART-82|ART-199|ART-12|ART-88|ART-62|ART-37|ART-205|ART-77|ART-59|ART-75|ART-29|ART-47|ART-137|ART-87|ART-123|ART-42|ART-174|ART-138|ART-208|ART-188|ART-20|ART-78|ART-139|ART-180|ART-17|ART-19|ART-21|ART-111|ART-144|ART-70|ART-55|ART-128|ART-189|ART-72|ART-149|ART-187|ART-27|ART-116|ART-107|ART-94|ART-66|ART-186|ART-133|ART-171|ART-53|ART-31|ART-195|ART-57|ART-26|ART-41|ART-67|ART-136|ART-119|ART-167|ART-146|ART-24|ART-108|ART-73|ART-74|ART-103|ART-8|ART-16|ART-18|ART-15|ART-91|ART-204|ART-84|ART-147|ART-148|ART-194|ART-28|ART-197|ART-115|ART-192|ART-89|ART-39|ART-151|ART-172|ART-14|ART-140|ART-76|ART-5|ART-64|ART-161|ART-118|ART-7|ART-86|ART-178|ART-173|ART-160|ART-162|ART-61|ART-60|ART-2|ART-181|ART-184|ART-45|ART-169|ART-110|ART-83|ART-158|ART-10|ART-3|ART-95|ART-52|ART-175|ART-106|ART-44|ART-170|ART-163|ART-54|ART-113|ART-159|ART-176|ART-56|ART-182|ART-155|ART-131|ART-9|ART-65|ART-11|ART-30
BOX_ID_MISMATCH,2026-04-28,TRANS202604281603,Cold Storage,W202,W202,GRN-20260429120510,2026-04-29 06:35:21.225000,57,55,-2,0,False,464,232,2,0,90662000-40|90684000-12,
BOX_ID_MISMATCH,2026-04-28,TRANS202604281600,Cold Storage,W202,W202,GRN-20260429120612,2026-04-29 06:36:22.334092,141,98,-43,0,False,463,233,4,0,90611000-20|90641000-20|90664000-40|90621000-20,
NO_OUT_SCANS,2026-04-28,TRANS202604281210,A185,W202,W202,GRN-20260428183557,2026-04-28 13:06:13.394521,0,22,22,0,False,461,230,0,22,,ART-22|ART-13|ART-6|ART-1|ART-4|ART-12|ART-20|ART-17|ART-19|ART-21|ART-8|ART-16|ART-18|ART-15|ART-14|ART-5|ART-7|ART-2|ART-10|ART-3|ART-9|ART-11
NO_OUT_SCANS,2026-04-28,TRANS202604281207,W202,F53,F53,GRN-20260428161753,2026-04-28 10:48:14.768487,0,20,20,0,False,460,229,0,20,,ART-13|ART-6|ART-1|ART-4|ART-12|ART-20|ART-17|ART-19|ART-8|ART-16|ART-18|ART-15|ART-14|ART-5|ART-7|ART-2|ART-10|ART-3|ART-9|ART-11
NO_OUT_SCANS,2026-04-28,TRANS202604281157,W202,F53,F53,GRN-20260428161608,2026-04-28 10:47:22.702903,0,46,46,0,False,459,228,0,46,,ART-40|ART-43|ART-34|ART-22|ART-13|ART-25|ART-46|ART-33|ART-38|ART-6|ART-32|ART-36|ART-1|ART-4|ART-23|ART-35|ART-12|ART-37|ART-29|ART-42|ART-20|ART-17|ART-19|ART-21|ART-27|ART-31|ART-26|ART-41|ART-24|ART-8|ART-16|ART-18|ART-15|ART-28|ART-39|ART-14|ART-5|ART-7|ART-2|ART-45|ART-10|ART-3|ART-44|ART-9|ART-11|ART-30
NO_OUT_SCANS,2026-04-27,TRANS202604271838,W202,A185,A185,GRN-20260428124618,2026-04-28 07:16:22.226850,0,5,5,0,False,458,226,0,5,,ART-1|ART-4|ART-5|ART-2|ART-3
NO_OUT_SCANS,2026-04-27,TRANS202604271700,A185,W202,W202,GRN-20260427175453,2026-04-27 12:25:00.870890,0,3,3,0,False,457,221,0,3,,ART-1|ART-2|ART-3
NO_OUT_SCANS,2026-04-27,TRANS202604271612,A185,W202,W202,GRN-20260427164553,2026-04-27 11:16:10.468439,0,23,23,0,False,456,220,0,23,,ART-22|ART-13|ART-6|ART-1|ART-4|ART-23|ART-12|ART-20|ART-17|ART-19|ART-21|ART-8|ART-16|ART-18|ART-15|ART-14|ART-5|ART-7|ART-2|ART-10|ART-3|ART-9|ART-11
NO_OUT_SCANS,2026-04-27,TRANS202604271341,W202,F53,F53,GRN-20260428160249,2026-04-28 10:35:47.624860,0,117,117,0,False,455,227,0,117,,ART-40|ART-43|ART-97|ART-34|ART-69|ART-112|ART-22|ART-79|ART-85|ART-68|ART-105|ART-13|ART-100|ART-99|ART-114|ART-48|ART-25|ART-101|ART-46|ART-98|ART-33|ART-63|ART-38|ART-6|ART-32|ART-109|ART-96|ART-36|ART-80|ART-71|ART-81|ART-51|ART-92|ART-117|ART-104|ART-1|ART-90|ART-50|ART-4|ART-93|ART-23|ART-49|ART-35|ART-58|ART-102|ART-82|ART-12|ART-88|ART-62|ART-37|ART-77|ART-59|ART-75|ART-29|ART-47|ART-87|ART-42|ART-20|ART-78|ART-17|ART-19|ART-21|ART-111|ART-70|ART-55|ART-72|ART-27|ART-116|ART-107|ART-94|ART-66|ART-53|ART-31|ART-57|ART-26|ART-41|ART-67|ART-24|ART-108|ART-73|ART-74|ART-103|ART-8|ART-16|ART-18|ART-15|ART-91|ART-84|ART-28|ART-115|ART-89|ART-39|ART-14|ART-76|ART-5|ART-64|ART-7|ART-86|ART-61|ART-60|ART-2|ART-45|ART-110|ART-83|ART-10|ART-3|ART-95|ART-52|ART-106|ART-44|ART-54|ART-113|ART-56|ART-9|ART-65|ART-11|ART-30
NO_OUT_SCANS,2026-04-27,TRANS202604271127,W202,F53,F53,GRN-20260427195804,2026-04-27 14:28:49.747574,0,50,50,0,False,454,225,0,50,,ART-40|ART-43|ART-34|ART-22|ART-13|ART-48|ART-25|ART-46|ART-33|ART-38|ART-6|ART-32|ART-36|ART-1|ART-50|ART-4|ART-23|ART-49|ART-35|ART-12|ART-37|ART-29|ART-47|ART-42|ART-20|ART-17|ART-19|ART-21|ART-27|ART-31|ART-26|ART-41|ART-24|ART-8|ART-16|ART-18|ART-15|ART-28|ART-39|ART-14|ART-5|ART-7|ART-2|ART-45|ART-10|ART-3|ART-44|ART-9|ART-11|ART-30
BOX_ID_MISMATCH,2026-04-27,TRANS202604271049,Cold Storage,W202,W202,GRN-20260427140703,2026-04-27 08:38:18.117424,25,24,-1,0,False,453,219,1,0,90673000-25,
BOX_ID_MISMATCH,2026-04-26,TRANS202604261229,Cold Storage,W202,W202,GRN-20260427194000,2026-04-27 14:10:12.023300,24,23,-1,0,False,452,223,1,0,90661000-124,
NO_OUT_SCANS,2026-04-26,TRANS202604261150,Cold Storage,W202,W202,GRN-20260427194119,2026-04-27 14:11:36.611373,0,250,250,0,False,451,224,0,250,,ART-142|ART-40|ART-177|ART-43|ART-97|ART-34|ART-179|ART-200|ART-69|ART-185|ART-226|ART-223|ART-212|ART-112|ART-22|ART-79|ART-85|ART-232|ART-127|ART-122|ART-68|ART-240|ART-105|ART-121|ART-241|ART-13|ART-168|ART-100|ART-156|ART-202|ART-141|ART-99|ART-215|ART-220|ART-114|ART-48|ART-135|ART-201|ART-126|ART-25|ART-206|ART-101|ART-198|ART-165|ART-164|ART-190|ART-235|ART-217|ART-132|ART-129|ART-143|ART-46|ART-98|ART-152|ART-33|ART-63|ART-38|ART-193|ART-6|ART-32|ART-109|ART-216|ART-96|ART-36|ART-209|ART-120|ART-80|ART-71|ART-81|ART-154|ART-51|ART-125|ART-130|ART-219|ART-92|ART-117|ART-104|ART-225|ART-1|ART-145|ART-90|ART-191|ART-124|ART-166|ART-50|ART-4|ART-157|ART-93|ART-23|ART-153|ART-49|ART-35|ART-247|ART-183|ART-203|ART-58|ART-196|ART-134|ART-150|ART-207|ART-102|ART-222|ART-82|ART-199|ART-12|ART-88|ART-62|ART-37|ART-205|ART-77|ART-59|ART-75|ART-29|ART-47|ART-231|ART-137|ART-87|ART-123|ART-42|ART-174|ART-138|ART-208|ART-188|ART-20|ART-78|ART-139|ART-180|ART-17|ART-243|ART-19|ART-221|ART-21|ART-111|ART-144|ART-70|ART-55|ART-227|ART-128|ART-189|ART-72|ART-228|ART-149|ART-187|ART-27|ART-237|ART-116|ART-107|ART-94|ART-66|ART-246|ART-186|ART-133|ART-171|ART-53|ART-31|ART-195|ART-57|ART-26|ART-41|ART-67|ART-136|ART-119|ART-167|ART-146|ART-24|ART-108|ART-73|ART-74|ART-103|ART-8|ART-16|ART-18|ART-211|ART-250|ART-15|ART-91|ART-204|ART-84|ART-147|ART-148|ART-194|ART-28|ART-197|ART-115|ART-244|ART-234|ART-192|ART-233|ART-89|ART-39|ART-151|ART-248|ART-172|ART-14|ART-140|ART-76|ART-5|ART-64|ART-161|ART-210|ART-218|ART-118|ART-224|ART-7|ART-86|ART-178|ART-173|ART-160|ART-162|ART-61|ART-60|ART-238|ART-236|ART-2|ART-181|ART-184|ART-45|ART-213|ART-169|ART-239|ART-110|ART-83|ART-158|ART-10|ART-229|ART-3|ART-245|ART-95|ART-52|ART-175|ART-249|ART-214|ART-106|ART-44|ART-170|ART-163|ART-54|ART-113|ART-159|ART-176|ART-56|ART-182|ART-155|ART-230|ART-242|ART-131|ART-9|ART-65|ART-11|ART-30
BOX_ID_MISMATCH,2026-04-26,TRANS202604251220,Cold Storage,W202,W202,GRN-20260427192208,2026-04-27 14:07:47.533109,220,50,-170,0,False,450,222,1,0,90631000-50,
NO_OUT_SCANS,2026-04-25,TRANS202604251811,W202,F53,F53,GRN-20260425201436,2026-04-27 05:45:59.320111,0,31,31,0,False,449,218,0,31,,ART-22|ART-13|ART-25|ART-6|ART-1|ART-4|ART-23|ART-12|ART-29|ART-20|ART-17|ART-19|ART-21|ART-27|ART-31|ART-26|ART-24|ART-8|ART-16|ART-18|ART-15|ART-28|ART-14|ART-5|ART-7|ART-2|ART-10|ART-3|ART-9|ART-11|ART-30
NO_OUT_SCANS,2026-04-25,TRANS202604251443,A185,W202,W202,GRN-20260426114241,2026-04-26 06:13:13.474829,0,20,20,0,False,448,217,0,20,,ART-13|ART-6|ART-1|ART-4|ART-12|ART-20|ART-17|ART-19|ART-8|ART-16|ART-18|ART-15|ART-14|ART-5|ART-7|ART-2|ART-10|ART-3|ART-9|ART-11
BOX_ID_MISMATCH,2026-04-25,TRANS202604251119,Cold Storage,A185,A185,GRN-20260425140719,2026-04-25 08:51:21.037563,100,99,-1,0,False,447,216,1,0,90661000-100,
NO_OUT_SCANS,2026-04-24,TRANS202604241748,A185,W202,W202,GRN-20260425111848,2026-04-25 05:48:51.053807,0,4,4,0,False,446,212,0,4,,ART-1|ART-4|ART-2|ART-3
NO_OUT_SCANS,2026-04-24,TRANS202604241649,W202,F53,F53,GRN-20260505165509,2026-05-05 11:25:12.636859,0,2,2,0,False,445,257,0,2,,ART-1|ART-2
NO_OUT_SCANS,2026-04-24,TRANS202604231345,W202,A185,A185,GRN-20260425112256,2026-04-25 05:53:03.482750,0,6,6,0,False,444,215,0,6,,ART-6|ART-1|ART-4|ART-5|ART-2|ART-3
NO_OUT_SCANS,2026-04-24,TRANS202604241453,F53,W202,W202,GRN-20260425111911,2026-04-25 05:49:12.961513,0,1,1,0,False,443,213,0,1,,ART-1
NO_OUT_SCANS,2026-04-24,TRANS202604241450,F53,W202,W202,GRN-20260425111937,2026-04-25 05:49:39.100969,0,2,2,0,False,442,214,0,2,,ART-1|ART-2
NO_OUT_SCANS,2026-04-24,TRANS202604241248,A185,F53,F53,GRN-20260424152206,2026-04-24 09:52:22.382627,0,15,15,0,False,441,211,0,15,,ART-13|ART-6|ART-1|ART-4|ART-12|ART-8|ART-15|ART-14|ART-5|ART-7|ART-2|ART-10|ART-3|ART-9|ART-11
NO_OUT_SCANS,2026-04-24,TRANS202604241151,W202,F53,F53,GRN-20260424152051,2026-04-24 09:51:33.305622,0,45,45,0,False,437,210,0,45,,ART-40|ART-43|ART-34|ART-22|ART-13|ART-25|ART-33|ART-38|ART-6|ART-32|ART-36|ART-1|ART-4|ART-23|ART-35|ART-12|ART-37|ART-29|ART-42|ART-20|ART-17|ART-19|ART-21|ART-27|ART-31|ART-26|ART-41|ART-24|ART-8|ART-16|ART-18|ART-15|ART-28|ART-39|ART-14|ART-5|ART-7|ART-2|ART-45|ART-10|ART-3|ART-44|ART-9|ART-11|ART-30
NO_OUT_SCANS,2026-04-23,TRANS202604231338,W202,F53,F53,GRN-20260423154840,2026-04-23 10:19:27.714705,0,47,47,0,False,436,209,0,47,,ART-40|ART-43|ART-34|ART-22|ART-13|ART-25|ART-46|ART-33|ART-38|ART-6|ART-32|ART-36|ART-1|ART-4|ART-23|ART-35|ART-12|ART-37|ART-29|ART-47|ART-42|ART-20|ART-17|ART-19|ART-21|ART-27|ART-31|ART-26|ART-41|ART-24|ART-8|ART-16|ART-18|ART-15|ART-28|ART-39|ART-14|ART-5|ART-7|ART-2|ART-45|ART-10|ART-3|ART-44|ART-9|ART-11|ART-30
NO_OUT_SCANS,2026-04-22,TRANS202604221557,W202,F53,F53,GRN-20260422184334,2026-04-22 13:13:54.498020,0,25,25,0,False,435,205,0,25,,ART-22|ART-13|ART-25|ART-6|ART-1|ART-4|ART-23|ART-12|ART-20|ART-17|ART-19|ART-21|ART-24|ART-8|ART-16|ART-18|ART-15|ART-14|ART-5|ART-7|ART-2|ART-10|ART-3|ART-9|ART-11
NO_OUT_SCANS,2026-04-22,TRANS202604221551,A185,F53,F53,GRN-20260422184253,2026-04-22 13:13:03.825458,0,10,10,0,False,434,204,0,10,,ART-6|ART-1|ART-4|ART-8|ART-5|ART-7|ART-2|ART-10|ART-3|ART-9
NO_OUT_SCANS,2026-04-22,TRANS202604221301,W202,F53,F53,GRN-20260422184416,2026-04-22 13:14:19.802626,0,3,3,0,False,433,206,0,3,,ART-1|ART-2|ART-3
NO_OUT_SCANS,2026-04-22,TRANS202604211755,W202,F53,F53,GRN-20260422184125,2026-04-22 13:12:13.005132,0,43,43,0,False,432,203,0,43,,ART-40|ART-43|ART-34|ART-22|ART-13|ART-25|ART-33|ART-38|ART-6|ART-32|ART-36|ART-1|ART-4|ART-23|ART-35|ART-12|ART-37|ART-29|ART-42|ART-20|ART-17|ART-19|ART-21|ART-27|ART-31|ART-26|ART-41|ART-24|ART-8|ART-16|ART-18|ART-15|ART-28|ART-39|ART-14|ART-5|ART-7|ART-2|ART-10|ART-3|ART-9|ART-11|ART-30
NO_OUT_SCANS,2026-04-22,TRANS202604221235,A185,W202,W202,GRN-20260423134537,2026-04-23 08:16:04.962777,0,19,19,0,False,431,207,0,19,,ART-13|ART-6|ART-1|ART-4|ART-12|ART-17|ART-19|ART-8|ART-16|ART-18|ART-15|ART-14|ART-5|ART-7|ART-2|ART-10|ART-3|ART-9|ART-11
NO_OUT_SCANS,2026-04-22,TRANS202604221215,A185,W202,W202,GRN-20260423134633,2026-04-23 08:17:21.389934,0,79,79,0,False,430,208,0,79,,ART-40|ART-43|ART-34|ART-69|ART-22|ART-79|ART-68|ART-13|ART-48|ART-25|ART-46|ART-33|ART-63|ART-38|ART-6|ART-32|ART-36|ART-71|ART-51|ART-1|ART-50|ART-4|ART-23|ART-49|ART-35|ART-58|ART-12|ART-62|ART-37|ART-77|ART-59|ART-75|ART-29|ART-47|ART-42|ART-20|ART-78|ART-17|ART-19|ART-21|ART-70|ART-55|ART-72|ART-27|ART-66|ART-53|ART-31|ART-57|ART-26|ART-41|ART-67|ART-24|ART-73|ART-74|ART-8|ART-16|ART-18|ART-15|ART-28|ART-39|ART-14|ART-76|ART-5|ART-64|ART-7|ART-61|ART-60|ART-2|ART-45|ART-10|ART-3|ART-52|ART-44|ART-54|ART-56|ART-9|ART-65|ART-11|ART-30
NO_OUT_SCANS,2026-04-21,TRANS202604211730,W202,F53,F53,GRN-20260421192956,2026-04-21 14:00:51.421336,0,50,50,0,False,429,201,0,50,,ART-40|ART-43|ART-34|ART-22|ART-13|ART-48|ART-25|ART-46|ART-33|ART-38|ART-6|ART-32|ART-36|ART-1|ART-50|ART-4|ART-23|ART-49|ART-35|ART-12|ART-37|ART-29|ART-47|ART-42|ART-20|ART-17|ART-19|ART-21|ART-27|ART-31|ART-26|ART-41|ART-24|ART-8|ART-16|ART-18|ART-15|ART-28|ART-39|ART-14|ART-5|ART-7|ART-2|ART-45|ART-10|ART-3|ART-44|ART-9|ART-11|ART-30
NO_OUT_SCANS,2026-04-21,TRANS202604211510,W202,F53,F53,GRN-20260422131807,2026-04-22 07:49:02.718267,0,54,54,0,False,427,202,0,54,,ART-40|ART-43|ART-34|ART-22|ART-13|ART-48|ART-25|ART-46|ART-33|ART-38|ART-6|ART-32|ART-36|ART-51|ART-1|ART-50|ART-4|ART-23|ART-49|ART-35|ART-12|ART-37|ART-29|ART-47|ART-42|ART-20|ART-17|ART-19|ART-21|ART-27|ART-53|ART-31|ART-26|ART-41|ART-24|ART-8|ART-16|ART-18|ART-15|ART-28|ART-39|ART-14|ART-5|ART-7|ART-2|ART-45|ART-10|ART-3|ART-52|ART-44|ART-54|ART-9|ART-11|ART-30
NO_OUT_SCANS,2026-04-21,TRANS202604211400,A185,W202,W202,GRN-20260421151048,2026-04-21 09:41:15.527316,0,40,40,0,False,424,197,0,40,,ART-40|ART-34|ART-22|ART-13|ART-25|ART-33|ART-38|ART-6|ART-32|ART-36|ART-1|ART-4|ART-23|ART-35|ART-12|ART-37|ART-29|ART-20|ART-17|ART-19|ART-21|ART-27|ART-31|ART-26|ART-24|ART-8|ART-16|ART-18|ART-15|ART-28|ART-39|ART-14|ART-5|ART-7|ART-2|ART-10|ART-3|ART-9|ART-11|ART-30
NO_OUT_SCANS,2026-04-21,TRANS202604211203,W202,F53,F53,GRN-20260421192827,2026-04-21 13:59:23.998429,0,50,50,0,False,423,200,0,50,,ART-40|ART-43|ART-34|ART-22|ART-13|ART-48|ART-25|ART-46|ART-33|ART-38|ART-6|ART-32|ART-36|ART-1|ART-50|ART-4|ART-23|ART-49|ART-35|ART-12|ART-37|ART-29|ART-47|ART-42|ART-20|ART-17|ART-19|ART-21|ART-27|ART-31|ART-26|ART-41|ART-24|ART-8|ART-16|ART-18|ART-15|ART-28|ART-39|ART-14|ART-5|ART-7|ART-2|ART-45|ART-10|ART-3|ART-44|ART-9|ART-11|ART-30
NO_OUT_SCANS,2026-04-20,TRANS202604201908,W202,Rishi,Rishi,GRN-20260421185659,2026-04-21 13:27:30.197068,0,224,224,0,False,421,198,0,224,,ART-142|ART-40|ART-177|ART-43|ART-97|ART-34|ART-179|ART-200|ART-69|ART-185|ART-223|ART-212|ART-112|ART-22|ART-79|ART-85|ART-127|ART-122|ART-68|ART-105|ART-121|ART-13|ART-168|ART-100|ART-156|ART-202|ART-141|ART-99|ART-215|ART-220|ART-114|ART-48|ART-135|ART-201|ART-126|ART-25|ART-206|ART-101|ART-198|ART-165|ART-164|ART-190|ART-217|ART-132|ART-129|ART-143|ART-46|ART-98|ART-152|ART-33|ART-63|ART-38|ART-193|ART-6|ART-32|ART-109|ART-216|ART-96|ART-36|ART-209|ART-120|ART-80|ART-71|ART-81|ART-154|ART-51|ART-125|ART-130|ART-219|ART-92|ART-117|ART-104|ART-1|ART-145|ART-90|ART-191|ART-124|ART-166|ART-50|ART-4|ART-157|ART-93|ART-23|ART-153|ART-49|ART-35|ART-183|ART-203|ART-58|ART-196|ART-134|ART-150|ART-207|ART-102|ART-222|ART-82|ART-199|ART-12|ART-88|ART-62|ART-37|ART-205|ART-77|ART-59|ART-75|ART-29|ART-47|ART-137|ART-87|ART-123|ART-42|ART-174|ART-138|ART-208|ART-188|ART-20|ART-78|ART-139|ART-180|ART-17|ART-19|ART-221|ART-21|ART-111|ART-144|ART-70|ART-55|ART-128|ART-189|ART-72|ART-149|ART-187|ART-27|ART-116|ART-107|ART-94|ART-66|ART-186|ART-133|ART-171|ART-53|ART-31|ART-195|ART-57|ART-26|ART-41|ART-67|ART-136|ART-119|ART-167|ART-146|ART-24|ART-108|ART-73|ART-74|ART-103|ART-8|ART-16|ART-18|ART-211|ART-15|ART-91|ART-204|ART-84|ART-147|ART-148|ART-194|ART-28|ART-197|ART-115|ART-192|ART-89|ART-39|ART-151|ART-172|ART-14|ART-140|ART-76|ART-5|ART-64|ART-161|ART-210|ART-218|ART-118|ART-224|ART-7|ART-86|ART-178|ART-173|ART-160|ART-162|ART-61|ART-60|ART-2|ART-181|ART-184|ART-45|ART-213|ART-169|ART-110|ART-83|ART-158|ART-10|ART-3|ART-95|ART-52|ART-175|ART-214|ART-106|ART-44|ART-170|ART-163|ART-54|ART-113|ART-159|ART-176|ART-56|ART-182|ART-155|ART-131|ART-9|ART-65|ART-11|ART-30
NO_OUT_SCANS,2026-04-20,TRANS202604201646,W202,A185,A185,GRN-20260421140745,2026-04-21 08:48:56.471991,0,808,808,0,False,420,196,0,808,,ART-321|ART-142|ART-333|ART-759|ART-805|ART-40|ART-661|ART-258|ART-177|ART-520|ART-301|ART-43|ART-551|ART-97|ART-34|ART-304|ART-488|ART-179|ART-200|ART-605|ART-746|ART-659|ART-69|ART-557|ART-627|ART-311|ART-185|ART-774|ART-778|ART-291|ART-456|ART-226|ART-635|ART-676|ART-665|ART-223|ART-267|ART-392|ART-755|ART-381|ART-568|ART-589|ART-274|ART-212|ART-284|ART-523|ART-298|ART-112|ART-762|ART-345|ART-522|ART-287|ART-476|ART-22|ART-79|ART-399|ART-591|ART-573|ART-532|ART-653|ART-475|ART-85|ART-368|ART-325|ART-232|ART-127|ART-554|ART-711|ART-122|ART-363|ART-731|ART-724|ART-68|ART-240|ART-105|ART-683|ART-121|ART-721|ART-613|ART-538|ART-640|ART-241|ART-13|ART-168|ART-527|ART-437|ART-100|ART-156|ART-444|ART-671|ART-427|ART-389|ART-202|ART-141|ART-783|ART-489|ART-445|ART-99|ART-422|ART-330|ART-555|ART-215|ART-718|ART-511|ART-362|ART-782|ART-701|ART-592|ART-328|ART-442|ART-220|ART-736|ART-114|ART-517|ART-594|ART-387|ART-48|ART-691|ART-656|ART-135|ART-734|ART-793|ART-789|ART-679|ART-293|ART-272|ART-572|ART-396|ART-556|ART-672|ART-496|ART-322|ART-201|ART-604|ART-798|ART-390|ART-560|ART-808|ART-451|ART-644|ART-126|ART-25|ART-206|ART-574|ART-101|ART-639|ART-487|ART-678|ART-198|ART-410|ART-165|ART-262|ART-164|ART-367|ART-521|ART-429|ART-480|ART-190|ART-235|ART-620|ART-749|ART-217|ART-768|ART-132|ART-129|ART-376|ART-143|ART-664|ART-519|ART-796|ART-784|ART-463|ART-46|ART-518|ART-280|ART-801|ART-472|ART-675|ART-643|ART-543|ART-98|ART-688|ART-474|ART-632|ART-586|ART-677|ART-338|ART-152|ART-33|ART-316|ART-382|ART-585|ART-377|ART-63|ART-366|ART-257|ART-622|ART-500|ART-359|ART-38|ART-799|ART-193|ART-722|ART-385|ART-6|ART-32|ART-612|ART-547|ART-109|ART-685|ART-282|ART-216|ART-96|ART-752|ART-566|ART-404|ART-641|ART-356|ART-36|ART-727|ART-209|ART-120|ART-303|ART-674|ART-431|ART-80|ART-408|ART-552|ART-802|ART-454|ART-71|ART-652|ART-81|ART-619|ART-596|ART-286|ART-259|ART-637|ART-412|ART-372|ART-154|ART-51|ART-806|ART-125|ART-757|ART-579|ART-773|ART-764|ART-660|ART-534|ART-654|ART-130|ART-728|ART-260|ART-219|ART-92|ART-418|ART-117|ART-104|ART-347|ART-384|ART-225|ART-498|ART-541|ART-1|ART-730|ART-145|ART-90|ART-756|ART-494|ART-313|ART-191|ART-690|ART-312|ART-530|ART-400|ART-124|ART-508|ART-265|ART-166|ART-693|ART-331|ART-50|ART-684|ART-4|ART-275|ART-157|ART-93|ART-491|ART-787|ART-23|ART-460|ART-153|ART-483|ART-49|ART-35|ART-583|ART-438|ART-247|ART-183|ART-203|ART-540|ART-450|ART-58|ART-667|ART-714|ART-196|ART-134|ART-733|ART-150|ART-539|ART-207|ART-471|ART-588|ART-261|ART-102|ART-699|ART-666|ART-732|ART-420|ART-276|ART-729|ART-651|ART-371|ART-670|ART-222|ART-82|ART-692|ART-482|ART-374|ART-297|ART-199|ART-12|ART-698|ART-504|ART-88|ART-449|ART-62|ART-292|ART-790|ART-744|ART-492|ART-339|ART-254|ART-37|ART-263|ART-369|ART-205|ART-77|ART-704|ART-59|ART-423|ART-441|ART-467|ART-351|ART-75|ART-513|ART-29|ART-687|ART-546|ART-663|ART-646|ART-777|ART-601|ART-458|ART-435|ART-47|ART-434|ART-443|ART-409|ART-231|ART-645|ART-524|ART-137|ART-575|ART-87|ART-550|ART-507|ART-567|ART-123|ART-42|ART-754|ART-174|ART-348|ART-343|ART-138|ART-807|ART-208|ART-188|ART-479|ART-393|ART-20|ART-383|ART-401|ART-391|ART-78|ART-459|ART-139|ART-350|ART-493|ART-180|ART-715|ART-562|ART-17|ART-354|ART-716|ART-357|ART-719|ART-243|ART-453|ART-290|ART-253|ART-251|ART-19|ART-595|ART-358|ART-221|ART-21|ART-111|ART-144|ART-553|ART-70|ART-55|ART-447|ART-370|ART-702|ART-227|ART-128|ART-606|ART-189|ART-386|ART-599|ART-533|ART-72|ART-769|ART-228|ART-149|ART-436|ART-361|ART-305|ART-187|ART-708|ART-364|ART-490|ART-395|ART-27|ART-237|ART-610|ART-270|ART-432|ART-542|ART-735|ART-285|ART-792|ART-302|ART-413|ART-116|ART-598|ART-425|ART-107|ART-506|ART-470|ART-341|ART-360|ART-94|ART-473|ART-66|ART-415|ART-246|ART-629|ART-626|ART-346|ART-300|ART-712|ART-584|ART-713|ART-329|ART-308|ART-327|ART-743|ART-299|ART-772|ART-571|ART-457|ART-710|ART-186|ART-505|ART-525|ART-634|ART-680|ART-510|ART-133|ART-614|ART-394|ART-611|ART-326|ART-171|ART-514|ART-791|ART-53|ART-31|ART-314|ART-503|ART-195|ART-255|ART-57|ART-484|ART-26|ART-440|ART-323|ART-751|ART-497|ART-668|ART-279|ART-608|ART-41|ART-67|ART-252|ART-531|ART-430|ART-403|ART-136|ART-753|ART-537|ART-119|ART-296|ART-167|ART-785|ART-146|ART-779|ART-486|ART-24|ART-108|ART-355|ART-428|ART-686|ART-465|ART-73|ART-74|ART-295|ART-103|ART-509|ART-8|ART-648|ART-334|ART-501|ART-16|ART-281|ART-18|ART-499|ART-211|ART-268|ART-250|ART-15|ART-91|ART-204|ART-288|ART-705|ART-273|ART-433|ART-609|ART-84|ART-700|ART-695|ART-147|ART-565|ART-485|ART-315|ART-148|ART-766|ART-741|ART-577|ART-317|ART-638|ART-324|ART-737|ART-673|ART-758|ART-194|ART-628|ART-581|ART-717|ART-277|ART-548|ART-709|ART-559|ART-28|ART-655|ART-197|ART-593|ART-448|ART-373|ART-115|ART-633|ART-682|ART-244|ART-794|ART-617|ART-234|ART-636|ART-264|ART-795|ART-582|ART-760|ART-516|ART-319|ART-271|ART-192|ART-804|ART-466|ART-233|ART-89|ART-344|ART-689|ART-39|ART-151|ART-318|ART-248|ART-658|ART-616|ART-649|ART-515|ART-398|ART-336|ART-462|ART-172|ART-14|ART-140|ART-631|ART-545|ART-76|ART-742|ART-464|ART-544|ART-478|ART-266|ART-707|ART-526|ART-647|ART-528|ART-600|ART-424|ART-770|ART-726|ART-602|ART-5|ART-529|ART-64|ART-426|ART-417|ART-161|ART-210|ART-416|ART-218|ART-118|ART-800|ART-739|ART-694|ART-224|ART-578|ART-725|ART-558|ART-256|ART-7|ART-307|ART-375|ART-86|ART-781|ART-452|ART-621|ART-178|ART-173|ART-160|ART-767|ART-421|ART-380|ART-580|ART-720|ART-618|ART-512|ART-439|ART-353|ART-352|ART-162|ART-294|ART-349|ART-748|ART-590|ART-405|ART-536|ART-306|ART-747|ART-745|ART-310|ART-765|ART-469|ART-763|ART-388|ART-332|ART-337|ART-495|ART-446|ART-61|ART-342|ART-309|ART-786|ART-60|ART-238|ART-597|ART-603|ART-236|ART-623|ART-803|ART-681|ART-406|ART-397|ART-320|ART-2|ART-481|ART-535|ART-181|ART-184|ART-378|ART-45|ART-213|ART-169|ART-740|ART-563|ART-468|ART-239|ART-750|ART-419|ART-335|ART-657|ART-379|ART-650|ART-269|ART-738|ART-110|ART-83|ART-630|ART-561|ART-278|ART-569|ART-158|ART-776|ART-10|ART-229|ART-624|ART-477|ART-706|ART-502|ART-3|ART-245|ART-625|ART-95|ART-697|ART-615|ART-52|ART-175|ART-662|ART-587|ART-249|ART-214|ART-106|ART-455|ART-283|ART-461|ART-761|ART-340|ART-549|ART-723|ART-44|ART-170|ART-163|ART-54|ART-113|ART-696|ART-159|ART-788|ART-176|ART-56|ART-780|ART-775|ART-182|ART-155|ART-703|ART-289|ART-230|ART-642|ART-242|ART-131|ART-9|ART-65|ART-402|ART-669|ART-414|ART-11|ART-30|ART-797|ART-607|ART-576|ART-564|ART-771|ART-411|ART-570|ART-365|ART-407
NO_OUT_SCANS,2026-04-20,TRANS202604181445,A68,A185,A185,GRN-20260421140228,2026-04-21 08:33:29.821290,0,102,102,0,False,418,194,0,102,,ART-40|ART-43|ART-97|ART-34|ART-69|ART-22|ART-79|ART-85|ART-68|ART-13|ART-100|ART-99|ART-48|ART-25|ART-101|ART-46|ART-98|ART-33|ART-63|ART-38|ART-6|ART-32|ART-96|ART-36|ART-80|ART-71|ART-81|ART-51|ART-92|ART-1|ART-90|ART-50|ART-4|ART-93|ART-23|ART-49|ART-35|ART-58|ART-102|ART-82|ART-12|ART-88|ART-62|ART-37|ART-77|ART-59|ART-75|ART-29|ART-47|ART-87|ART-42|ART-20|ART-78|ART-17|ART-19|ART-21|ART-70|ART-55|ART-72|ART-27|ART-94|ART-66|ART-53|ART-31|ART-57|ART-26|ART-41|ART-67|ART-24|ART-73|ART-74|ART-8|ART-16|ART-18|ART-15|ART-91|ART-84|ART-28|ART-89|ART-39|ART-14|ART-76|ART-5|ART-64|ART-7|ART-86|ART-61|ART-60|ART-2|ART-45|ART-83|ART-10|ART-3|ART-95|ART-52|ART-44|ART-54|ART-56|ART-9|ART-65|ART-11|ART-30
NO_OUT_SCANS,2026-04-20,TRANS202604201507,A185,W202,W202,GRN-20260421120648,2026-04-21 06:37:32.413729,0,54,54,0,False,417,193,0,54,,ART-40|ART-43|ART-34|ART-22|ART-13|ART-48|ART-25|ART-46|ART-33|ART-38|ART-6|ART-32|ART-36|ART-51|ART-1|ART-50|ART-4|ART-23|ART-49|ART-35|ART-12|ART-37|ART-29|ART-47|ART-42|ART-20|ART-17|ART-19|ART-21|ART-27|ART-53|ART-31|ART-26|ART-41|ART-24|ART-8|ART-16|ART-18|ART-15|ART-28|ART-39|ART-14|ART-5|ART-7|ART-2|ART-45|ART-10|ART-3|ART-52|ART-44|ART-54|ART-9|ART-11|ART-30
NO_OUT_SCANS,2026-04-20,TRANS202604201302,W202,A185,A185,GRN-20260420154213,2026-04-20 10:17:38.977977,0,458,458,0,False,416,192,0,458,,ART-321|ART-142|ART-333|ART-40|ART-258|ART-177|ART-301|ART-43|ART-97|ART-34|ART-304|ART-179|ART-200|ART-69|ART-311|ART-185|ART-291|ART-456|ART-226|ART-223|ART-267|ART-392|ART-381|ART-274|ART-212|ART-284|ART-298|ART-112|ART-345|ART-287|ART-22|ART-79|ART-399|ART-85|ART-368|ART-325|ART-232|ART-127|ART-122|ART-363|ART-68|ART-240|ART-105|ART-121|ART-241|ART-13|ART-168|ART-437|ART-100|ART-156|ART-444|ART-427|ART-389|ART-202|ART-141|ART-445|ART-99|ART-422|ART-330|ART-215|ART-362|ART-328|ART-442|ART-220|ART-114|ART-387|ART-48|ART-135|ART-293|ART-272|ART-396|ART-322|ART-201|ART-390|ART-451|ART-126|ART-25|ART-206|ART-101|ART-198|ART-410|ART-165|ART-262|ART-164|ART-367|ART-429|ART-190|ART-235|ART-217|ART-132|ART-129|ART-376|ART-143|ART-46|ART-280|ART-98|ART-338|ART-152|ART-33|ART-316|ART-382|ART-377|ART-63|ART-366|ART-257|ART-359|ART-38|ART-193|ART-385|ART-6|ART-32|ART-109|ART-282|ART-216|ART-96|ART-404|ART-356|ART-36|ART-209|ART-120|ART-303|ART-431|ART-80|ART-408|ART-454|ART-71|ART-81|ART-286|ART-259|ART-412|ART-372|ART-154|ART-51|ART-125|ART-130|ART-260|ART-219|ART-92|ART-418|ART-117|ART-104|ART-347|ART-384|ART-225|ART-1|ART-145|ART-90|ART-313|ART-191|ART-312|ART-400|ART-124|ART-265|ART-166|ART-331|ART-50|ART-4|ART-275|ART-157|ART-93|ART-23|ART-153|ART-49|ART-35|ART-438|ART-247|ART-183|ART-203|ART-450|ART-58|ART-196|ART-134|ART-150|ART-207|ART-261|ART-102|ART-420|ART-276|ART-371|ART-222|ART-82|ART-374|ART-297|ART-199|ART-12|ART-88|ART-449|ART-62|ART-292|ART-339|ART-254|ART-37|ART-263|ART-369|ART-205|ART-77|ART-59|ART-423|ART-441|ART-351|ART-75|ART-29|ART-458|ART-435|ART-47|ART-434|ART-443|ART-409|ART-231|ART-137|ART-87|ART-123|ART-42|ART-174|ART-348|ART-343|ART-138|ART-208|ART-188|ART-393|ART-20|ART-383|ART-401|ART-391|ART-78|ART-139|ART-350|ART-180|ART-17|ART-354|ART-357|ART-243|ART-453|ART-290|ART-253|ART-251|ART-19|ART-358|ART-221|ART-21|ART-111|ART-144|ART-70|ART-55|ART-447|ART-370|ART-227|ART-128|ART-189|ART-386|ART-72|ART-228|ART-149|ART-436|ART-361|ART-305|ART-187|ART-364|ART-395|ART-27|ART-237|ART-270|ART-432|ART-285|ART-302|ART-413|ART-116|ART-425|ART-107|ART-341|ART-360|ART-94|ART-66|ART-415|ART-246|ART-346|ART-300|ART-329|ART-308|ART-327|ART-299|ART-457|ART-186|ART-133|ART-394|ART-326|ART-171|ART-53|ART-31|ART-314|ART-195|ART-255|ART-57|ART-26|ART-440|ART-323|ART-279|ART-41|ART-67|ART-252|ART-430|ART-403|ART-136|ART-119|ART-296|ART-167|ART-146|ART-24|ART-108|ART-355|ART-428|ART-73|ART-74|ART-295|ART-103|ART-8|ART-334|ART-16|ART-281|ART-18|ART-211|ART-268|ART-250|ART-15|ART-91|ART-204|ART-288|ART-273|ART-433|ART-84|ART-147|ART-315|ART-148|ART-317|ART-324|ART-194|ART-277|ART-28|ART-197|ART-448|ART-373|ART-115|ART-244|ART-234|ART-264|ART-319|ART-271|ART-192|ART-233|ART-89|ART-344|ART-39|ART-151|ART-318|ART-248|ART-398|ART-336|ART-172|ART-14|ART-140|ART-76|ART-266|ART-424|ART-5|ART-64|ART-426|ART-417|ART-161|ART-210|ART-416|ART-218|ART-118|ART-224|ART-256|ART-7|ART-307|ART-375|ART-86|ART-452|ART-178|ART-173|ART-160|ART-421|ART-380|ART-439|ART-353|ART-352|ART-162|ART-294|ART-349|ART-405|ART-306|ART-310|ART-388|ART-332|ART-337|ART-446|ART-61|ART-342|ART-309|ART-60|ART-238|ART-236|ART-406|ART-397|ART-320|ART-2|ART-181|ART-184|ART-378|ART-45|ART-213|ART-169|ART-239|ART-419|ART-335|ART-379|ART-269|ART-110|ART-83|ART-278|ART-158|ART-10|ART-229|ART-3|ART-245|ART-95|ART-52|ART-175|ART-249|ART-214|ART-106|ART-455|ART-283|ART-340|ART-44|ART-170|ART-163|ART-54|ART-113|ART-159|ART-176|ART-56|ART-182|ART-155|ART-289|ART-230|ART-242|ART-131|ART-9|ART-65|ART-402|ART-414|ART-11|ART-30|ART-411|ART-365|ART-407
NO_OUT_SCANS,2026-04-20,TRANS202604201247,W202,F53,F53,GRN-20260420152528,2026-04-20 09:55:31.840377,0,2,2,0,False,415,190,0,2,,ART-1|ART-2
NO_OUT_SCANS,2026-04-20,TRANS202604201224,A68,A185,A185,GRN-20260420154059,2026-04-20 10:11:52.396824,0,80,80,0,False,414,191,0,80,,ART-40|ART-43|ART-34|ART-69|ART-22|ART-79|ART-68|ART-13|ART-48|ART-25|ART-46|ART-33|ART-63|ART-38|ART-6|ART-32|ART-36|ART-80|ART-71|ART-51|ART-1|ART-50|ART-4|ART-23|ART-49|ART-35|ART-58|ART-12|ART-62|ART-37|ART-77|ART-59|ART-75|ART-29|ART-47|ART-42|ART-20|ART-78|ART-17|ART-19|ART-21|ART-70|ART-55|ART-72|ART-27|ART-66|ART-53|ART-31|ART-57|ART-26|ART-41|ART-67|ART-24|ART-73|ART-74|ART-8|ART-16|ART-18|ART-15|ART-28|ART-39|ART-14|ART-76|ART-5|ART-64|ART-7|ART-61|ART-60|ART-2|ART-45|ART-10|ART-3|ART-52|ART-44|ART-54|ART-56|ART-9|ART-65|ART-11|ART-30
NO_OUT_SCANS,2026-04-20,TRANS202604201209,A185,F53,F53,GRN-20260420152451,2026-04-20 09:55:00.089613,0,1,1,0,False,412,189,0,1,,ART-1
NO_OUT_SCANS,2026-04-20,TRANS202604191913,A185,W202,W202,GRN-20260420130130,2026-04-20 07:32:22.851655,0,40,40,0,False,411,188,0,40,,ART-40|ART-34|ART-22|ART-13|ART-25|ART-33|ART-38|ART-6|ART-32|ART-36|ART-1|ART-4|ART-23|ART-35|ART-12|ART-37|ART-29|ART-20|ART-17|ART-19|ART-21|ART-27|ART-31|ART-26|ART-24|ART-8|ART-16|ART-18|ART-15|ART-28|ART-39|ART-14|ART-5|ART-7|ART-2|ART-10|ART-3|ART-9|ART-11|ART-30
NO_OUT_SCANS,2026-04-19,TRANS202604191921,A185,W202,W202,GRN-20260420125640,2026-04-20 07:26:51.705742,0,10,10,0,False,410,187,0,10,,ART-6|ART-1|ART-4|ART-8|ART-5|ART-7|ART-2|ART-10|ART-3|ART-9
NO_OUT_SCANS,2026-04-18,TRANS202604181508,A68,W202,W202,GRN-20260420125500,2026-04-20 07:26:02.110051,0,10,10,0,False,409,186,0,10,,ART-6|ART-1|ART-4|ART-8|ART-5|ART-7|ART-2|ART-10|ART-3|ART-9
NO_OUT_SCANS,2026-04-18,TRANS202604181738,W202,A185,A185,GRN-20260419192509,2026-04-19 13:55:14.946726,0,1,1,0,False,408,185,0,1,,ART-1
NO_OUT_SCANS,2026-04-18,TRANS202604181511,F53,W202,W202,GRN-20260418184359,2026-04-18 13:14:13.498022,0,3,3,0,False,407,184,0,3,,ART-1|ART-2|ART-3
NO_OUT_SCANS,2026-04-18,TRANS202604181338,W202,F53,F53,GRN-20260418181640,2026-04-18 12:48:26.335185,0,63,63,0,False,406,183,0,63,,ART-40|ART-43|ART-34|ART-22|ART-13|ART-48|ART-25|ART-46|ART-33|ART-63|ART-38|ART-6|ART-32|ART-36|ART-51|ART-1|ART-50|ART-4|ART-23|ART-49|ART-35|ART-58|ART-12|ART-62|ART-37|ART-59|ART-29|ART-47|ART-42|ART-20|ART-17|ART-19|ART-21|ART-55|ART-27|ART-53|ART-31|ART-57|ART-26|ART-41|ART-24|ART-8|ART-16|ART-18|ART-15|ART-28|ART-39|ART-14|ART-5|ART-7|ART-61|ART-60|ART-2|ART-45|ART-10|ART-3|ART-52|ART-44|ART-54|ART-56|ART-9|ART-11|ART-30
NO_OUT_SCANS,2026-04-18,TRANS202604181328,W202,A185,A185,GRN-20260418141913,2026-04-18 08:49:15.960897,0,4,4,0,False,405,182,0,4,,ART-1|ART-4|ART-2|ART-3
BOX_ID_MISMATCH,2026-04-18,TRANS202604181214,Cold Storage,W202,W202,GRN-20260418133858,2026-04-18 08:09:09.651287,44,43,-1,0,False,404,180,1,0,90590000-94,
NO_OUT_SCANS,2026-04-17,TRANS202604171819,W202,A185,A185,GRN-20260418141623,2026-04-18 08:48:51.151477,0,180,180,0,False,402,181,0,180,,ART-142|ART-40|ART-177|ART-43|ART-97|ART-34|ART-179|ART-69|ART-112|ART-22|ART-79|ART-85|ART-127|ART-122|ART-68|ART-105|ART-121|ART-13|ART-168|ART-100|ART-156|ART-141|ART-99|ART-114|ART-48|ART-135|ART-126|ART-25|ART-101|ART-165|ART-164|ART-132|ART-129|ART-143|ART-46|ART-98|ART-152|ART-33|ART-63|ART-38|ART-6|ART-32|ART-109|ART-96|ART-36|ART-120|ART-80|ART-71|ART-81|ART-154|ART-51|ART-125|ART-130|ART-92|ART-117|ART-104|ART-1|ART-145|ART-90|ART-124|ART-166|ART-50|ART-4|ART-157|ART-93|ART-23|ART-153|ART-49|ART-35|ART-58|ART-134|ART-150|ART-102|ART-82|ART-12|ART-88|ART-62|ART-37|ART-77|ART-59|ART-75|ART-29|ART-47|ART-137|ART-87|ART-123|ART-42|ART-174|ART-138|ART-20|ART-78|ART-139|ART-180|ART-17|ART-19|ART-21|ART-111|ART-144|ART-70|ART-55|ART-128|ART-72|ART-149|ART-27|ART-116|ART-107|ART-94|ART-66|ART-133|ART-171|ART-53|ART-31|ART-57|ART-26|ART-41|ART-67|ART-136|ART-119|ART-167|ART-146|ART-24|ART-108|ART-73|ART-74|ART-103|ART-8|ART-16|ART-18|ART-15|ART-91|ART-84|ART-147|ART-148|ART-28|ART-115|ART-89|ART-39|ART-151|ART-172|ART-14|ART-140|ART-76|ART-5|ART-64|ART-161|ART-118|ART-7|ART-86|ART-178|ART-173|ART-160|ART-162|ART-61|ART-60|ART-2|ART-45|ART-169|ART-110|ART-83|ART-158|ART-10|ART-3|ART-95|ART-52|ART-175|ART-106|ART-44|ART-170|ART-163|ART-54|ART-113|ART-159|ART-176|ART-56|ART-155|ART-131|ART-9|ART-65|ART-11|ART-30
NO_OUT_SCANS,2026-04-17,TRANS202604171645,W202,F53,F53,GRN-20260418122701,2026-04-18 07:00:18.438202,0,132,132,0,False,401,179,0,132,,ART-40|ART-43|ART-97|ART-34|ART-69|ART-112|ART-22|ART-79|ART-85|ART-127|ART-122|ART-68|ART-105|ART-121|ART-13|ART-100|ART-99|ART-114|ART-48|ART-126|ART-25|ART-101|ART-132|ART-129|ART-46|ART-98|ART-33|ART-63|ART-38|ART-6|ART-32|ART-109|ART-96|ART-36|ART-120|ART-80|ART-71|ART-81|ART-51|ART-125|ART-130|ART-92|ART-117|ART-104|ART-1|ART-90|ART-124|ART-50|ART-4|ART-93|ART-23|ART-49|ART-35|ART-58|ART-102|ART-82|ART-12|ART-88|ART-62|ART-37|ART-77|ART-59|ART-75|ART-29|ART-47|ART-87|ART-123|ART-42|ART-20|ART-78|ART-17|ART-19|ART-21|ART-111|ART-70|ART-55|ART-128|ART-72|ART-27|ART-116|ART-107|ART-94|ART-66|ART-53|ART-31|ART-57|ART-26|ART-41|ART-67|ART-119|ART-24|ART-108|ART-73|ART-74|ART-103|ART-8|ART-16|ART-18|ART-15|ART-91|ART-84|ART-28|ART-115|ART-89|ART-39|ART-14|ART-76|ART-5|ART-64|ART-118|ART-7|ART-86|ART-61|ART-60|ART-2|ART-45|ART-110|ART-83|ART-10|ART-3|ART-95|ART-52|ART-106|ART-44|ART-54|ART-113|ART-56|ART-131|ART-9|ART-65|ART-11|ART-30
NO_OUT_SCANS,2026-04-17,TRANS202604171403,A185,W202,W202,GRN-20260417164855,2026-04-17 11:19:55.381824,0,5,5,5,False,400,175,0,5,,ART-1|ART-4|ART-5|ART-2|ART-3
NO_OUT_SCANS,2026-04-17,TRANS202604171354,W202,F53,F53,GRN-20260418122607,2026-04-18 06:56:16.594599,0,9,9,0,False,399,178,0,9,,ART-6|ART-1|ART-4|ART-8|ART-5|ART-7|ART-2|ART-3|ART-9
NO_OUT_SCANS,2026-04-17,TRANS202604171307,W202,F53,F53,GRN-20260418122519,2026-04-18 06:55:29.335928,0,6,6,0,False,398,177,0,6,,ART-6|ART-1|ART-4|ART-5|ART-2|ART-3
NO_OUT_SCANS,2026-04-16,TRANS202604161918,A185,W202,W202,GRN-20260417165020,2026-04-17 11:20:22.682170,0,1,1,0,False,397,176,0,1,,ART-1
NO_OUT_SCANS,2026-04-16,TRANS202604161746,W202,A185,A185,GRN-20260417140930,2026-04-17 08:51:01.668726,0,309,309,0,False,396,174,0,309,,ART-142|ART-40|ART-258|ART-177|ART-301|ART-43|ART-97|ART-34|ART-304|ART-179|ART-200|ART-69|ART-185|ART-291|ART-226|ART-223|ART-267|ART-274|ART-212|ART-284|ART-298|ART-112|ART-287|ART-22|ART-79|ART-85|ART-232|ART-127|ART-122|ART-68|ART-240|ART-105|ART-121|ART-241|ART-13|ART-168|ART-100|ART-156|ART-202|ART-141|ART-99|ART-215|ART-220|ART-114|ART-48|ART-135|ART-293|ART-272|ART-201|ART-126|ART-25|ART-206|ART-101|ART-198|ART-165|ART-262|ART-164|ART-190|ART-235|ART-217|ART-132|ART-129|ART-143|ART-46|ART-280|ART-98|ART-152|ART-33|ART-63|ART-257|ART-38|ART-193|ART-6|ART-32|ART-109|ART-282|ART-216|ART-96|ART-36|ART-209|ART-120|ART-303|ART-80|ART-71|ART-81|ART-286|ART-259|ART-154|ART-51|ART-125|ART-130|ART-260|ART-219|ART-92|ART-117|ART-104|ART-225|ART-1|ART-145|ART-90|ART-191|ART-124|ART-265|ART-166|ART-50|ART-4|ART-275|ART-157|ART-93|ART-23|ART-153|ART-49|ART-35|ART-247|ART-183|ART-203|ART-58|ART-196|ART-134|ART-150|ART-207|ART-261|ART-102|ART-276|ART-222|ART-82|ART-297|ART-199|ART-12|ART-88|ART-62|ART-292|ART-254|ART-37|ART-263|ART-205|ART-77|ART-59|ART-75|ART-29|ART-47|ART-231|ART-137|ART-87|ART-123|ART-42|ART-174|ART-138|ART-208|ART-188|ART-20|ART-78|ART-139|ART-180|ART-17|ART-243|ART-290|ART-253|ART-251|ART-19|ART-221|ART-21|ART-111|ART-144|ART-70|ART-55|ART-227|ART-128|ART-189|ART-72|ART-228|ART-149|ART-305|ART-187|ART-27|ART-237|ART-270|ART-285|ART-302|ART-116|ART-107|ART-94|ART-66|ART-246|ART-300|ART-308|ART-299|ART-186|ART-133|ART-171|ART-53|ART-31|ART-195|ART-255|ART-57|ART-26|ART-279|ART-41|ART-67|ART-252|ART-136|ART-119|ART-296|ART-167|ART-146|ART-24|ART-108|ART-73|ART-74|ART-295|ART-103|ART-8|ART-16|ART-281|ART-18|ART-211|ART-268|ART-250|ART-15|ART-91|ART-204|ART-288|ART-273|ART-84|ART-147|ART-148|ART-194|ART-277|ART-28|ART-197|ART-115|ART-244|ART-234|ART-264|ART-271|ART-192|ART-233|ART-89|ART-39|ART-151|ART-248|ART-172|ART-14|ART-140|ART-76|ART-266|ART-5|ART-64|ART-161|ART-210|ART-218|ART-118|ART-224|ART-256|ART-7|ART-307|ART-86|ART-178|ART-173|ART-160|ART-162|ART-294|ART-306|ART-61|ART-309|ART-60|ART-238|ART-236|ART-2|ART-181|ART-184|ART-45|ART-213|ART-169|ART-239|ART-269|ART-110|ART-83|ART-278|ART-158|ART-10|ART-229|ART-3|ART-245|ART-95|ART-52|ART-175|ART-249|ART-214|ART-106|ART-283|ART-44|ART-170|ART-163|ART-54|ART-113|ART-159|ART-176|ART-56|ART-182|ART-155|ART-289|ART-230|ART-242|ART-131|ART-9|ART-65|ART-11|ART-30
NO_OUT_SCANS,2026-04-16,TRANS202604161721,W202,F53,F53,GRN-20260417120048,2026-04-17 06:30:50.939134,0,1,1,0,False,395,173,0,1,,ART-1
NO_OUT_SCANS,2026-04-15,TRANS202604151824,W202,A185,A185,GRN-20260416170442,2026-04-16 11:39:05.108546,0,275,275,0,False,393,169,0,275,,ART-142|ART-40|ART-258|ART-177|ART-43|ART-97|ART-34|ART-179|ART-200|ART-69|ART-185|ART-226|ART-223|ART-267|ART-274|ART-212|ART-112|ART-22|ART-79|ART-85|ART-232|ART-127|ART-122|ART-68|ART-240|ART-105|ART-121|ART-241|ART-13|ART-168|ART-100|ART-156|ART-202|ART-141|ART-99|ART-215|ART-220|ART-114|ART-48|ART-135|ART-272|ART-201|ART-126|ART-25|ART-206|ART-101|ART-198|ART-165|ART-262|ART-164|ART-190|ART-235|ART-217|ART-132|ART-129|ART-143|ART-46|ART-98|ART-152|ART-33|ART-63|ART-257|ART-38|ART-193|ART-6|ART-32|ART-109|ART-216|ART-96|ART-36|ART-209|ART-120|ART-80|ART-71|ART-81|ART-259|ART-154|ART-51|ART-125|ART-130|ART-260|ART-219|ART-92|ART-117|ART-104|ART-225|ART-1|ART-145|ART-90|ART-191|ART-124|ART-265|ART-166|ART-50|ART-4|ART-275|ART-157|ART-93|ART-23|ART-153|ART-49|ART-35|ART-247|ART-183|ART-203|ART-58|ART-196|ART-134|ART-150|ART-207|ART-261|ART-102|ART-222|ART-82|ART-199|ART-12|ART-88|ART-62|ART-254|ART-37|ART-263|ART-205|ART-77|ART-59|ART-75|ART-29|ART-47|ART-231|ART-137|ART-87|ART-123|ART-42|ART-174|ART-138|ART-208|ART-188|ART-20|ART-78|ART-139|ART-180|ART-17|ART-243|ART-253|ART-251|ART-19|ART-221|ART-21|ART-111|ART-144|ART-70|ART-55|ART-227|ART-128|ART-189|ART-72|ART-228|ART-149|ART-187|ART-27|ART-237|ART-270|ART-116|ART-107|ART-94|ART-66|ART-246|ART-186|ART-133|ART-171|ART-53|ART-31|ART-195|ART-255|ART-57|ART-26|ART-41|ART-67|ART-252|ART-136|ART-119|ART-167|ART-146|ART-24|ART-108|ART-73|ART-74|ART-103|ART-8|ART-16|ART-18|ART-211|ART-268|ART-250|ART-15|ART-91|ART-204|ART-273|ART-84|ART-147|ART-148|ART-194|ART-28|ART-197|ART-115|ART-244|ART-234|ART-264|ART-271|ART-192|ART-233|ART-89|ART-39|ART-151|ART-248|ART-172|ART-14|ART-140|ART-76|ART-266|ART-5|ART-64|ART-161|ART-210|ART-218|ART-118|ART-224|ART-256|ART-7|ART-86|ART-178|ART-173|ART-160|ART-162|ART-61|ART-60|ART-238|ART-236|ART-2|ART-181|ART-184|ART-45|ART-213|ART-169|ART-239|ART-269|ART-110|ART-83|ART-158|ART-10|ART-229|ART-3|ART-245|ART-95|ART-52|ART-175|ART-249|ART-214|ART-106|ART-44|ART-170|ART-163|ART-54|ART-113|ART-159|ART-176|ART-56|ART-182|ART-155|ART-230|ART-242|ART-131|ART-9|ART-65|ART-11|ART-30
NO_OUT_SCANS,2026-04-15,TRANS202604151454,F53,W202,W202,GRN-20260415171205,2026-04-15 11:42:06.265096,0,1,1,0,False,392,165,0,1,,ART-1
NO_OUT_SCANS,2026-04-15,TRANS202604151310,W202,F53,F53,GRN-20260415152741,2026-04-15 09:57:46.232611,0,103,103,0,False,391,164,0,103,,ART-40|ART-43|ART-97|ART-34|ART-69|ART-22|ART-79|ART-85|ART-68|ART-13|ART-100|ART-99|ART-48|ART-25|ART-101|ART-46|ART-98|ART-33|ART-63|ART-38|ART-6|ART-32|ART-96|ART-36|ART-80|ART-71|ART-81|ART-51|ART-92|ART-1|ART-90|ART-50|ART-4|ART-93|ART-23|ART-49|ART-35|ART-58|ART-102|ART-82|ART-12|ART-88|ART-62|ART-37|ART-77|ART-59|ART-75|ART-29|ART-47|ART-87|ART-42|ART-20|ART-78|ART-17|ART-19|ART-21|ART-70|ART-55|ART-72|ART-27|ART-94|ART-66|ART-53|ART-31|ART-57|ART-26|ART-41|ART-67|ART-24|ART-73|ART-74|ART-103|ART-8|ART-16|ART-18|ART-15|ART-91|ART-84|ART-28|ART-89|ART-39|ART-14|ART-76|ART-5|ART-64|ART-7|ART-86|ART-61|ART-60|ART-2|ART-45|ART-83|ART-10|ART-3|ART-95|ART-52|ART-44|ART-54|ART-56|ART-9|ART-65|ART-11|ART-30
NO_OUT_SCANS,2026-04-15,TRANS202604151241,A185,F53,F53,GRN-20260415152645,2026-04-15 09:56:48.037452,0,2,2,0,False,390,163,0,2,,ART-1|ART-2
NO_OUT_SCANS,2026-04-14,TRANS202604141844,W202,Savla D-39,Savla D-39,GRN-20260416103837,2026-04-16 05:08:42.952707,0,10,10,0,False,389,166,0,10,,ART-6|ART-1|ART-4|ART-8|ART-5|ART-7|ART-2|ART-10|ART-3|ART-9
BOX_ID_MISMATCH,2026-04-14,TRANS202604141818,Savla D-39,W202,W202,GRN-20260415110801,2026-04-17 11:21:35.601028,53,50,-3,0,False,388,161,3,0,90603000-53|90614000-20|90537000-2,
BOX_ID_MISMATCH,2026-04-14,TRANS202604141711,Savla D-39,A185,A185,GRN-20260416165531,2026-04-16 11:34:01.323143,50,49,-1,0,False,387,168,1,0,90590000-50,
NO_OUT_SCANS,2026-04-14,TRANS202604141706,W202,A185,A185,GRN-20260416170936,2026-04-16 11:40:06.658284,0,50,50,0,False,385,170,0,50,,ART-40|ART-43|ART-34|ART-22|ART-13|ART-48|ART-25|ART-46|ART-33|ART-38|ART-6|ART-32|ART-36|ART-1|ART-50|ART-4|ART-23|ART-49|ART-35|ART-12|ART-37|ART-29|ART-47|ART-42|ART-20|ART-17|ART-19|ART-21|ART-27|ART-31|ART-26|ART-41|ART-24|ART-8|ART-16|ART-18|ART-15|ART-28|ART-39|ART-14|ART-5|ART-7|ART-2|ART-45|ART-10|ART-3|ART-44|ART-9|ART-11|ART-30
NO_OUT_SCANS,2026-04-14,TRANS202604141624,W202,F53,F53,GRN-20260415152611,2026-04-15 09:56:18.531029,0,11,11,0,False,384,162,0,11,,ART-6|ART-1|ART-4|ART-8|ART-5|ART-7|ART-2|ART-10|ART-3|ART-9|ART-11
NO_OUT_SCANS,2026-04-14,TRANS202604141617,W202,A185,A185,GRN-20260416171424,2026-04-16 11:44:29.389123,0,10,10,0,False,383,172,0,10,,ART-6|ART-1|ART-4|ART-8|ART-5|ART-7|ART-2|ART-10|ART-3|ART-9
NO_OUT_SCANS,2026-04-14,TRANS202604141550,W202,A185,A185,GRN-20260416171035,2026-04-16 11:44:03.619372,0,350,350,0,False,382,171,0,350,,ART-321|ART-142|ART-333|ART-40|ART-258|ART-177|ART-301|ART-43|ART-97|ART-34|ART-304|ART-179|ART-200|ART-69|ART-311|ART-185|ART-291|ART-226|ART-223|ART-267|ART-274|ART-212|ART-284|ART-298|ART-112|ART-345|ART-287|ART-22|ART-79|ART-85|ART-325|ART-232|ART-127|ART-122|ART-68|ART-240|ART-105|ART-121|ART-241|ART-13|ART-168|ART-100|ART-156|ART-202|ART-141|ART-99|ART-330|ART-215|ART-328|ART-220|ART-114|ART-48|ART-135|ART-293|ART-272|ART-322|ART-201|ART-126|ART-25|ART-206|ART-101|ART-198|ART-165|ART-262|ART-164|ART-190|ART-235|ART-217|ART-132|ART-129|ART-143|ART-46|ART-280|ART-98|ART-338|ART-152|ART-33|ART-316|ART-63|ART-257|ART-38|ART-193|ART-6|ART-32|ART-109|ART-282|ART-216|ART-96|ART-36|ART-209|ART-120|ART-303|ART-80|ART-71|ART-81|ART-286|ART-259|ART-154|ART-51|ART-125|ART-130|ART-260|ART-219|ART-92|ART-117|ART-104|ART-347|ART-225|ART-1|ART-145|ART-90|ART-313|ART-191|ART-312|ART-124|ART-265|ART-166|ART-331|ART-50|ART-4|ART-275|ART-157|ART-93|ART-23|ART-153|ART-49|ART-35|ART-247|ART-183|ART-203|ART-58|ART-196|ART-134|ART-150|ART-207|ART-261|ART-102|ART-276|ART-222|ART-82|ART-297|ART-199|ART-12|ART-88|ART-62|ART-292|ART-339|ART-254|ART-37|ART-263|ART-205|ART-77|ART-59|ART-75|ART-29|ART-47|ART-231|ART-137|ART-87|ART-123|ART-42|ART-174|ART-348|ART-343|ART-138|ART-208|ART-188|ART-20|ART-78|ART-139|ART-350|ART-180|ART-17|ART-243|ART-290|ART-253|ART-251|ART-19|ART-221|ART-21|ART-111|ART-144|ART-70|ART-55|ART-227|ART-128|ART-189|ART-72|ART-228|ART-149|ART-305|ART-187|ART-27|ART-237|ART-270|ART-285|ART-302|ART-116|ART-107|ART-341|ART-94|ART-66|ART-246|ART-346|ART-300|ART-329|ART-308|ART-327|ART-299|ART-186|ART-133|ART-326|ART-171|ART-53|ART-31|ART-314|ART-195|ART-255|ART-57|ART-26|ART-323|ART-279|ART-41|ART-67|ART-252|ART-136|ART-119|ART-296|ART-167|ART-146|ART-24|ART-108|ART-73|ART-74|ART-295|ART-103|ART-8|ART-334|ART-16|ART-281|ART-18|ART-211|ART-268|ART-250|ART-15|ART-91|ART-204|ART-288|ART-273|ART-84|ART-147|ART-315|ART-148|ART-317|ART-324|ART-194|ART-277|ART-28|ART-197|ART-115|ART-244|ART-234|ART-264|ART-319|ART-271|ART-192|ART-233|ART-89|ART-344|ART-39|ART-151|ART-318|ART-248|ART-336|ART-172|ART-14|ART-140|ART-76|ART-266|ART-5|ART-64|ART-161|ART-210|ART-218|ART-118|ART-224|ART-256|ART-7|ART-307|ART-86|ART-178|ART-173|ART-160|ART-162|ART-294|ART-349|ART-306|ART-310|ART-332|ART-337|ART-61|ART-342|ART-309|ART-60|ART-238|ART-236|ART-320|ART-2|ART-181|ART-184|ART-45|ART-213|ART-169|ART-239|ART-335|ART-269|ART-110|ART-83|ART-278|ART-158|ART-10|ART-229|ART-3|ART-245|ART-95|ART-52|ART-175|ART-249|ART-214|ART-106|ART-283|ART-340|ART-44|ART-170|ART-163|ART-54|ART-113|ART-159|ART-176|ART-56|ART-182|ART-155|ART-289|ART-230|ART-242|ART-131|ART-9|ART-65|ART-11|ART-30
NO_OUT_SCANS,2026-04-14,TRANS202604141603,A185,W202,W202,GRN-20260414171142,2026-04-14 11:41:51.166855,0,48,48,0,False,381,160,0,48,,ART-40|ART-43|ART-34|ART-22|ART-13|ART-48|ART-25|ART-46|ART-33|ART-38|ART-6|ART-32|ART-36|ART-1|ART-4|ART-23|ART-35|ART-12|ART-37|ART-29|ART-47|ART-42|ART-20|ART-17|ART-19|ART-21|ART-27|ART-31|ART-26|ART-41|ART-24|ART-8|ART-16|ART-18|ART-15|ART-28|ART-39|ART-14|ART-5|ART-7|ART-2|ART-45|ART-10|ART-3|ART-44|ART-9|ART-11|ART-30
BOX_ID_MISMATCH,2026-04-14,TRANS202604141019,Savla D-39,W202,W202,GRN-20260414171109,2026-04-14 11:41:22.237464,16,15,-1,0,False,380,159,1,0,90589000-13,
NO_OUT_SCANS,2026-04-13,TRANS202604131602,W202,F53,F53,GRN-20260414121405,2026-04-14 06:44:07.222472,0,2,2,0,False,379,157,0,2,,ART-1|ART-2
NO_OUT_SCANS,2026-04-13,TRANS202604131355,W202,F53,F53,GRN-20260414121341,2026-04-14 06:43:44.917826,0,50,50,0,False,378,156,0,50,,ART-40|ART-43|ART-34|ART-22|ART-13|ART-48|ART-25|ART-46|ART-33|ART-38|ART-6|ART-32|ART-36|ART-1|ART-50|ART-4|ART-23|ART-49|ART-35|ART-12|ART-37|ART-29|ART-47|ART-42|ART-20|ART-17|ART-19|ART-21|ART-27|ART-31|ART-26|ART-41|ART-24|ART-8|ART-16|ART-18|ART-15|ART-28|ART-39|ART-14|ART-5|ART-7|ART-2|ART-45|ART-10|ART-3|ART-44|ART-9|ART-11|ART-30
NO_OUT_SCANS,2026-04-13,TRANS202604131254,A185,W202,W202,GRN-20260413152750,2026-04-13 09:57:56.802090,0,50,50,0,False,377,153,0,50,,ART-40|ART-43|ART-34|ART-22|ART-13|ART-48|ART-25|ART-46|ART-33|ART-38|ART-6|ART-32|ART-36|ART-1|ART-50|ART-4|ART-23|ART-49|ART-35|ART-12|ART-37|ART-29|ART-47|ART-42|ART-20|ART-17|ART-19|ART-21|ART-27|ART-31|ART-26|ART-41|ART-24|ART-8|ART-16|ART-18|ART-15|ART-28|ART-39|ART-14|ART-5|ART-7|ART-2|ART-45|ART-10|ART-3|ART-44|ART-9|ART-11|ART-30
BOX_ID_MISMATCH,2026-04-13,TRANS202604131045,Savla D-39,W202,W202,GRN-20260414101854,2026-04-14 04:48:59.543006,91,90,-1,0,False,376,154,1,0,90665000-91,
BOX_ID_MISMATCH,2026-04-13,TRANS202604131042,Savla D-514,W202,W202,GRN-20260413111925,2026-04-14 04:49:25.479926,309,307,-2,0,False,375,152,2,0,90619000-90|90596000-9,
BOX_ID_MISMATCH,2026-04-11,TRANS202604111724,Savla D-39,W202,W202,GRN-20260411173112,2026-04-13 10:34:12.772007,29,26,-3,0,False,374,151,3,0,90645000-1|90584000-4|90603000-23,
NO_OUT_SCANS,2026-04-11,TRANS202604111645,F53,W202,W202,GRN-20260411172423,2026-04-11 11:54:26.833628,0,10,10,0,False,373,149,0,10,,ART-6|ART-1|ART-4|ART-8|ART-5|ART-7|ART-2|ART-10|ART-3|ART-9
NO_OUT_SCANS,2026-04-11,TRANS202604111354,A185,F53,F53,GRN-20260411164507,2026-04-11 11:15:10.212788,0,2,2,0,False,372,146,0,2,,ART-1|ART-2
NO_OUT_SCANS,2026-04-11,TRANS202604111346,A185,W202,W202,GRN-20260411172258,2026-04-11 11:53:00.834625,0,29,29,0,False,371,148,0,29,,ART-22|ART-13|ART-25|ART-6|ART-1|ART-4|ART-23|ART-12|ART-29|ART-20|ART-17|ART-19|ART-21|ART-27|ART-26|ART-24|ART-8|ART-16|ART-18|ART-15|ART-28|ART-14|ART-5|ART-7|ART-2|ART-10|ART-3|ART-9|ART-11
NO_OUT_SCANS,2026-04-10,TRANS202604101815,W202,Savla D-514,Savla D-514,GRN-20260411173018,2026-04-11 12:00:31.901124,0,134,134,0,False,370,150,0,134,,ART-40|ART-43|ART-97|ART-34|ART-69|ART-112|ART-22|ART-79|ART-85|ART-127|ART-122|ART-68|ART-105|ART-121|ART-13|ART-100|ART-99|ART-114|ART-48|ART-126|ART-25|ART-101|ART-132|ART-129|ART-46|ART-98|ART-33|ART-63|ART-38|ART-6|ART-32|ART-109|ART-96|ART-36|ART-120|ART-80|ART-71|ART-81|ART-51|ART-125|ART-130|ART-92|ART-117|ART-104|ART-1|ART-90|ART-124|ART-50|ART-4|ART-93|ART-23|ART-49|ART-35|ART-58|ART-134|ART-102|ART-82|ART-12|ART-88|ART-62|ART-37|ART-77|ART-59|ART-75|ART-29|ART-47|ART-87|ART-123|ART-42|ART-20|ART-78|ART-17|ART-19|ART-21|ART-111|ART-70|ART-55|ART-128|ART-72|ART-27|ART-116|ART-107|ART-94|ART-66|ART-133|ART-53|ART-31|ART-57|ART-26|ART-41|ART-67|ART-119|ART-24|ART-108|ART-73|ART-74|ART-103|ART-8|ART-16|ART-18|ART-15|ART-91|ART-84|ART-28|ART-115|ART-89|ART-39|ART-14|ART-76|ART-5|ART-64|ART-118|ART-7|ART-86|ART-61|ART-60|ART-2|ART-45|ART-110|ART-83|ART-10|ART-3|ART-95|ART-52|ART-106|ART-44|ART-54|ART-113|ART-56|ART-131|ART-9|ART-65|ART-11|ART-30
NO_OUT_SCANS,2026-04-10,TRANS202604101813,W202,F53,F53,GRN-20260414121251,2026-04-14 06:42:54.563211,0,1,1,0,False,369,155,0,1,,ART-1
NO_OUT_SCANS,2026-04-10,TRANS202604101517,A185,W202,W202,GRN-20260411172136,2026-04-11 11:52:20.325374,0,120,120,1,False,368,147,0,120,,ART-40|ART-43|ART-97|ART-34|ART-69|ART-112|ART-22|ART-79|ART-85|ART-68|ART-105|ART-13|ART-100|ART-99|ART-114|ART-48|ART-25|ART-101|ART-46|ART-98|ART-33|ART-63|ART-38|ART-6|ART-32|ART-109|ART-96|ART-36|ART-120|ART-80|ART-71|ART-81|ART-51|ART-92|ART-117|ART-104|ART-1|ART-90|ART-50|ART-4|ART-93|ART-23|ART-49|ART-35|ART-58|ART-102|ART-82|ART-12|ART-88|ART-62|ART-37|ART-77|ART-59|ART-75|ART-29|ART-47|ART-87|ART-42|ART-20|ART-78|ART-17|ART-19|ART-21|ART-111|ART-70|ART-55|ART-72|ART-27|ART-116|ART-107|ART-94|ART-66|ART-53|ART-31|ART-57|ART-26|ART-41|ART-67|ART-119|ART-24|ART-108|ART-73|ART-74|ART-103|ART-8|ART-16|ART-18|ART-15|ART-91|ART-84|ART-28|ART-115|ART-89|ART-39|ART-14|ART-76|ART-5|ART-64|ART-118|ART-7|ART-86|ART-61|ART-60|ART-2|ART-45|ART-110|ART-83|ART-10|ART-3|ART-95|ART-52|ART-106|ART-44|ART-54|ART-113|ART-56|ART-9|ART-65|ART-11|ART-30
NO_OUT_SCANS,2026-04-10,TRANS202604101417,W202,A185,A185,GRN-20260410152710,2026-04-10 09:57:13.806889,0,86,86,0,False,367,144,0,86,,ART-40|ART-43|ART-34|ART-69|ART-22|ART-79|ART-85|ART-68|ART-13|ART-48|ART-25|ART-46|ART-33|ART-63|ART-38|ART-6|ART-32|ART-36|ART-80|ART-71|ART-81|ART-51|ART-1|ART-50|ART-4|ART-23|ART-49|ART-35|ART-58|ART-82|ART-12|ART-62|ART-37|ART-77|ART-59|ART-75|ART-29|ART-47|ART-42|ART-20|ART-78|ART-17|ART-19|ART-21|ART-70|ART-55|ART-72|ART-27|ART-66|ART-53|ART-31|ART-57|ART-26|ART-41|ART-67|ART-24|ART-73|ART-74|ART-8|ART-16|ART-18|ART-15|ART-84|ART-28|ART-39|ART-14|ART-76|ART-5|ART-64|ART-7|ART-86|ART-61|ART-60|ART-2|ART-45|ART-83|ART-10|ART-3|ART-52|ART-44|ART-54|ART-56|ART-9|ART-65|ART-11|ART-30
NO_OUT_SCANS,2026-04-10,TRANS202604101302,F53,W202,W202,GRN-20260410141506,2026-04-10 08:45:10.363496,0,9,9,0,False,366,141,0,9,,ART-6|ART-1|ART-4|ART-8|ART-5|ART-7|ART-2|ART-3|ART-9
NO_OUT_SCANS,2026-04-10,TRANS202604101220,A185,F53,F53,GRN-20260410160211,2026-04-10 10:32:15.334772,0,10,10,0,False,365,145,0,10,,ART-6|ART-1|ART-4|ART-8|ART-5|ART-7|ART-2|ART-10|ART-3|ART-9
NO_OUT_SCANS,2026-04-10,TRANS202604101218,A185,W202,W202,GRN-20260410141708,2026-04-10 08:47:18.347667,0,50,50,0,False,364,143,0,50,,ART-40|ART-43|ART-34|ART-22|ART-13|ART-48|ART-25|ART-46|ART-33|ART-38|ART-6|ART-32|ART-36|ART-1|ART-50|ART-4|ART-23|ART-49|ART-35|ART-12|ART-37|ART-29|ART-47|ART-42|ART-20|ART-17|ART-19|ART-21|ART-27|ART-31|ART-26|ART-41|ART-24|ART-8|ART-16|ART-18|ART-15|ART-28|ART-39|ART-14|ART-5|ART-7|ART-2|ART-45|ART-10|ART-3|ART-44|ART-9|ART-11|ART-30
NO_OUT_SCANS,2026-04-10,TRANS202604101205,A185,W202,W202,GRN-20260410141637,2026-04-10 08:46:42.485517,0,1,1,1,False,363,142,0,1,,ART-1
NO_OUT_SCANS,2026-04-09,TRANS202604091858,W202,A185,A185,GRN-20260410121750,2026-04-10 06:47:57.050803,0,450,450,0,False,362,140,0,450,,ART-321|ART-142|ART-333|ART-40|ART-258|ART-177|ART-301|ART-43|ART-97|ART-34|ART-304|ART-179|ART-200|ART-69|ART-311|ART-185|ART-291|ART-226|ART-223|ART-267|ART-392|ART-381|ART-274|ART-212|ART-284|ART-298|ART-112|ART-345|ART-287|ART-22|ART-79|ART-399|ART-85|ART-368|ART-325|ART-232|ART-127|ART-122|ART-363|ART-68|ART-240|ART-105|ART-121|ART-241|ART-13|ART-168|ART-437|ART-100|ART-156|ART-444|ART-427|ART-389|ART-202|ART-141|ART-445|ART-99|ART-422|ART-330|ART-215|ART-362|ART-328|ART-442|ART-220|ART-114|ART-387|ART-48|ART-135|ART-293|ART-272|ART-396|ART-322|ART-201|ART-390|ART-126|ART-25|ART-206|ART-101|ART-198|ART-410|ART-165|ART-262|ART-164|ART-367|ART-429|ART-190|ART-235|ART-217|ART-132|ART-129|ART-376|ART-143|ART-46|ART-280|ART-98|ART-338|ART-152|ART-33|ART-316|ART-382|ART-377|ART-63|ART-366|ART-257|ART-359|ART-38|ART-193|ART-385|ART-6|ART-32|ART-109|ART-282|ART-216|ART-96|ART-404|ART-356|ART-36|ART-209|ART-120|ART-303|ART-431|ART-80|ART-408|ART-71|ART-81|ART-286|ART-259|ART-412|ART-372|ART-154|ART-51|ART-125|ART-130|ART-260|ART-219|ART-92|ART-418|ART-117|ART-104|ART-347|ART-384|ART-225|ART-1|ART-145|ART-90|ART-313|ART-191|ART-312|ART-400|ART-124|ART-265|ART-166|ART-331|ART-50|ART-4|ART-275|ART-157|ART-93|ART-23|ART-153|ART-49|ART-35|ART-438|ART-247|ART-183|ART-203|ART-450|ART-58|ART-196|ART-134|ART-150|ART-207|ART-261|ART-102|ART-420|ART-276|ART-371|ART-222|ART-82|ART-374|ART-297|ART-199|ART-12|ART-88|ART-449|ART-62|ART-292|ART-339|ART-254|ART-37|ART-263|ART-369|ART-205|ART-77|ART-59|ART-423|ART-441|ART-351|ART-75|ART-29|ART-435|ART-47|ART-434|ART-443|ART-409|ART-231|ART-137|ART-87|ART-123|ART-42|ART-174|ART-348|ART-343|ART-138|ART-208|ART-188|ART-393|ART-20|ART-383|ART-401|ART-391|ART-78|ART-139|ART-350|ART-180|ART-17|ART-354|ART-357|ART-243|ART-290|ART-253|ART-251|ART-19|ART-358|ART-221|ART-21|ART-111|ART-144|ART-70|ART-55|ART-447|ART-370|ART-227|ART-128|ART-189|ART-386|ART-72|ART-228|ART-149|ART-436|ART-361|ART-305|ART-187|ART-364|ART-395|ART-27|ART-237|ART-270|ART-432|ART-285|ART-302|ART-413|ART-116|ART-425|ART-107|ART-341|ART-360|ART-94|ART-66|ART-415|ART-246|ART-346|ART-300|ART-329|ART-308|ART-327|ART-299|ART-186|ART-133|ART-394|ART-326|ART-171|ART-53|ART-31|ART-314|ART-195|ART-255|ART-57|ART-26|ART-440|ART-323|ART-279|ART-41|ART-67|ART-252|ART-430|ART-403|ART-136|ART-119|ART-296|ART-167|ART-146|ART-24|ART-108|ART-355|ART-428|ART-73|ART-74|ART-295|ART-103|ART-8|ART-334|ART-16|ART-281|ART-18|ART-211|ART-268|ART-250|ART-15|ART-91|ART-204|ART-288|ART-273|ART-433|ART-84|ART-147|ART-315|ART-148|ART-317|ART-324|ART-194|ART-277|ART-28|ART-197|ART-448|ART-373|ART-115|ART-244|ART-234|ART-264|ART-319|ART-271|ART-192|ART-233|ART-89|ART-344|ART-39|ART-151|ART-318|ART-248|ART-398|ART-336|ART-172|ART-14|ART-140|ART-76|ART-266|ART-424|ART-5|ART-64|ART-426|ART-417|ART-161|ART-210|ART-416|ART-218|ART-118|ART-224|ART-256|ART-7|ART-307|ART-375|ART-86|ART-178|ART-173|ART-160|ART-421|ART-380|ART-439|ART-353|ART-352|ART-162|ART-294|ART-349|ART-405|ART-306|ART-310|ART-388|ART-332|ART-337|ART-446|ART-61|ART-342|ART-309|ART-60|ART-238|ART-236|ART-406|ART-397|ART-320|ART-2|ART-181|ART-184|ART-378|ART-45|ART-213|ART-169|ART-239|ART-419|ART-335|ART-379|ART-269|ART-110|ART-83|ART-278|ART-158|ART-10|ART-229|ART-3|ART-245|ART-95|ART-52|ART-175|ART-249|ART-214|ART-106|ART-283|ART-340|ART-44|ART-170|ART-163|ART-54|ART-113|ART-159|ART-176|ART-56|ART-182|ART-155|ART-289|ART-230|ART-242|ART-131|ART-9|ART-65|ART-402|ART-414|ART-11|ART-30|ART-411|ART-365|ART-407
NO_OUT_SCANS,2026-04-09,TRANS202604091323,W202,F53,F53,GRN-20260409141806,2026-04-09 08:48:10.294391,0,2,2,0,False,361,137,0,2,,ART-1|ART-2
NO_OUT_SCANS,2026-04-09,TRANS202604091243,A185,F53,F53,GRN-20260409142336,2026-04-09 08:57:35.777387,0,3,3,2,False,360,138,0,3,,ART-1|ART-2|ART-3
NO_OUT_SCANS,2026-04-09,TRANS202604091240,A185,W202,W202,GRN-20260409133204,2026-04-09 08:02:12.114373,0,58,58,1,False,359,136,0,58,,ART-19|ART-40|ART-21|ART-43|ART-34|ART-55|ART-27|ART-22|ART-13|ART-53|ART-31|ART-57|ART-26|ART-48|ART-41|ART-24|ART-25|ART-8|ART-16|ART-18|ART-15|ART-46|ART-33|ART-28|ART-38|ART-6|ART-32|ART-36|ART-39|ART-14|ART-51|ART-5|ART-1|ART-7|ART-50|ART-4|ART-23|ART-49|ART-35|ART-58|ART-2|ART-45|ART-12|ART-10|ART-37|ART-3|ART-52|ART-29|ART-44|ART-54|ART-47|ART-56|ART-42|ART-9|ART-11|ART-30|ART-20|ART-17
NO_OUT_SCANS,2026-04-09,TRANS202604071931,W202,A185,A185,GRN-20260409125759,2026-04-09 07:28:00.369753,0,2,2,0,False,358,135,0,2,,ART-1|ART-2
NO_OUT_SCANS,2026-04-08,TRANS202604081532,W202,F53,F53,GRN-20260409183937,2026-04-09 13:09:40.300956,0,10,10,0,False,357,139,0,10,,ART-8|ART-6|ART-5|ART-1|ART-7|ART-4|ART-2|ART-10|ART-3|ART-9
NO_OUT_SCANS,2026-04-08,TRANS202604071301,W202,A185,A185,GRN-20260409125738,2026-04-09 07:27:42.054572,0,35,35,0,False,356,134,0,35,,ART-19|ART-21|ART-34|ART-27|ART-22|ART-13|ART-31|ART-26|ART-24|ART-25|ART-8|ART-16|ART-18|ART-15|ART-33|ART-28|ART-6|ART-32|ART-14|ART-5|ART-1|ART-7|ART-4|ART-23|ART-35|ART-2|ART-12|ART-10|ART-3|ART-29|ART-9|ART-11|ART-30|ART-20|ART-17
NO_OUT_SCANS,2026-04-07,TRANS202604071714,F53,W202,W202,GRN-20260409112700,2026-04-09 05:57:03.261324,0,6,6,0,False,355,130,0,6,,ART-6|ART-5|ART-1|ART-4|ART-2|ART-3
NO_OUT_SCANS,2026-04-07,TRANS202604071408,W202,Savla D-514,Savla D-514,GRN-20260407145157,2026-04-07 09:25:45.723669,0,178,178,0,False,354,126,0,178,,ART-142|ART-19|ART-40|ART-177|ART-21|ART-43|ART-111|ART-144|ART-97|ART-34|ART-70|ART-55|ART-128|ART-69|ART-72|ART-149|ART-27|ART-112|ART-116|ART-107|ART-22|ART-79|ART-94|ART-66|ART-85|ART-127|ART-122|ART-68|ART-105|ART-121|ART-13|ART-168|ART-133|ART-100|ART-156|ART-141|ART-99|ART-171|ART-53|ART-31|ART-114|ART-57|ART-26|ART-48|ART-41|ART-67|ART-136|ART-135|ART-119|ART-167|ART-146|ART-24|ART-108|ART-73|ART-126|ART-25|ART-74|ART-103|ART-8|ART-101|ART-16|ART-165|ART-18|ART-164|ART-15|ART-91|ART-132|ART-129|ART-143|ART-84|ART-147|ART-148|ART-46|ART-98|ART-152|ART-33|ART-63|ART-28|ART-38|ART-115|ART-6|ART-32|ART-109|ART-96|ART-36|ART-120|ART-80|ART-89|ART-71|ART-39|ART-151|ART-81|ART-172|ART-14|ART-154|ART-140|ART-51|ART-125|ART-76|ART-130|ART-5|ART-92|ART-64|ART-117|ART-161|ART-104|ART-118|ART-1|ART-145|ART-90|ART-7|ART-86|ART-124|ART-166|ART-178|ART-50|ART-173|ART-160|ART-4|ART-157|ART-93|ART-162|ART-23|ART-153|ART-49|ART-35|ART-58|ART-134|ART-150|ART-61|ART-60|ART-2|ART-102|ART-45|ART-169|ART-82|ART-110|ART-83|ART-12|ART-88|ART-62|ART-158|ART-10|ART-37|ART-3|ART-77|ART-59|ART-95|ART-52|ART-175|ART-75|ART-29|ART-106|ART-44|ART-170|ART-163|ART-54|ART-47|ART-113|ART-159|ART-137|ART-176|ART-56|ART-87|ART-155|ART-123|ART-42|ART-174|ART-131|ART-9|ART-65|ART-138|ART-11|ART-30|ART-20|ART-78|ART-139|ART-17
NO_OUT_SCANS,2026-04-07,TRANS202604071331,W202,F53,F53,GRN-20260407150004,2026-04-07 09:30:10.339134,0,35,35,0,False,353,127,0,35,,ART-19|ART-21|ART-34|ART-27|ART-22|ART-13|ART-31|ART-26|ART-24|ART-25|ART-8|ART-16|ART-18|ART-15|ART-33|ART-28|ART-6|ART-32|ART-14|ART-5|ART-1|ART-7|ART-4|ART-23|ART-35|ART-2|ART-12|ART-10|ART-3|ART-29|ART-9|ART-11|ART-30|ART-20|ART-17
NO_OUT_SCANS,2026-04-07,TRANS202604071259,W202,F53,F53,GRN-20260407150042,2026-04-07 09:30:44.338195,0,2,2,0,False,352,128,0,2,,ART-1|ART-2
NO_OUT_SCANS,2026-04-07,TRANS202604071256,W202,A185,A185,GRN-20260409125714,2026-04-09 07:27:17.537173,0,24,24,0,False,351,133,0,24,,ART-19|ART-21|ART-22|ART-13|ART-24|ART-8|ART-16|ART-18|ART-15|ART-6|ART-14|ART-5|ART-1|ART-7|ART-4|ART-23|ART-2|ART-12|ART-10|ART-3|ART-9|ART-11|ART-20|ART-17
NO_OUT_SCANS,2026-04-07,TRANS202604071254,W202,A185,A185,GRN-20260409125658,2026-04-09 07:27:00.718728,0,1,1,0,False,350,132,0,1,,ART-1
NO_OUT_SCANS,2026-04-06,TRANS202604061739,W202,A185,A185,GRN-20260409125639,2026-04-09 07:26:41.200966,0,14,14,0,False,349,131,0,14,,ART-13|ART-8|ART-6|ART-14|ART-5|ART-1|ART-7|ART-4|ART-2|ART-12|ART-10|ART-3|ART-9|ART-11
NO_OUT_SCANS,2026-04-06,TRANS202604061420,A185,W202,W202,GRN-20260407140753,2026-04-07 08:37:55.949212,0,26,26,0,False,348,125,0,26,,ART-19|ART-21|ART-22|ART-13|ART-26|ART-24|ART-25|ART-8|ART-16|ART-18|ART-15|ART-6|ART-14|ART-5|ART-1|ART-7|ART-4|ART-23|ART-2|ART-12|ART-10|ART-3|ART-9|ART-11|ART-20|ART-17
NO_OUT_SCANS,2026-04-05,TRANS202604051421,W202,A185,A185,GRN-20260406135259,2026-04-06 08:22:59.400805,0,21,21,0,False,347,117,0,21,,ART-19|ART-21|ART-13|ART-8|ART-16|ART-18|ART-15|ART-6|ART-14|ART-5|ART-1|ART-7|ART-4|ART-2|ART-12|ART-10|ART-3|ART-9|ART-11|ART-20|ART-17
NO_OUT_SCANS,2026-04-04,TRANS202604041821,W202,A185,A185,GRN-20260406135314,2026-04-06 08:23:15.392327,0,41,41,0,False,345,118,0,41,,ART-19|ART-40|ART-21|ART-34|ART-27|ART-22|ART-13|ART-31|ART-26|ART-41|ART-24|ART-25|ART-8|ART-16|ART-18|ART-15|ART-33|ART-28|ART-38|ART-6|ART-32|ART-36|ART-39|ART-14|ART-5|ART-1|ART-7|ART-4|ART-23|ART-35|ART-2|ART-12|ART-10|ART-37|ART-3|ART-29|ART-9|ART-11|ART-30|ART-20|ART-17
NO_OUT_SCANS,2026-04-04,TRANS202604041215,W202,A185,A185,GRN-20260404175448,2026-04-04 12:24:54.845240,0,39,39,0,False,344,115,0,39,,ART-19|ART-21|ART-34|ART-27|ART-22|ART-13|ART-31|ART-26|ART-24|ART-25|ART-8|ART-16|ART-18|ART-15|ART-33|ART-28|ART-38|ART-6|ART-32|ART-36|ART-39|ART-14|ART-5|ART-1|ART-7|ART-4|ART-23|ART-35|ART-2|ART-12|ART-10|ART-37|ART-3|ART-29|ART-9|ART-11|ART-30|ART-20|ART-17
NO_OUT_SCANS,2026-04-04,TRANS202604041151,W202,F53,F53,GRN-20260404134415,2026-04-04 08:14:31.632214,0,50,50,0,False,343,114,0,50,,ART-19|ART-40|ART-21|ART-43|ART-34|ART-27|ART-22|ART-13|ART-31|ART-26|ART-48|ART-41|ART-24|ART-25|ART-8|ART-16|ART-18|ART-15|ART-46|ART-33|ART-28|ART-38|ART-6|ART-32|ART-36|ART-39|ART-14|ART-5|ART-1|ART-7|ART-50|ART-4|ART-23|ART-49|ART-35|ART-2|ART-45|ART-12|ART-10|ART-37|ART-3|ART-29|ART-44|ART-47|ART-42|ART-9|ART-11|ART-30|ART-20|ART-17
NO_OUT_SCANS,2026-04-04,TRANS202604041142,A185,W202,W202,GRN-20260405142033,2026-04-05 08:50:36.631176,0,20,20,0,False,342,116,0,20,,ART-19|ART-13|ART-8|ART-16|ART-18|ART-15|ART-6|ART-14|ART-5|ART-1|ART-7|ART-4|ART-2|ART-12|ART-10|ART-3|ART-9|ART-11|ART-20|ART-17
NO_OUT_SCANS,2026-04-03,TRANS202604031831,W202,Savla D-39,Savla D-39,GRN-20260407130640,2026-04-07 07:37:16.706026,0,30,30,0,False,341,122,0,30,,ART-19|ART-21|ART-27|ART-22|ART-13|ART-26|ART-24|ART-25|ART-8|ART-16|ART-18|ART-15|ART-28|ART-6|ART-14|ART-5|ART-1|ART-7|ART-4|ART-23|ART-2|ART-12|ART-10|ART-3|ART-29|ART-9|ART-11|ART-30|ART-20|ART-17
NO_OUT_SCANS,2026-04-03,TRANS202604031828,W202,Savla D-514,Savla D-514,GRN-20260407130334,2026-04-07 07:36:15.967726,0,201,201,0,False,340,121,0,201,,ART-142|ART-19|ART-40|ART-177|ART-21|ART-43|ART-111|ART-144|ART-97|ART-34|ART-70|ART-55|ART-179|ART-200|ART-128|ART-189|ART-69|ART-72|ART-149|ART-185|ART-187|ART-27|ART-112|ART-116|ART-107|ART-22|ART-79|ART-94|ART-66|ART-85|ART-127|ART-122|ART-68|ART-105|ART-186|ART-121|ART-13|ART-168|ART-133|ART-100|ART-156|ART-141|ART-99|ART-171|ART-53|ART-31|ART-195|ART-114|ART-57|ART-26|ART-48|ART-41|ART-67|ART-136|ART-135|ART-119|ART-167|ART-146|ART-24|ART-108|ART-201|ART-73|ART-126|ART-25|ART-74|ART-103|ART-8|ART-101|ART-16|ART-198|ART-165|ART-18|ART-164|ART-15|ART-91|ART-190|ART-132|ART-129|ART-143|ART-84|ART-147|ART-148|ART-46|ART-194|ART-98|ART-152|ART-33|ART-63|ART-28|ART-197|ART-38|ART-193|ART-115|ART-6|ART-32|ART-109|ART-96|ART-36|ART-120|ART-80|ART-192|ART-89|ART-71|ART-39|ART-151|ART-81|ART-172|ART-14|ART-154|ART-140|ART-51|ART-125|ART-76|ART-130|ART-5|ART-92|ART-64|ART-117|ART-161|ART-104|ART-118|ART-1|ART-145|ART-90|ART-7|ART-191|ART-86|ART-124|ART-166|ART-178|ART-50|ART-173|ART-160|ART-4|ART-157|ART-93|ART-162|ART-23|ART-153|ART-49|ART-35|ART-183|ART-58|ART-196|ART-134|ART-150|ART-61|ART-60|ART-2|ART-102|ART-181|ART-184|ART-45|ART-169|ART-82|ART-110|ART-83|ART-199|ART-12|ART-88|ART-62|ART-158|ART-10|ART-37|ART-3|ART-77|ART-59|ART-95|ART-52|ART-175|ART-75|ART-29|ART-106|ART-44|ART-170|ART-163|ART-54|ART-47|ART-113|ART-159|ART-137|ART-176|ART-56|ART-87|ART-182|ART-155|ART-123|ART-42|ART-174|ART-131|ART-9|ART-65|ART-138|ART-11|ART-30|ART-188|ART-20|ART-78|ART-139|ART-180|ART-17
NO_OUT_SCANS,2026-04-03,TRANS202604031555,W202,F53,F53,GRN-20260404134322,2026-04-04 08:13:24.573298,0,1,1,0,False,339,113,0,1,,ART-1
NO_OUT_SCANS,2026-04-03,TRANS202604031245,A185,W202,W202,GRN-20260403153541,2026-04-03 10:05:45.893463,0,60,60,0,False,338,104,0,60,,ART-19|ART-40|ART-21|ART-43|ART-34|ART-55|ART-27|ART-22|ART-13|ART-53|ART-31|ART-57|ART-26|ART-48|ART-41|ART-24|ART-25|ART-8|ART-16|ART-18|ART-15|ART-46|ART-33|ART-28|ART-38|ART-6|ART-32|ART-36|ART-39|ART-14|ART-51|ART-5|ART-1|ART-7|ART-50|ART-4|ART-23|ART-49|ART-35|ART-58|ART-60|ART-2|ART-45|ART-12|ART-10|ART-37|ART-3|ART-59|ART-52|ART-29|ART-44|ART-54|ART-47|ART-56|ART-42|ART-9|ART-11|ART-30|ART-20|ART-17
NO_OUT_SCANS,2026-04-03,TRANS202604031413,W202,A185,A185,GRN-20260404114927,2026-04-04 06:21:01.190542,0,80,80,0,False,337,109,0,80,,ART-19|ART-40|ART-21|ART-43|ART-34|ART-70|ART-55|ART-69|ART-72|ART-27|ART-22|ART-79|ART-66|ART-68|ART-13|ART-53|ART-31|ART-57|ART-26|ART-48|ART-41|ART-67|ART-24|ART-73|ART-25|ART-74|ART-8|ART-16|ART-18|ART-15|ART-46|ART-33|ART-63|ART-28|ART-38|ART-6|ART-32|ART-36|ART-80|ART-71|ART-39|ART-14|ART-51|ART-76|ART-5|ART-64|ART-1|ART-7|ART-50|ART-4|ART-23|ART-49|ART-35|ART-58|ART-61|ART-60|ART-2|ART-45|ART-12|ART-62|ART-10|ART-37|ART-3|ART-77|ART-59|ART-52|ART-75|ART-29|ART-44|ART-54|ART-47|ART-56|ART-42|ART-9|ART-65|ART-11|ART-30|ART-20|ART-78|ART-17
NO_OUT_SCANS,2026-04-03,TRANS202604031402,W202,A185,A185,GRN-20260404114833,2026-04-04 06:18:41.008404,0,9,9,0,False,336,108,0,9,,ART-8|ART-6|ART-5|ART-1|ART-7|ART-4|ART-2|ART-3|ART-9
NO_OUT_SCANS,2026-04-03,TRANS202604031355,W202,A185,A185,GRN-20260404114709,2026-04-04 06:17:29.828351,0,23,23,0,False,335,107,0,23,,ART-19|ART-21|ART-22|ART-13|ART-8|ART-16|ART-18|ART-15|ART-6|ART-14|ART-5|ART-1|ART-7|ART-4|ART-23|ART-2|ART-12|ART-10|ART-3|ART-9|ART-11|ART-20|ART-17
NO_OUT_SCANS,2026-04-03,TRANS202604031135,W202,F53,F53,GRN-20260404134236,2026-04-04 08:12:42.469389,0,44,44,0,False,334,112,0,44,,ART-19|ART-40|ART-21|ART-43|ART-34|ART-27|ART-22|ART-13|ART-31|ART-26|ART-41|ART-24|ART-25|ART-8|ART-16|ART-18|ART-15|ART-33|ART-28|ART-38|ART-6|ART-32|ART-36|ART-39|ART-14|ART-5|ART-1|ART-7|ART-4|ART-23|ART-35|ART-2|ART-12|ART-10|ART-37|ART-3|ART-29|ART-44|ART-42|ART-9|ART-11|ART-30|ART-20|ART-17
NO_OUT_SCANS,2026-04-03,TRANS202604031136,W202,Savla D-39,Savla D-39,GRN-20260407130233,2026-04-07 07:32:40.731749,0,29,29,0,False,333,120,0,29,,ART-19|ART-21|ART-27|ART-22|ART-13|ART-26|ART-24|ART-25|ART-8|ART-16|ART-18|ART-15|ART-28|ART-6|ART-14|ART-5|ART-1|ART-7|ART-4|ART-23|ART-2|ART-12|ART-10|ART-3|ART-29|ART-9|ART-11|ART-20|ART-17
NO_OUT_SCANS,2026-04-02,TRANS202604021605,W202,A185,A185,GRN-20260404114616,2026-04-04 06:16:34.934301,0,18,18,0,False,240,106,0,18,,ART-13|ART-8|ART-16|ART-18|ART-15|ART-6|ART-14|ART-5|ART-1|ART-7|ART-4|ART-2|ART-12|ART-10|ART-3|ART-9|ART-11|ART-17
NO_OUT_SCANS,2026-04-02,TRANS202604021250,F53,W202,W202,GRN-20260402135808,2026-04-02 08:28:11.844814,0,10,10,0,False,239,100,0,10,,ART-8|ART-6|ART-5|ART-1|ART-7|ART-4|ART-2|ART-10|ART-3|ART-9
NO_OUT_SCANS,2026-04-02,TRANS202604021242,F53,W202,W202,GRN-20260402135847,2026-04-02 08:28:50.366926,0,5,5,0,False,238,101,0,5,,ART-5|ART-1|ART-4|ART-2|ART-3
NO_OUT_SCANS,2026-04-02,TRANS202604021229,W202,F53,F53,GRN-20260402174748,2026-04-02 12:17:55.965481,0,37,37,0,False,237,102,0,37,,ART-19|ART-21|ART-34|ART-27|ART-22|ART-13|ART-31|ART-26|ART-24|ART-25|ART-8|ART-16|ART-18|ART-15|ART-33|ART-28|ART-6|ART-32|ART-36|ART-14|ART-5|ART-1|ART-7|ART-4|ART-23|ART-35|ART-2|ART-12|ART-10|ART-37|ART-3|ART-29|ART-9|ART-11|ART-30|ART-20|ART-17
NO_OUT_SCANS,2026-04-02,TRANS202603301343,W202,A185,A185,GRN-20260404114517,2026-04-04 06:15:40.638123,0,9,9,0,False,235,105,0,9,,ART-8|ART-6|ART-5|ART-1|ART-7|ART-4|ART-2|ART-3|ART-9
NO_OUT_SCANS,2026-04-02,TRANS202604021127,W202,Rishi,Rishi,GRN-20260407130112,2026-04-07 07:31:16.600638,0,80,80,0,False,234,119,0,80,,ART-19|ART-40|ART-21|ART-43|ART-34|ART-70|ART-55|ART-69|ART-72|ART-27|ART-22|ART-79|ART-66|ART-68|ART-13|ART-53|ART-31|ART-57|ART-26|ART-48|ART-41|ART-67|ART-24|ART-73|ART-25|ART-74|ART-8|ART-16|ART-18|ART-15|ART-46|ART-33|ART-63|ART-28|ART-38|ART-6|ART-32|ART-36|ART-80|ART-71|ART-39|ART-14|ART-51|ART-76|ART-5|ART-64|ART-1|ART-7|ART-50|ART-4|ART-23|ART-49|ART-35|ART-58|ART-61|ART-60|ART-2|ART-45|ART-12|ART-62|ART-10|ART-37|ART-3|ART-77|ART-59|ART-52|ART-75|ART-29|ART-44|ART-54|ART-47|ART-56|ART-42|ART-9|ART-65|ART-11|ART-30|ART-20|ART-78|ART-17
NO_OUT_SCANS,2026-04-01,TRANS202604011847,W202,F53,F53,GRN-20260402120626,2026-04-02 06:36:37.301502,0,60,60,0,False,233,99,0,60,,ART-19|ART-40|ART-21|ART-43|ART-34|ART-55|ART-27|ART-22|ART-13|ART-53|ART-31|ART-57|ART-26|ART-48|ART-41|ART-24|ART-25|ART-8|ART-16|ART-18|ART-15|ART-46|ART-33|ART-28|ART-38|ART-6|ART-32|ART-36|ART-39|ART-14|ART-51|ART-5|ART-1|ART-7|ART-50|ART-4|ART-23|ART-49|ART-35|ART-58|ART-60|ART-2|ART-45|ART-12|ART-10|ART-37|ART-3|ART-59|ART-52|ART-29|ART-44|ART-54|ART-47|ART-56|ART-42|ART-9|ART-11|ART-30|ART-20|ART-17
NO_OUT_SCANS,2026-03-31,TRANS202603311556,W202,F53,F53,GRN-20260331170747,2026-03-31 11:38:02.135551,0,10,10,0,False,229,95,0,10,,ART-8|ART-6|ART-5|ART-1|ART-7|ART-4|ART-2|ART-10|ART-3|ART-9
NO_OUT_SCANS,2026-03-31,TRANS202603311544,W202,A185,A185,GRN-20260407130714,2026-04-07 07:37:21.075318,0,35,35,0,False,228,123,0,35,,ART-19|ART-21|ART-34|ART-27|ART-22|ART-13|ART-31|ART-26|ART-24|ART-25|ART-8|ART-16|ART-18|ART-15|ART-33|ART-28|ART-6|ART-32|ART-14|ART-5|ART-1|ART-7|ART-4|ART-23|ART-35|ART-2|ART-12|ART-10|ART-3|ART-29|ART-9|ART-11|ART-30|ART-20|ART-17
NO_OUT_SCANS,2026-03-30,TRANS202603301920,W202,A185,A185,GRN-20260407130741,2026-04-07 07:37:46.745628,0,18,18,0,False,227,124,0,18,,ART-13|ART-8|ART-16|ART-18|ART-15|ART-6|ART-14|ART-5|ART-1|ART-7|ART-4|ART-2|ART-12|ART-10|ART-3|ART-9|ART-11|ART-17
NO_OUT_SCANS,2026-03-30,TRANS202603301635,W202,A185,A185,GRN-20260404115455,2026-04-04 06:24:58.043564,0,8,8,0,False,226,111,0,8,,ART-8|ART-6|ART-5|ART-1|ART-7|ART-4|ART-2|ART-3
NO_OUT_SCANS,2026-03-30,TRANS202603301319,W202,F53,F53,GRN-20260330145156,2026-03-30 09:22:37.150514,0,35,35,0,False,224,91,0,35,,ART-19|ART-21|ART-34|ART-27|ART-22|ART-13|ART-31|ART-26|ART-24|ART-25|ART-8|ART-16|ART-18|ART-15|ART-33|ART-28|ART-6|ART-32|ART-14|ART-5|ART-1|ART-7|ART-4|ART-23|ART-35|ART-2|ART-12|ART-10|ART-3|ART-29|ART-9|ART-11|ART-30|ART-20|ART-17
NO_OUT_SCANS,2026-03-30,TRANS202603301310,A185,F53,F53,GRN-20260330150423,2026-03-30 09:36:11.964070,0,44,44,0,False,223,92,0,44,,ART-19|ART-40|ART-21|ART-43|ART-34|ART-27|ART-22|ART-13|ART-31|ART-26|ART-41|ART-24|ART-25|ART-8|ART-16|ART-18|ART-15|ART-33|ART-28|ART-38|ART-6|ART-32|ART-36|ART-39|ART-14|ART-5|ART-1|ART-7|ART-4|ART-23|ART-35|ART-2|ART-12|ART-10|ART-37|ART-3|ART-29|ART-44|ART-42|ART-9|ART-11|ART-30|ART-20|ART-17
NO_OUT_SCANS,2026-03-30,TRANS202603301308,A185,W202,W202,GRN-20260330134420,2026-03-30 08:14:27.264741,0,95,95,0,False,222,83,0,95,,ART-19|ART-40|ART-21|ART-43|ART-34|ART-70|ART-55|ART-69|ART-72|ART-27|ART-22|ART-79|ART-94|ART-66|ART-85|ART-68|ART-13|ART-53|ART-31|ART-57|ART-26|ART-48|ART-41|ART-67|ART-24|ART-73|ART-25|ART-74|ART-8|ART-16|ART-18|ART-15|ART-91|ART-84|ART-46|ART-33|ART-63|ART-28|ART-38|ART-6|ART-32|ART-36|ART-80|ART-89|ART-71|ART-39|ART-81|ART-14|ART-51|ART-76|ART-5|ART-92|ART-64|ART-1|ART-90|ART-7|ART-86|ART-50|ART-4|ART-93|ART-23|ART-49|ART-35|ART-58|ART-61|ART-60|ART-2|ART-45|ART-82|ART-83|ART-12|ART-88|ART-62|ART-10|ART-37|ART-3|ART-77|ART-59|ART-95|ART-52|ART-75|ART-29|ART-44|ART-54|ART-47|ART-56|ART-87|ART-42|ART-9|ART-65|ART-11|ART-30|ART-20|ART-78|ART-17
NO_OUT_SCANS,2026-03-30,TRANS202603301216,W202,F53,F53,GRN-20260330182245,2026-03-30 12:52:50.726148,0,20,20,0,False,221,94,0,20,,ART-19|ART-13|ART-8|ART-16|ART-18|ART-15|ART-6|ART-14|ART-5|ART-1|ART-7|ART-4|ART-2|ART-12|ART-10|ART-3|ART-9|ART-11|ART-20|ART-17
NO_OUT_SCANS,2026-03-30,TRANS202603301201,W202,A185,A185,GRN-20260404115341,2026-04-04 06:23:51.129294,0,53,53,0,False,220,110,0,53,,ART-19|ART-40|ART-21|ART-43|ART-34|ART-27|ART-22|ART-13|ART-53|ART-31|ART-26|ART-48|ART-41|ART-24|ART-25|ART-8|ART-16|ART-18|ART-15|ART-46|ART-33|ART-28|ART-38|ART-6|ART-32|ART-36|ART-39|ART-14|ART-51|ART-5|ART-1|ART-7|ART-50|ART-4|ART-23|ART-49|ART-35|ART-2|ART-45|ART-12|ART-10|ART-37|ART-3|ART-52|ART-29|ART-44|ART-47|ART-42|ART-9|ART-11|ART-30|ART-20|ART-17
NO_OUT_SCANS,2026-03-29,TRANS202603291320,W202,A185,A185,GRN-20260403143847,2026-04-03 09:09:36.286360,0,11,11,0,False,216,103,0,11,,ART-8|ART-6|ART-5|ART-1|ART-7|ART-4|ART-2|ART-10|ART-3|ART-9|ART-11
NO_OUT_SCANS,2026-03-28,TRANS202603281713,A185,W202,W202,GRN-20260330134546,2026-03-30 08:15:51.569312,0,23,23,0,False,215,85,0,23,,ART-19|ART-21|ART-22|ART-13|ART-8|ART-16|ART-18|ART-15|ART-6|ART-14|ART-5|ART-1|ART-7|ART-4|ART-23|ART-2|ART-12|ART-10|ART-3|ART-9|ART-11|ART-20|ART-17
NO_OUT_SCANS,2026-03-28,TRANS202603281609,A185,W202,W202,GRN-20260330132958,2026-03-30 08:00:03.259311,0,80,80,0,False,214,81,0,80,,ART-19|ART-40|ART-21|ART-43|ART-34|ART-70|ART-55|ART-69|ART-72|ART-27|ART-22|ART-79|ART-66|ART-68|ART-13|ART-53|ART-31|ART-57|ART-26|ART-48|ART-41|ART-67|ART-24|ART-73|ART-25|ART-74|ART-8|ART-16|ART-18|ART-15|ART-46|ART-33|ART-63|ART-28|ART-38|ART-6|ART-32|ART-36|ART-80|ART-71|ART-39|ART-14|ART-51|ART-76|ART-5|ART-64|ART-1|ART-7|ART-50|ART-4|ART-23|ART-49|ART-35|ART-58|ART-61|ART-60|ART-2|ART-45|ART-12|ART-62|ART-10|ART-37|ART-3|ART-77|ART-59|ART-52|ART-75|ART-29|ART-44|ART-54|ART-47|ART-56|ART-42|ART-9|ART-65|ART-11|ART-30|ART-20|ART-78|ART-17
NO_OUT_SCANS,2026-03-28,TRANS202603281514,F53,A185,A185,GRN-20260328190028,2026-03-28 13:30:31.438222,0,75,75,0,False,213,69,0,75,,ART-19|ART-40|ART-21|ART-43|ART-34|ART-70|ART-55|ART-69|ART-72|ART-27|ART-22|ART-66|ART-68|ART-13|ART-53|ART-31|ART-57|ART-26|ART-48|ART-41|ART-67|ART-24|ART-73|ART-25|ART-74|ART-8|ART-16|ART-18|ART-15|ART-46|ART-33|ART-63|ART-28|ART-38|ART-6|ART-32|ART-36|ART-71|ART-39|ART-14|ART-51|ART-5|ART-64|ART-1|ART-7|ART-50|ART-4|ART-23|ART-49|ART-35|ART-58|ART-61|ART-60|ART-2|ART-45|ART-12|ART-62|ART-10|ART-37|ART-3|ART-59|ART-52|ART-75|ART-29|ART-44|ART-54|ART-47|ART-56|ART-42|ART-9|ART-65|ART-11|ART-30|ART-20|ART-17
NO_OUT_SCANS,2026-03-28,TRANS202603281156,W202,F53,F53,GRN-20260330120123,2026-03-30 06:31:27.539284,0,25,25,0,False,212,79,0,25,,ART-19|ART-21|ART-22|ART-13|ART-24|ART-25|ART-8|ART-16|ART-18|ART-15|ART-6|ART-14|ART-5|ART-1|ART-7|ART-4|ART-23|ART-2|ART-12|ART-10|ART-3|ART-9|ART-11|ART-20|ART-17
NO_OUT_SCANS,2026-03-28,TRANS202603281124,W202,A185,A185,GRN-20260328161206,2026-03-28 10:42:07.799770,0,13,13,0,False,211,68,0,13,,ART-13|ART-8|ART-6|ART-5|ART-1|ART-7|ART-4|ART-2|ART-12|ART-10|ART-3|ART-9|ART-11
NO_OUT_SCANS,2026-03-27,TRANS202603271558,W202,Savla D-514,Savla D-514,GRN-20260330132729,2026-03-30 07:57:33.906638,0,80,80,0,False,207,80,0,80,,ART-19|ART-40|ART-21|ART-43|ART-34|ART-70|ART-55|ART-69|ART-72|ART-27|ART-22|ART-79|ART-66|ART-68|ART-13|ART-53|ART-31|ART-57|ART-26|ART-48|ART-41|ART-67|ART-24|ART-73|ART-25|ART-74|ART-8|ART-16|ART-18|ART-15|ART-46|ART-33|ART-63|ART-28|ART-38|ART-6|ART-32|ART-36|ART-80|ART-71|ART-39|ART-14|ART-51|ART-76|ART-5|ART-64|ART-1|ART-7|ART-50|ART-4|ART-23|ART-49|ART-35|ART-58|ART-61|ART-60|ART-2|ART-45|ART-12|ART-62|ART-10|ART-37|ART-3|ART-77|ART-59|ART-52|ART-75|ART-29|ART-44|ART-54|ART-47|ART-56|ART-42|ART-9|ART-65|ART-11|ART-30|ART-20|ART-78|ART-17
NO_OUT_SCANS,2026-03-27,TRANS202603271412,F53,W202,W202,GRN-20260330134507,2026-03-30 08:15:11.249834,0,1,1,0,False,206,84,0,1,,ART-1
NO_OUT_SCANS,2026-03-27,TRANS202603271328,W202,F53,F53,GRN-20260327170047,2026-03-27 11:30:59.271981,0,31,31,0,False,205,64,0,31,,ART-19|ART-21|ART-27|ART-22|ART-13|ART-31|ART-26|ART-24|ART-25|ART-8|ART-16|ART-18|ART-15|ART-28|ART-6|ART-14|ART-5|ART-1|ART-7|ART-4|ART-23|ART-2|ART-12|ART-10|ART-3|ART-29|ART-9|ART-11|ART-30|ART-20|ART-17
NO_OUT_SCANS,2026-03-27,TRANS202603271227,W202,F53,F53,GRN-20260328120256,2026-03-28 06:33:05.164422,0,30,30,0,False,204,67,0,30,,ART-19|ART-21|ART-27|ART-22|ART-13|ART-26|ART-24|ART-25|ART-8|ART-16|ART-18|ART-15|ART-28|ART-6|ART-14|ART-5|ART-1|ART-7|ART-4|ART-23|ART-2|ART-12|ART-10|ART-3|ART-29|ART-9|ART-11|ART-30|ART-20|ART-17
NO_OUT_SCANS,2026-03-27,TRANS202603271218,W202,F53,F53,GRN-20260327153344,2026-03-27 10:13:48.506065,0,60,60,0,False,203,63,0,60,,ART-19|ART-40|ART-21|ART-43|ART-34|ART-55|ART-27|ART-22|ART-13|ART-53|ART-31|ART-57|ART-26|ART-48|ART-41|ART-24|ART-25|ART-8|ART-16|ART-18|ART-15|ART-46|ART-33|ART-28|ART-38|ART-6|ART-32|ART-36|ART-39|ART-14|ART-51|ART-5|ART-1|ART-7|ART-50|ART-4|ART-23|ART-49|ART-35|ART-58|ART-60|ART-2|ART-45|ART-12|ART-10|ART-37|ART-3|ART-59|ART-52|ART-29|ART-44|ART-54|ART-47|ART-56|ART-42|ART-9|ART-11|ART-30|ART-20|ART-17
NO_OUT_SCANS,2026-03-26,TRANS202603261824,W202,A185,A185,GRN-20260326190143,2026-03-26 13:31:44.503558,0,4,4,0,False,202,59,0,4,,ART-1|ART-4|ART-2|ART-3
NO_OUT_SCANS,2026-03-26,TRANS202603261817,A185,W202,W202,GRN-20260330134701,2026-03-30 08:17:08.172301,0,93,93,0,False,201,86,0,93,,ART-19|ART-40|ART-21|ART-43|ART-34|ART-70|ART-55|ART-69|ART-72|ART-27|ART-22|ART-79|ART-66|ART-85|ART-68|ART-13|ART-53|ART-31|ART-57|ART-26|ART-48|ART-41|ART-67|ART-24|ART-73|ART-25|ART-74|ART-8|ART-16|ART-18|ART-15|ART-91|ART-84|ART-46|ART-33|ART-63|ART-28|ART-38|ART-6|ART-32|ART-36|ART-80|ART-89|ART-71|ART-39|ART-81|ART-14|ART-51|ART-76|ART-5|ART-92|ART-64|ART-1|ART-90|ART-7|ART-86|ART-50|ART-4|ART-93|ART-23|ART-49|ART-35|ART-58|ART-61|ART-60|ART-2|ART-45|ART-82|ART-83|ART-12|ART-88|ART-62|ART-10|ART-37|ART-3|ART-77|ART-59|ART-52|ART-75|ART-29|ART-44|ART-54|ART-47|ART-56|ART-87|ART-42|ART-9|ART-65|ART-11|ART-30|ART-20|ART-78|ART-17
NO_OUT_SCANS,2026-03-26,TRANS202603261816,A185,W202,W202,GRN-20260330134816,2026-03-30 08:18:20.007806,0,1,1,0,False,200,87,0,1,,ART-1
NO_OUT_SCANS,2026-03-26,TRANS202603261811,W202,F53,F53,GRN-20260328120205,2026-03-28 06:32:08.375960,0,2,2,0,False,199,66,0,2,,ART-1|ART-2
NO_OUT_SCANS,2026-03-25,TRANS202603251851,W202,Savla D-514,Savla D-514,GRN-20260330133149,2026-03-30 08:01:53.974528,0,144,144,0,False,198,82,0,144,,ART-142|ART-19|ART-40|ART-21|ART-43|ART-111|ART-144|ART-97|ART-34|ART-70|ART-55|ART-128|ART-69|ART-72|ART-27|ART-112|ART-116|ART-107|ART-22|ART-79|ART-94|ART-66|ART-85|ART-127|ART-122|ART-68|ART-105|ART-121|ART-13|ART-133|ART-100|ART-141|ART-99|ART-53|ART-31|ART-114|ART-57|ART-26|ART-48|ART-41|ART-67|ART-136|ART-135|ART-119|ART-24|ART-108|ART-73|ART-126|ART-25|ART-74|ART-103|ART-8|ART-101|ART-16|ART-18|ART-15|ART-91|ART-132|ART-129|ART-143|ART-84|ART-46|ART-98|ART-33|ART-63|ART-28|ART-38|ART-115|ART-6|ART-32|ART-109|ART-96|ART-36|ART-120|ART-80|ART-89|ART-71|ART-39|ART-81|ART-14|ART-140|ART-51|ART-125|ART-76|ART-130|ART-5|ART-92|ART-64|ART-117|ART-104|ART-118|ART-1|ART-90|ART-7|ART-86|ART-124|ART-50|ART-4|ART-93|ART-23|ART-49|ART-35|ART-58|ART-134|ART-61|ART-60|ART-2|ART-102|ART-45|ART-82|ART-110|ART-83|ART-12|ART-88|ART-62|ART-10|ART-37|ART-3|ART-77|ART-59|ART-95|ART-52|ART-75|ART-29|ART-106|ART-44|ART-54|ART-47|ART-113|ART-137|ART-56|ART-87|ART-123|ART-42|ART-131|ART-9|ART-65|ART-138|ART-11|ART-30|ART-20|ART-78|ART-139|ART-17
NO_OUT_SCANS,2026-03-25,TRANS202603251822,A185,W202,W202,GRN-20260330134957,2026-03-30 08:20:02.552733,0,24,24,0,False,197,88,0,24,,ART-19|ART-21|ART-22|ART-13|ART-24|ART-8|ART-16|ART-18|ART-15|ART-6|ART-14|ART-5|ART-1|ART-7|ART-4|ART-23|ART-2|ART-12|ART-10|ART-3|ART-9|ART-11|ART-20|ART-17
NO_OUT_SCANS,2026-03-25,TRANS202603251631,W202,F53,F53,GRN-20260325023523,2026-03-25 12:46:38.890897,0,30,30,0,False,196,55,0,30,,ART-19|ART-21|ART-27|ART-22|ART-13|ART-26|ART-24|ART-25|ART-8|ART-16|ART-18|ART-15|ART-28|ART-6|ART-14|ART-5|ART-1|ART-7|ART-4|ART-23|ART-2|ART-12|ART-10|ART-3|ART-29|ART-9|ART-11|ART-30|ART-20|ART-17
NO_OUT_SCANS,2026-03-25,TRANS202603251305,A185,F53,F53,GRN-20260327131056,2026-03-27 07:40:59.216359,0,2,2,0,False,194,61,0,2,,ART-1|ART-2
NO_OUT_SCANS,2026-03-25,TRANS202603251243,W202,F53,F53,GRN-20260325024357,2026-03-25 12:55:00.694395,0,10,10,0,False,193,56,0,10,,ART-8|ART-6|ART-5|ART-1|ART-7|ART-4|ART-2|ART-10|ART-3|ART-9
NO_OUT_SCANS,2026-03-25,TRANS202603251230,W202,F53,F53,GRN-20260325024458,2026-03-25 12:57:02.241226,0,60,60,0,False,192,57,0,60,,ART-19|ART-40|ART-21|ART-43|ART-34|ART-55|ART-27|ART-22|ART-13|ART-53|ART-31|ART-57|ART-26|ART-48|ART-41|ART-24|ART-25|ART-8|ART-16|ART-18|ART-15|ART-46|ART-33|ART-28|ART-38|ART-6|ART-32|ART-36|ART-39|ART-14|ART-51|ART-5|ART-1|ART-7|ART-50|ART-4|ART-23|ART-49|ART-35|ART-58|ART-60|ART-2|ART-45|ART-12|ART-10|ART-37|ART-3|ART-59|ART-52|ART-29|ART-44|ART-54|ART-47|ART-56|ART-42|ART-9|ART-11|ART-30|ART-20|ART-17
NO_OUT_SCANS,2026-03-25,TRANS202603251219,W202,F53,F53,GRN-20260325024655,2026-03-25 12:57:47.344805,0,30,30,0,False,191,58,0,30,,ART-19|ART-21|ART-27|ART-22|ART-13|ART-26|ART-24|ART-25|ART-8|ART-16|ART-18|ART-15|ART-28|ART-6|ART-14|ART-5|ART-1|ART-7|ART-4|ART-23|ART-2|ART-12|ART-10|ART-3|ART-29|ART-9|ART-11|ART-30|ART-20|ART-17
NO_OUT_SCANS,2026-03-24,TRANS202603241340,A185,F53,F53,GRN-20260327131028,2026-03-27 07:40:32.105022,0,4,4,0,False,195,60,0,4,,ART-1|ART-4|ART-2|ART-3
NO_OUT_SCANS,2026-03-24,TRANS202603241712,W202,F53,F53,GRN-20260324201612,2026-03-25 06:27:06.272450,0,60,60,0,False,190,54,0,60,,ART-19|ART-40|ART-21|ART-43|ART-34|ART-55|ART-27|ART-22|ART-13|ART-53|ART-31|ART-57|ART-26|ART-48|ART-41|ART-24|ART-25|ART-8|ART-16|ART-18|ART-15|ART-46|ART-33|ART-28|ART-38|ART-6|ART-32|ART-36|ART-39|ART-14|ART-51|ART-5|ART-1|ART-7|ART-50|ART-4|ART-23|ART-49|ART-35|ART-58|ART-60|ART-2|ART-45|ART-12|ART-10|ART-37|ART-3|ART-59|ART-52|ART-29|ART-44|ART-54|ART-47|ART-56|ART-42|ART-9|ART-11|ART-30|ART-20|ART-17
NO_OUT_SCANS,2026-03-24,TRANS202603241450,F53,W202,W202,GRN-20260325105304,2026-03-25 05:26:33.821867,0,4,4,0,False,189,51,0,4,,ART-1|ART-4|ART-2|ART-3
NO_OUT_SCANS,2026-03-24,TRANS202603241432,F53,W202,W202,GRN-20260325105440,2026-03-25 05:27:48.111157,0,4,4,0,False,188,52,0,4,,ART-1|ART-4|ART-2|ART-3
NO_OUT_SCANS,2026-03-24,TRANS202603241335,A185,W202,W202,GRN-20260325105547,2026-03-25 05:28:01.115773,0,3,3,0,False,187,53,0,3,,ART-1|ART-2|ART-3
NO_OUT_SCANS,2026-03-24,TRANS202603241204,W202,F53,F53,GRN-20260324150545,2026-03-24 09:36:32.767763,0,7,7,1,False,185,50,0,7,,ART-6|ART-5|ART-1|ART-7|ART-4|ART-2|ART-3
NO_OUT_SCANS,2026-03-24,TRANS202603241123,W202,F53,F53,GRN-20260324150326,2026-03-24 09:34:43.996917,0,60,60,0,False,184,49,0,60,,ART-19|ART-40|ART-21|ART-43|ART-34|ART-55|ART-27|ART-22|ART-13|ART-53|ART-31|ART-57|ART-26|ART-48|ART-41|ART-24|ART-25|ART-8|ART-16|ART-18|ART-15|ART-46|ART-33|ART-28|ART-38|ART-6|ART-32|ART-36|ART-39|ART-14|ART-51|ART-5|ART-1|ART-7|ART-50|ART-4|ART-23|ART-49|ART-35|ART-58|ART-60|ART-2|ART-45|ART-12|ART-10|ART-37|ART-3|ART-59|ART-52|ART-29|ART-44|ART-54|ART-47|ART-56|ART-42|ART-9|ART-11|ART-30|ART-20|ART-17
NO_OUT_SCANS,2026-03-23,TRANS202603231238,W202,A185,A185,GRN-20260323132757,2026-03-23 07:58:04.213603,0,200,200,0,False,182,47,0,200,,ART-142|ART-19|ART-40|ART-177|ART-21|ART-43|ART-111|ART-144|ART-97|ART-34|ART-70|ART-55|ART-179|ART-200|ART-128|ART-189|ART-69|ART-72|ART-149|ART-185|ART-187|ART-27|ART-112|ART-116|ART-107|ART-22|ART-79|ART-94|ART-66|ART-85|ART-127|ART-122|ART-68|ART-105|ART-186|ART-121|ART-13|ART-168|ART-133|ART-100|ART-156|ART-141|ART-99|ART-171|ART-53|ART-31|ART-195|ART-114|ART-57|ART-26|ART-48|ART-41|ART-67|ART-136|ART-135|ART-119|ART-167|ART-146|ART-24|ART-108|ART-73|ART-126|ART-25|ART-74|ART-103|ART-8|ART-101|ART-16|ART-198|ART-165|ART-18|ART-164|ART-15|ART-91|ART-190|ART-132|ART-129|ART-143|ART-84|ART-147|ART-148|ART-46|ART-194|ART-98|ART-152|ART-33|ART-63|ART-28|ART-197|ART-38|ART-193|ART-115|ART-6|ART-32|ART-109|ART-96|ART-36|ART-120|ART-80|ART-192|ART-89|ART-71|ART-39|ART-151|ART-81|ART-172|ART-14|ART-154|ART-140|ART-51|ART-125|ART-76|ART-130|ART-5|ART-92|ART-64|ART-117|ART-161|ART-104|ART-118|ART-1|ART-145|ART-90|ART-7|ART-191|ART-86|ART-124|ART-166|ART-178|ART-50|ART-173|ART-160|ART-4|ART-157|ART-93|ART-162|ART-23|ART-153|ART-49|ART-35|ART-183|ART-58|ART-196|ART-134|ART-150|ART-61|ART-60|ART-2|ART-102|ART-181|ART-184|ART-45|ART-169|ART-82|ART-110|ART-83|ART-199|ART-12|ART-88|ART-62|ART-158|ART-10|ART-37|ART-3|ART-77|ART-59|ART-95|ART-52|ART-175|ART-75|ART-29|ART-106|ART-44|ART-170|ART-163|ART-54|ART-47|ART-113|ART-159|ART-137|ART-176|ART-56|ART-87|ART-182|ART-155|ART-123|ART-42|ART-174|ART-131|ART-9|ART-65|ART-138|ART-11|ART-30|ART-188|ART-20|ART-78|ART-139|ART-180|ART-17
NO_OUT_SCANS,2026-03-23,TRANS202603091329,A185,W202,W202,GRN-20260330135234,2026-03-30 08:22:44.053202,0,200,200,0,False,68,89,0,200,,ART-142|ART-19|ART-40|ART-177|ART-21|ART-43|ART-111|ART-144|ART-97|ART-34|ART-70|ART-55|ART-179|ART-200|ART-128|ART-189|ART-69|ART-72|ART-149|ART-185|ART-187|ART-27|ART-112|ART-116|ART-107|ART-22|ART-79|ART-94|ART-66|ART-85|ART-127|ART-122|ART-68|ART-105|ART-186|ART-121|ART-13|ART-168|ART-133|ART-100|ART-156|ART-141|ART-99|ART-171|ART-53|ART-31|ART-195|ART-114|ART-57|ART-26|ART-48|ART-41|ART-67|ART-136|ART-135|ART-119|ART-167|ART-146|ART-24|ART-108|ART-73|ART-126|ART-25|ART-74|ART-103|ART-8|ART-101|ART-16|ART-198|ART-165|ART-18|ART-164|ART-15|ART-91|ART-190|ART-132|ART-129|ART-143|ART-84|ART-147|ART-148|ART-46|ART-194|ART-98|ART-152|ART-33|ART-63|ART-28|ART-197|ART-38|ART-193|ART-115|ART-6|ART-32|ART-109|ART-96|ART-36|ART-120|ART-80|ART-192|ART-89|ART-71|ART-39|ART-151|ART-81|ART-172|ART-14|ART-154|ART-140|ART-51|ART-125|ART-76|ART-130|ART-5|ART-92|ART-64|ART-117|ART-161|ART-104|ART-118|ART-1|ART-145|ART-90|ART-7|ART-191|ART-86|ART-124|ART-166|ART-178|ART-50|ART-173|ART-160|ART-4|ART-157|ART-93|ART-162|ART-23|ART-153|ART-49|ART-35|ART-183|ART-58|ART-196|ART-134|ART-150|ART-61|ART-60|ART-2|ART-102|ART-181|ART-184|ART-45|ART-169|ART-82|ART-110|ART-83|ART-199|ART-12|ART-88|ART-62|ART-158|ART-10|ART-37|ART-3|ART-77|ART-59|ART-95|ART-52|ART-175|ART-75|ART-29|ART-106|ART-44|ART-170|ART-163|ART-54|ART-47|ART-113|ART-159|ART-137|ART-176|ART-56|ART-87|ART-182|ART-155|ART-123|ART-42|ART-174|ART-131|ART-9|ART-65|ART-138|ART-11|ART-30|ART-188|ART-20|ART-78|ART-139|ART-180|ART-17
NO_OUT_SCANS,2026-03-21,TRANS202603211912,A185,F53,F53,GRN-20260324150154,2026-03-24 09:32:03.178494,0,5,5,0,False,186,48,0,5,,ART-5|ART-1|ART-4|ART-2|ART-3
NO_OUT_SCANS,2026-03-21,TRANS202603211241,A185,F53,F53,GRN-20260331191842,2026-03-31 13:48:48.494106,0,1,1,0,False,178,96,0,1,,ART-1
NO_OUT_SCANS,2026-03-21,TRANS202603061732,A185,W202,W202,GRN-20260322144927,2026-03-22 09:24:12.338735,0,162,162,0,False,162,45,0,162,,ART-142|ART-19|ART-40|ART-21|ART-43|ART-111|ART-144|ART-97|ART-34|ART-70|ART-55|ART-128|ART-69|ART-72|ART-149|ART-27|ART-112|ART-116|ART-107|ART-22|ART-79|ART-94|ART-66|ART-85|ART-127|ART-122|ART-68|ART-105|ART-121|ART-13|ART-133|ART-100|ART-156|ART-141|ART-99|ART-53|ART-31|ART-114|ART-57|ART-26|ART-48|ART-41|ART-67|ART-136|ART-135|ART-119|ART-146|ART-24|ART-108|ART-73|ART-126|ART-25|ART-74|ART-103|ART-8|ART-101|ART-16|ART-18|ART-15|ART-91|ART-132|ART-129|ART-143|ART-84|ART-147|ART-148|ART-46|ART-98|ART-152|ART-33|ART-63|ART-28|ART-38|ART-115|ART-6|ART-32|ART-109|ART-96|ART-36|ART-120|ART-80|ART-89|ART-71|ART-39|ART-151|ART-81|ART-14|ART-154|ART-140|ART-51|ART-125|ART-76|ART-130|ART-5|ART-92|ART-64|ART-117|ART-161|ART-104|ART-118|ART-1|ART-145|ART-90|ART-7|ART-86|ART-124|ART-50|ART-160|ART-4|ART-157|ART-93|ART-162|ART-23|ART-153|ART-49|ART-35|ART-58|ART-134|ART-150|ART-61|ART-60|ART-2|ART-102|ART-45|ART-82|ART-110|ART-83|ART-12|ART-88|ART-62|ART-158|ART-10|ART-37|ART-3|ART-77|ART-59|ART-95|ART-52|ART-75|ART-29|ART-106|ART-44|ART-54|ART-47|ART-113|ART-159|ART-137|ART-56|ART-87|ART-155|ART-123|ART-42|ART-131|ART-9|ART-65|ART-138|ART-11|ART-30|ART-20|ART-78|ART-139|ART-17
NO_OUT_SCANS,2026-03-21,TRANS202603111310,F53,A185,A185,GRN-20260321174530,2026-03-21 12:15:37.231492,0,280,280,0,False,148,44,0,280,,ART-142|ART-243|ART-253|ART-251|ART-19|ART-40|ART-258|ART-221|ART-177|ART-21|ART-43|ART-111|ART-144|ART-97|ART-34|ART-70|ART-55|ART-179|ART-200|ART-227|ART-128|ART-189|ART-69|ART-72|ART-228|ART-149|ART-185|ART-226|ART-187|ART-223|ART-27|ART-237|ART-270|ART-267|ART-274|ART-212|ART-112|ART-116|ART-107|ART-22|ART-79|ART-94|ART-66|ART-246|ART-85|ART-232|ART-127|ART-122|ART-68|ART-240|ART-105|ART-186|ART-121|ART-241|ART-13|ART-168|ART-133|ART-100|ART-156|ART-202|ART-141|ART-99|ART-171|ART-215|ART-53|ART-31|ART-195|ART-220|ART-255|ART-114|ART-57|ART-26|ART-48|ART-279|ART-41|ART-67|ART-252|ART-136|ART-135|ART-119|ART-167|ART-146|ART-272|ART-24|ART-108|ART-201|ART-73|ART-126|ART-25|ART-206|ART-74|ART-103|ART-8|ART-101|ART-16|ART-198|ART-165|ART-262|ART-18|ART-164|ART-211|ART-268|ART-250|ART-15|ART-91|ART-190|ART-204|ART-235|ART-273|ART-217|ART-132|ART-129|ART-143|ART-84|ART-147|ART-148|ART-46|ART-280|ART-194|ART-98|ART-277|ART-152|ART-33|ART-63|ART-28|ART-257|ART-197|ART-38|ART-193|ART-115|ART-6|ART-32|ART-244|ART-109|ART-234|ART-216|ART-96|ART-264|ART-36|ART-209|ART-120|ART-271|ART-80|ART-192|ART-233|ART-89|ART-71|ART-39|ART-151|ART-81|ART-248|ART-259|ART-172|ART-14|ART-154|ART-140|ART-51|ART-125|ART-76|ART-266|ART-130|ART-260|ART-5|ART-219|ART-92|ART-64|ART-117|ART-161|ART-210|ART-104|ART-218|ART-118|ART-225|ART-224|ART-1|ART-145|ART-90|ART-256|ART-7|ART-191|ART-86|ART-124|ART-265|ART-166|ART-178|ART-50|ART-173|ART-160|ART-4|ART-275|ART-157|ART-93|ART-162|ART-23|ART-153|ART-49|ART-35|ART-247|ART-183|ART-203|ART-58|ART-196|ART-134|ART-150|ART-61|ART-60|ART-238|ART-236|ART-207|ART-2|ART-261|ART-102|ART-181|ART-276|ART-184|ART-45|ART-213|ART-169|ART-239|ART-222|ART-269|ART-82|ART-110|ART-83|ART-199|ART-12|ART-278|ART-88|ART-62|ART-158|ART-10|ART-229|ART-254|ART-37|ART-3|ART-263|ART-205|ART-77|ART-59|ART-245|ART-95|ART-52|ART-175|ART-75|ART-29|ART-249|ART-214|ART-106|ART-44|ART-170|ART-163|ART-54|ART-47|ART-113|ART-231|ART-159|ART-137|ART-176|ART-56|ART-87|ART-182|ART-155|ART-230|ART-123|ART-42|ART-242|ART-174|ART-131|ART-9|ART-65|ART-138|ART-11|ART-30|ART-208|ART-188|ART-20|ART-78|ART-139|ART-180|ART-17
NO_OUT_SCANS,2026-03-21,TRANS202603211206,W202,F53,F53,GRN-20260321150416,2026-03-21 09:34:56.531359,0,30,30,0,False,145,43,0,30,,ART-19|ART-21|ART-14|ART-27|ART-5|ART-1|ART-22|ART-7|ART-4|ART-13|ART-23|ART-26|ART-2|ART-24|ART-12|ART-25|ART-8|ART-16|ART-10|ART-18|ART-3|ART-15|ART-29|ART-9|ART-11|ART-28|ART-30|ART-20|ART-17|ART-6
NO_OUT_SCANS,2026-03-21,TRANS202603211052,W202,A185,A185,GRN-20260321120524,2026-03-21 06:35:43.526609,0,1,1,0,False,139,35,0,1,,ART-1
NO_OUT_SCANS,2026-03-20,TRANS202603201201,W202,F53,F53,GRN-20260320153504,2026-03-20 10:06:25.408133,0,40,40,0,False,138,27,0,40,,ART-19|ART-40|ART-36|ART-21|ART-34|ART-39|ART-14|ART-27|ART-5|ART-1|ART-22|ART-7|ART-4|ART-13|ART-23|ART-35|ART-31|ART-26|ART-2|ART-24|ART-12|ART-25|ART-8|ART-16|ART-10|ART-18|ART-37|ART-3|ART-15|ART-29|ART-33|ART-9|ART-11|ART-28|ART-30|ART-20|ART-38|ART-17|ART-6|ART-32
NO_OUT_SCANS,2026-03-20,TRANS202603201157,W202,F53,F53,GRN-20260320151921,2026-03-20 09:51:29.388928,0,3,3,3,False,137,26,0,3,,ART-1|ART-2|ART-3
NO_OUT_SCANS,2026-03-19,TRANS202603191316,W202,A185,A185,GRN-20260321120730,2026-03-21 06:37:36.969916,0,20,20,0,False,136,36,0,20,,ART-19|ART-14|ART-5|ART-1|ART-7|ART-4|ART-13|ART-2|ART-12|ART-8|ART-16|ART-10|ART-18|ART-3|ART-15|ART-9|ART-11|ART-20|ART-17|ART-6
NO_OUT_SCANS,2026-03-18,TRANS202603181740,W202,A185,A185,GRN-20260321120823,2026-03-21 06:38:27.791279,0,14,14,0,False,135,37,0,14,,ART-14|ART-5|ART-1|ART-7|ART-4|ART-13|ART-2|ART-12|ART-8|ART-10|ART-3|ART-9|ART-11|ART-6
NO_OUT_SCANS,2026-03-18,TRANS202603181738,W202,F53,F53,GRN-20260320153658,2026-03-20 10:07:14.802967,0,100,100,0,False,134,28,0,100,,ART-96|ART-19|ART-40|ART-36|ART-21|ART-43|ART-97|ART-80|ART-34|ART-70|ART-55|ART-89|ART-71|ART-39|ART-69|ART-81|ART-72|ART-14|ART-51|ART-27|ART-76|ART-5|ART-92|ART-64|ART-1|ART-90|ART-22|ART-79|ART-94|ART-7|ART-66|ART-86|ART-85|ART-50|ART-68|ART-4|ART-93|ART-13|ART-100|ART-23|ART-99|ART-49|ART-35|ART-53|ART-31|ART-58|ART-61|ART-57|ART-26|ART-60|ART-48|ART-41|ART-2|ART-67|ART-45|ART-24|ART-82|ART-83|ART-12|ART-73|ART-25|ART-88|ART-74|ART-62|ART-8|ART-16|ART-10|ART-18|ART-37|ART-3|ART-77|ART-59|ART-15|ART-91|ART-95|ART-52|ART-75|ART-29|ART-84|ART-46|ART-44|ART-54|ART-47|ART-98|ART-56|ART-87|ART-42|ART-33|ART-9|ART-65|ART-11|ART-63|ART-28|ART-30|ART-20|ART-38|ART-78|ART-17|ART-6|ART-32
NO_OUT_SCANS,2026-03-17,TRANS202603171203,W202,F53,F53,GRN-20260320153812,2026-03-20 10:10:28.960973,0,50,50,0,False,118,29,0,50,,ART-19|ART-40|ART-36|ART-21|ART-43|ART-34|ART-39|ART-14|ART-27|ART-5|ART-1|ART-22|ART-7|ART-50|ART-4|ART-13|ART-23|ART-49|ART-35|ART-31|ART-26|ART-48|ART-41|ART-2|ART-45|ART-24|ART-12|ART-25|ART-8|ART-16|ART-10|ART-18|ART-37|ART-3|ART-15|ART-29|ART-46|ART-44|ART-47|ART-42|ART-33|ART-9|ART-11|ART-28|ART-30|ART-20|ART-38|ART-17|ART-6|ART-32
NO_OUT_SCANS,2026-03-16,TRANS202603161643,W202,F53,F53,GRN-20260320155325,2026-03-20 10:23:27.780912,0,1,1,0,False,113,32,0,1,,ART-1
NO_OUT_SCANS,2026-03-16,TRANS202603161206,W202,F53,F53,GRN-20260320154829,2026-03-20 10:19:20.702627,0,45,45,0,False,111,30,0,45,,ART-19|ART-40|ART-36|ART-21|ART-43|ART-34|ART-39|ART-14|ART-27|ART-5|ART-1|ART-22|ART-7|ART-4|ART-13|ART-23|ART-35|ART-31|ART-26|ART-41|ART-2|ART-45|ART-24|ART-12|ART-25|ART-8|ART-16|ART-10|ART-18|ART-37|ART-3|ART-15|ART-29|ART-44|ART-42|ART-33|ART-9|ART-11|ART-28|ART-30|ART-20|ART-38|ART-17|ART-6|ART-32
NO_OUT_SCANS,2026-03-16,TRANS202603061654,W202,F53,F53,GRN-20260320155030,2026-03-20 10:22:24.089030,0,61,61,0,False,107,31,0,61,,ART-19|ART-40|ART-36|ART-21|ART-43|ART-34|ART-55|ART-39|ART-14|ART-51|ART-27|ART-5|ART-1|ART-22|ART-7|ART-50|ART-4|ART-13|ART-23|ART-49|ART-35|ART-53|ART-31|ART-58|ART-61|ART-57|ART-26|ART-60|ART-48|ART-41|ART-2|ART-45|ART-24|ART-12|ART-25|ART-8|ART-16|ART-10|ART-18|ART-37|ART-3|ART-59|ART-15|ART-52|ART-29|ART-46|ART-44|ART-54|ART-47|ART-56|ART-42|ART-33|ART-9|ART-11|ART-28|ART-30|ART-20|ART-38|ART-17|ART-6|ART-32
NO_OUT_SCANS,2026-03-13,TRANS202603131650,W202,F53,F53,GRN-20260320155835,2026-03-20 10:28:52.114951,0,14,14,0,False,99,33,0,14,,ART-14|ART-5|ART-1|ART-7|ART-4|ART-13|ART-2|ART-12|ART-8|ART-10|ART-3|ART-9|ART-11|ART-6
NO_OUT_SCANS,2026-03-13,TRANS202603131643,W202,A185,A185,GRN-20260321120917,2026-03-21 06:39:21.216022,0,6,6,0,False,98,38,0,6,,ART-5|ART-1|ART-4|ART-2|ART-3|ART-6
NO_OUT_SCANS,2026-03-09,TRANS202603091330,W202,Rishi,Rishi,GRN-20260407150112,2026-04-07 09:31:20.111468,0,80,80,0,False,67,129,0,80,,ART-19|ART-40|ART-21|ART-43|ART-34|ART-70|ART-55|ART-69|ART-72|ART-27|ART-22|ART-79|ART-66|ART-68|ART-13|ART-53|ART-31|ART-57|ART-26|ART-48|ART-41|ART-67|ART-24|ART-73|ART-25|ART-74|ART-8|ART-16|ART-18|ART-15|ART-46|ART-33|ART-63|ART-28|ART-38|ART-6|ART-32|ART-36|ART-80|ART-71|ART-39|ART-14|ART-51|ART-76|ART-5|ART-64|ART-1|ART-7|ART-50|ART-4|ART-23|ART-49|ART-35|ART-58|ART-61|ART-60|ART-2|ART-45|ART-12|ART-62|ART-10|ART-37|ART-3|ART-77|ART-59|ART-52|ART-75|ART-29|ART-44|ART-54|ART-47|ART-56|ART-42|ART-9|ART-65|ART-11|ART-30|ART-20|ART-78|ART-17
NO_OUT_SCANS,2026-03-09,TRANS202603071245,W202,Rishi,Rishi,GRN-20260309132624,2026-03-09 07:56:24.130064,0,67,67,0,False,64,13,0,67,,ART-17|ART-6|ART-32|ART-53|ART-31|ART-58|ART-19|ART-61|ART-40|ART-36|ART-21|ART-43|ART-57|ART-26|ART-60|ART-34|ART-55|ART-48|ART-41|ART-2|ART-67|ART-39|ART-45|ART-24|ART-14|ART-51|ART-27|ART-12|ART-25|ART-62|ART-8|ART-16|ART-10|ART-5|ART-64|ART-18|ART-37|ART-3|ART-59|ART-15|ART-52|ART-1|ART-29|ART-22|ART-7|ART-66|ART-46|ART-44|ART-54|ART-47|ART-50|ART-56|ART-4|ART-13|ART-42|ART-33|ART-9|ART-65|ART-23|ART-11|ART-63|ART-28|ART-30|ART-20|ART-49|ART-38|ART-35
NO_OUT_SCANS,2026-03-06,TRANS202603021610,W202,A185,A185,GRN-20260306174040,2026-03-06 12:10:39.043460,0,1,1,0,False,63,10,0,1,,ART-1
NO_OUT_SCANS,2026-03-06,TRANS202603061421,A185,W202,W202,GRN-20260309132850,2026-03-09 07:58:51.049857,0,3,3,0,False,62,15,0,3,,ART-1|ART-2|ART-3
NO_OUT_SCANS,2026-03-06,TRANS202603061155,W202,A185,A185,GRN-20260321121222,2026-03-21 06:42:30.821491,0,150,150,0,False,59,40,0,150,,ART-142|ART-109|ART-96|ART-19|ART-40|ART-36|ART-21|ART-120|ART-43|ART-111|ART-144|ART-97|ART-80|ART-34|ART-70|ART-55|ART-89|ART-128|ART-71|ART-39|ART-69|ART-81|ART-72|ART-149|ART-14|ART-140|ART-51|ART-27|ART-125|ART-76|ART-130|ART-5|ART-92|ART-64|ART-117|ART-104|ART-118|ART-112|ART-116|ART-1|ART-107|ART-145|ART-90|ART-22|ART-79|ART-94|ART-7|ART-66|ART-86|ART-124|ART-85|ART-127|ART-122|ART-50|ART-68|ART-4|ART-105|ART-93|ART-121|ART-13|ART-133|ART-100|ART-23|ART-141|ART-99|ART-49|ART-35|ART-53|ART-31|ART-58|ART-134|ART-150|ART-61|ART-114|ART-57|ART-26|ART-60|ART-48|ART-41|ART-2|ART-67|ART-102|ART-136|ART-135|ART-119|ART-146|ART-45|ART-24|ART-108|ART-82|ART-110|ART-83|ART-12|ART-73|ART-126|ART-25|ART-88|ART-74|ART-103|ART-62|ART-8|ART-101|ART-16|ART-10|ART-18|ART-37|ART-3|ART-77|ART-59|ART-15|ART-91|ART-95|ART-52|ART-75|ART-29|ART-106|ART-132|ART-129|ART-143|ART-84|ART-147|ART-148|ART-46|ART-44|ART-54|ART-47|ART-113|ART-98|ART-137|ART-56|ART-87|ART-123|ART-42|ART-33|ART-131|ART-9|ART-65|ART-138|ART-11|ART-63|ART-28|ART-30|ART-20|ART-38|ART-78|ART-139|ART-115|ART-17|ART-6|ART-32
NO_OUT_SCANS,2026-03-06,TRANS202603061144,W202,A185,A185,GRN-20260306174119,2026-03-06 12:11:18.720912,0,2,2,0,False,57,11,0,2,,ART-2|ART-1
NO_OUT_SCANS,2026-03-06,TRANS202603061137,W202,Rishi,Rishi,GRN-20260309132723,2026-03-09 07:57:22.859850,0,167,167,0,False,56,14,0,167,,ART-142|ART-109|ART-96|ART-19|ART-40|ART-36|ART-21|ART-120|ART-43|ART-111|ART-144|ART-97|ART-80|ART-34|ART-70|ART-55|ART-89|ART-128|ART-71|ART-39|ART-151|ART-69|ART-81|ART-72|ART-149|ART-14|ART-154|ART-140|ART-51|ART-27|ART-125|ART-76|ART-130|ART-5|ART-92|ART-64|ART-117|ART-161|ART-104|ART-118|ART-112|ART-116|ART-1|ART-107|ART-145|ART-90|ART-22|ART-79|ART-94|ART-7|ART-66|ART-86|ART-124|ART-85|ART-127|ART-166|ART-122|ART-50|ART-68|ART-160|ART-4|ART-105|ART-157|ART-93|ART-121|ART-162|ART-13|ART-133|ART-100|ART-23|ART-156|ART-141|ART-153|ART-99|ART-49|ART-35|ART-53|ART-31|ART-58|ART-134|ART-150|ART-61|ART-114|ART-57|ART-26|ART-60|ART-48|ART-41|ART-2|ART-67|ART-102|ART-136|ART-135|ART-119|ART-167|ART-146|ART-45|ART-24|ART-108|ART-82|ART-110|ART-83|ART-12|ART-73|ART-126|ART-25|ART-88|ART-74|ART-103|ART-62|ART-8|ART-158|ART-101|ART-16|ART-10|ART-165|ART-18|ART-164|ART-37|ART-3|ART-77|ART-59|ART-15|ART-91|ART-95|ART-52|ART-75|ART-29|ART-106|ART-132|ART-129|ART-143|ART-84|ART-147|ART-148|ART-46|ART-44|ART-163|ART-54|ART-47|ART-113|ART-98|ART-159|ART-137|ART-56|ART-87|ART-155|ART-123|ART-152|ART-42|ART-33|ART-131|ART-9|ART-65|ART-138|ART-11|ART-63|ART-28|ART-30|ART-20|ART-38|ART-78|ART-139|ART-115|ART-17|ART-6|ART-32
NO_OUT_SCANS,2026-03-04,TRANS202603041329,W202,A185,A185,GRN-20260306174235,2026-03-06 12:12:34.247221,0,1,1,0,False,55,12,0,1,,ART-1
NO_OUT_SCANS,2026-03-02,TRANS202603021816,W202,A185,A185,GRN-20260321121312,2026-03-21 06:43:15.099788,0,1,1,0,False,43,41,0,1,,ART-1
