sku_id,particulars,item_type,item_group,sub_group,uom,sale_group,gst
1,0m24-carnival chana pouch 250 gm sample digital,pm,packaging,pouch roll,0.000,pm,0.180
2,4 pet wooden box with lid hamper,fg,festive hampers,gifting,0.400,va,0.180
3,banana flavour (241114) natural,rm,seasoning,seasoning,1.000,bulk,0.180
4,barbeque flavour,rm,seasoning,seasoning,1.000,bulk,0.180
5,blackpepper seasoning blend,rm,seasoning,seasoning,1.000,bulk,0.180
6,black pepper topnote liquid,rm,seasoning,seasoning,1.000,bulk,0.180
7,brahmi extract,rm,miscellaneous - rm,other misc,1.000,bulk,0.180
8,caramel sweet popcorn flavour,rm,seasoning,seasoning,1.000,bulk,0.180
9,celebration sleek box 300gm,fg,festive hampers,gifting,0.300,va,0.180
10,chilli garlic flavour,rm,seasoning,seasoning,1.000,bulk,0.180
11,chocolate flavour,rm,seasoning,seasoning,1.000,bulk,0.180
12,chocolate flavour 170522,rm,seasoning,seasoning,1.000,bulk,0.180
13,cinnamon flavour,rm,miscellaneous - rm,other misc,1.000,bulk,0.180
14,citric acid,rm,miscellaneous - rm,other misc,1.000,bulk,0.180
15,classic wooden box 480gm,fg,festive hampers,gifting,0.480,va,0.180
16,cocoa butter,rm,miscellaneous - rm,other misc,1.000,bulk,0.180
17,cocoa powder,rm,miscellaneous - rm,other misc,1.000,bulk,0.180
18,coffee ext aqu alc - 4010000239,rm,miscellaneous - rm,other misc,1.000,bulk,0.180
19,coffee flavour,rm,seasoning,seasoning,1.000,bulk,0.180
20,compound [strawberry flvours],rm,miscellaneous - rm,other misc,1.000,bulk,0.180
21,cranberry flavour 280619,rm,seasoning,seasoning,1.000,bulk,0.180
22,extra cheese label - tpl,pm,packaging,label,0.000,pm,0.180
23,garlic liquid - 4010003414,rm,miscellaneous - rm,other misc,1.000,bulk,0.180
24,glues / gum,pm,packaging,pm,0.000,pm,0.180
25,glycerin,rm,miscellaneous - rm,other misc,1.000,bulk,0.180
26,glycerol monostearate (gms) powder,rm,miscellaneous - rm,other misc,1.000,bulk,0.180
27,gour gum,rm,miscellaneous - rm,other misc,1.000,bulk,0.180
28,green chilli ( 4010000169 ),rm,seasoning,seasoning,1.000,bulk,0.180
29,green tea extract,rm,miscellaneous - rm,other misc,1.000,bulk,0.180
30,grey carry all basket hamper,fg,festive hampers,gifting,0.555,va,0.180
31,hemp seed oil,rm,miscellaneous - rm,other misc,1.000,bulk,0.180
32,instant coffee powder,rm,miscellaneous - rm,other misc,1.000,bulk,0.180
33,jute floppy bag hamper,fg,festive hampers,gifting,0.960,va,0.180
34,kerry artificial cheese flavor - tpl,rm,tajir,tajir - other,1.000,bulk,0.180
35,kerry n&a butter flavour - tpl,rm,seasoning,seasoning,1.000,bulk,0.180
36,leaf green 500 gm,rm,miscellaneous - rm,other misc,0.500,bulk,0.180
37,lemon pickle,rm,miscellaneous - rm,other misc,1.000,bulk,0.180
38,maggi masala flavours,rm,seasoning,seasoning,1.000,bulk,0.180
39,maltitol liquid,rm,miscellaneous - rm,other misc,1.000,bulk,0.180
40,mango flavour 291018,rm,seasoning,seasoning,1.000,bulk,0.180
41,mdf premium medjoul dates box 18 pcs,fg,festive hampers,gifting,0.540,va,0.180
42,mint chutney flavour 1,rm,seasoning,seasoning,1.000,bulk,0.180
43,mint chutney flavour 2,rm,seasoning,seasoning,1.000,bulk,0.180
44,misc packing material,pm,packaging,pm,0.000,pm,0.180
45,modified starch- crispytec,rm,miscellaneous - rm,other misc,1.000,bulk,0.180
46,moringa extract,rm,miscellaneous - rm,other misc,1.000,bulk,0.180
47,mould  & design plate for pm,pm,packaging,mould,0.000,pm,0.180
48,nasure 19,rm,miscellaneous - rm,other misc,1.000,bulk,0.180
49,natural pineapple falvour 170914,rm,seasoning,seasoning,1.000,bulk,0.180
50,natural red colour - tpl,rm,tajir,tajir - other,1.000,bulk,0.180
51,nealsoya 16-b,rm,miscellaneous - rm,other misc,1.000,bulk,0.180
52,nitrogen f grade,rm,miscellaneous - rm,other misc,1.000,bulk,0.180
53,nuts cutter,pm,packaging,pm,0.000,pm,0.180
54,orange flavour 220509,rm,seasoning,seasoning,1.000,bulk,0.180
55,orange supreme oil flavour,rm,seasoning,seasoning,1.000,bulk,0.180
56,orange zest liquid extract,rm,miscellaneous - rm,other misc,1.000,bulk,0.180
57,other scrap,rm,miscellaneous - rm,off-grade misc,1.000,bulk,0.180
58,peri peri liquid,rm,seasoning,seasoning,1.000,bulk,0.180
59,peri peri liquid - 4010003520,rm,miscellaneous - rm,other misc,1.000,bulk,0.180
60,pickwick 300g roll jar,rm,miscellaneous - rm,other misc,0.300,bulk,0.180
61,pickwick hollow wafer stick,rm,miscellaneous - rm,other misc,1.000,bulk,0.180
62,pickwick plain wafers,rm,miscellaneous - rm,other misc,1.000,bulk,0.180
63,pm24-1000 ml oval container-habit dates (white jar with white colour lid). 900 gm,pm,packaging,tub,0.000,pm,0.180
64,pm24-100 gm glass bottle-medium sized 100 gm,pm,packaging,glass bottle,0.000,pm,0.180
65,pm24-100gm pet-53mm neck with cap & iw,pm,packaging,pet,0.000,pm,0.180
66,pm24-100 ml yenki jar bottle 100 gm,pm,packaging,glass bottle,0.000,pm,0.180
67,pm24-100ml yenki jar bottle top 100 gm,pm,packaging,glass cap,0.000,pm,0.180
68,pm24-100 mm ro caps reliance pgp 1 kg,pm,packaging,cap,0.000,pm,0.180
69,pm24-100mm silver cap for glass jar reliance rgp 1 kg,pm,packaging,cap,0.000,pm,0.180
70,pm24-100mm x 100mm plain 1000 label,pm,packaging,label,0.000,pm,0.180
71,"pm24-100mm x 50mm 1000l 1 core, choromo veg logo 500 units",pm,packaging,label,0.000,pm,0.180
72,pm24- 100x100mm-chromo labels -plain veg mark,pm,packaging,label,0.000,pm,0.180
73,pm24- 100x100mm-chromo labels -veg logo with candor print (without address),pm,packaging,label,0.000,pm,0.180
74,pm24-10kg candor print ld pouch (18.5x26) 10 kg,pm,packaging,pouch,0.000,pm,0.180
75,pm24-10x12 plain pouch 1000 gm,pm,packaging,pouch,0.000,pm,0.180
76,pm24-12 dates printed box 12 pc,pm,packaging,pm,0.000,pm,0.180
77,pm24-12 pc cavity printed box 500 gm,pm,packaging,box,0.000,pm,0.180
78,"pm24-13""ct 303 shrink film ( for 500 gm) cryovac® brand, 11/12 micron-1900 mtr. 500 gm",pm,packaging,shrink film,0.000,pm,0.180
79,"pm 24-15"" ct 303 shrink film , 11/12 micron-1900 mtr",pm,packaging,shrink film,0.000,pm,0.180
80,"pm24-16"" ct 303 shrink film, cryovac® brand (11/12) micron-1900 mtr. 1000 gm",pm,packaging,shrink film,0.000,pm,0.180
81,pm24-18 dates sticker,pm,packaging,label,0.000,pm,0.180
82,"pm24-20"" ct 303 shrink film (11/12) micron 1000 gm",pm,packaging,shrink film,0.000,pm,0.180
83,pm24-20 cavity blister,pm,packaging,tub bottom,0.000,pm,0.180
84,pm24-21 gm date bite blister,pm,packaging,blister,0.000,pm,0.180
85,pm24-(21o pet) top with black cap 150 gm,pm,packaging,pet,0.000,pm,0.180
86,pm24-22 x 30 ld liner -375 guage 2000 gm,pm,packaging,liner,0.000,pm,0.180
87,pm24-22 x 30 ld liner -375 guage 20 kg,pm,packaging,pm,0.000,pm,0.180
88,pm24-24x36 pp woven bag blue,pm,packaging,gooni,0.000,pm,0.180
89,pm24-24x36 pp woven bag brown,pm,packaging,gooni,0.000,pm,0.180
90,pm24-24 x 36 pp woven bag yellow,pm,packaging,gooni,0.000,pm,0.180
91,"pm24-25""ct 303 shrink film",pm,packaging,shrink film,0.000,pm,0.180
92,pm24-300 dia two pc tin cans with easy peei off + plastic lid 50 gm,pm,packaging,tin,0.000,pm,0.180
93,pm24-32x48 pp polythene liner bag 50 kg,pm,packaging,liner,0.000,pm,0.180
94,pm24-350 ml bottle matki 350 ml,pm,packaging,glass bottle,0.000,pm,0.180
95,pm24-38x38 label,pm,packaging,label,0.000,pm,0.180
96,pm24-3d transparent pouch 250 gm,pm,packaging,pouch,0.000,pm,0.180
97,pm24-48x31 white liner bag,pm,packaging,liner,0.000,pm,0.180
98,pm24-48x32 pp polythene liner bag 5 kg,pm,packaging,liner,0.000,pm,0.180
99,pm24-500 gm blister top/bottom 500 gm,pm,packaging,blister,0.000,pm,0.180
100,pm24-500 ml oval transparent container with lid-dates 350/400 gm,pm,packaging,tub,0.000,pm,0.180
101,pm24-500 ml sqaure pet-73 mm neck with trans cap & wad square bottle 250 gm,pm,packaging,pet,0.000,pm,0.180
102,pm24-50mm x 25mm 2ac chromo label 300 mt,pm,packaging,label,0.000,pm,0.180
103,pm24- 50x25mm-chromo labels -plain,pm,packaging,label,0.000,pm,0.180
104,pm24-5 grain cereal granola (standy pouch) 300 gm digital dark chocolate,pm,packaging,pouch roll,0.000,pm,0.180
105,pm24-5 grain cereal original (standy pouch) 300 gm digital,pm,packaging,pouch roll,0.000,pm,0.180
106,"pm24-5 grain cereal printed cup pp, 5 grain cereal 50g-original 50 gm",pm,packaging,cup,0.000,pm,0.180
107,"pm24-5 grain choclate cereal printed cup pp, 5 grain cereal 50g-dark chocolate 50 gm",pm,packaging,cup,0.000,pm,0.180
108,pm24-5 kg printed ld pouch (14.25x18x325) 5 kg,pm,packaging,pouch,0.000,pm,0.180
109,pm24-5 partition season greeting corrogation box big red 800 gm,pm,packaging,hamper-box,0.000,pm,0.180
110,pm24-600ml tub with container lid and handle 250 gm,pm,packaging,tub,0.000,pm,0.180
111,pm24-63 mm golden cap 350 ml,pm,packaging,cap,0.000,pm,0.180
112,pm24-700 ml round pet-73 mm neck-with trans cap & wad square bottle 400 gm,pm,packaging,pet,0.000,pm,0.180
113,pm24-70 mm x30 mm matt inkjet,pm,packaging,label,0.000,pm,0.180
114,pm24-70mm x 80mm x 1 ac chromo labels 500 per label roll 250 gm,pm,packaging,label,0.000,pm,0.180
115,pm24-82 mm ro caps reliance pgp 500 gm aluminum,pm,packaging,cap,0.000,pm,0.180
116,pm24-83mm round pet jar 1100 ml cap pet with wad 500 gm,pm,packaging,pet,0.000,pm,0.180
117,pm24-8 dates printed box 500 gm,pm,packaging,box,0.000,pm,0.180
118,pm24-abjosh manuka pouch 100 gm,pm,packaging,pouch,0.000,pm,0.180
119,pm24-acrylic stand for display 100 gm,pm,packaging,stand,0.000,pm,0.180
120,pm24-ahlan dark chocolate dates pouch 13 gm digital,pm,packaging,pouch roll,0.000,pm,0.180
121,pm24-ahlan milk chocolate dates pouch 13 gm digital,pm,packaging,pouch roll,0.000,pm,0.180
122,pm24-ahlan white chocolate dates pouch 13 gm digital,pm,packaging,pouch roll,0.000,pm,0.180
123,pm24-airbag bubble roll,pm,packaging,roll,0.000,pm,0.180
124,pm24-airbag pillow 200mm 50 gsm 100 gm,pm,packaging,roll,0.000,pm,0.180
125,pm24-airbag pillow 400mm 70 gsm 100 gm,pm,packaging,roll,0.000,pm,0.180
126,pm24-ajfan barbeque trail mix nuts composite tin 100 gm,pm,packaging,tin,0.000,pm,0.180
127,pm24-ajfan caramel & himayan salted trail mix nuts composite tin 100 gm,pm,packaging,tin,0.000,pm,0.180
128,pm24-ajfan premium kimia dates-500gm 700 ml rct tub with purple lid transparent 500 gm,pm,packaging,tub,0.000,pm,0.180
129,pm24-ajfan roasted & salted trail mix nuts composite tin 100 gm,pm,packaging,tin,0.000,pm,0.180
130,pm24-al barakah ajwa dates pouch-190mm x 115 mm-sample pouch 50 gm,pm,packaging,pouch,0.000,pm,0.180
131,pm24-al barakah date powder pouch 250gm,pm,packaging,pouch,0.000,pm,0.180
132,pm24-al barakah fard dates pouch (185 x 235 mm) 500 gm,pm,packaging,pouch,0.000,pm,0.180
133,pm24-al barakah fard delight dates 500 gm pouch digital,pm,packaging,pouch roll,0.000,pm,0.180
134,pm24-al barakah golden date pouch 500 gm,pm,packaging,pouch,0.000,pm,0.180
135,pm24-al barakah khalas dates 500 gm pouch digital,pm,packaging,pouch roll,0.000,pm,0.180
136,pm24-al barakah khalas dates pouch (185 x 235 mm) 500 gm,pm,packaging,pouch,0.000,pm,0.180
137,pm24-al barakah khalas dates pouch-sample pouch 30 gm,pm,packaging,pouch,0.000,pm,0.180
138,pm24-al barakah khneize dates pouch-(185 x 235 mm) 500 gm,pm,packaging,pouch,0.000,pm,0.180
139,pm24-al barakah khneize dates pouch-3 dates-190mm x 115 mm-sample pouch 50 gm,pm,packaging,pouch,0.000,pm,0.180
140,pm24-al barakah kimia dates top 500 gm,pm,packaging,top,0.000,pm,0.180
141,pm24-al barakah kimia dates tub 700ml-square container 500 gm,pm,packaging,tub,0.000,pm,0.180
142,pm24-al barakah kimia dates tub 700ml-square container (halal logo) 500 gm,pm,packaging,tub,0.000,pm,0.180
143,pm24-al barakah medjoul dates top 500 gm,pm,packaging,top,0.000,pm,0.180
144,pm24-al barakah oman date pouch 500 gm,pm,packaging,pouch,0.000,pm,0.180
145,pm24-al barakah oman dates pouch 1kg,pm,packaging,pouch,0.000,pm,0.180
146,pm24-al barakah premium seedless dates pouch 500 gm,pm,packaging,pouch,0.000,pm,0.180
147,pm24-al barakah safawi dates pouch 500 gm,pm,packaging,pouch,0.000,pm,0.180
148,pm24-al barakah safawi dates-sample pouch 30 gm,pm,packaging,pouch,0.000,pm,0.180
149,pm24-al barakah (seeded) kalmi dates top 400 gm,pm,packaging,top,0.000,pm,0.180
150,pm24-al barakakh kimia dates 500 gm pouch digital,pm,packaging,pouch roll,0.000,pm,0.180
151,pm24-al barakha arabian dates pouch 400gm,pm,packaging,pouch,0.000,pm,0.180
152,pm24-all is well choco crunch bar 30 gm pouch digital,pm,packaging,pouch roll,0.000,pm,0.180
153,pm24-all is well coffee bites 10 gm pouch digital,pm,packaging,pouch roll,0.000,pm,0.180
154,pm24-all is well coffee bites 60 gm triangular monocarton,pm,packaging,monocarton,0.000,pm,0.180
155,pm24-all is well fig and dates bar 30 gm pouch digital,pm,packaging,pouch roll,0.000,pm,0.180
156,pm24-all is well hazelnut bar 30 gm pouch digital,pm,packaging,pouch roll,0.000,pm,0.180
157,pm24-all is well oats and aprictos bar 30 gm pouch digital,pm,packaging,pouch roll,0.000,pm,0.180
158,pm24- almonds stand up pouch,pm,packaging,pouch,0.000,pm,0.180
159,pm24-alpina bbq peanut pouch 200 gm,pm,packaging,pouch,0.000,pm,0.180
160,pm24-alpina honey peanut pouch 200 gm,pm,packaging,pouch,0.000,pm,0.180
161,pm24-aluminum seal big 430 ml,pm,packaging,aluminum seal,0.000,pm,0.180
162,pm24-aluminum seal big 800 ml,pm,packaging,aluminum seal,0.000,pm,0.180
163,pm24-aluminum seal small 180 gm,pm,packaging,aluminum seal,0.000,pm,0.180
164,"pm24-amazon brand-kitchen cheer nuts, berries and seed mix | 200g pouch",pm,packaging,pouch,0.000,pm,0.180
165,"pm24-amazon brand-kitchen cheer nuts, berries mix | 200g pouch",pm,packaging,pouch,0.000,pm,0.180
166,"pm24-amazon brand-kitchen cheer nuts, dry fruit nut mix | 200g pouch",pm,packaging,pouch,0.000,pm,0.180
167,"pm24-amazon brand-kitchen cheer nuts, seed mix | 200g pouch",pm,packaging,pouch,0.000,pm,0.180
168,pm24-amazon prime bopp tape (72 mm x 65 mtr) 42 mic - new,pm,packaging,tape,0.000,pm,0.180
169,pm24-amery dates carton label 8000 gm,pm,packaging,label,0.000,pm,0.180
170,pm24-anjeer 250 gm,pm,packaging,blister,0.000,pm,0.180
171,pm24-anjeer 300 gm,pm,packaging,blister,0.000,pm,0.180
172,pm24-anjeer large premium 250 gm,pm,packaging,blister,0.000,pm,0.180
173,pm24-apollo standy dates pouch 500 gm,pm,packaging,pouch,0.000,pm,0.180
174,pm24-apricot bottom 250 gm,pm,packaging,bottom,0.000,pm,0.180
175,pm24-arabian dates ajwa dates top 500 gm,pm,packaging,top,0.000,pm,0.180
176,pm24-arabian dates ameri dates top 500 gm,pm,packaging,top,0.000,pm,0.180
177,pm24-arabian dates deglet dates top 500 gm,pm,packaging,top,0.000,pm,0.180
178,pm24-arabian dates fardh dates 500 gm,pm,packaging,pm,0.000,pm,0.180
179,pm24-arabian dates khidri dates 500 gm,pm,packaging,pm,0.000,pm,0.180
180,pm24-arabian dates mabroom dates top 500 gm,pm,packaging,top,0.000,pm,0.180
181,pm24-arabian dates mazafati dates 500 gm,pm,packaging,pm,0.000,pm,0.180
182,pm24-arabian dates rabia dates top 500 gm,pm,packaging,top,0.000,pm,0.180
183,pm24-arabian dates safavi dates top 500 gm,pm,packaging,top,0.000,pm,0.180
184,pm24-arabian dates segai dates 500 gm,pm,packaging,pm,0.000,pm,0.180
185,pm24-arabian dates sukkari dates top 500 gm,pm,packaging,top,0.000,pm,0.180
186,pm24-australia macadamia dark chocolate clusters  pouch,pm,packaging,pouch,0.000,pm,0.180
187,pm24-australia macadamia honey roast pouch,pm,packaging,pouch,0.000,pm,0.180
188,pm24-australia macadamia milk chocolate clusters  pouch,pm,packaging,pouch,0.000,pm,0.180
189,pm24-australia macadamia sweet chilli  pouch,pm,packaging,pouch,0.000,pm,0.180
190,pm24-azmah pouch 500 gm,pm,packaging,pouch,0.000,pm,0.180
191,pm24-azmah pouches 500 gm (bop khandar),pm,packaging,pouch,0.000,pm,0.180
192,pm24-bag 12/19/30 x 350 plastic bags plain / printed 350 gm,pm,packaging,liner,0.000,pm,0.180
193,pm24-baps choco crunch bar pouch 30 gm digital,pm,packaging,pouch roll,0.000,pm,0.180
194,pm24-baps choco crunch energy bar monocarton 180 gm,pm,packaging,monocarton,0.000,pm,0.180
195,pm24-baps-choco crunch energy bar pouch 30 gm,pm,packaging,pouch,0.000,pm,0.180
196,pm24-baps-choco crunch-roll digital,pm,packaging,pouch roll,0.000,pm,0.180
197,pm24-baps fig and date bar pouch 30 gm digital,pm,packaging,pouch roll,0.000,pm,0.180
198,pm24-baps fig and date energy bar monocarton 180 gm,pm,packaging,monocarton,0.000,pm,0.180
199,pm24-baps fig and date energy bar pouch 30 gm,pm,packaging,pouch,0.000,pm,0.180
200,pm24-baps hazelnut magic bar pouch 30 gm digital,pm,packaging,pouch roll,0.000,pm,0.180
201,pm24-baps hazelnut magic energy bar monocarton 180 gm,pm,packaging,monocarton,0.000,pm,0.180
202,pm24-baps-hazelnut magic energy bar pouch 30 gm,pm,packaging,pouch,0.000,pm,0.180
203,pm24-baps oats and apricot bar pouch 30 gm digital,pm,packaging,pouch roll,0.000,pm,0.180
204,pm24-baps-oats and apricot energy bar pouch 30 gm,pm,packaging,pouch,0.000,pm,0.180
205,pm24-baps oats & apricot energy bar monocarton 180 gm,pm,packaging,monocarton,0.000,pm,0.180
206,pm24-bar candor roll,pm,packaging,roll,0.000,pm,0.180
207,pm24-bb royal ajwa dates 250 gm tub,pm,packaging,tub,0.000,pm,0.180
208,pm24-bb royal ajwa dates back label 500 gm,pm,packaging,label,0.000,pm,0.180
209,pm24-bb royal ajwa dates tub 500 gm,pm,packaging,tub,0.000,pm,0.180
210,pm24-bb royal black carton label 8000 gm,pm,packaging,label,0.000,pm,0.180
211,pm24-bb royal black currant label 100 gm,pm,packaging,label,0.000,pm,0.180
212,pm24-bb royal black currant label 250 gm f800 /b930 /r770,pm,packaging,label,0.000,pm,0.180
213,pm24-bb royal blueberris label 100 gm,pm,packaging,label,0.000,pm,0.180
214,pm24-bb royal blueberry set label 250 gm f4000 /b2300 /r3100,pm,packaging,label,0.000,pm,0.180
215,pm24-bb royal blue carton label 8000 gm,pm,packaging,label,0.000,pm,0.180
216,pm24-bb royal mazafati dates 250 gm tub,pm,packaging,tub,0.000,pm,0.180
217,pm24-bb royal mazafati dates tub 250 gm,pm,packaging,tub,0.000,pm,0.180
218,pm24-bb royal mazafati dates tub 500 gm,pm,packaging,tub,0.000,pm,0.180
219,pm24-bb royal medjool dates front label 500 gm,pm,packaging,label,0.000,pm,0.180
220,pm24-bb royal medjool dates tub 250 gm,pm,packaging,tub,0.000,pm,0.180
221,pm24-bb royal medjool dates tub 500 gm,pm,packaging,tub,0.000,pm,0.180
222,pm24-bb royal omani dates tub 250 gm,pm,packaging,tub,0.000,pm,0.180
223,pm24-bb royal omani dates tub 500 gm,pm,packaging,tub,0.000,pm,0.180
224,pm24-bb royal safavi dates front label 500 gm,pm,packaging,label,0.000,pm,0.180
225,pm24-bb royal safavi dates tub 250 gm,pm,packaging,tub,0.000,pm,0.180
226,pm24-bb royal safavi dates tub 500 gm,pm,packaging,tub,0.000,pm,0.180
227,pm24-best farms 100g pouch -df-1,pm,packaging,pouch,0.000,pm,0.180
228,pm24-big basket-red dates pouch 250 gm,pm,packaging,pouch,0.000,pm,0.180
229,pm24-big basket-red dates pouch 500 gm,pm,packaging,pouch,0.000,pm,0.180
230,pm24-biospark hemp seeds barbeques monocarton 60 gm,pm,packaging,monocarton,0.000,pm,0.180
231,pm24-biospark hemp seeds barbeques pouch roll 20 gm digital,pm,packaging,pouch roll,0.000,pm,0.180
232,pm24-biospark hemp seeds chilli garlic monocarton 60 gm,pm,packaging,monocarton,0.000,pm,0.180
233,pm24-biospark hemp seeds chilli garlic pouch roll 20 gm digital,pm,packaging,pouch roll,0.000,pm,0.180
234,pm24-biospark hemp seeds lemon pickle monocarton 60 gm,pm,packaging,monocarton,0.000,pm,0.180
235,pm24-biospark hemp seeds lemon pickle pouch roll 20 gm digital,pm,packaging,pouch roll,0.000,pm,0.180
236,pm24-biospark hemp seeds masala monocarton 60 gm,pm,packaging,monocarton,0.000,pm,0.180
237,pm24-biospark hemp seeds masala pouch roll 20 gm digital,pm,packaging,pouch roll,0.000,pm,0.180
238,pm24-biospark hemp seeds mint monocarton 60 gm,pm,packaging,monocarton,0.000,pm,0.180
239,pm24-biospark hemp seeds mint pouch roll 20 gm digital,pm,packaging,pouch roll,0.000,pm,0.180
240,pm24-biospark hemp seeds salted monocarton 60 gm,pm,packaging,monocarton,0.000,pm,0.180
241,pm24-biospark hemp seeds salted pouch roll 20 gm digital,pm,packaging,pouch roll,0.000,pm,0.180
242,pm24-biospark hemp seeds tandoor monocarton 60 gm,pm,packaging,monocarton,0.000,pm,0.180
243,pm24-biospark hemp seeds tandoor pouch roll 20 gm digital,pm,packaging,pouch roll,0.000,pm,0.180
244,pm24-biospark nutri barbites chocolate & oats monocarton 30 gm,pm,packaging,monocarton,0.000,pm,0.180
245,pm24-biospark nutri barbites chocolate & oats pouch roll 10 gm digital,pm,packaging,pouch roll,0.000,pm,0.180
246,pm24-biospark nutri barbites dates & nuts monocarton 30 gm,pm,packaging,monocarton,0.000,pm,0.180
247,pm24-biospark nutri barbites dates & nuts pouch roll 10 gm digital,pm,packaging,pouch roll,0.000,pm,0.180
248,pm24-black clip 250 gm,pm,packaging,clip,0.000,pm,0.180
249,pm24-black diamond /6 dates transparnt top 250 gm,pm,packaging,blister,0.000,pm,0.180
250,pm24-black diamond blister 250 gm,pm,packaging,blister,0.000,pm,0.180
251,pm24-blueberries pouch (reliance-unbranded) 100 gm,pm,packaging,pouch,0.000,pm,0.180
252,pm24-blue laminate 180 mm 30 gm,pm,packaging,roll,0.000,pm,0.180
253,pm24-bopp adhesive tape,pm,packaging,tape,0.000,pm,0.180
254,"pm24-bopp adhesive tape 3"" x 55 mtr",pm,packaging,tape,0.000,pm,0.180
255,pm24-bopp adhesive tape 48 mm-23 micron-unprinted,pm,packaging,tape,0.000,pm,0.180
256,pm24-bopp adhesive tape printed ( 60 mm x 650 mtr ) for machine 500 gm,pm,packaging,tape,0.000,pm,0.180
257,pm24-brown pouch (origin)100 gm,pm,packaging,pouch,0.000,pm,0.180
258,pm24-buy one get one free label 500 gm,pm,packaging,label,0.000,pm,0.180
259,pm24-cafe coffee day nuts,pm,packaging,pouch,0.000,pm,0.180
260,pm24-cafe coffee day nuts & seeds snack bar pouch 30gm,pm,packaging,pouch,0.000,pm,0.180
261,pm24-cafe galleria dry fruit pouch 250 gm,pm,packaging,pouch,0.000,pm,0.180
262,pm24-cafe galleria dry fruit pouch 500 gm digital,pm,packaging,pouch roll,0.000,pm,0.180
263,pm24-caffine rush laminated 180 mm 30 gm,pm,packaging,roll,0.000,pm,0.180
264,pm24-café galleria milan tub big set 500 gm,pm,packaging,tub,0.000,pm,0.180
265,pm24-candor pouch 5 kg 4 kg 5000 gm (d mart),pm,packaging,pouch,0.000,pm,0.180
266,pm24-candor tape printed 60 mm,pm,packaging,tape,0.000,pm,0.180
267,pm24 - carnival 4p box sleeve 360 gm,pm,packaging,sleeve,0.000,pm,0.180
268,pm24-carnival ajwa dates blister octagon set 400 gm,pm,packaging,blister,0.000,pm,0.180
269,pm24-carnival ajwa dates label back 400 gm,pm,packaging,label,0.000,pm,0.180
270,pm24-carnival almond label 100 gm,pm,packaging,label,0.000,pm,0.180
271,pm24-carnival almond pouch roll (cred) 250 gm,pm,packaging,pouch roll,0.000,pm,0.180
272,pm24-carnival almond roasted salted pouch 250 gm,pm,packaging,pouch,0.000,pm,0.180
273,pm24-carnival almonds pouch (150mm x 230mm) 250 gm,pm,packaging,pouch,0.000,pm,0.180
274,pm24-carnival anjeer blister 500 gm,pm,packaging,blister,0.000,pm,0.180
275,pm24-carnival anjeer butterfly blister set 300 gm,pm,packaging,blister,0.000,pm,0.180
276,pm24-carnival arabian dates pouch (160 x 240 mm) 350 gm,pm,packaging,pouch,0.000,pm,0.180
277,pm24-carnival barbeque cashew pouch 250 gm digital,pm,packaging,pouch roll,0.000,pm,0.180
278,pm24-carnival barbeque (cred) pouch 30 gm digital,pm,packaging,pouch roll,0.000,pm,0.180
279,pm24-carnival berry barbeque trail mix 200g pre printed pouch ( 150mm x 225mm ) 200 gm,pm,packaging,pouch,0.000,pm,0.180
280,pm24-carnival black raisin seedless indian pouch (150mm x 230mm) 200 gm digital,pm,packaging,pouch roll,0.000,pm,0.180
281,pm24-carnival blueberry set 250 gm,pm,packaging,label,0.000,pm,0.180
282,pm24-carnival blue k seal standy pouch (pista pouch) 1000 gm,pm,packaging,pouch,0.000,pm,0.180
283,pm24-carnival blue pouch standee zipper pouch-135 x 185 mm 150 gm,pm,packaging,pouch,0.000,pm,0.180
284,pm24-carnival california almonds independence (cred) pouch 1 kg,pm,packaging,pouch,0.000,pm,0.180
285,pm24-carnival california pitted prunes 250 gm,pm,packaging,pouch,0.000,pm,0.180
286,pm24-carnival california roasted & salted pistachio with barcode 250/200 gm,pm,packaging,pouch,0.000,pm,0.180
287,pm24-carnival california roasted & salted pistachio without barcode 250/200 gm,pm,packaging,pouch,0.000,pm,0.180
288,pm24-carnival california walnut kernel (cred) monocarton 200 gm,pm,packaging,monocarton,0.000,pm,0.180
289,pm24-carnival cashew 320 pouch 1 kg,pm,packaging,pouch,0.000,pm,0.180
290,pm24-carnival cashew kani + tukda pouch 500 gm digital,pm,packaging,pouch roll,0.000,pm,0.180
291,pm24-carnival cashewnut pouch (150mm x 230mm) 250 gm,pm,packaging,pouch,0.000,pm,0.180
292,pm24-carnival cashew roasted salted pouch 250 gm,pm,packaging,pouch,0.000,pm,0.180
293,pm24-carnival chatpata black raisin composite tin with tin lid (74mmx130mm) 200 gm,pm,packaging,tin,0.000,pm,0.180
294,pm24-carnival chatpata cranberry composite tin with tin lid (74mmx130mm) 200 gm,pm,packaging,tin,0.000,pm,0.180
295,pm24-carnival cheese cashew pouch 30 gm digital,pm,packaging,pouch roll,0.000,pm,0.180
296,pm24-carnival cheese makhana label 125 gm,pm,packaging,label,0.000,pm,0.180
297,pm24-carnival cheese makhana label 55 gm,pm,packaging,label,0.000,pm,0.180
298,pm24-carnival chia seeds 100 gm,pm,packaging,pouch,0.000,pm,0.180
299,pm24-carnival classic 100 gm roll,pm,packaging,roll,0.000,pm,0.180
300,pm24-carnival classic anjeer blister (small) 250 gm,pm,packaging,blister,0.000,pm,0.180
301,pm24-carnival classic printed laminated silver pouch (115mm x 230mm) 500 gm,pm,packaging,pouch,0.000,pm,0.180
302,pm24-carnival classic  printed laminated  silver pouch-80 x 200mm 250 gm,pm,packaging,pouch,0.000,pm,0.180
303,pm24-carnival coated seeds pouch 10 gm digital,pm,packaging,pouch roll,0.000,pm,0.180
304,pm24-carnival cocktail mix 250 gm,pm,packaging,pouch,0.000,pm,0.180
305,pm24-carnival cranberry slice 250 gm,pm,packaging,pouch,0.000,pm,0.180
306,pm24-carnival cranberry standy pouch (115x160mm+60) 100 gm,pm,packaging,pouch,0.000,pm,0.180
307,pm24-carnival cranberry whole 250 gm,pm,packaging,pouch,0.000,pm,0.180
308,pm24-carnival crunchy caramel trail mix pre printed pouch 200g ( 150mm x 225mm ) 200 gm,pm,packaging,pouch,0.000,pm,0.180
309,pm24-carnival delux blue pouch 250 gm,pm,packaging,pouch,0.000,pm,0.180
310,pm24-carnival dried blueberry 100g standup pouch 100 gm,pm,packaging,pouch,0.000,pm,0.180
311,pm24-carnival dried blueberry 100g standup pouch old 100 gm,pm,packaging,pouch,0.000,pm,0.180
312,pm24-carnival dried blueberry whole pouch 250 gm,pm,packaging,pouch,0.000,pm,0.180
313,pm24-carnival dried cranberry slice,pm,packaging,label,0.000,pm,0.180
314,pm24-carnival everyday cashew pouch 1 kg,pm,packaging,pouch,0.000,pm,0.180
315,pm24-carnival flavoured makgana fox nut sample pouch 10gm digital,pm,packaging,pouch roll,0.000,pm,0.180
316,pm24-carnival flax seeds roasted 100 gm 100 gm,pm,packaging,pouch,0.000,pm,0.180
317,pm24-carnival green chilli cashew pouch 30 gm digital,pm,packaging,pouch roll,0.000,pm,0.180
318,pm24-carnival green k seal standy pouch (pista pouch) 1000 gm,pm,packaging,pouch,0.000,pm,0.180
319,pm24-carnival green pouch standee zipper pouch-135 x 185 mm 150 gm,pm,packaging,pouch,0.000,pm,0.180
320,pm24-carnival green raisin 250 gm-pouch 250 gm,pm,packaging,pouch,0.000,pm,0.180
321,pm24-carnival green raisin pouch 1000 gm digital,pm,packaging,pouch roll,0.000,pm,0.180
322,pm24-carnival green raisins 1kg,pm,packaging,pouch,0.000,pm,0.180
323,pm24-carnival-green-standyzipper pouch-120×170 mm-masala masti seed mix7in1,pm,packaging,pouch,0.000,pm,0.180
324,pm24-carnival grey generic 1 kg pouch-lpp generic standup pouch 1 kg (210x265mm) grey 1000 gm,pm,packaging,pouch,0.000,pm,0.180
325,pm24-carnival himalayan salt & pepper pistachios pouch roll,pm,packaging,roll,0.000,pm,0.180
326,pm24-carnival himalayan salt & pepper pistachios standy zipper pouch,pm,packaging,pouch,0.000,pm,0.180
327,pm24-carnival indian green raisin pouch 900 gm digital,pm,packaging,pouch roll,0.000,pm,0.180
328,pm24-carnival indian green raisins (cred) 250 gm monocarton,pm,packaging,monocarton,0.000,pm,0.180
329,pm24-carnival indian seedless black raisin pouch (150mm x 230mm) 250 gm,pm,packaging,pouch,0.000,pm,0.180
330,pm24-carnival irani roasted & salted pistachio box pouch with zipper 250 gm,pm,packaging,pouch,0.000,pm,0.180
331,pm24-carnival kashmir kesar .05 gm,pm,packaging,card,0.000,pm,0.180
332,pm24-carnival kashmir kesar blister 0.05 gm,pm,packaging,blister,0.000,pm,0.180
333,pm24-carnival kashmir kesar blister 1 gm,pm,packaging,blister,0.000,pm,0.180
334,pm24-carnival kashmir kesar dabbi 0.05 gm,pm,packaging,dibbi,0.000,pm,0.180
335,pm24-carnival kashmir kesar dabbi 1 gm,pm,packaging,dibbi,0.000,pm,0.180
336,pm24-carnival makhana label barbeque 125 gm,pm,packaging,label,0.000,pm,0.180
337,pm24-carnival makhana rejected label 125 gm,pm,packaging,label,0.000,pm,0.180
338,pm24-carnival maroon standee zipper pouch-135 x 185 mm 150 gm,pm,packaging,pouch,0.000,pm,0.180
339,pm24-carnival mocha mojo trail mix pre printed pouch 200g ( 150mm x 225mm ) 200 gm,pm,packaging,pouch,0.000,pm,0.180
340,pm24-carnival mocho moja trail mix pouch 30 gm digital,pm,packaging,pouch roll,0.000,pm,0.180
341,pm24-carnival monocarton 100 gm,pm,packaging,monocarton,0.000,pm,0.180
342,pm24-carnival orange pouch standee zipper pouch-135 x 185 mm 150 gm,pm,packaging,pouch,0.000,pm,0.180
343,pm24-carnival paan cranberry pouch roll 30 gm,pm,packaging,pouch roll,0.000,pm,0.180
344,pm24-carnival pan cranberry roll digital,pm,packaging,pouch roll,0.000,pm,0.180
345,pm24-carnival pan raisins roll,pm,packaging,roll,0.000,pm,0.180
346,pm24-carnival pan raisins roll digital,pm,packaging,pouch roll,0.000,pm,0.180
347,pm24-carnival pepper cashew pouch 250 gm digital,pm,packaging,pouch roll,0.000,pm,0.180
348,pm24-carnival pepper cashew pouch roll 30 gm digital,pm,packaging,pouch roll,0.000,pm,0.180
349,pm24-carnival pepper makhana label 125 gm,pm,packaging,label,0.000,pm,0.180
350,pm24-carnival peri peri cashew pouch 250 gm digital,pm,packaging,pouch roll,0.000,pm,0.180
351,pm24-carnival peri peri makhana label 125 gm,pm,packaging,label,0.000,pm,0.180
352,pm24-carnival pet label (230x60mm) 230/250 gm,pm,packaging,label,0.000,pm,0.180
353,pm24-carnival-pink-standyzipper pouch-120×170 mm-masala masti cranberry,pm,packaging,pouch,0.000,pm,0.180
354,pm24-carnival pista kernals 100 gm,pm,packaging,label,0.000,pm,0.180
355,pm24-carnival popcorn makhana label 125 gm,pm,packaging,label,0.000,pm,0.180
356,pm24-carnival popcorn makhana label 55 gm,pm,packaging,label,0.000,pm,0.180
357,pm24 - carnival printed laminated gold premium pouch roll (80/100 gm) 190 mm,pm,packaging,pouch roll,0.000,pm,0.180
358,pm24-carnival printed laminated premium gold pouch (115mm x 230mm) 500 gm,pm,packaging,pouch,0.000,pm,0.180
359,pm24-carnival printed laminated premium gold pouch 80 x 200 250 gm,pm,packaging,pouch,0.000,pm,0.180
360,pm24-carnival printed(red) transparent pouch 100 gm old,pm,packaging,pouch,0.000,pm,0.180
361,pm24-carnival pudina almond pouch 250 gm digital,pm,packaging,pouch roll,0.000,pm,0.180
362,pm24-carnival pudina makhana label 125 gm,pm,packaging,label,0.000,pm,0.180
363,pm24-carnival pudina makhana label 55 gm,pm,packaging,label,0.000,pm,0.180
364,pm24-carnival puffed snack sample pouch 10 gm digital,pm,packaging,pouch roll,0.000,pm,0.180
365,pm24-carnival pumpkin seeds 100gm 100 gm,pm,packaging,pouch,0.000,pm,0.180
366,pm24 - carnival roasted makhana pouch roll 50 gm,pm,packaging,pouch roll,0.000,pm,0.180
367,pm24-carnival roasted salted pista pouch 250 gm,pm,packaging,pouch,0.000,pm,0.180
552,pm24-fk classic 500 gm roll (250x150) uin 19 500 gm,pm,packaging,roll,0.000,pm,0.180
368,pm24-carnival rose gold standee zipper pouch-135 x 185 mm 150 gm,pm,packaging,pouch,0.000,pm,0.180
369,pm24-carnival seedless black raisin pouch (150mm x 230mm) 250 gm,pm,packaging,pouch,0.000,pm,0.180
370,pm24-carnival seedless dates 350 gm label,pm,packaging,label,0.000,pm,0.180
371,pm24-carnival seeds pouch 30 gm digital,pm,packaging,pouch roll,0.000,pm,0.180
372,pm24-carnival shubkamnaye 2p box set,pm,packaging,box,0.000,pm,0.180
373,pm24-carnival silver classic pouch  100 gm,pm,packaging,pouch,0.000,pm,0.180
374,pm24-carnival smoked almonds label 100 gm,pm,packaging,label,0.000,pm,0.180
375,pm24-carnival smoked almonds pouch 250 gm digital,pm,packaging,pouch roll,0.000,pm,0.180
376,pm24-carnival spanish tomato flavour pouch roll 30 gm digital,pm,packaging,pouch roll,0.000,pm,0.180
377,pm24-carnival-standy zipper pouch-120×170 mm-black pepper cashew,pm,packaging,pouch,0.000,pm,0.180
378,pm24-carnival-standy zipper pouch-120×170 mm-roasted salted almond,pm,packaging,pouch,0.000,pm,0.180
379,pm24-carnival-standy zipper pouch-120×170 mm-roasted salted cashew,pm,packaging,pouch,0.000,pm,0.180
380,pm24-carnival sunflower seed 100 gm,pm,packaging,pouch,0.000,pm,0.180
381,pm24-carnival sweet pop makhana label 125 gm,pm,packaging,label,0.000,pm,0.180
382,pm24-carnival thandai mix 100 gm,pm,packaging,monocarton,0.000,pm,0.180
383,pm24-carnival white round tub label 250 gm,pm,packaging,label,0.000,pm,0.180
384,pm24-cbr-pharma-for kracknut 50 gm,pm,packaging,tin,0.000,pm,0.180
385,pm24 - chat makhana pouch 60 gm,pm,packaging,pouch,0.000,pm,0.180
386,pm24-chatpata chaat 540mmx160mm 200 gm pouch digital,pm,packaging,pouch roll,0.000,pm,0.180
387,pm24-cheesy mast 540mmx160mm 200 gm pouch digital,pm,packaging,pouch roll,0.000,pm,0.180
388,pm24-chef pick 500 gm roll,pm,packaging,roll,0.000,pm,0.180
389,pm24-chef pick gold n white generic pouch roll 375 mm 500 gm,pm,packaging,pouch roll,0.000,pm,0.180
390,pm24-chile walnuts (4p) (cred) 200 gm,pm,packaging,monocarton,0.000,pm,0.180
391,pm24-choco almond protein 10 grm on the run choco almond protein bar printed laminated pouch roll-10 gm (105 mm x 190 mm) 40 gm,pm,packaging,pouch roll,0.000,pm,0.180
392,pm24-chocolate coated date blister,pm,packaging,blister,0.000,pm,0.180
393,pm24-chocolate protein bar 500 gm,pm,packaging,pouch,0.000,pm,0.180
394,pm24-cic-pharma-for kracknut 50 gm,pm,packaging,tin,0.000,pm,0.180
395,pm24-cilicant pouch moisture absorber 2g 2 gm,pm,packaging,pouch,0.000,pm,0.180
396,pm24-cococart-almond and coffee digital,pm,packaging,pouch roll,0.000,pm,0.180
397,pm24-cococart-almond and orange digital,pm,packaging,pouch roll,0.000,pm,0.180
398,pm24-cococart-almond cranberry digital,pm,packaging,pouch roll,0.000,pm,0.180
399,pm24-cococart-fruit and nut digital,pm,packaging,pouch roll,0.000,pm,0.180
400,pm24-cococart masala masti trial mix pouch digital,pm,packaging,pouch roll,0.000,pm,0.180
401,pm24-cococart-raspberry almond digital,pm,packaging,pouch roll,0.000,pm,0.180
402,pm24-cococart-rose and pista digital,pm,packaging,pouch roll,0.000,pm,0.180
403,pm24-coffee bite 30 gm,pm,packaging,pouch,0.000,pm,0.180
404,"pm24-cold transfer security hologram 20mmx30mm,24ups rectangle sha azmah 500 gm",pm,packaging,label,0.000,pm,0.180
405,"pm24-cold transfer security hologram 20mmx30mm,24ups rectangle sha dilkash 500 gm",pm,packaging,label,0.000,pm,0.180
406,"pm24-cold transfer security hologram 20mmx30mm,35ups-king solomon original 500 gm",pm,packaging,label,0.000,pm,0.180
407,pm24-combo pack 1000 gm,pm,packaging,box,0.000,pm,0.180
408,pm24-composite tin 99 mm(dia)*180 mm(h) white-sample 85 gm,pm,packaging,tin,0.000,pm,0.180
409,pm24-composite tin with tin lid 200 gm,pm,packaging,tin,0.000,pm,0.180
410,pm24-courier bags 8x10 no pod 500 gm,pm,packaging,bag,0.000,pm,0.180
411,pm24-cranberries pouch (reliance-no brand) 100 gm,pm,packaging,pouch,0.000,pm,0.180
412,pm24-cranberries pouch (reliance-unbranded) 100 gm,pm,packaging,pouch,0.000,pm,0.180
413,pm24-cranberry label 100 gm,pm,packaging,label,0.000,pm,0.180
414,pm24-cranberry set label 250 gm,pm,packaging,label,0.000,pm,0.180
415,pm24-cranberry set label 250 gm carnival,pm,packaging,label,0.000,pm,0.180
416,pm24-cred/hoh fard dates label 1kg,pm,packaging,label,0.000,pm,0.180
417,pm24-crunchy granola iron rich kakvi (standy pouch) 250 gm,pm,packaging,pouch,0.000,pm,0.180
418,pm24-curate ajwa top 500 gm,pm,packaging,top,0.000,pm,0.180
419,pm24-curate anjeer jumbo label 250 gm,pm,packaging,label,0.000,pm,0.180
420,pm24-curate anjeer label  250 gm,pm,packaging,label,0.000,pm,0.180
421,pm24-curate apricot jardalu label 550 gm,pm,packaging,label,0.000,pm,0.180
422,pm24-curate assorted top 500g 500 gm,pm,packaging,top,0.000,pm,0.180
423,pm24-curate bopp adhesive tape (60mm x 65 mt),pm,packaging,tape,0.000,pm,0.180
424,pm24-curate cashew 250 gm label,pm,packaging,label,0.000,pm,0.180
425,pm24-curate cashew label  550 gm,pm,packaging,label,0.000,pm,0.180
426,pm24-curate cranberry whole label  300 gm,pm,packaging,label,0.000,pm,0.180
427,pm24-curate-date bite blisters / top dm03,pm,packaging,blister,0.000,pm,0.180
428,pm24-curate fard dates with lid black tub-square container-reliance pgp 500 gm,pm,packaging,tub,0.000,pm,0.180
429,pm24-curate kimia dates sqaure tub curate pgp 500 gm,pm,packaging,tub,0.000,pm,0.180
430,pm24-curate kimia dates with lid black tub curate-square container-reliance pgp 500 gm,pm,packaging,tub,0.000,pm,0.180
431,pm24-curate mamra almond label 250 gm,pm,packaging,label,0.000,pm,0.180
432,pm24-curate mamra almond label 600 gm,pm,packaging,label,0.000,pm,0.180
433,pm24-curate oriental dates top 500 gm,pm,packaging,top,0.000,pm,0.180
434,pm24-curate oriental dates tub 500 gm,pm,packaging,tub,0.000,pm,0.180
435,pm24-curate pista akbari label 250 gm,pm,packaging,label,0.000,pm,0.180
436,pm24-curate pista akbari label 550 gm,pm,packaging,label,0.000,pm,0.180
437,pm24-curate pista peshawari label 300 gm,pm,packaging,label,0.000,pm,0.180
438,pm24-curate prunes label 300 gm,pm,packaging,label,0.000,pm,0.180
439,pm24-curate roasted hazelnut 250 gm label,pm,packaging,label,0.000,pm,0.180
440,pm24-curate round label big 250 gm,pm,packaging,label,0.000,pm,0.180
441,pm24-curate round label small 550 gm,pm,packaging,label,0.000,pm,0.180
442,pm24-curate safavi top 500 gm,pm,packaging,top,0.000,pm,0.180
443,pm24-curate sandhukani kismis label 600 gm,pm,packaging,label,0.000,pm,0.180
444,pm24-date a chocolate 30 gm pouch digital,pm,packaging,pouch roll,0.000,pm,0.180
445,pm24-date blister top n bottom 300 gm,pm,packaging,blister,0.000,pm,0.180
446,pm24-date blister top n bottom 500 gm,pm,packaging,blister,0.000,pm,0.180
447,pm24-date delight classic,pm,packaging,monocarton,0.000,pm,0.180
448,pm24-dates ball blister 200 gm,pm,packaging,blister,0.000,pm,0.180
449,pm24-dates delight pvc box 375 gm,pm,packaging,box,0.000,pm,0.180
450,pm24-d cut bags 11x16 inch ( kingdom of dates ) 500 gm,pm,packaging,bag,0.000,pm,0.180
451,pm24-d cut pouch-136x280mm+80mm 1000 gm,pm,packaging,pouch,0.000,pm,0.180
452,pm24-delmonte arabian dates 500g pouch,pm,packaging,pouch,0.000,pm,0.180
453,pm24-delmonte arabian dates pouch 200 gm,pm,packaging,pouch,0.000,pm,0.180
454,pm24-del monte arabian dates pouch 500 gm,pm,packaging,pouch,0.000,pm,0.180
455,pm24-del monte arabian dates promo pouch 200 gm,pm,packaging,pouch,0.000,pm,0.180
456,pm24-del monte arabian dates promo pouch 500 gm,pm,packaging,pouch,0.000,pm,0.180
457,pm24-del monte arabian fard dates pouch 200 gm,pm,packaging,pouch,0.000,pm,0.180
458,pm24-del monte bopp adhesive tape (60 mm x 65 mt),pm,packaging,tape,0.000,pm,0.180
459,pm24-del monte dried cranberries zipper pouch 130 gm,pm,packaging,pouch,0.000,pm,0.180
460,pm24-del monte fard dates promo pouch 200 gm,pm,packaging,pouch,0.000,pm,0.180
461,pm24-del monte fard dates promo pouch 500 gm,pm,packaging,pouch,0.000,pm,0.180
462,pm24-del monte pitted prunes pouch 130 gm,pm,packaging,pouch,0.000,pm,0.180
463,pm24-del monte pitted prunes pouch 340 gm,pm,packaging,pouch,0.000,pm,0.180
464,pm24-del monte royal fard dates pouch 450 gm,pm,packaging,pouch,0.000,pm,0.180
465,pm24-del monte royal fard dates pouch 500 gm,pm,packaging,pouch,0.000,pm,0.180
466,pm24-dilkash pouch 500 gm,pm,packaging,pouch,0.000,pm,0.180
467,pm24-dilkash pouch 500 gm - (bop kandhar),pm,packaging,pouch,0.000,pm,0.180
468,pm24-diwali pouch 5.5 x 7.5 laminated pouch( 115mm x 200 mm)-center sealing pouch 200 gm,pm,packaging,pouch,0.000,pm,0.180
469,pm24-diwali pouch laminated centre sealing 4.5 x 7.5 200 gm,pm,packaging,pouch,0.000,pm,0.180
470,pm24-dm03 bottom golden blister,pm,packaging,blister,0.000,pm,0.180
471,pm24-dm 03 top transparent (for blister) 210 gm,pm,packaging,top,0.000,pm,0.180
472,pm24-dm10 blister bottom golden 210g,pm,packaging,blister,0.000,pm,0.180
473,pm24-dm10 blister lid transparent 210g,pm,packaging,blister lid,0.000,pm,0.180
474,pm24-d m 10 gm inner tray 210 gm,pm,packaging,tray,0.000,pm,0.180
475,pm24-d m 10 gm inner tray 210 gm (blister),pm,packaging,blister,0.000,pm,0.180
476,pm24-d m 10 gm inner tray 210 gm (top),pm,packaging,top,0.000,pm,0.180
477,pm24-d m 10 gm tray,pm,packaging,tray,0.000,pm,0.180
478,pm24-d m 25 gm inner tray 350 gm (blister),pm,packaging,blister,0.000,pm,0.180
479,pm24-d mart 210 ml empty pet cans - 100gm,pm,packaging,pet,0.000,pm,0.180
480,pm24-d mart healthy choice 5 in 1 seeds mix 200g standy zipper pouch,pm,packaging,pouch,0.000,pm,0.180
481,pm24-d mart healthy choice chia seeds 100g (115x160mm) standy pouch,pm,packaging,pouch,0.000,pm,0.180
482,pm24-d mart healthy choice roasted chia seeds 200g standy zipper pouch,pm,packaging,pouch,0.000,pm,0.180
483,pm24-d mart healthy choice roasted pumpkin seeds 100g (115x160mm) standy pouch,pm,packaging,pouch,0.000,pm,0.180
484,pm24-d mart healthy choice roasted pumpkin seeds 200g standy zipper pouch,pm,packaging,pouch,0.000,pm,0.180
485,pm24-d mart healthy choice roasted sunflower seeds 100g (115x160mm) standy pouch,pm,packaging,pouch,0.000,pm,0.180
486,pm24-d mart healthy choice roasted sunflower seeds 200g standy zipper pouch,pm,packaging,pouch,0.000,pm,0.180
487,pm24-d mart healthy choice roasted watermelon seeds 100g (115x160mm) standy pouch,pm,packaging,pouch,0.000,pm,0.180
488,pm24-d mart healthy choice roasted watermelon seeds 200g standy zipper pouch,pm,packaging,pouch,0.000,pm,0.180
489,pm24-d mart induction wad for 210 ml pet cans- 100gm,pm,packaging,wad,0.000,pm,0.180
490,pm24-d mart pet caps for 210 ml pet 100 gm,pm,packaging,cap,0.000,pm,0.180
796,pm24-liner 10 kg,pm,packaging,liner,0.000,pm,0.180
491,pm24-d mart premia almonds salted standy pouch 100 gm,pm,packaging,pouch,0.000,pm,0.180
492,pm24-d mart premia black pepper cashew pouch 100 gm,pm,packaging,pouch,0.000,pm,0.180
493,pm24-d mart premia breakfast mix standy pouch 100 gm,pm,packaging,pouch,0.000,pm,0.180
494,pm24-d mart premia cashew black pepper 100 gm,pm,packaging,pouch,0.000,pm,0.180
495,pm24-d mart premia cashews salted label  100 gm,pm,packaging,label,0.000,pm,0.180
496,pm24-d mart premia cashews salted standy pouch 100 gm.,pm,packaging,pouch,0.000,pm,0.180
497,pm24-d mart premia chatpata cranberry standy pouch 100 gm,pm,packaging,pouch,0.000,pm,0.180
498,pm24-d mart premia cranberries chatpata standy pouch 100g,pm,packaging,pouch,0.000,pm,0.180
499,pm24-d mart premia cranberry label 100 gm,pm,packaging,label,0.000,pm,0.180
500,pm24-d mart premia dried blueberry standy pouch 100 gm,pm,packaging,pouch,0.000,pm,0.180
501,pm24-d mart premia dried cranberry standy pouch (115x160mm+60) 100 gm,pm,packaging,pouch,0.000,pm,0.180
502,pm24-d mart premia nuts and seed mix 100 gm,pm,packaging,pouch,0.000,pm,0.180
503,pm24-d mart premia nuts & seeds 100 gm,pm,packaging,pouch,0.000,pm,0.180
504,pm24- dmart premia nuts & seeds pouch 100 g,pm,packaging,pouch,0.000,pm,0.180
505,pm24-d mart premia prunes 100 gm,pm,packaging,pouch,0.000,pm,0.180
506,pm24-d mart premia raisins plain label 100 gm,pm,packaging,label,0.000,pm,0.180
507,pm24-d mart premia salted almond standy pouch 100 gm,pm,packaging,pouch,0.000,pm,0.180
508,pm24-d mart premia smoked almond 100 gm,pm,packaging,pouch,0.000,pm,0.180
509,pm24-d mart premia trail mix 100 gm,pm,packaging,pouch,0.000,pm,0.180
510,pm24-dmart pumpkin seeds 100g pouch,pm,packaging,pouch,0.000,pm,0.180
511,pm24-d mart royal traditional almonds  100g (115x160mm) pouch,pm,packaging,pouch,0.000,pm,0.180
512,pm24-d mart royal traditional almonds salted 100g (115x160mm) pouch,pm,packaging,pouch,0.000,pm,0.180
513,pm24-d mart royal traditional cashew 100g (115x160mm) pouch,pm,packaging,pouch,0.000,pm,0.180
514,pm24-d mart royal traditional cashew black pepper 100g (115x160mm) pouch,pm,packaging,pouch,0.000,pm,0.180
515,pm24-d mart royal traditional cashew salted 100g (115x160mm) pouch,pm,packaging,pouch,0.000,pm,0.180
516,pm24-d mart royal traditional cranberries 100g (115x160mm) pouch,pm,packaging,pouch,0.000,pm,0.180
517,pm24-d mart royal traditional raisin plain 100g (115x160mm) pouch,pm,packaging,pouch,0.000,pm,0.180
518,pm24-dmart royal trad. snack mix-chatpata st. pouch100g,pm,packaging,pouch,0.000,pm,0.180
519,pm24-dmart royal trad. snack mix -masala magic st. pouch100g,pm,packaging,pouch,0.000,pm,0.180
520,pm24-dragees pet-200 ml with d gold cap 100 gm,pm,packaging,pet,0.000,pm,0.180
521,pm24-dried blueberry pouch 100 gm,pm,packaging,pouch,0.000,pm,0.180
522,pm24-dried cranberry pouch 100 gm,pm,packaging,pouch,0.000,pm,0.180
523,pm24-dry fruit instant bar r 30 gm,pm,packaging,roll,0.000,pm,0.180
524,pm24-dry fruits & berry mix 250 gm pouch digital,pm,packaging,pouch roll,0.000,pm,0.180
525,pm24-dry fruits nutes mix 250 gm pouch digital,pm,packaging,pouch roll,0.000,pm,0.180
526,pm24-eid box 10x10x2.2 500 gm,pm,packaging,box,0.000,pm,0.180
527,pm24-empl besan pouch roll 9gm,pm,packaging,pouch roll,0.000,pm,0.180
528,pm24-empl coconut pouch roll 9gm,pm,packaging,pouch roll,0.000,pm,0.180
529,pm24-empl-dryfruit instant pouch roll 35gm,pm,packaging,pouch roll,0.000,pm,0.180
530,pm24-empl dry fruit instant pouch roll 9gm,pm,packaging,pouch roll,0.000,pm,0.180
531,pm24-empl-gondh pouch roll,pm,packaging,pouch roll,0.000,pm,0.180
532,pm24-empl-kamarkas pouch roll,pm,packaging,pouch roll,0.000,pm,0.180
533,pm24-empl-methipouch roll,pm,packaging,pouch roll,0.000,pm,0.180
534,pm24-empl-wholesome millet pouch roll,pm,packaging,pouch roll,0.000,pm,0.180
535,pm24-evergreen chilli lemon roll 50 gm,pm,packaging,roll,0.000,pm,0.180
536,pm24-evergreen onion garlic roll 50 gm,pm,packaging,roll,0.000,pm,0.180
537,pm24-everyday cashew 320 (210 x 310 mm) 1000 gm,pm,packaging,pouch,0.000,pm,0.180
538,pm24-extra cheese 15 kg bag (14x3x3x23)- tpl,pm,packaging,pouch,0.000,pm,0.180
539,pm24-extreme cheese label - tpl,pm,packaging,label,0.000,pm,0.180
540,pm24-fard dates label 1000 gm,pm,packaging,label,0.000,pm,0.180
541,pm24-fennel and berries 200 gm,pm,packaging,monocarton,0.000,pm,0.180
542,pm24-fenugreek cinammon 125 gm,pm,packaging,monocarton,0.000,pm,0.180
543,pm24-fenugreek cinammon 200 gm,pm,packaging,monocarton,0.000,pm,0.180
544,pm24-fenugreek cinammon us 150 gm,pm,packaging,monocarton,0.000,pm,0.180
545,pm24-fenugreek cinammon us 480 gm,pm,packaging,monocarton,0.000,pm,0.180
546,pm24-fevicol adhesive glue (not exceeding net wt 1kg) as per standard quality 250 gm,pm,packaging,glue,0.000,pm,0.180
547,pm24-fit bar berry blast pouch roll 30 gm,pm,packaging,pouch roll,0.000,pm,0.180
548,pm24-fit bar chocolate pouch roll 30 gm,pm,packaging,pouch roll,0.000,pm,0.180
549,pm24-fit bar mocha almond pouch roll 30 gm,pm,packaging,pouch roll,0.000,pm,0.180
550,pm24-fit bar nuts & seeds pouch roll 30 gm,pm,packaging,pouch roll,0.000,pm,0.180
551,pm24-fk classic 200 gm pouch (195x130) roll uin 18 200 gm,pm,packaging,roll,0.000,pm,0.180
553,pm24-fk classic 50 gm pouch roll uin 16 50 gm,pm,packaging,pouch roll,0.000,pm,0.180
554,pm24-fk supermart samarth krishi 500 gm pouch (220x150) green 500 gm,pm,packaging,pouch,0.000,pm,0.180
555,pm24-fk supermart select 100gm pouch (190x120) uin 02 100 gm,pm,packaging,pouch,0.000,pm,0.180
556,pm24-fk supermart select 100 gm roll uin 02 100 gm,pm,packaging,roll,0.000,pm,0.180
557,pm24-fk supermart select 1 kg. pouch (275x175) uin 07 1000 gm,pm,packaging,pouch,0.000,pm,0.180
558,pm24-fk supermart select 1 kg. pouch 305x175 uin 06 1000 gm,pm,packaging,pouch,0.000,pm,0.180
559,pm24-fk supermart select 200 gm pouch (195x130) uin 03 200 gm,pm,packaging,pouch,0.000,pm,0.180
560,pm24-fk supermart select 200 gm roll (195x130) uin 03 200 gm,pm,packaging,roll,0.000,pm,0.180
561,pm24-fk supermart select 500 gm pouch (220x150) uin 04 500 gm,pm,packaging,pouch,0.000,pm,0.180
562,pm24-fk supermart select 500 gm pouch 250 x150 uin 05 500 gm,pm,packaging,pouch,0.000,pm,0.180
563,pm24-fk supermart select 500 gm roll (220x150) uin 04 500 gm,pm,packaging,roll,0.000,pm,0.180
564,pm24-fk supermart select 50 gm pouch uin 01 50 gm,pm,packaging,pouch,0.000,pm,0.180
565,pm24-fk supermart select 50 gm roll uin 01 50 gm,pm,packaging,roll,0.000,pm,0.180
566,pm24-fk unbranded 500 gm pouch (250x150) orange 500 gm,pm,packaging,pouch,0.000,pm,0.180
567,pm24-fnp fiery almond pouch roll pouch roll 50 gm digital,pm,packaging,pouch roll,0.000,pm,0.180
568,pm24-fnp premium raisins pouch roll 50 gm digital,pm,packaging,pouch roll,0.000,pm,0.180
569,pm24-fnp salted n roasted almonds pouch roll 50 gm digital,pm,packaging,pouch roll,0.000,pm,0.180
570,pm24-fnp salted n roasted pistachios pouch roll 50 gm digital,pm,packaging,pouch roll,0.000,pm,0.180
571,pm24-fnp salt n pepper cashew pouch roll 50 gm digital,pm,packaging,pouch roll,0.000,pm,0.180
572,pm24-fnp smoking almonds pouch roll 50 gm digital,pm,packaging,pouch roll,0.000,pm,0.180
573,pm24-fnp smoking cashews pouch roll 50 gm digital,pm,packaging,pouch roll,0.000,pm,0.180
574,"pm24-foil, on the run 5 grain cereal 95mm pp choclate .05 gm",pm,packaging,foil,0.000,pm,0.180
575,"pm24-foil, on the run 5 grain cereal 95mm pp original .05 gm",pm,packaging,foil,0.000,pm,0.180
576,pm24-fresho kimia dates 500 gm,pm,packaging,tub,0.000,pm,0.180
577,pm24-glass bottle with cork-15 cc 15cc,pm,packaging,glass bottle,0.000,pm,0.180
578,pm24-glass bottle with cork-200 ml 250 gm,pm,packaging,glass bottle,0.000,pm,0.180
579,pm24-glass bottle with cork-50 ml 50 gm,pm,packaging,glass bottle,0.000,pm,0.180
580,pm24-glass bottle with cork-50 ml / cork small size (bush) 50 gm,pm,packaging,glass bottle bush,0.000,pm,0.180
581,pm24-glass jar reliance pgp 1 kg,pm,packaging,glass bottle,0.000,pm,0.180
582,pm24-glass jar reliance pgp 500 gm,pm,packaging,glass bottle,0.000,pm,0.180
583,pm24-glass jar reliance rgp 1 kg,pm,packaging,glass bottle,0.000,pm,0.180
584,pm24-golden dates 200 gm pouch digital,pm,packaging,pouch roll,0.000,pm,0.180
585,pm24-golden label for curate 500 gm,pm,packaging,label,0.000,pm,0.180
586,pm24-golden laminate 120 mm 30 gm,pm,packaging,roll,0.000,pm,0.180
587,pm24-golden tray250 /300gm medjul hoh-safavi / ajwa / mazapati dates partition 300 gm,pm,packaging,bottom,0.000,pm,0.180
588,pm24-gondh dryfruit 30 gm,pm,packaging,roll,0.000,pm,0.180
589,pm24-good life 1000gm pouch roll dfh-g 1000gm,pm,packaging,roll,0.000,pm,0.180
590,pm24-good life 100g pp vacuum pouch (100x170),pm,packaging,pouch,0.000,pm,0.180
591,pm24-good life 1kg pouch dfh-g 1000 gm,pm,packaging,pouch,0.000,pm,0.180
592,pm24-good life 200g-290mm pouch roll dfh-a1 200 gm,pm,packaging,roll,0.000,pm,0.180
593,pm24-good life 200g pouch (135x200)-dfh-a1 200 gm,pm,packaging,pouch,0.000,pm,0.180
594,pm24-good life 200g pp vacuum pouch ( 140x215),pm,packaging,pouch,0.000,pm,0.180
595,pm24-good life 200g- qr pouch (120x160)- df-1,pm,packaging,pouch,0.000,pm,0.180
596,pm24-good life 500g-360mm pouch qr roll df-4 500 gm,pm,packaging,roll,0.000,pm,0.180
597,pm24-good life 500g pouch (170x260mm)dfh 4 500 gm,pm,packaging,pouch,0.000,pm,0.180
598,pm24-good life 500g pouch roll dfh 4 500 gm,pm,packaging,pouch roll,0.000,pm,0.180
599,pm24-good life 500g pp vacuum pouch (180x280),pm,packaging,pouch,0.000,pm,0.180
600,pm24-good life 500g- qr pista pouch dfh-5 500 gm,pm,packaging,pouch,0.000,pm,0.180
601,pm24-good life arabian dates pouch 500 gm,pm,packaging,pouch,0.000,pm,0.180
602,pm24-good life chia seeds 100g pouch,pm,packaging,pouch,0.000,pm,0.180
603,pm24-good life df 2 135 x 185 100 gm pouch 100 gm,pm,packaging,pouch,0.000,pm,0.180
604,pm24-goodlife fard dates 500g,pm,packaging,pouch,0.000,pm,0.180
605,pm24-good life fard dates pouch 500 gm,pm,packaging,pouch,0.000,pm,0.180
606,pm24-good life flax seeds 100g pouch,pm,packaging,pouch,0.000,pm,0.180
607,pm24-good life pouch dfh-1,pm,packaging,pouch,0.000,pm,0.180
608,pm24-good life pouch-dfh-3 200 gm,pm,packaging,pouch,0.000,pm,0.180
609,pm24-good life pumpkin seeds 100g pouch,pm,packaging,pouch,0.000,pm,0.180
610,pm24-good life sunflower seeds 100g pouch,pm,packaging,pouch,0.000,pm,0.180
611,pm24-green label 100x50 mm 10000 gm,pm,packaging,label,0.000,pm,0.180
612,pm24 - green pearl pouch roll 250 gm,pm,packaging,pouch roll,0.000,pm,0.180
3161,small diya,pm,packaging,pm,0.000,pm,0.050
613,pm24-gulf dates 200 gm pouch digital,pm,packaging,pouch roll,0.000,pm,0.180
614,pm24-gulf dates 300 gm pouch digital,pm,packaging,pouch,0.000,dates rpc,0.180
615,pm24-habit cheese label 1000 gm,pm,packaging,label,0.000,pm,0.180
616,pm24 - habit potato starch pouch 200 gm,pm,packaging,pouch,0.000,pm,0.180
617,pm24-habit potato starch pouch 500 gm,pm,packaging,pouch,0.000,pm,0.180
618,pm24-habit raisin pouch 100 gm,pm,packaging,pouch,0.000,pm,0.180
619,pm24-habit wheat pouch 500 gm,pm,packaging,pouch,0.000,pm,0.180
620,pm24-hamper-12 dates box,pm,packaging,hamper-box,0.000,pm,0.180
621,pm24-hamper-18 date box,pm,packaging,hamper-box,0.000,pm,0.180
622,pm24-hamper-1 jar jute bag,pm,packaging,hamper-bag,0.000,pm,0.180
623,pm24-hamper-21 dates box,pm,packaging,hamper-box,0.000,pm,0.180
624,pm24-hamper-2 jar jute bag,pm,packaging,hamper-bag,0.000,pm,0.180
625,pm24-hamper-3 jar jute bag,pm,packaging,hamper-bag,0.000,pm,0.180
626,pm24-hamper-3 pet wooden tray,pm,packaging,hamper-tray,0.000,pm,0.180
627,pm24-hamper-5 pet wooden tray (100 gms x 5),pm,packaging,hamper-mdf box,0.000,pm,0.180
628,pm24-hamper-acrylic box-40 pc dates box,pm,packaging,hamper-box,0.000,pm,0.180
629,pm24-hamper-blissful celebration 360 gm purple printed,pm,packaging,hamper-box,0.000,pm,0.180
630,pm24-hamper-butterfly bag,pm,packaging,hamper-bag,0.000,pm,0.180
631,pm24-hamper-butterfly box for rakhi,pm,packaging,box,0.000,pm,0.180
632,pm24-hamper-candor jute diary,pm,packaging,diary,0.000,pm,0.180
633,pm24-hamper-candor premium diary,pm,packaging,diary,0.000,pm,0.180
634,pm24-hamper-canvas potli big,pm,packaging,hamper- potli,0.000,pm,0.180
635,pm24-hamper-canvas potli small,pm,packaging,hamper- potli,0.000,pm,0.180
636,pm24-hamper-canvas single handle / with hoh logo /with uvn print,pm,packaging,hamper-bag,0.000,pm,0.180
637,pm24-hamper-chess velvet bag,pm,packaging,hamper-bag,0.000,pm,0.180
638,pm24-hamper-classy clear bag for banarasi box,pm,packaging,hamper-bag,0.000,pm,0.180
639,pm24-hamper-classy clear bag for wooden tray,pm,packaging,hamper-bag,0.000,pm,0.180
640,pm24-hamper-classy clear bag with golden base,pm,packaging,hamper-bag,0.000,pm,0.180
641,pm24-hamper-classy clear long bag (10.5 x 13.5),pm,packaging,hamper-bag,0.000,pm,0.180
642,pm24-hamper-classy clear long bag with gusset (10.5 x 13.5),pm,packaging,hamper-bag,0.000,pm,0.180
643,pm24-hamper-classy clear ring bag,pm,packaging,hamper-bag,0.000,pm,0.180
644,pm24-hamper-classy clear ring bag small,pm,packaging,hamper-bag,0.000,pm,0.180
645,pm24-hamper-classy clear single handle bag,pm,packaging,hamper-bag,0.000,pm,0.180
646,pm24-hamper-colour canvas hamper basket,pm,packaging,hamper-bag,0.000,pm,0.180
647,pm24-hamper-curate bon bon laddu 360g,pm,packaging,box,0.000,pm,0.180
648,pm24-hamper-diya with pearl,pm,packaging,hamper-diya,0.000,pm,0.180
649,pm24-hamper-electro plated nickel foils sheets,pm,packaging,hamper-label,0.000,pm,0.180
650,pm24-hamper-envelope for kesar,pm,packaging,hamper-envelop,0.000,pm,0.180
651,pm24-hamper-festive greeting 560 gm orange printed,pm,packaging,hamper-box,0.000,pm,0.180
652,pm24-hamper-flower potli,pm,packaging,hamper-potli,0.000,pm,0.180
653,pm24-hamper-good health box (blue),pm,packaging,hamper-box,0.000,pm,0.180
654,pm24-hamper-grey carryall open basket with handle,pm,packaging,hamper-basket,0.000,pm,0.180
655,pm24-hamper-grey open tray-sr,pm,packaging,hamper-tray,0.000,pm,0.180
656,pm24-hamper-handful of health bag grey color small,pm,packaging,hamper-bag,0.000,pm,0.180
657,pm24-hamper-handle basket 10x10,pm,packaging,hamper-basket,0.000,pm,0.180
658,pm24-hamper-hoh flower box (green),pm,packaging,hamper-box,0.000,pm,0.180
659,pm24-hamper-hoh flower box (peach),pm,packaging,hamper-box,0.000,pm,0.180
660,pm24-hamper-hoh green 10x10 lacquer date box,pm,packaging,hamper-box,0.000,pm,0.180
661,pm24-hamper-jute 2 jar bag green/mamroon,pm,packaging,hamper-bag,0.000,pm,0.180
662,pm24-hamper-jute bag with pu,pm,packaging,hamper-bag,0.000,pm,0.180
663,pm24-hamper-jute flofy bag,pm,packaging,hamper-bag,0.000,pm,0.180
664,pm24-hamper-jute hamper bag,pm,packaging,hamper-bag,0.000,pm,0.180
665,pm24-hamper-jute handy,pm,packaging,hamper-bag,0.000,pm,0.180
666,pm24-hamper-jute potli with drawstring and handle,pm,packaging,hamper-bag,0.000,pm,0.180
667,pm24-hamper-jute tiffin bag,pm,packaging,hamper-bag,0.000,pm,0.180
668,pm24-hamper-kod 4p box blue,pm,packaging,hamper-box,0.000,pm,0.180
669,pm24-hamper-kod 4p box red,pm,packaging,hamper-box,0.000,pm,0.180
670,pm24-hamper-kod flower box (peach),pm,packaging,hamper-box,0.000,pm,0.180
671,pm24-hamper-kod flower box (white),pm,packaging,hamper-box,0.000,pm,0.180
672,pm24-hamper-leafy gold trunk,pm,packaging,hamper-mdf box,0.000,pm,0.180
673,pm24-hamper-mama nourish gift box,pm,packaging,hamper-box,0.000,pm,0.180
674,pm24-hamper-matka bag,pm,packaging,hamper-bag,0.000,pm,0.180
675,pm24-hamper-mdf 3 pet with handle,pm,packaging,hamper-mdf box,0.000,pm,0.180
676,pm24-hamper-mdf 3 pet with lid,pm,packaging,hamper-mdf box,0.000,pm,0.180
677,pm24-hamper-mdf 4 pet with buckle,pm,packaging,hamper-mdf box,0.000,pm,0.180
678,pm24-hamper-mdf 5 pet with lid,pm,packaging,hamper-mdf box,0.000,pm,0.180
679,pm24-hamper-mdf celebration sleek box-green,pm,packaging,hamper-mdf box,0.000,pm,0.180
680,pm24-hamper-mdf celebration sleek box-maroon,pm,packaging,hamper-mdf box,0.000,pm,0.180
681,pm24-hamper-mdf classic box ( 3 pet ) + partition,pm,packaging,hamper-mdf box,0.000,pm,0.180
682,pm24-hamper-mdf-mini trunk,pm,packaging,hamper-mdf box,0.000,pm,0.180
683,pm24-hamper-mdf vakratund tray,pm,packaging,hamper-mdf box,0.000,pm,0.180
684,pm24-hamper-metal mukhwas stand (140 gm x 4),pm,packaging,hamper metal,0.000,pm,0.180
685,pm24-hamper-navy luxury trunk-handle (orange/blue),pm,packaging,hamper-mdf box,0.000,pm,0.180
686,pm24-hamper-non woven bag blue,pm,packaging,hamper-bag,0.000,pm,0.180
687,pm24-hamper-off white stud basket with handle (250 gms x 2),pm,packaging,hamper-basket,0.000,pm,0.180
688,pm24-hamper-organic carry bag kod + tdc (brown and black),pm,packaging,bag,0.000,pm,0.180
689,pm24-hamper-palm leaf oval basket,pm,packaging,hamper-basket,0.000,pm,0.180
690,pm24-hamper-power pack laptop bag,pm,packaging,hamper-bag,0.000,pm,0.180
691,pm24-hamper-rakhabandhan box with handle (hoh print),pm,packaging,box,0.000,pm,0.180
692,pm24-hamper-royal bliss trunk (blue stud),pm,packaging,hamper-mdf box,0.000,pm,0.180
693,pm24-hamper-royal delight finest dates box with window hexagon 850 gm (6p dates box),pm,packaging,box,0.000,pm,0.180
694,pm24-hamper-sahi uphaar 300 gm chocolaty non printed,pm,packaging,hamper-box,0.000,pm,0.180
695,pm24-hamper-silk bag-pink stripes /voilet stripes,pm,packaging,hamper-bag,0.000,pm,0.180
696,pm24-hamper-silk fan bag,pm,packaging,hamper-bag,0.000,pm,0.180
697,pm24-hamper-silk potli,pm,packaging,hamper-potli,0.000,pm,0.180
698,"pm24-hamper-sleeve bag 13""",pm,packaging,hamper-sleeve,0.000,pm,0.180
699,pm24-hamper-square banarasi box-big,pm,packaging,hamper-mdf box,0.000,pm,0.180
700,pm24-hamper-square banarasi box-small,pm,packaging,hamper-mdf box,0.000,pm,0.180
701,pm24-hamper-the dates co. sleeve stickers for dates,pm,packaging,sleeve,0.000,pm,0.180
702,pm24-hamper-trunk banarasi 11 x 18 x 6,pm,packaging,hamper-mdf box,0.000,pm,0.180
703,pm24-hamper-vedaka 4p blissful celebration(rangoli-new),pm,packaging,hamper-box,0.000,pm,0.180
704,pm24-hamper-vedaka season greeting blue box 800 gm,pm,packaging,hamper-box,0.000,pm,0.180
705,pm24-hamper-vedaka sleeve + tray (big 4p) 400 gm,pm,packaging,hamper-box,0.000,pm,0.180
706,pm24-hamper-vedaka sleeve + tray (small 4p) 400 gm red,pm,packaging,hamper-box,0.000,pm,0.180
707,pm24-hamper-velvet potli-red big,pm,packaging,hamper-potli,0.000,pm,0.180
708,"pm24-hamper-willow storage basket-medium (35x26x17cm), without cutlery",pm,packaging,hamper-basket,0.000,pm,0.180
709,"pm24-hamper-willow storage basket-small(28x18x15cm), without cutlery",pm,packaging,hamper-basket,0.000,pm,0.180
710,pm24-hamper-xoxo box hamper,pm,packaging,box,0.000,pm,0.180
711,pm24-handful of health berry barbeque trail mix pouch 200 gm ( 150mm x 225mm ) digital,pm,packaging,pouch roll,0.000,pm,0.180
712,pm24-handful of health caramel nuts n berries pouch 200 gm ( 150mm x 225mm ) digital,pm,packaging,pouch roll,0.000,pm,0.180
713,pm24-handful of health chatpata raisin pouch 200 gm digital,pm,packaging,pouch roll,0.000,pm,0.180
714,pm24-handful of health cocktail mix pouch 200 gm digital,pm,packaging,pouch roll,0.000,pm,0.180
715,pm24-handful of health daily dose pouch 200 gm digital,pm,packaging,pouch roll,0.000,pm,0.180
716,pm24-handful of health indian raisins 200 gm monocarton (cred),pm,packaging,monocarton,0.000,pm,0.180
717,pm24-handful of health mocha mojo trail mix pouch ( 150mm x 225mm) 200 gm digital,pm,packaging,pouch roll,0.000,pm,0.180
718,pm24-handful of health sleeve ( macaron box-brown ) anjeer 300 gm,pm,packaging,sleeve,0.000,pm,0.180
719,pm24-handful of health very berry mix pouch 200 gm digital,pm,packaging,pouch roll,0.000,pm,0.180
720,pm24 - happilo pudina peanut pouch roll 25 gm,pm,packaging,pouch roll,0.000,pm,0.180
721,pm24-healing hands roll,pm,packaging,roll,0.000,pm,0.180
722,pm24-healthy on the go snack pouch 200gm,pm,packaging,pouch,0.000,pm,0.180
723,pm24-hoh bopp adhesive tape 60mm-30 micron-printed 180 gm,pm,packaging,tape,0.000,pm,0.180
724,pm24-hoh flat bottom big pouch 140x 260 500 gm,pm,packaging,bottom,0.000,pm,0.180
725,pm24-hoh flat bottom small pouch 250 gm,pm,packaging,bottom,0.000,pm,0.180
726,pm24-hs film roll (tub sealing ) 170mm,pm,packaging,roll,0.000,pm,0.180
727,pm24-induction wad 250 gm,pm,packaging,wad,0.000,pm,0.180
728,pm24-induction wad 500 gm,pm,packaging,wad,0.000,pm,0.180
729,pm24-karmi gur silver pouch 100 gm,pm,packaging,pouch,0.000,pm,0.180
730,pm24-kesar jar small,pm,packaging,jar,0.000,pm,0.180
731,pm24-kimia dates pouch 6.5/11.5x8.25 plain-ld natural 500 gm,pm,packaging,pouch,0.000,pm,0.180
732,pm24-kimia dates pouch 6.5/11.5x8.25 printed-ld natural 500 gm,pm,packaging,pouch,0.000,pm,0.180
733,pm24-kingdom of dates blue anjeer sleeve 200 gm,pm,packaging,sleeve,0.000,pm,0.180
734,pm24-kingdom of dates blue sample pouch digital,pm,packaging,pouch roll,0.000,pm,0.180
735,pm24-kingdom of dates green sleeve 300 gm,pm,packaging,sleeve,0.000,pm,0.180
736,pm24-kingdom of dates king blue sleeve for acrylic box 250 gm,pm,packaging,sleeve,0.000,pm,0.180
737,pm24-kingdom of dates king medjoul dates top 1000 gm,pm,packaging,top,0.000,pm,0.180
738,pm24-kingdom of dates king red sleeve for acrylic box 250 gm,pm,packaging,sleeve,0.000,pm,0.180
739,pm24-kingdom of dates maroon sleeve 500 gm,pm,packaging,sleeve,0.000,pm,0.180
740,pm24-kingdom of dates white sample pouch digital,pm,packaging,pouch roll,0.000,pm,0.180
741,pm24-kingdom of dates yellow sleeve 250 gm,pm,packaging,sleeve,0.000,pm,0.180
742,pm24-king solomon 3 dates to go-inner assorted 50 gm,pm,packaging,monocarton,0.000,pm,0.180
743,pm24-king solomon 3 dates to go-outer assorted 900 gm,pm,packaging,monocarton,0.000,pm,0.180
744,pm24-king solomon-black medjoul dates top jumbo 1000 gm,pm,packaging,top,0.000,pm,0.180
745,pm24-king solomon-black medjoul dates top jumbo 500 gm,pm,packaging,top,0.000,pm,0.180
746,pm24-king solomon-blue medjoul dates top junior 1000 gm,pm,packaging,top,0.000,pm,0.180
747,pm24-king solomon-bon bon golden tray 320 gm,pm,packaging,tray,0.000,pm,0.180
748,pm24-king solomon-bon bon golden tray 750 gm,pm,packaging,tray,0.000,pm,0.180
749,pm24-king solomon-medjoul dates 250 gm-top,pm,packaging,top,0.000,pm,0.180
750,pm24-king solomon medjoul dates top 250 gm,pm,packaging,top,0.000,pm,0.180
751,pm24-king solomon-medjoul dates top 500 gm,pm,packaging,top,0.000,pm,0.180
752,pm24-king solomon oriental dates sample pouch 30 gm digital,pm,packaging,pouch roll,0.000,pm,0.180
753,pm24-king solomon-oriental dates top 500 gm,pm,packaging,top,0.000,pm,0.180
754,pm24-king solomon oriental dates zipper pouch 250 gm,pm,packaging,pouch,0.000,pm,0.180
755,pm24-king solomon oriental dates zipper pouch 250 gm old,pm,packaging,pouch,0.000,pm,0.180
756,pm24-king solomon oriental dates zipper pouch 500 gm,pm,packaging,pouch,0.000,pm,0.180
757,pm24-king solomon-red medjoul dates top medium 1000 gm,pm,packaging,top,0.000,pm,0.180
758,pm24-king solomon-red medjoul dates top medium 500 gm,pm,packaging,top,0.000,pm,0.180
759,pm24-king solomon-yellow medjoul dates top large 1000 gm,pm,packaging,top,0.000,pm,0.180
760,pm24-king solomon-yellow medjoul dates top large 500 gm,pm,packaging,top,0.000,pm,0.180
761,pm24-king solomon-yellow medjoul dates top large 500 gm,pm,packaging,top,0.000,pm,0.180
762,pm24-krack nut-assorted mono carton black 30 gm,pm,packaging,monocarton,0.000,pm,0.180
763,pm24-kracknut lite achari twist chana pouch 250 gm digital,pm,packaging,pouch roll,0.000,pm,0.180
764,pm24-kracknut lite hing jeera chana pouch 250 gm digital,pm,packaging,pouch roll,0.000,pm,0.180
765,pm24-kracknut lite hing jeera peanut pouch 250 gm digital,pm,packaging,pouch roll,0.000,pm,0.180
766,pm24-krack nut magic masala crunchy peanut 30 gm pouch digital,pm,packaging,pouch roll,0.000,pm,0.180
767,pm24 - krack nut pudina pataka (green) pouch roll 100 gm,pm,packaging,pouch roll,0.000,pm,0.180
768,pm24 - krack nut pudina pataka (green) pouch roll 25 gm,pm,packaging,pouch roll,0.000,pm,0.180
769,pm24-krack nut pudina patakha pouch green-150mm x 230 mm 110 gm,pm,packaging,pouch,0.000,pm,0.180
770,pm24-krack nut smoke barbeque crunchy peanut 30 gm pouch digital,pm,packaging,pouch roll,0.000,pm,0.180
771,pm24-krack nut spanish tomato crunchy peanut 30 gm pouch digital,pm,packaging,pouch roll,0.000,pm,0.180
772,pm24 - krack nut tandoori toofan (orange) pouch roll 100 gm,pm,packaging,pouch roll,0.000,pm,0.180
773,pm24 - krack nut tandoori toofan (orange) pouch roll 25 gm,pm,packaging,pouch roll,0.000,pm,0.180
774,pm24-krack nut tandoori toofan pouch orange-150mm x 230mm 110 gm,pm,packaging,pouch,0.000,pm,0.180
775,pm24-krack nut thai firangi monocarton 300 gm,pm,packaging,monocarton,0.000,pm,0.180
776,pm24-krack nut thai firangi pouch red-150mm x 230 mm 110 gm,pm,packaging,pouch,0.000,pm,0.180
777,pm24 - krack nut thai firangi (red) pouch roll 100 gm,pm,packaging,pouch roll,0.000,pm,0.180
778,pm24 - krack nut thai firangi (red) pouch roll 25 gm,pm,packaging,pouch roll,0.000,pm,0.180
779,pm24-label d mart 4x3 multiculour paperchromo,pm,packaging,label,0.000,pm,0.180
780,pm24-label d mart 4 x 3 multiculour paperchromo 80 gsm,pm,packaging,label,0.000,pm,0.180
781,pm24-labels 55mm x 60mm ( veg logo) 250 gm,pm,packaging,label,0.000,pm,0.180
782,"pm24-labels,stickers, cards",pm,packaging,label,0.000,pm,0.180
783,pm24-laminated center sealing pouch (6.5x10 in),pm,packaging,pouch,0.000,pm,0.180
784,pm24-laminated center sealing pouch (6.5x9) 500 gm,pm,packaging,pouch,0.000,pm,0.180
785,pm24-laminated center sealing pouch (8x10) 500 gm,pm,packaging,pouch,0.000,pm,0.180
786,pm24-laminated center sealing pouch (9x11) 500 gm,pm,packaging,pouch,0.000,pm,0.180
787,pm24-laminated pouch (125mm x 130mm)-3 side seal pouch 4.9x5.3 qc 100 gm,pm,packaging,pouch,0.000,pm,0.180
788,pm24-laminated roll,pm,packaging,roll,0.000,pm,0.180
789,"pm24-laminated zipper standy pouch (4x6),-black matt finish 200 gm",pm,packaging,pouch,0.000,pm,0.180
790,pm24-laminated zipper standy pouch (7x10)-black matt 200 gm,pm,packaging,pouch,0.000,pm,0.180
791,pm24-laptop one handle bag,pm,packaging,hamper-bag,0.000,pm,0.180
792,pm24-ld pouch (14x21) 5kg,pm,packaging,pouch,0.000,pm,0.180
793,pm24-ld pouch 300x400mm 1 kg,pm,packaging,pouch,0.000,pm,0.180
794,pm24-ld pouch 375x450mm 2 kg,pm,packaging,pouch,0.000,pm,0.180
795,pm24 - ld shrink film 25 inch 80 mic,pm,packaging,shrink film,0.000,pm,0.180
797,pm24-liner-5kg 5000 gm,pm,packaging,liner,0.000,pm,0.180
798,pm24-mabroom dates top 500 gm,pm,packaging,top,0.000,pm,0.180
799,pm24-mac snack dry roasted and salted macadamia premium pouches (assorted skus) 200 gm,pm,packaging,pouch,0.000,pm,0.180
800,pm24-mac snack dry roasted and salted muchies pouches 100 gm,pm,packaging,pouch,0.000,pm,0.180
801,pm24-mac snack dry roasted macadamia muchies pouch (assorted) 200 gm,pm,packaging,pouch,0.000,pm,0.180
802,pm24-mac snack dry roasted macadamia muchies pouches (assorted skus) 200 gm,pm,packaging,pouch,0.000,pm,0.180
803,pm24-mac snack dry roasted macadamia muchies premium pouches (assorted skus) 200 gm,pm,packaging,pouch,0.000,pm,0.180
804,pm24-mac snack dry roasted macadamia munchies pouches (assorted skus) 100 gm,pm,packaging,pouch,0.000,pm,0.180
805,pm24-mac snack roasted australian macadamia halven 30 gm,pm,packaging,pouch,0.000,pm,0.180
806,pm24-mahatab tub set 750 ml oval container-royal delight mazafati white with white lid 750 ml,pm,packaging,tub,0.000,pm,0.180
807,pm24 - makhana pet 55 gm,pm,packaging,pet,0.000,pm,0.180
808,pm24 - makhana pet with handle 125 gm,pm,packaging,pet,0.000,pm,0.180
809,pm24-makson himalaya pink salt pepper makhana pouch 50 gm digital,pm,packaging,pouch roll,0.000,pm,0.180
810,pm24-makson makhana pouch 100 gm digital,pm,packaging,pouch roll,0.000,pm,0.180
811,pm24-mama nourish dryfruit instant bar pouch 35 gm digital,pm,packaging,pouch roll,0.000,pm,0.180
812,pm24-mama nourish methi bar pouch 35 gm digital,pm,packaging,pouch roll,0.000,pm,0.180
813,pm24-mama nourish wholesome millet bar pouch 35 gm digital,pm,packaging,pouch roll,0.000,pm,0.180
814,pm24-masala chatka 540mmx160mm 200 gm pouch digital,pm,packaging,pouch roll,0.000,pm,0.180
815,pm24-mat gloss effect almonds stand up pouch nitrogen fiushable 160 x 230 x 80 110 mic,pm,packaging,pouch,0.000,pm,0.180
816,pm24-medjoul dates label 1kg,pm,packaging,label,0.000,pm,0.180
817,"pm24-medplus_eatrite_ arabian dates (500g) standy zipper, tear knotch",pm,packaging,pouch,0.000,pm,0.180
818,"pm24-medplus_eatrite_ fard dates (500g) standy zipper, tear knotch",pm,packaging,pouch,0.000,pm,0.180
819,pm24 - ministry of nuts cheese cashew pouch roll 50 gm,pm,packaging,pouch roll,0.000,pm,0.180
820,pm24-ministry of nuts pouch 100 gm,pm,packaging,pouch,0.000,pm,0.180
821,pm24-modak blister,pm,packaging,blister,0.000,pm,0.180
822,pm24 - monocarton partition 300 gm,pm,packaging,monocarton,0.000,pm,0.180
823,pm24-moonfreeze-banana,pm,packaging,roll,0.000,pm,0.180
824,pm24-moonfreeze-mango,pm,packaging,roll,0.000,pm,0.180
825,pm24-moonfreeze-pineapple,pm,packaging,roll,0.000,pm,0.180
826,pm24-moonfreeze-strawberry,pm,packaging,roll,0.000,pm,0.180
827,pm24 - more choice 500 gm pouch roll 500 gm,pm,packaging,pouch roll,0.000,pm,0.180
828,pm24-mukhwas pet 150 gm,pm,packaging,pet,0.000,pm,0.180
829,pm24-my fav makhana pouch 50 gm,pm,packaging,pouch,0.000,pm,0.180
830,pm24-natapure almond pouch 200gm,pm,packaging,pouch,0.000,pm,0.180
831,pm24-nature dryfruit almond 1 kg pouch 1000 gm,pm,packaging,pouch,0.000,pm,0.180
832,pm24-natures dryfruit 100g pouch[110mm x 170mm] 100 gm,pm,packaging,pouch,0.000,pm,0.180
833,pm24-natures dryfruit 200g pouch[130mm x 210mm] 200 gm,pm,packaging,pouch,0.000,pm,0.180
834,pm24-natures dryfruit 500g pouch 500 gm,pm,packaging,pouch,0.000,pm,0.180
835,pm24-noice date bites standy zipper pouch 90gm,pm,packaging,pouch,0.000,pm,0.180
836,pm24-noice dryfruit ladoo standy zipper pouch 90gm,pm,packaging,pouch,0.000,pm,0.180
837,pm24-nutes berry and seed mix 250 gm pouch digital,pm,packaging,pouch roll,0.000,pm,0.180
838,pm24-nutraj california almond kernels 1kg pouch,pm,packaging,pouch,0.000,pm,0.180
839,pm24-nutraj classic almond 500g pouch,pm,packaging,pouch,0.000,pm,0.180
840,pm24-nutraj classic cashew 1 kg 3d pouch,pm,packaging,pouch,0.000,pm,0.180
841,pm24-nutraj classic cashew 500g pouch,pm,packaging,pouch,0.000,pm,0.180
842,pm24-nutraj classic pista california 400g pouch,pm,packaging,pouch,0.000,pm,0.180
843,pm24-nutraj classic premium dryfruits mix 500g quadseal pouch,pm,packaging,pouch,0.000,pm,0.180
844,pm24-nutraj kimia tubs,pm,packaging,tub,0.000,pm,0.180
845,pm24-nutraj tub 500 gm,pm,packaging,tub,0.000,pm,0.180
846,pm24-nuts n spices cream n oinion makhana label 65 gm,pm,packaging,label,0.000,pm,0.180
847,pm24-nutworks finger lime & jalapeno pouch,pm,packaging,pouch,0.000,pm,0.180
848,pm24-nutworks roast salt  - inshell pouch,pm,packaging,pouch,0.000,pm,0.180
849,pm24-nutworks rosemary & seasalt pouch,pm,packaging,pouch,0.000,pm,0.180
850,pm24-nutworks wasabi pouch,pm,packaging,pouch,0.000,pm,0.180
851,pm24-oman seedless back label 250 gm,pm,packaging,label,0.000,pm,0.180
852,pm24-oman seedless front label 250 gm,pm,packaging,label,0.000,pm,0.180
853,pm24-on the run 5 grain cereal dark chocolate 470 gm,pm,packaging,monocarton,0.000,pm,0.180
854,pm24-on the run 5 grain cereal dark chocolate roll 35 gm,pm,packaging,roll,0.000,pm,0.180
855,pm24-on the run 5 grain cereal original 470 gm,pm,packaging,monocarton,0.000,pm,0.180
856,pm24-on the run 5 grain cereal plant protein 470 gm,pm,packaging,monocarton,0.000,pm,0.180
857,pm24 - on the run 5 grain cerial chocolate pack of 6 300 gm,pm,packaging,monocarton,0.000,pm,0.180
858,pm24 - on the run 5 grain cerial original 35 gm,pm,packaging,roll,0.000,pm,0.180
859,pm24 - on the run 5 grain cerial original pack of 6 300 gm,pm,packaging,monocarton,0.000,pm,0.180
860,pm24-on the run assorted energy bars 180 g carton ((pack of 6)) 180 gm,pm,packaging,monocarton,0.000,pm,0.180
861,pm24-on the run choco almond protein bar pouch roll 80 gm,pm,packaging,pouch roll,0.000,pm,0.180
862,pm24-on the run choco almond protein pouch 80 gm,pm,packaging,pouch,0.000,pm,0.180
863,pm24-on the run choco crunch energy bar pouch 30 gm,pm,packaging,roll,0.000,pm,0.180
864,pm24-on the run choco crunch energy bars (pack of 6x30g) 180 gm,pm,packaging,monocarton,0.000,pm,0.180
865,pm24-on the run cocktail mix 190 mm pouch roll 30 gm digital,pm,packaging,pouch roll,0.000,pm,0.180
866,pm24-on the run-coffee bite pack of 15-stand up pouch 375 gm,pm,packaging,pouch,0.000,pm,0.180
867,pm24-on the run coffee bite pack of 6 monocarton-triangular 60 gm,pm,packaging,monocarton,0.000,pm,0.180
868,pm24-on the run coffee bite pouch roll-10 gm ( matt finish) 100 gm,pm,packaging,pouch roll,0.000,pm,0.180
869,pm24-on the run fig and date energy bar monocarton 180 gm,pm,packaging,monocarton,0.000,pm,0.180
870,pm24-on the run fig and dates energy bar pouch 30 gm,pm,packaging,roll,0.000,pm,0.180
871,pm24-on the run hazelnut magic energy bar energy bar pouch 30 gm,pm,packaging,roll,0.000,pm,0.180
872,pm24-on the run hazelnut magic energy bar (pack of 6x30 g) 180 gm,pm,packaging,monocarton,0.000,pm,0.180
873,pm24-on the run hazelnut magic energy bar (pack of 6x30 g) 360 gm,pm,packaging,monocarton,0.000,pm,0.180
874,pm24-on the run hazelnut magic energy bar pouch 30 gm digital,pm,packaging,pouch roll,0.000,pm,0.180
875,"pm24-on the run oats, apricot & cranberry energy bars (pack of 6x30g) 180 gm",pm,packaging,monocarton,0.000,pm,0.180
876,"pm24-on the run oats, apricot & cranberry energy bars (pack of 6x30g) 360 gm",pm,packaging,monocarton,0.000,pm,0.180
877,pm24-on the run oats & apricot energy bar pouch 30 gm,pm,packaging,roll,0.000,pm,0.180
878,pm24-on the run pet bottle 800 ml,pm,packaging,pet,0.000,pm,0.180
879,pm24-on the run protein bar pouch 40 gm digital,pm,packaging,pouch roll,0.000,pm,0.180
880,pm24-on the run protein bar pouch 80gm digital,pm,packaging,pouch roll,0.000,pm,0.180
881,pm24-on the run quinoa puffs-cheese crunch 83mm dia + 130 mm height 50 gm,pm,packaging,tin,0.000,pm,0.180
882,pm24-on the run quinoa puffs chesse 85g pouch 250 gm,pm,packaging,pouch,0.000,pm,0.180
883,pm24-on the run quinoa puffs-cream & onion puff 83mm dia + 130 mm height 50 gm,pm,packaging,tin,0.000,pm,0.180
884,pm24-on the run quinoa puffs-pizza 83mm dia + 130 mm height 50 gm,pm,packaging,tin,0.000,pm,0.180
885,pm24-on the run quinoa puffs/quinoa cheese balls/quinoa roasted makhana 30 gm digital,pm,packaging,pouch roll,0.000,pm,0.180
886,pm24- on the run trail mixes indian masala laminate roll 30 gm,pm,packaging,roll,0.000,pm,0.180
887,pm24- on the run trail mix orange pepper laminate roll 30 gm,pm,packaging,roll,0.000,pm,0.180
888,pm24- on the run trail mix peri peri laminate roll 30 gm,pm,packaging,roll,0.000,pm,0.180
889,pm24- on the run trail mix thai chilly laminate roll 30 gm,pm,packaging,roll,0.000,pm,0.180
890,pm24-organic carry bag 500 gm,pm,packaging,pouch,0.000,pm,0.180
891,pm24-otr choco almond protein bar pouch 40 gm,pm,packaging,roll,0.000,pm,0.180
892,pm24-otr-protein bar 40 g,pm,packaging,pouch roll,0.000,pm,0.180
893,pm24-otr-protein bar 80g,pm,packaging,pouch roll,0.000,pm,0.180
894,pm24-otr zig zag laminate 180 mm,pm,packaging,roll,0.000,pm,0.180
895,pm24-oxygen absorber for pet 250 gm-50 cc 50 cc,pm,packaging,pet,0.000,pm,0.180
896,pm24-oxygen absorber for vacuum 10 kg /500 cc 500 cc,pm,packaging,pouch,0.000,pm,0.180
897,pm24- pasting work - gift items,pm,packaging,hamper,0.000,pm,0.180
898,pm24-pet 800 gm premium (pista),pm,packaging,pet,0.000,pm,0.180
899,pm24-pet 800 gm regular (cred),pm,packaging,pet,0.000,pm,0.180
900,pm24-pet bottle makhana 500 gm,pm,packaging,pet,0.000,pm,0.180
901,pm24-pet cap 100 gm,pm,packaging,pet,0.000,pm,0.180
902,pm24- pet & cap black cube (seedless dates) (cred) 250 gm,pm,packaging,pet,0.000,pm,0.180
903,pm24-pet square 250 gm premium,pm,packaging,pet,0.000,pm,0.180
904,pm24-pet wad for 100 gm,pm,packaging,wad,0.000,pm,0.180
905,pm24-plain laminate 125 mm 30 gm,pm,packaging,roll,0.000,pm,0.180
906,pm24-plain laminate 130 mm 30 gm,pm,packaging,roll,0.000,pm,0.180
907,pm24-plain laminate 190 mm 100 gm,pm,packaging,roll,0.000,pm,0.180
908,pm24-plain laminate 230mm,pm,packaging,pouch roll,0.000,pm,0.180
909,pm24-plain laminate 230mm (with pcb details),pm,packaging,pm,0.000,pm,0.180
910,pm24-plain laminate 285 mm 250 gm,pm,packaging,roll,0.000,pm,0.180
911,pm24-plain laminate 375 mm 500 gm,pm,packaging,roll,0.000,pm,0.180
912,pm24-plain met pouch (ajfan) 80 x 150 silver 100 gm,pm,packaging,pouch,0.000,pm,0.180
913,pm24-plain pp lock lid 50 gm,pm,packaging,cap,0.000,pm,0.180
914,pm24-plain sealing wat 1000 gm,pm,packaging,wad,0.000,pm,0.180
915,pm24-plain silver roll 190 mm,pm,packaging,roll,0.000,pm,0.180
916,pm24-plank pudina coated peanuts 60 gm digital,pm,packaging,pouch roll,0.000,pm,0.180
917,pm24-plank sour cream puff 40 gm pouch digital,pm,packaging,pouch roll,0.000,pm,0.180
918,pm24-plank wasabi roasted makhana 40 gm digital,pm,packaging,pouch roll,0.000,pm,0.180
919,pm24-plastic bag silver with zipper (230mmx300mm) extra cheese pouch 1kg - tpl,pm,packaging,pouch,0.000,pm,0.180
920,pm24-plastic lid big 430 ml,pm,packaging,cap,0.000,pm,0.180
921,pm24-plastic material above 51 mcr (10x16 pp),pm,packaging,pm,0.000,pm,0.180
922,pm24-plastic material above 51 mcr (8x12x210 pp) 2000 gm,pm,packaging,pouch,0.000,pm,0.180
923,pm24-plastic material above 51 mcr (8x8x210 pp) 2000 gm,pm,packaging,pouch,0.000,pm,0.180
924,pm24-pouch (habit)1000 gm,pm,packaging,pouch,0.000,pm,0.180
925,pm24-premia gift cover 400 gm,pm,packaging,sleeve,0.000,pm,0.180
926,pm24-premia sticker roll 100 gm,pm,packaging,roll,0.000,pm,0.180
927,pm24-premium black dates old,pm,packaging,label,0.000,pm,0.180
928,pm24-printing on packing material,pm,packaging,pm,0.000,pm,0.180
929,pm24-protine bar pack of 12 mocha combo pack 600 gm,pm,packaging,monocarton,0.000,pm,0.180
930,pm24-prunes pouch 300 gm 6 x 9 ( 145 * 230 mm ) 300 gm,pm,packaging,pouch,0.000,pm,0.180
931,pm24-prunes pouch (reliance-unbranded) 200 gm,pm,packaging,pouch,0.000,pm,0.180
932,pm24-pvc shrink sleeve ( 55 micron 120 x 170 mm ) 1000 gm,pm,packaging,shrink sleeve,0.000,pm,0.180
933,pm24-pvc shrink sleeve ( 55 micron 130 x 160 mm ) 1000 gm,pm,packaging,shrink sleeve,0.000,pm,0.180
934,pm24-pvc shrink sleeve ( 55 micron 165 x 125 mm ) 1000 gm,pm,packaging,shrink sleeve,0.000,pm,0.180
935,pm24-pvc shrink sleeve ( 55 micron 200 x 255 mm ) 1000 gm,pm,packaging,shrink sleeve,0.000,pm,0.180
936,pm24-pvc shrink sleeve ( 55 micron 210 x 80 mm ) 1000 gm,pm,packaging,shrink sleeve,0.000,pm,0.180
937,pm24-pvc shrink sleeve ( 55 micron 225 x 80 mm ) 1000 gm,pm,packaging,shrink sleeve,0.000,pm,0.180
938,pm24-pvc shrink sleeve ( 55 micron 255 x 80 mm ) 1000 gm,pm,packaging,shrink sleeve,0.000,pm,0.180
939,pm24-pvc shrink sleeve ( 55 micron 260 x 280 mm ) 1000 gm,pm,packaging,shrink sleeve,0.000,pm,0.180
940,pm24-pvc shrink sleeve ( 55 micron 300 x 80 mm ) 1000 gm,pm,packaging,shrink sleeve,0.000,pm,0.180
941,pm24-pvc shrink sleeve ( 55 micron 375 x 470 mm ) 1000 gm,pm,packaging,shrink sleeve,0.000,pm,0.180
942,pm24-pvc tub sealing roll 3000 gm,pm,packaging,roll,0.000,pm,0.180
943,pm24-qwik sanx cashew & almond pouch roll 25g,pm,packaging,pouch roll,0.000,pm,0.180
944,pm24-qwik sanx chatpata cranberry 30g pouch roll,pm,packaging,pouch roll,0.000,pm,0.180
945,pm24-raisin standy pouch zip lock 250 gm,pm,packaging,pouch,0.000,pm,0.180
946,pm24-rajat blue pouch 200 gm,pm,packaging,pouch,0.000,pm,0.180
947,pm24-rajat green pouch 200 gm,pm,packaging,pouch,0.000,pm,0.180
948,pm24-rajat maroon pouch 200 gm,pm,packaging,pouch,0.000,pm,0.180
949,pm24-red basket,pm,packaging,hamper-basket,0.000,pm,0.180
950,"pm24-reliance khoj cube container 1000 ml (jar 500 gm/ 600 gm) with white cap, iwad 500 gm",pm,packaging,pet,0.000,pm,0.180
951,pm24-rhine valley almond & coffee bar pouch roll 50gm,pm,packaging,pouch roll,0.000,pm,0.180
952,pm24-rhine valley almond & cranberry bar pouch roll 50gm,pm,packaging,pouch roll,0.000,pm,0.180
953,pm24-rhine valley almond & orange d chocolate date bar pouch roll 50gm,pm,packaging,pouch roll,0.000,pm,0.180
954,pm24-rhine valley barbeque trail mix 100 gm pouch digital,pm,packaging,pouch roll,0.000,pm,0.180
955,pm24-rhine valley black pepper trail mix 100 gm pouch digital,pm,packaging,pouch roll,0.000,pm,0.180
956,pm24-rhine valley fruit & nut bar pouch roll 50gm,pm,packaging,pouch roll,0.000,pm,0.180
957,pm24-rhine valley himalayan pink salt trail mix 100 gm pouch digital,pm,packaging,pouch roll,0.000,pm,0.180
958,pm24-rhine valley peri peri trail mix 100 gm pouch digital,pm,packaging,pouch roll,0.000,pm,0.180
959,"pm24-rhine valley raspberry, almond & d chocolate bar pouch roll 50gm",pm,packaging,pouch roll,0.000,pm,0.180
960,pm24-rhine valley rose & pistachio bar pouch roll 50gm,pm,packaging,pouch roll,0.000,pm,0.180
961,pm24-ribbon premium wax resin (105 x 300 mm),pm,packaging,ribbon,0.000,pm,0.180
962,pm24-royal delight ajwa dates top 500 gm,pm,packaging,top,0.000,pm,0.180
963,pm24-royal delight ajwa pouch 250 gm,pm,packaging,pouch,0.000,pm,0.180
964,pm24-royal delight arabian dates 2 ply sealing standy zipper pouch (240mmx185mm) 500 gm,pm,packaging,pouch,0.000,pm,0.180
965,pm24-royal delight arabian dates pouch (150mm x 225mm) 250 gm,pm,packaging,pouch,0.000,pm,0.180
966,pm24-royal delight assorted dates top 500 gm,pm,packaging,top,0.000,pm,0.180
967,pm24-royal delight buman dates top (cred) 300 gm,pm,packaging,top,0.000,pm,0.180
968,pm24-royal delight date mewa assorted sleeve 210 gm,pm,packaging,monocarton,0.000,pm,0.180
969,pm24-royal delight deglet dates top (cred) 300 gm,pm,packaging,top,0.000,pm,0.180
970,pm24-royal delight deri 30 gm,pm,packaging,pouch,0.000,pm,0.180
971,pm24-royal delight deri dates top (cred) 350 gm,pm,packaging,top,0.000,pm,0.180
972,pm24-royal delight fard dates top (cred) 350 gm,pm,packaging,top,0.000,pm,0.180
973,pm24-royal delight khalas dates pouch sample pouch 30 gm,pm,packaging,pouch,0.000,pm,0.180
974,pm24-royal delight khenaizi dates top (cred) 350 gm,pm,packaging,top,0.000,pm,0.180
975,pm24-royal delight kimia dates 250 gm label,pm,packaging,label,0.000,pm,0.180
976,pm24-royal delight kimia dates top 1000 gm,pm,packaging,top,0.000,pm,0.180
977,pm24-royal delight mabroom dates top 500 gm,pm,packaging,top,0.000,pm,0.180
978,pm24-royal delight mabroom pouch 250 gm,pm,packaging,pouch,0.000,pm,0.180
979,pm24-royal delight medjoul dates 30 gm,pm,packaging,pouch,0.000,pm,0.180
980,pm24-royal delightmedjoul pouch 250 gm,pm,packaging,pouch,0.000,pm,0.180
981,pm24-royal delight medjoul-sample pouch 10-12 gm,pm,packaging,pouch,0.000,pm,0.180
982,pm24-royal delight-oman pouch 155 x 230 mm 400 gm,pm,packaging,pouch,0.000,pm,0.180
983,pm24-royal delight oman pouch 400 gm,pm,packaging,pouch,0.000,pm,0.180
984,pm24-royal delight oriental dates 30 gm pouch digital,pm,packaging,pouch roll,0.000,pm,0.180
985,pm24-royal delight oriental dates top 500 gm,pm,packaging,top,0.000,pm,0.180
986,pm24-royal delight safavi 5kg top,pm,packaging,top,0.000,pm,0.180
987,pm24-royal delight safavi back label 500 gm,pm,packaging,label,0.000,pm,0.180
988,pm24-royal delight safavi dates 30 gm,pm,packaging,pouch,0.000,pm,0.180
989,pm24-royal delight safavi dates top 500 gm,pm,packaging,top,0.000,pm,0.180
990,pm24-royal delight safavi pouch 250 gm,pm,packaging,pouch,0.000,pm,0.180
991,pm24-royal delight safavi-sample pouch 10-12 gm,pm,packaging,pouch,0.000,pm,0.180
992,pm24-royal delight safavi seedless back label 300 gm,pm,packaging,label,0.000,pm,0.180
993,pm24-royal delight safavi seedless back label 500 gm,pm,packaging,label,0.000,pm,0.180
994,pm24-royal delight safavi seedless front label 300 gm,pm,packaging,label,0.000,pm,0.180
995,pm24-royal delight sagai dates top (cred) 350 gm,pm,packaging,top,0.000,pm,0.180
996,pm24-royal delight sayar dates top (cred) 350 gm,pm,packaging,top,0.000,pm,0.180
997,pm24-royal delight stuffed dates orange peel 30 gm,pm,packaging,pouch,0.000,pm,0.180
998,pm24-royal delight uae dates top 500 gm,pm,packaging,top,0.000,pm,0.180
999,pm24-royal delight zahidi dates top (cred) 350 gm,pm,packaging,top,0.000,pm,0.180
1000,pm24-sample pouch 30 gm digital,pm,packaging,pouch roll,0.000,pm,0.180
1001,pm24-seed mix 250 gm pouch digital,pm,packaging,pouch roll,0.000,pm,0.180
1002,pm24-seed mix 280gm pouch digital,pm,packaging,pouch roll,0.000,pm,0.180
1003,pm24-self adhesivetape 60mm x 64.389 mtr with candor name-printed 180 gm,pm,packaging,roll,0.000,pm,0.180
1004,pm24-silver diwali laminated 3 side seal pouch 155 x 205 mm 100 gm,pm,packaging,pouch,0.000,pm,0.180
1005,pm24-silver plain pouch 500 gm,pm,packaging,pouch,0.000,pm,0.180
1006,pm24-silver pouches for on the run 5 grain cereal 470 g (10*12) centre seal 50 gm,pm,packaging,pouch,0.000,pm,0.180
1007,pm24-silver roll 190 mm-plain 100 gm,pm,packaging,roll,0.000,pm,0.180
1008,pm24-silver roll 285mm-plain 500 gm,pm,packaging,roll,0.000,pm,0.180
1009,pm24-silver small pouch-3 side seal 50 gm,pm,packaging,pouch,0.000,pm,0.180
1010,pm24-small round white coated tin llid withprinted design 30 gm,pm,packaging,tin,0.000,pm,0.180
1011,pm24-small wad reliance pgp-induction seal wad for 500 ml round glass jar with see through screw type cap 250 gm written,pm,packaging,wad,0.000,pm,0.180
1012,pm24-snack amor roasted cashew 170 gm pouch digital,pm,packaging,pouch roll,0.000,pm,0.180
1013,pm24-snack amor walnut 250 gm pouch digital,pm,packaging,pouch roll,0.000,pm,0.180
1014,pm24 - snactac almond pouch roll 42 gm,pm,packaging,pouch roll,0.000,pm,0.180
1015,pm24 - snactac cahew pouch roll 36 gm,pm,packaging,pouch roll,0.000,pm,0.180
1016,pm24 - snactac carton partition 300 gm,pm,packaging,partition,0.000,pm,0.180
1017,pm24-snactac display carton 300 gm,pm,packaging,carton,0.000,pm,0.180
1018,pm24 - snactac pista pouch roll 30 gm,pm,packaging,pouch roll,0.000,pm,0.180
1019,pm24-solimo  dried apricots 500 gm,pm,packaging,monocarton,0.000,pm,0.180
1020,pm24-solimo macadamia nuts 250 gm,pm,packaging,pouch,0.000,pm,0.180
1021,pm24-solimo premium almond 250 gm,pm,packaging,monocarton,0.000,pm,0.180
1022,pm24-solimo premium pine nuts unshelled (chilgoza) 250 gm,pm,packaging,monocarton,0.000,pm,0.180
1023,pm24-solimo premium raisins 250 gm,pm,packaging,monocarton,0.000,pm,0.180
1024,pm24-solimo  walnut kernels (broken) 500 gm,pm,packaging,monocarton,0.000,pm,0.180
1025,pm24-south georgia pecanuts roasted 500 gm,pm,packaging,pouch,0.000,pm,0.180
1026,pm24-spar berries mix label 100 gm,pm,packaging,label,0.000,pm,0.180
1027,pm24-spar pet label s dry fruit & berry mix label 100 gm,pm,packaging,label,0.000,pm,0.180
1028,"pm24-spar pet label s nuts, berry & seed mix label 100 gm",pm,packaging,label,0.000,pm,0.180
1029,pm24-spar pet label s nuts & seed mix label 100 gm,pm,packaging,label,0.000,pm,0.180
1030,pm24-spar pet label s roasted salted almond label 100 gm,pm,packaging,label,0.000,pm,0.180
1031,pm24-spar pet label s seed mix roasted label 100 gm,pm,packaging,label,0.000,pm,0.180
1032,pm24-spar pistachio pouch 500 gm,pm,packaging,pouch,0.000,pm,0.180
1033,pm24-spar plain green pouch 500 gm,pm,packaging,pouch,0.000,pm,0.180
1034,pm24-spar selecta 350x250 mm pouch 500 gm,pm,packaging,pouch,0.000,pm,0.180
1035,pm24-spar select almond 120*225mm 500 gm pouch,pm,packaging,pouch,0.000,pm,0.180
1036,pm24-spar select californian pistachio 120*225mm 500gm pouch,pm,packaging,pouch,0.000,pm,0.180
1037,pm24-spar select cashew 120*225mm 500gm pouch,pm,packaging,pouch,0.000,pm,0.180
1038,pm24-spar select pouch 500 g b spar select almond,pm,packaging,pouch,0.000,pm,0.180
1039,pm24-spar select pouch 500 g b spar select california pista,pm,packaging,pouch,0.000,pm,0.180
1040,pm24-special offer card 2 gm,pm,packaging,card,0.000,pm,0.180
1041,pm24-square blister 250 gm,pm,packaging,blister,0.000,pm,0.180
1042,pm24-star bazaar laminate roll (280mm x 175mm),pm,packaging,pouch roll,0.000,pm,0.180
1043,pm24-star bazaar laminate roll (375mm x 200mm)500gm,pm,packaging,roll,0.000,pm,0.180
1044,pm24-star bazar laminate pouch 100g (280x125mm) cen,pm,packaging,pouch,0.000,pm,0.180
1045,pm24-star bazar laminate pouch 1kg (375x285mm) cen seal,pm,packaging,pouch,0.000,pm,0.180
1046,pm24-star bazar laminate pouch 250g (280x175mm) cen,pm,packaging,pouch,0.000,pm,0.180
1047,pm24-star bazar laminate pouch 500g (375x200mm) cen,pm,packaging,pouch,0.000,pm,0.180
1048,pm24-star bazar laminate pouch 500g (375x230mm) cen,pm,packaging,pouch,0.000,pm,0.180
1049,pm24-steel 100 gm pet cap 100 gm (old),pm,packaging,cap,0.000,pm,0.180
1050,pm24-stereo development charges - carton,pm,packaging,carton,0.000,pm,0.180
1051,pm24-stretch film 450 mm,pm,packaging,roll,0.000,pm,0.180
1052,pm24-sun pharma yoga bar monocarton 400 g,pm,packaging,monocarton,0.000,pm,0.180
1053,pm24-super saver 1000 gm,pm,packaging,pouch,0.000,pm,0.180
1054,pm24-super saver 6 x8x300 gm 300 gm,pm,packaging,pouch,0.000,pm,0.180
1055,pm24-super saver 7 x10x500 gm 500 gm,pm,packaging,pouch,0.000,pm,0.180
1056,pm24-taali nimboo pudina peanut pouch 150 gm,pm,packaging,roll,0.000,pm,0.180
1057,pm24-taali nimboo spice masala peanut pouch 150 gm,pm,packaging,roll,0.000,pm,0.180
1058,pm24-tape double tape,pm,packaging,tape,0.000,pm,0.180
1059,pm24 - tasties barbeque makhana pouch roll 25 gm,pm,packaging,pouch roll,0.000,pm,0.180
1060,pm24 - tasties cheese makhana pouch roll 25 gm,pm,packaging,pouch roll,0.000,pm,0.180
1061,pm24-tasties chilli almonds-flavourful & crunchy 75 g,pm,packaging,monocarton,0.000,pm,0.180
1062,pm24-tasties generic inner pouch roll 50/75 gm 190 mm(white n red),pm,packaging,pouch roll,0.000,pm,0.180
1063,pm24-tasties honey almond-flavourful & crunchy-75 gm,pm,packaging,monocarton,0.000,pm,0.180
1064,pm24 - tasties peri peri makhana pouch roll 25 gm,pm,packaging,pouch roll,0.000,pm,0.180
1065,pm24-tasties pink salted pistachio-flavourful & crunchy 75 g,pm,packaging,monocarton,0.000,pm,0.180
1066,pm24 - tasties pudina makhana pouch roll 25 gm,pm,packaging,pouch roll,0.000,pm,0.180
1067,pm24 - tasties pudina pathaka peanut pouch roll 25 gm,pm,packaging,pouch roll,0.000,pm,0.180
1068,pm24 - tasties tandoori makhana pouch roll 25 gm,pm,packaging,pouch roll,0.000,pm,0.180
1069,pm24 - tasties tandoori masala peanut pouch roll 25 gm,pm,packaging,pouch roll,0.000,pm,0.180
1070,pm24 - tasties thai spice peanut pouch roll 25 gm,pm,packaging,pouch roll,0.000,pm,0.180
1071,pm24-tea bites 30 gm,pm,packaging,roll,0.000,pm,0.180
1072,pm24-tea bites pouch medium 30 gm,pm,packaging,pouch,0.000,pm,0.180
1073,pm24-tea bites small 30 gm,pm,packaging,pouch,0.000,pm,0.180
1074,pm24-the date co. blue sleeve 250 gm,pm,packaging,sleeve,0.000,pm,0.180
1075,pm24-the date co. blue sleeve 500 gm,pm,packaging,sleeve,0.000,pm,0.180
1076,pm24-the date co. brown sleeve 250 gm,pm,packaging,sleeve,0.000,pm,0.180
1077,pm24-the date co. brown sleeve 500 gm,pm,packaging,sleeve,0.000,pm,0.180
1078,pm24-the date co. pink sleeve 250 gm,pm,packaging,sleeve,0.000,pm,0.180
1079,pm24-the date co. pink sleeve 500 gm,pm,packaging,sleeve,0.000,pm,0.180
1080,pm24-the date co. yellow sleeve 250 gm,pm,packaging,sleeve,0.000,pm,0.180
1081,pm24-the date co. yellow sleeve 500 gm,pm,packaging,sleeve,0.000,pm,0.180
1082,pm24-transparent laminate roll,pm,packaging,roll,0.000,pm,0.180
1083,pm24-triangular pp pouch 50 gm,pm,packaging,pouch,0.000,pm,0.180
1084,pm24-tub rectangular blister 150*100*32mm-container pl transparent 200 gm,pm,packaging,tub lid,0.000,pm,0.180
1085,pm24-turkey apricots pouch (reliance-unbranded) 200 gm,pm,packaging,pouch,0.000,pm,0.180
1086,pm24 - unprinted bopp tape 100 gm,pm,packaging,tape,0.000,pm,0.180
1087,pm24-urban platter roasted makhana wasabi 40g 40 gm,pm,packaging,tin,0.000,pm,0.180
1088,pm24-vacuum 240x260mm (common)- 110 micron 500 gm,pm,packaging,pouch,0.000,pm,0.180
1089,pm24-vacuum 240x260mm (solimo)- 130 micron 500 gm,pm,packaging,pouch,0.000,pm,0.180
1090,pm24-vacuumed pouch 210x320mm,pm,packaging,pouch,0.000,pm,0.180
1091,pm24-vacuum pouch-130 x190mm 100 gm,pm,packaging,pouch,0.000,pm,0.180
1092,pm24-vacuum pouch-140 x 240 mm 200 gm,pm,packaging,pouch,0.000,pm,0.180
1093,pm24-vacuum pouch-155 x115mm 50 gm,pm,packaging,pouch,0.000,pm,0.180
1094,pm24-vacuum pouch 180x240 mm-100 micron 250 gm,pm,packaging,pouch,0.000,pm,0.180
1095,pm24-vacuum pouch 180x240mm - 130 micron 250 gm,pm,packaging,pouch,0.000,pm,0.180
1096,pm24-vacuum pouch 230x360,pm,packaging,pouch,0.000,pm,0.180
1097,"pm24-vacuum pouch-390 x 575 mm, 60g-125 micron 5000 gm",pm,packaging,pouch,0.000,pm,0.180
1098,pm24-vacuum pouch-510 x 560mm-65 g-125 micron-10 kg 10000 gm,pm,packaging,pouch,0.000,pm,0.180
1099,"pm24-vacuum pouch for 1 kg-210 x 305mm, 16g-110 micron (solimo) 1000 gm",pm,packaging,pouch,0.000,pm,0.180
1100,"pm24-vacuum pouch for 1 kg- 210 x 305mm, 16g - 90 micron (solimo) 1000 gm",pm,packaging,pouch,0.000,pm,0.180
1101,pm24-vedaka blue zipper pouch 250gm,pm,packaging,pouch,0.000,pm,0.180
1102,pm24-vedaka blue zipper pouch 500 gm,pm,packaging,pouch,0.000,pm,0.180
1103,pm24-vedaka popular 100g pouch,pm,packaging,pouch,0.000,pm,0.180
1104,pm24-vedaka popular pouch roll 200 gm,pm,packaging,pouch roll,0.000,pm,0.180
1105,pm24-vedaka premium 1kg pouch(190mmx260mm) 1000 gm,pm,packaging,pouch,0.000,pm,0.180
1106,pm24-vedaka premium pouch(130mm x 183mm) 200 gm,pm,packaging,pouch,0.000,pm,0.180
1107,pm24-vedaka premium pouch (130x153mm) 100 gm,pm,packaging,pouch,0.000,pm,0.180
1108,pm24-vedaka purple plain pouch  1 kg,pm,packaging,pouch,0.000,pm,0.180
1109,pm24-vedaka purple plain pouch  500 gm,pm,packaging,pouch,0.000,pm,0.180
1110,pm24-vedaka purple pouch 100gm,pm,packaging,pouch,0.000,pm,0.180
1111,pm24-vedaka purple pouch 200gm,pm,packaging,pouch,0.000,pm,0.180
1112,pm24-vedaka purple pouch roll 100gm,pm,packaging,pouch roll,0.000,pm,0.180
1113,pm24-vedaka purpler pouch roll 200gm,pm,packaging,pouch roll,0.000,pm,0.180
1114,pm24-vedaka purple zipper pouch 1 kg,pm,packaging,pouch,0.000,pm,0.180
1115,pm24-vedaka purple zipper pouch 200gm,pm,packaging,pouch,0.000,pm,0.180
1116,pm24-vedaka purple zipper pouch 250gm,pm,packaging,pouch,0.000,pm,0.180
1117,pm24-vedaka purple zipper pouch 500gm,pm,packaging,pouch,0.000,pm,0.180
1118,pm24-vedaka purple zipper pouch roll 500gm,pm,packaging,pouch roll,0.000,pm,0.180
1119,pm24-vedaka red zipper pouch 1kg,pm,packaging,pouch,0.000,pm,0.180
1120,pm24-vedaka red zipper pouch 250gm,pm,packaging,pouch,0.000,pm,0.180
1121,pm24-vedaka red zipper pouch 500gm,pm,packaging,pouch,0.000,pm,0.180
1122,pm24-wad (big) reliance pgp 500 gm for 1000 ml round glass jar,pm,packaging,wad,0.000,pm,0.180
1123,pm24-wad for 1000 ml reliance pgp glass,pm,packaging,wad,0.000,pm,0.180
1124,pm24-wad for 500 ml reliance pgp glass,pm,packaging,wad,0.000,pm,0.180
1125,pm24-white generic pouch-20 kg 20000 gm,pm,packaging,pouch,0.000,pm,0.180
1126,pm24-white laminate roll for baps 30 gm,pm,packaging,roll,0.000,pm,0.180
1127,pm24-white lion brazilnuts roasted 500 gm,pm,packaging,pouch,0.000,pm,0.180
1128,pm24-white milky tub rc 201 750 ml 500 gm,pm,packaging,tub,0.000,pm,0.180
1129,pm24-white roll with eyemark,pm,packaging,roll,0.000,pm,0.180
1130,pm24-white strip pp heat sealing roll fully auto size 1260-carton packaging 5000 gm,pm,packaging,roll,0.000,pm,0.180
1131,pm24-wholesome millets bar r 30 gm,pm,packaging,roll,0.000,pm,0.180
1132,pm24-yellow label 100x50 mm 50 gm,pm,packaging,label,0.000,pm,0.180
1133,pm24-yumasana cashew barbeque standy pouch,pm,packaging,pouch,0.000,pm,0.180
1134,pm24-yumasana cashew pepper standy pouch,pm,packaging,pouch,0.000,pm,0.180
1135,pm24-yumasana cashew salted standy pouch,pm,packaging,pouch,0.000,pm,0.180
1136,pm24-yumasana cashew sour cream standy pouch,pm,packaging,pouch,0.000,pm,0.180
1137,pm24-yumasana coated peanut barbeque standy pouch,pm,packaging,pouch,0.000,pm,0.180
1138,pm24-yumasana coated peanut chilli garlic standy pouch,pm,packaging,pouch,0.000,pm,0.180
1139,pm24-yumasana coated peanut peri peri standy pouch,pm,packaging,pouch,0.000,pm,0.180
1140,pm24-yumasana coated peanut thai chilli standy pouch,pm,packaging,pouch,0.000,pm,0.180
1141,pm24-zahidi dates 900 gm pouch digital,pm,packaging,pouch roll,0.000,pm,0.180
1142,pm24-zahidi dates 900 grm pouch digital,pm,packaging,pouch roll,0.000,pm,0.180
1143,pm24-zahidi dates label 1kg,pm,packaging,label,0.000,pm,0.180
1144,pm24-zahidi dates pouch (reliance-unbranded) 500 gm,pm,packaging,pouch,0.000,pm,0.180
1145,pm24-zahidi dates pouch (reliance-unbranded) 500 gm,pm,packaging,pouch,0.000,pm,0.180
1146,pm24-zesque choco chips monocarton 200gm,pm,packaging,monocarton,0.000,pm,0.180
1147,pm24-zesque hemp seeds barbeque 200 gm pouch,pm,packaging,pouch,0.000,pm,0.180
1148,pm24-zesque hemp seeds mint 200 gm,pm,packaging,pouch,0.000,pm,0.180
1149,pm24-zesque hemp trail mix salt & pepper roasted 200 gm,pm,packaging,pouch,0.000,pm,0.180
1150,pm24-zipper laminated plain standy zipper pouch (4.75x7.5 in) 100 gm,pm,packaging,pouch,0.000,pm,0.180
1151,pm24-zipper laminated plain standy zipper pouch (6x9 in) 150 gm,pm,packaging,pouch,0.000,pm,0.180
1152,pm24-zipper-silver standy pouch 5 x 9 150 gm,pm,packaging,pouch,0.000,pm,0.180
1153,pm24-zipper-standy pouch 5.5 x 8,pm,packaging,pouch,0.000,pm,0.180
1154,pm24-zipper-standy pouch 7 x 10 300 gm,pm,packaging,pouch,0.000,pm,0.180
1155,pm24-zorro pecan grain free granola 50gm pouch,pm,packaging,pouch,0.000,pm,0.180
1156,pm24-zorro pecan maple glazed 50gm pouch,pm,packaging,pouch,0.000,pm,0.180
1157,pm24-zorro pecan roasted and lightly salted 50gm pouch,pm,packaging,pouch,0.000,pm,0.180
1158,pm24-zorro pecan simply  50gm pouch,pm,packaging,pouch,0.000,pm,0.180
1159,pm24-zorro pecan sweet and spicy 50gm pouch,pm,packaging,pouch,0.000,pm,0.180
1160,pm24-zorro simply pecan pouch 200gm,pm,packaging,pouch,0.000,pm,0.180
1161,pm - café galleria 162 x 255 h + gusset 45 mm + 45 mm,pm,packaging,pm,0.000,pm,0.180
1162,pm - diya small,pm,packaging,pm,0.000,pm,0.180
1163,pm - plastic bag silver with zipper (230mmx300mm) - tpl,pm,packaging,pouch,0.000,pm,0.180
1164,pregeflo c 100 g,rm,miscellaneous - rm,other misc,1.000,bulk,0.180
1165,pregeflo ch 10 g,rm,seasoning,seasoning,1.000,bulk,0.180
1166,premix- chocolate & oats bites,rm,miscellaneous - rm,chocolate,1.000,bulk,0.180
1167,premix- date & nuts bites,rm,miscellaneous - rm,chocolate,1.000,bulk,0.180
1168,pure maple syrup,rm,miscellaneous - rm,other misc,1.000,bulk,0.180
1169,raspberry flavour 240323,rm,seasoning,seasoning,1.000,bulk,0.180
1170,red chilli oleoresin (cap oleoresin 4010000030),rm,seasoning,seasoning,1.000,bulk,0.180
1171,rose flavour 060721,rm,seasoning,seasoning,1.000,bulk,0.180
1172,salted caramel flavour,rm,seasoning,seasoning,1.000,bulk,0.180
1173,semi sweet compound,rm,miscellaneous - rm,chocolate,1.000,bulk,0.180
1174,shatavari extract,rm,miscellaneous - rm,other misc,1.000,bulk,0.180
1175,sidcoat h,rm,miscellaneous - rm,other misc,1.000,bulk,0.180
1176,sidflow22,rm,miscellaneous - rm,other misc,1.000,bulk,0.180
1177,silymarin extract,rm,miscellaneous - rm,other misc,1.000,bulk,0.180
1178,smoke paprika flavour f170,rm,seasoning,seasoning,1.000,bulk,0.180
1179,soya lecithin liquid,rm,miscellaneous - rm,other misc,1.000,bulk,0.180
1180,soy isolate protein (supro 620),rm,miscellaneous - rm,other misc,1.000,bulk,0.180
1181,strawberry flavour 260323,rm,seasoning,seasoning,1.000,bulk,0.180
1182,"urban platter choco drizzle waffle chips, 1kg",rm,miscellaneous - rm,chocolate,1.000,bulk,0.180
1183,urban platter pure maple syrup 250ml,fg,miscellaneous - rm,other misc,0.250,rpc,0.180
1184,vanila flavour 19112020,rm,seasoning,seasoning,1.000,bulk,0.180
1185,vanilla flavour,rm,seasoning,seasoning,1.000,bulk,0.180
1186,vanilla liquid extract,rm,seasoning,seasoning,1.000,bulk,0.180
1187,whey protein concentrate 80% regular,rm,seasoning,seasoning,1.000,bulk,0.180
1188,whey protein isolate 90% instant,rm,miscellaneous - rm,other misc,1.000,bulk,0.180
1189,white compound chocolate,rm,miscellaneous - rm,chocolate,1.000,bulk,0.180
1190,xanthan gum,rm,miscellaneous - rm,other misc,1.000,bulk,0.180
1191,10kg al barkah sufri dates,rm,dates,sufri,1.000,dates bulk,0.050
1192,3 jar jute bag gift hamper,fg,festive hampers,gifting,0.680,va,0.050
1193,3pcs date balls with blister,fg,bars & cereals,bites,0.060,va,0.050
1194,5 grain cereal 35gm,fg,bars & cereals,cereal,0.035,va,0.050
1195,5 grain cereal 50 gm,fg,bars & cereals,cereal,0.050,va,0.050
1196,abjosh (munakka) 100gm,fg,raisin,raisin - abjosh,0.100,rpc,0.050
1197,acacia gum - dink/ gundar,rm,miscellaneous - rm,other misc,1.000,bulk,0.050
1198,acrylic 40 pc dates box,fg,trail mix,bites,0.400,va,0.050
1199,afghan apricot 1*1,rm,apricot,apricot - afghan,1.000,bulk,0.050
1200,afghan apricot 1*2,rm,apricot,apricot - afghan,1.000,bulk,0.050
1201,afghan apricot selected,rm,apricot,apricot - afghan,1.000,bulk,0.050
1202,afghan black raisins seeded 1*2,rm,raisin,raisin - black,1.000,bulk,0.050
1203,afghan black raisins seedless 1*1,rm,raisin,raisin - black,1.000,bulk,0.050
1204,afghan black raisins seedless 1*2,rm,raisin,raisin - black,1.000,bulk,0.050
1205,afghan munakka / abjosh 1x1,rm,raisin,raisin - abjosh,1.000,bulk,0.050
1206,afghan munakka / abjosh 1x2,rm,raisin,raisin - abjosh,1.000,bulk,0.050
1207,afghan raisins 1*1 green round,rm,raisin,raisin - afghan,1.000,bulk,0.050
1208,afghan raisins 1*2 green round,rm,raisin,raisin - afghan,1.000,bulk,0.050
1209,afghan raisins black seeded 1*1,rm,raisin,raisin - black,1.000,bulk,0.050
1210,afghan shandukhani green raisins,rm,raisin,raisin - shandukhani,1.000,bulk,0.050
1211,ajfan barbeque trail mix nuts 125g,fg,trail mix,trail mix,0.125,va,0.050
1212,ajfan caramel & himalayan salt trail mix nuts 125g,fg,trail mix,trail mix,0.125,va,0.050
1213,ajfan roasted & salted trail mix 125g,fg,trail mix,trail mix,0.125,va,0.050
1214,ajwa dates,rm,dates,ajwa,1.000,dates bulk,0.050
1215,al barakah ajwa dates 400gm,fg,dates,ajwa,0.400,dates rpc,0.050
1216,al barakah ajwa dates 500g,fg,dates,ajwa,0.500,dates rpc,0.050
1217,al barakah arabian dates 300gm,fg,dates,khalas,0.300,dates rpc,0.050
1218,al barakah arabian dates 600g,fg,dates,khalas,0.600,dates rpc,0.050
1219,al barakah barhi dates 10kg,rm,dates,barhi,1.000,dates bulk,0.050
1220,al barakah date paste,rm,dates,paste,1.000,dates ing,0.050
1221,al barakah date paste (1 kg packing),rm,dates,paste,1.000,dates ing,0.050
1222,al barakah dates ajwa 35gm,fg,dates,ajwa,0.035,dates rpc,0.050
1223,al barakah dates arabian 400g,fg,dates,khalas,0.400,dates rpc,0.050
1224,al barakah dates arabian 500g,fg,dates,sufri,0.500,dates rpc,0.050
1225,al barakah dates golden 300g,fg,dates,barhi,0.300,dates rpc,0.050
1226,al barakah dates golden 500g,fg,dates,khalas,0.500,dates rpc,0.050
1227,al barakah dates gulf 300g,fg,dates,gulf,0.300,dates rpc,0.050
1228,al barakah dates gulf 500g,fg,dates,khalas,0.500,dates rpc,0.050
1229,al barakah dates khalas 35gm,fg,dates,khalas,0.035,dates rpc,0.050
1230,al barakah dates khaneizi 35gm,fg,dates,khaneizi,0.035,dates rpc,0.050
1231,al barakah dates oman seedless 1kg,fg,dates,seedless,1.000,dates rpc,0.050
1232,al barakah dates safavi 35gm,fg,dates,safavi,0.035,dates rpc,0.050
1233,al barakah dates safavi 400g,fg,dates,safavi,0.400,dates rpc,0.050
1234,al barakah dates safavi seedless 400g,fg,dates,safavi,0.400,dates rpc,0.050
1235,al barakah dates syrup,rm,dates,syrup,1.000,dates ing,0.050
1236,al barakah dates syrup (400g packing),rm,dates,syrup,0.400,dates ing,0.050
1237,al barakah date syrup(1.15kg x 12),rm,dates,syrup,1.150,dates ing,0.050
1238,al barakah dehydrated date powder 250g,fg,dates,powder,0.250,dates ing,0.050
1239,al barakah dehydrated date powder - bulk pack 10kg,rm,dates,powder,1.000,dates ing,0.050
1240,al barakah emirate dates 500gm,fg,dates,emirates,0.500,dates rpc,0.050
1241,al barakah emirates dates 500 gm (not in use),fg,dates,emirates,0.500,dates rpc,0.050
1242,al barakah fard dates 400g,fg,dates,fard,0.400,dates rpc,0.050
1243,al barakah fard dates premium - 10kg,rm,dates,fard,1.000,dates bulk,0.050
1244,al barakah fard dates premium - 500g,fg,dates,fard,0.500,dates rpc,0.050
1245,al barakah fard dates standard,rm,dates,fard,1.000,dates bulk,0.050
1246,al barakah gulf dates 250gm,fg,dates,gulf,0.250,dates rpc,0.050
1247,al barakah khalas dates,rm,dates,khalas,1.000,dates bulk,0.050
1248,al barakah khalas dates 1kg,fg,dates,khalas,1.000,dates rpc,0.050
1249,al barakah khalas dates 400g,fg,dates,khalas,0.400,dates rpc,0.050
1250,al barakah khalas dates 500 gm,fg,dates,khalas,0.500,dates rpc,0.050
1251,al barakah khalas dates seedless 350gm,fg,dates,seedless,0.350,dates rpc,0.050
1252,al barakah khanezi dates 500 gm,fg,dates,khaneizi,0.500,dates rpc,0.050
1253,al barakah khanizee dates,rm,dates,khaneizi,1.000,dates bulk,0.050
1254,al barakah khenaizi dates 400g,fg,dates,khaneizi,0.400,dates rpc,0.050
1255,al barakah kimia dates 500 gm,fg,dates,kimia,0.500,dates rpc,0.050
1256,al barakah lulu red dates,rm,dates,lulu,1.000,dates bulk,0.050
1257,al barakah medjool wet dates premium,rm,dates,medjoul-general,1.000,dates bulk,0.050
1258,al barakah medjoul dates 500gm,fg,dates,medjoul-general,0.500,dates rpc,0.050
1259,al barakah oman 600g,fg,dates,oman,0.600,dates rpc,0.050
1260,al barakah oman dates 400g,fg,dates,oman,0.400,dates rpc,0.050
1261,al barakah oman dates 500gm tub,fg,dates,oman,0.500,dates rpc,0.050
1262,al barakah premium emirate date seedless 500gm,fg,dates,emirates,0.500,dates rpc,0.050
1263,al barakah premium emirate date seedless (500gmx16),fg,dates,emirates,8.000,dates rpc,0.050
1264,al barakah premium emirates dates 500g.,fg,dates,emirates,0.500,dates rpc,0.050
1265,al barakah premium emirates dates (500gm x 16 nos),fg,dates,emirates,8.000,dates rpc,0.050
1266,al barakah premium medjool 800gm,fg,dates,medjoul-general,0.800,dates rpc,0.050
1267,al barakah premium seedless dates 500g,fg,dates,seedless,0.500,dates rpc,0.050
1268,al barakah reziz dates 10kg,rm,dates,reziz,1.000,dates bulk,0.050
1269,al barakah safavi dates 500gm,fg,dates,safavi,0.500,dates rpc,0.050
1270,al barakah sayer dates thermo(500gm x 16),rm,dates,sayer,1.000,dates bulk,0.050
1271,aldaka medjool premium jumbo,rm,dates,medjoul-jumbo,1.000,dates bulk,0.050
1272,aldaka medjool premium large,rm,dates,medjoul-large,1.000,dates bulk,0.050
1273,almond apricot and seeds date balls 48 gms,fg,trail mix,trail mix,0.048,va,0.050
1274,almond blanched sliced,rm,almond,almond - broken,1.000,bulk,0.050
1275,"almond blanched, whole",rm,almond,almond - kernels,1.000,bulk,0.050
1276,almond cranberry black currant and seeds date balls 48 gms,fg,trail mix,trail mix,0.048,va,0.050
1277,almond flavoured cajun loose,fg,almond,almond - kernels,1.000,va,0.050
1278,almond flavoured smoked paprika loose,fg,almond,almond - kernels,1.000,va,0.050
1279,almond kernal 150gm,fg,almond,almond - kernels,0.150,rpc,0.050
1280,almond kernal 450gm,fg,almond,almond - kernels,0.450,rpc,0.050
1281,almond kernel,rm,almond,almond - kernels,1.000,bulk,0.050
1282,almond mamra touch,rm,almond,almond - mamra,1.000,bulk,0.050
1283,almond masala,fg,almond,almond - kernels,1.000,va,0.050
1284,almond peri peri,fg,almond,almond - kernels,1.000,va,0.050
1285,almond plain 75gm,fg,almond,almond - kernels,0.075,rpc,0.050
1286,almond powder,rm,almond,almond - broken,1.000,bulk,0.050
1287,almond roasted,fg,almond,almond - kernels,1.000,bulk,0.050
1288,almond selected 230g,fg,almond,almond - kernels,0.230,rpc,0.050
1289,almonds halves loose,fg,almond,almond - kernels,1.000,bulk,0.050
1290,almonds kernel cube cut,rm,almond,almond - broken,1.000,bulk,0.050
1291,almond sliced,rm,almond,almond - broken,1.000,va,0.050
1292,aloevra extract,rm,miscellaneous - rm,other misc,1.000,bulk,0.050
1293,alpino peanut crackers chipotle honey 60g,fg,peanuts,peanut - coated,0.060,va,0.050
1294,alpino peanut crackers smokey bbq 60g,fg,peanuts,peanut - coated,0.060,va,0.050
1295,amarath puff,rm,miscellaneous - rm,other misc,1.000,bulk,0.050
1296,amarath puff  - 5%,rm,miscellaneous - rm,other misc,1.000,bulk,0.050
1297,amary dates,rm,dates,amary,1.000,dates bulk,0.050
1298,amary dates 250g (1356293),fg,dates,amary,0.250,dates rpc,0.050
1299,amazon brand nuts berries and seed mix 200g (b0b69j57qv),fg,trail mix,trail mix,0.200,va,0.050
1300,amazon brand- vedaka dry dates powder 200g,fg,dates,powder,0.200,dates ing,0.050
1301,amazon brand vedaka dryfruits and berries mix 200g (b0b69kxw9j),fg,trail mix,trail mix,0.200,va,0.050
1302,amazon brand vedaka dryfruits and nut mix 200g (b0b69kb4gb),fg,trail mix,trail mix,0.200,va,0.050
1303,amazon brand - vedaka premium dry fruits combo 400 gm gift box ( b0bbdjmlyr ),fg,festive hampers,gifting,0.400,va,0.050
1304,amazon brand - vedaka raw sunflower seeds 1 kg b0d9p1n25j,fg,seeds,sunflower,1.000,rpc,0.050
1305,american almond double tonch,rm,almond,almond - kernels,1.000,bulk,0.050
1306,american almonds ( 18-20 count),rm,almond,almond - kernels,1.000,bulk,0.050
1307,american almonds (22-23 count),rm,almond,almond - kernels,1.000,bulk,0.050
1308,american almonds (23-25 count),rm,almond,almond - kernels,1.000,bulk,0.050
1309,american almonds (24-25 count),rm,almond,almond - kernels,1.000,bulk,0.050
1310,american almonds (caramel) tounch,rm,almond,almond - kernels,1.000,bulk,0.050
1311,american almonds dagi,rm,almond,almond - kernels,1.000,bulk,0.050
1312,american almonds kernal sanora,rm,almond,almond - kernels,1.000,bulk,0.050
1313,american almonds kernel 20-22 count,rm,almond,almond - kernels,1.000,bulk,0.050
1314,american almonds kernel 30-32 count,rm,almond,almond - kernels,1.000,bulk,0.050
1315,american almonds kernel 32-34 count,rm,almond,almond - kernels,1.000,bulk,0.050
1316,american almonds pin tonch,rm,almond,almond - kernels,1.000,bulk,0.050
1317,american almonds premium,rm,almond,almond - kernels,1.000,bulk,0.050
1318,american almonds running 25-27 count,rm,almond,almond - kernels,1.000,bulk,0.050
1319,american almonds running [28-30 count],rm,almond,almond - kernels,1.000,bulk,0.050
1320,american almonds special,rm,almond,almond - kernels,1.000,bulk,0.050
1321,american almonds tonch,rm,almond,almond - kernels,1.000,bulk,0.050
1322,american almonds tukda,rm,almond,almond - broken,1.000,bulk,0.050
1323,american pecan 50gm,fg,premium nuts,pecan nuts,0.050,rpc,0.050
1324,ameri dates,rm,dates,amary,1.000,dates bulk,0.050
1325,amul butter,rm,miscellaneous - rm,other misc,1.000,bulk,0.050
1326,anardana churan,rm,seasoning,seasoning,1.000,bulk,0.050
1327,anardana powder,rm,seasoning,seasoning,1.000,bulk,0.050
1328,anjeer 1*1,rm,anjeer,dried figs,1.000,bulk,0.050
1329,anjeer 1*2,rm,anjeer,dried figs,1.000,bulk,0.050
1330,anjeer 1*2 75gm,fg,anjeer,dried figs,0.075,rpc,0.050
1331,anjeer chutta,rm,anjeer,dried figs,1.000,bulk,0.050
1332,anjeer (figs),rm,anjeer,dried figs,1.000,bulk,0.050
1333,anjeer selected,rm,anjeer,dried figs,1.000,bulk,0.050
1334,antioxidant mix 33gm,fg,trail mix,trail mix,0.033,va,0.050
1335,antioxidant mix 35gm,fg,trail mix,trail mix,0.035,va,0.050
1336,apollo life arabian dates 500g,fg,dates,barhi,0.500,dates rpc,0.050
1337,apricot kernel,rm,apricot,apricot - kernel,1.000,bulk,0.050
1338,ar barakah fard dates 1kg,fg,dates,fard,1.000,dates rpc,0.050
1339,ashwagandha powder,rm,miscellaneous - rm,other misc,1.000,bulk,0.050
1340,australia macadamia honey roast 100g pch,fg,premium nuts,macadamia nuts,0.100,va,0.050
1341,australia macadamia sweetchilli 100g pch,fg,premium nuts,macadamia nuts,0.100,va,0.050
1342,australia mcadamia darkchocolte 100g pch,fg,premium nuts,macadamia nuts,0.100,va,0.050
1343,australia mcdamia milkchocolate 100g pch,fg,premium nuts,macadamia nuts,0.100,va,0.050
1344,australian almond inshell,rm,almond,almond - inshell,1.000,bulk,0.050
1345,azmah dates 500 gms (110002703),fg,dates,safavi,0.500,dates rpc,0.050
1346,bajra flakes,rm,miscellaneous - rm,flakes,1.000,bulk,0.050
1347,banarasi box hamper 03,fg,festive hampers,gifting,0.300,va,0.050
1348,barbeque almonds,fg,almond,almond - kernels,1.000,va,0.050
1349,barbeque cashew,fg,cashew,cashew - kernel,1.000,va,0.050
1350,barbeque cashew bulk,fg,cashew,cashew - kernel,1.000,va,0.050
1351,barbeque coated peanuts 60gm,fg,peanuts,peanut - coated,0.060,va,0.050
1352,barbeque macadamia,fg,premium nuts,macadamia nuts,1.000,va,0.050
1353,barbeque makhana,fg,makhana,makhana - suta,1.000,va,0.050
1354,barbeque seasoning,rm,seasoning,seasoning,1.000,bulk,0.050
1355,barhi grade-b,rm,dates,barhi,1.000,dates bulk,0.050
1356,barley flakes,rm,miscellaneous - rm,flakes,1.000,bulk,0.050
1357,barley lahi,rm,miscellaneous - rm,other misc,1.000,bulk,0.050
1358,basil seeds (sabja),rm,seeds,sabja,1.000,bulk,0.050
1359,bb royal ajwa dates 500g,fg,dates,ajwa,0.500,dates rpc,0.050
1360,bbroyal black current 100g,fg,blackcurrant,dried blackcurrant,0.100,rpc,0.050
1361,bb royal black current 250g,fg,blackcurrant,dried blackcurrant,0.250,rpc,0.050
1362,bb royal dates - ajwa 250g,fg,dates,ajwa,0.250,dates rpc,0.050
1363,bb royal dates - deri 500 g,fg,dates,deri,0.500,dates rpc,0.050
1364,bb royal dates - golden 500 g,fg,dates,khalas,0.500,dates rpc,0.050
1365,bb royal dates - mazafati 250g,fg,dates,kimia,0.250,dates rpc,0.050
1366,bb royal dates - medjool 250g,fg,dates,medjoul-general,0.250,dates rpc,0.050
1367,bb royal dates - omani 250g,fg,dates,fard,0.250,dates rpc,0.050
1368,"bb royal dates - red, seedless 250 g",fg,dates,seedless,0.250,dates rpc,0.050
1369,bb royal dates - safawi 250g,fg,dates,safavi,0.250,dates rpc,0.050
1370,bb royal dates - zahidi 500 g,fg,dates,zahidi,0.500,dates rpc,0.050
1371,bb royal dried blue berries 100g,fg,blueberry,blueberry - plain,0.100,rpc,0.050
1372,bb royal dried blue berries 250g,fg,blueberry,blueberry - plain,0.250,rpc,0.050
1373,bb royal dried cran berries 100g,fg,cranberry,cranberry - whole,0.100,rpc,0.050
1374,bb royal dried cran berry 250g,fg,cranberry,cranberry - whole,0.250,rpc,0.050
1375,bb royal mazafati dates 500g,fg,dates,kimia,0.500,dates rpc,0.050
1376,bb royal medjool dates 500g,fg,dates,medjoul-general,0.500,dates rpc,0.050
1377,bb royal omani dates 500gm,fg,dates,oman,0.500,dates rpc,0.050
1378,bb royal red dates - with seeds 500gm,fg,dates,lulu,0.500,dates rpc,0.050
1379,bb royal safavi dates 500g,fg,dates,safavi,0.500,dates rpc,0.050
1380,berry mix,fg,trail mix,trail mix,1.000,va,0.050
1381,besan aata,rm,miscellaneous - rm,flour,1.000,bulk,0.050
1382,black cardamom,rm,spices,whole spices,1.000,bulk,0.050
1383,black chia seeds,rm,seeds,chia,1.000,bulk,0.050
1384,blackcurrant date balls 48 gms,fg,trail mix,trail mix,0.048,va,0.050
1385,black pepper almonds,fg,almond,almond - kernels,1.000,va,0.050
1386,black pepper cashew,fg,cashew,cashew - kernel,1.000,va,0.050
1387,black pepper cashew bulk,fg,cashew,cashew - kernel,1.000,va,0.050
1388,black pepper (kali miri whole),rm,spices,whole spices,1.000,bulk,0.050
1389,black pepper macadamia trail mix,fg,premium nuts,macadamia nuts,1.000,va,0.050
1390,black pepper nutty seed mix 250gm,fg,trail mix,trail mix,0.250,va,0.050
1391,black pepper pecannut,fg,premium nuts,pecan nuts,1.000,va,0.050
1392,black pepper powder,rm,seasoning,seasoning,1.000,bulk,0.050
1393,black pepper seasoning,rm,seasoning,seasoning,1.000,bulk,0.050
1394,black sesame seeds - kali til,rm,seeds,sesame,1.000,bulk,0.050
1395,blanched almond flour,rm,almond,almond - broken,1.000,bulk,0.050
1396,blanched kernels peanut split,rm,peanuts,peanut - split,1.000,bulk,0.050
1397,blanched white peanut kernels,rm,peanuts,peanut - whole,1.000,bulk,0.050
1398,blissful celebration 360gm,fg,festive hampers,gifting,0.360,va,0.050
1399,blueberries 230g,fg,blueberry,blueberry - plain,0.230,rpc,0.050
1400,blueberries 75gm,fg,blueberry,blueberry - plain,0.075,rpc,0.050
1401,booster berries 33gm,fg,trail mix,trail mix,0.033,va,0.050
1402,booster berries 35gm,fg,trail mix,trail mix,0.035,va,0.050
1403,boria mirch - round red chilli / boriya chilli,rm,spices,whole spices,1.000,bulk,0.050
1404,brazil nuts,rm,premium nuts,brazil nuts,1.000,bulk,0.050
1405,breakfast mix bulk,fg,trail mix,trail mix,1.000,va,0.050
1406,cafe galleria walnut kernel 250g,fg,walnut,walnut - kernel,0.250,rpc,0.050
1407,cafe galleries american almond 25-27count - 250gm,fg,almond,almond - kernels,0.250,rpc,0.050
1408,cafe galleries american pista inshell regular 250gm,fg,pista,pista - inshell,0.250,rpc,0.050
1409,cafe galleries american pista inshell selected 250g,fg,pista,pista - inshell,0.250,rpc,0.050
1410,cafe galleries anjeer 500g big,fg,anjeer,dried figs,0.500,rpc,0.050
1411,cafe galleries blueberry 250g,fg,blueberry,blueberry - plain,0.250,rpc,0.050
1412,cafe galleries brazil nuts 250g,fg,premium nuts,brazil nuts,0.250,rpc,0.050
1413,cafe galleries cashew 150 - 250gm,fg,cashew,cashew - kernel,0.250,rpc,0.050
1414,cafe galleries cashew 180 - 250gm,fg,cashew,cashew - kernel,0.250,rpc,0.050
1415,cafe galleries cashew 180 - 500gm,fg,cashew,cashew - kernel,0.500,rpc,0.050
1416,cafe galleries cashew 210 - 250gm,fg,cashew,cashew - kernel,0.250,rpc,0.050
1417,cafe galleries cashew 210 - 500g,fg,cashew,cashew - kernel,0.500,rpc,0.050
1418,cafe galleries cashew 240 - 250g,fg,cashew,cashew - kernel,0.250,rpc,0.050
1419,cafe galleries cashew 240 - 500gm,fg,cashew,cashew - kernel,0.500,rpc,0.050
1420,cafe galleries cashew 320 - 250gm,fg,cashew,cashew - kernel,0.250,rpc,0.050
1421,cafe galleries cashew black pepper 250 gm,fg,cashew,cashew - kernel,0.250,va,0.050
1422,cafe galleries cashew salted 180 250g,fg,cashew,cashew - kernel,0.250,va,0.050
1423,cafe galleries chia seeds 250g,fg,seeds,chia,0.250,rpc,0.050
1424,"cafe galleries cocktail mix 250g(almond,cashew,pista,black raisins)",fg,trail mix,trail mix,0.250,va,0.050
1425,cafe galleries cranberry whole 250g,fg,cranberry,cranberry - whole,0.250,rpc,0.050
1426,cafe galleries flax seeds 250g,fg,seeds,flax,0.250,rpc,0.050
1427,cafe galleries hazelnuts 250g,fg,premium nuts,hazelnuts,0.250,rpc,0.050
1428,cafe galleries healthy mewa mix 250g,fg,trail mix,trail mix,0.250,va,0.050
1429,cafe galleries macadamia nut salted 250g,fg,premium nuts,macadamia nuts,0.250,va,0.050
1430,cafe galleries pecan nuts 250g,fg,premium nuts,pecan nuts,0.250,rpc,0.050
1431,cafe galleries  pepper pista inshell 250gm,fg,pista,pista - inshell,0.250,va,0.050
1432,cafe galleries pine nut 250g,fg,premium nuts,pine nuts,0.250,rpc,0.050
1433,cafe galleries premium cocktail mix 250g,fg,trail mix,trail mix,0.250,va,0.050
1434,cafe galleries pumpkin seeds 250g,fg,seeds,pumpkin,0.250,rpc,0.050
1435,cafe galleries salted cashew 210- 250gm,fg,cashew,cashew - kernel,0.250,va,0.050
1436,cafe galleries salted pumpkin seeds 250g,fg,seeds,pumpkin,0.250,va,0.050
1437,"cafe galleries seeds mix, 250g",fg,trail mix,trail mix,0.250,va,0.050
1438,cafe galleries selected american almond 18 count - 250gm,fg,almond,almond - kernels,0.250,rpc,0.050
1439,cafe galleries selected american almond 20-22 count - 250gm,fg,almond,almond - kernels,0.250,rpc,0.050
1440,cafe galleries slice cranberry 250g,fg,cranberry,cranberry - sliced,0.250,rpc,0.050
1441,cafe galleries sunflower seeds - 250gm,fg,seeds,sunflower,0.250,rpc,0.050
1442,ca goa pre cashew 230gm/p,fg,cashew,cashew - kernel,0.230,rpc,0.050
1443,ca indian premium quality raisins 150/p,fg,raisin,raisin - indian,0.150,rpc,0.050
1444,cajun spice pecan nuts loose,fg,premium nuts,pecan nuts,1.000,va,0.050
1445,california inshell almonds,rm,almond,almond - inshell,1.000,bulk,0.050
1446,california pista inshell,rm,pista,pista - inshell,1.000,bulk,0.050
1447,california pista inshell black pepper,fg,pista,pista - inshell,1.000,va,0.050
1448,california pista inshell jumbo,rm,pista,pista - inshell,1.000,bulk,0.050
1449,california pista inshell pink salted,fg,pista,pista - inshell,1.000,va,0.050
1450,california pista inshell roasted and salted,fg,pista,pista - inshell,1.000,bulk,0.050
1451,california pista inshell roasted and salted 75gm,fg,pista,pista - inshell,0.075,va,0.050
1452,california walnut inshell,rm,walnut,walnut - inshell,1.000,bulk,0.050
1453,california walnut kernels 2pc,rm,walnut,walnut - kernel,1.000,bulk,0.050
1454,california walnut tukda,rm,walnut,walnut - broken,1.000,bulk,0.050
1455,canola oil,rm,miscellaneous - rm,other misc,1.000,bulk,0.050
1456,capol 254n,rm,miscellaneous - rm,other misc,1.000,bulk,0.050
1457,capol 425m,rm,miscellaneous - rm,other misc,1.000,bulk,0.050
1458,ca premium almond california 218gm/p,fg,almond,almond - kernels,0.218,rpc,0.050
1459,ca premium dry canberry 230gm/p,fg,cranberry,cranberry - whole,0.230,rpc,0.050
1460,ca premium pinshrostsaltiranipista15 /p,fg,pista,pista - irani,0.150,va,0.050
1461,caramel macadamia 250g,fg,premium nuts,macadamia nuts,0.250,va,0.050
1462,caramel pecannut,fg,premium nuts,pecan nuts,1.000,va,0.050
1463,cardamom powder,rm,spices,ground spices,1.000,bulk,0.050
1464,carnial almond dragees 100gm,fg,almond,almond - kernels,0.100,va,0.050
1465,carnival afghan apricot 250gm,fg,apricot,apricot - afghan,0.250,rpc,0.050
1466,carnival a garden of bloom 300g,fg,festive hampers,gifting,0.300,va,0.050
1467,carnival almond choco bite (dark chocolate) 100g,fg,bars & cereals,bites,0.100,va,0.050
1468,carnival almond choco bite (milk chocolate) 100g,fg,bars & cereals,bites,0.100,va,0.050
1469,carnival almond choco bite (white chocolate) 100g,fg,bars & cereals,bites,0.100,va,0.050
1470,carnival almonds 250 gm,fg,almond,almond - kernels,0.250,rpc,0.050
1471,carnival almonds - indepance 200g mono carton,fg,almond,almond - kernels,0.200,rpc,0.050
1472,carnival almonds independence 1kg,fg,almond,almond - kernels,1.000,rpc,0.050
1473,carnival almonds - independence 200g,fg,almond,almond - kernels,0.200,rpc,0.050
1474,carnival almond smoked paprika 100g,fg,almond,almond - kernels,0.100,va,0.050
1475,carnival almond smoked paprika 200g,fg,almond,almond - kernels,0.200,va,0.050
1476,carnival anjeer regular 400gm,fg,anjeer,dried figs,0.400,rpc,0.050
1477,carnival apricot turkey 1x2 300gm,fg,apricot,apricot - turkey,0.300,rpc,0.050
1478,carnival arabian 350gm,fg,dates,barhi,0.350,dates rpc,0.050
1479,carnival barbeque cashew 100gm,fg,cashew,cashew - kernel,0.100,va,0.050
1480,carnival barbeque cashew 200gm,fg,cashew,cashew - kernel,0.200,va,0.050
1481,carnival barbeque makhana 125 gm,fg,makhana,makhana - suta,0.125,va,0.050
1482,carnival barbeque makhana 55g,fg,makhana,makhana - suta,0.055,va,0.050
1483,carnival berry barbeque trail mix 200g,fg,trail mix,trail mix,0.200,va,0.050
1484,carnival black pepper makhana 125 gm,fg,makhana,makhana - suta,0.125,va,0.050
1485,carnival black pepper makhana 55g,fg,makhana,makhana - suta,0.055,va,0.050
1486,carnival black pepper pistachio 80g,fg,pista,pista - inshell,0.080,va,0.050
1487,carnival blueberries dried - 250g,fg,blueberry,blueberry - plain,0.250,rpc,0.050
1488,carnival blueberry 100g,fg,blueberry,blueberry - plain,0.100,rpc,0.050
1489,carnival california almonds independence 1kg,fg,almond,almond - kernels,1.000,rpc,0.050
1490,carnival california pistachio 200g,fg,pista,pista - inshell,0.200,rpc,0.050
1491,carnival california pista roasted and salted 800g,fg,pista,pista - inshell,0.800,va,0.050
1492,carnival california pitted prunes 300 gms,fg,prunes,prunes - pitted,0.300,rpc,0.050
1493,carnival caramel sesame walnut 150g,fg,walnut,walnut - kernel,0.150,va,0.050
1494,carnival caramel sesame walnut 70g,fg,walnut,walnut - kernel,0.070,rpc,0.050
1495,carnival cashew (400 - 450) 200g mono carton,fg,cashew,cashew - kernel,0.200,rpc,0.050
1496,carnival cashew nut 250g,fg,cashew,cashew - kernel,0.250,rpc,0.050
1497,carnival cashew roasted and salted 250g,fg,cashew,cashew - kernel,0.250,va,0.050
1498,carnival chatpata black raisins 100g,fg,raisin,raisin - black,0.100,va,0.050
1499,carnival chatpata cranberry 100g,fg,cranberry,cranberry - whole,0.100,va,0.050
1500,carnival chatpata cranberry 250gm,fg,cranberry,cranberry - whole,0.250,va,0.050
1501,carnival chatpata prunes 100gm,fg,prunes,prunes - pitted,0.100,va,0.050
1502,carnival cheese cashew 100g,fg,cashew,cashew - kernel,0.100,va,0.050
1503,carnival cheese cashew 230g,fg,cashew,cashew - kernel,0.230,va,0.050
1504,carnival cheese makhana 125g,fg,makhana,makhana - suta,0.125,va,0.050
1505,carnival cheese makhana 55g,fg,makhana,makhana - suta,0.055,va,0.050
1506,carnival choco orange walnut 150gm,fg,walnut,walnut - kernel,0.150,va,0.050
1507,carnival classic almonds 100g,fg,almond,almond - kernels,0.100,rpc,0.050
1508,carnival classic almonds 250g,fg,almond,almond - kernels,0.250,rpc,0.050
1509,carnival classic anjeer 250g,fg,anjeer,dried figs,0.250,rpc,0.050
1510,carnival classic cashew 200g,fg,cashew,cashew - kernel,0.200,rpc,0.050
1511,carnival classic cashew 250 gms,fg,cashew,cashew - kernel,0.250,rpc,0.050
1512,carnival classic chia seeds 100gm,fg,seeds,chia,0.100,rpc,0.050
1513,carnival classic chia seeds 1 kg,fg,seeds,chia,1.000,rpc,0.050
1514,carnival classic date bites 357gm,fg,bars & cereals,bites,0.357,va,0.050
1515,carnival classic hazelnut 250 gms,fg,premium nuts,hazelnuts,0.250,rpc,0.050
1516,carnival classic indian kishmish 500 gms,fg,raisin,raisin - indian,0.500,rpc,0.050
1517,carnival classic indian raisins 250g,fg,raisin,raisin - indian,0.250,rpc,0.050
1518,carnival classic irani pistachio salted 80g,fg,pista,pista - irani,0.080,va,0.050
1519,carnival classic pumpkin seeds 100g,fg,seeds,pumpkin,0.100,rpc,0.050
1520,carnival classic sunflower seeds 100g,fg,seeds,sunflower,0.100,rpc,0.050
1521,carnival classic walnut quarter 250 gms,fg,walnut,walnut - broken,0.250,rpc,0.050
1522,carnival cocktail mix 200g,fg,trail mix,trail mix,0.020,va,0.050
1523,carnival cocktail mix 250g,fg,trail mix,trail mix,0.250,va,0.050
1524,carnival cocktail mix plain pouch 100g,fg,trail mix,trail mix,0.100,va,0.050
1525,carnival cranberry classic slice 200 g (110001359),fg,cranberry,cranberry - sliced,0.200,rpc,0.050
1526,carnival cranberry flavoured chatpata 200g,fg,cranberry,cranberry - whole,0.250,va,0.050
1527,carnival cranberry premium whole 200 g (110001358),fg,cranberry,cranberry - whole,0.200,rpc,0.050
1528,carnival cranberry sliced 250 gms,fg,cranberry,cranberry - sliced,0.250,rpc,0.050
1529,carnival cranberry whole - 100gm,fg,cranberry,cranberry - whole,0.100,rpc,0.050
1530,carnival cranberry whole 250g,fg,cranberry,cranberry - whole,0.250,rpc,0.050
1531,carnival crunchy caramel trail mix 100g,fg,trail mix,trail mix,0.100,va,0.050
1532,carnival crunchy caramel trail mix 200g,fg,trail mix,trail mix,0.200,va,0.050
1533,carnival crunchy caramel trail mix 250g,fg,trail mix,trail mix,0.250,va,0.050
1534,carnival daily mewa health mix 250g,fg,trail mix,trail mix,0.250,va,0.050
1535,carnival dates khalas seedless 350g,fg,dates,seedless,0.350,dates rpc,0.050
1536,carnival deluxe seeded black raisin 250gm,fg,raisin,raisin - black,0.250,rpc,0.050
1537,carnival dried blueberry 250g,fg,blueberry,blueberry - plain,0.250,rpc,0.050
1538,carnival dried blueberry 250g - tub,fg,blueberry,blueberry - plain,0.250,rpc,0.050
1539,carnival dried cranberry whole 100g (pp),fg,cranberry,cranberry - whole,0.100,rpc,0.050
1540,carnival dried cranberry whole 250g - tub,fg,cranberry,cranberry - whole,0.250,rpc,0.050
1541,carnival everyday cashew w450 - 1kg,fg,cashew,cashew - kernel,1.000,rpc,0.050
1542,carnival festive almonds (27-28 count) 100gm,fg,almond,almond - kernels,0.100,rpc,0.050
1543,carnival festive almonds (27-28 count) 125gm,fg,almond,almond - kernels,0.125,rpc,0.050
1544,carnival festive almonds (27-28 count) 150gm,fg,almond,almond - kernels,0.150,rpc,0.050
1545,carnival festive almonds (27-28 count) 200gm,fg,almond,almond - kernels,0.200,rpc,0.050
1546,carnival festive black raisin seedless 150gm,fg,raisin,raisin - black,0.150,rpc,0.050
1547,carnival festive california pista (21-26) 100gm,fg,pista,pista - inshell,0.100,va,0.050
1548,carnival festive california pista (21-26) 125gm,fg,pista,pista - inshell,0.125,va,0.050
1549,carnival festive california pista (21-26) 150gm,fg,pista,pista - inshell,0.150,va,0.050
1550,carnival festive california pista (21-26) 200gm,fg,pista,pista - inshell,0.200,va,0.050
1551,carnival festive california pista (21-26) 80gm,fg,pista,pista - inshell,0.080,va,0.050
1552,carnival festive cashew (320) 100gm,fg,cashew,cashew - kernel,0.100,rpc,0.050
1553,carnival festive cashew (320) 125gm,fg,cashew,cashew - kernel,0.125,rpc,0.050
1554,carnival festive cashew (320) 150gm,fg,cashew,cashew - kernel,0.150,rpc,0.050
1555,carnival festive cashew (320) 200gm,fg,cashew,cashew - kernel,0.200,rpc,0.050
1556,carnival festive cashew (320) 80gm,fg,cashew,cashew - kernel,0.080,rpc,0.050
1557,carnival festive chatpata cranberry 100gm,fg,cranberry,cranberry - sliced,0.100,va,0.050
1558,carnival festive chatpata cranberry 120g,fg,cranberry,cranberry - sliced,0.120,va,0.050
1559,carnival festive chatpata cranberry 250gm,fg,cranberry,cranberry - sliced,0.250,va,0.050
1560,carnival festive chatpata cranberry 80gm,fg,cranberry,cranberry - sliced,0.080,va,0.050
1561,carnival festive crunchy caramel trail mix 250g,fg,trail mix,trail mix,0.250,va,0.050
1562,carnival festive flavoured cashew (320) 100gm,fg,cashew,cashew - kernel,0.100,va,0.050
1563,carnival festive flavoured cashew (320) 80gm,fg,cashew,cashew - kernel,0.080,va,0.050
1564,carnival festive indian raisin 100gm,fg,raisin,raisin - indian,0.100,rpc,0.050
1565,carnival festive indian raisin 150gm,fg,raisin,raisin - indian,0.150,rpc,0.050
1566,carnival festive indian raisin 175gm,fg,raisin,raisin - indian,0.175,rpc,0.050
1567,carnival festive indian raisin 200gm,fg,raisin,raisin - indian,0.200,rpc,0.050
1568,carnival festive indian raisin 250gm,fg,raisin,raisin - indian,0.250,rpc,0.050
1569,carnival festive nuts & seeds mix 120g,fg,trail mix,trail mix,0.120,va,0.050
1570,carnival festive paan cranberry 125gm,fg,cranberry,cranberry - whole,0.125,va,0.050
1571,carnival festive paan raisin 125gm,fg,raisin,raisin - indian,0.125,va,0.050
1572,carnival festive salted almonds (27-28 count) 100gm,fg,almond,almond - kernels,0.100,va,0.050
1573,carnival festive salted almonds (27-28 count) 150gm,fg,almond,almond - kernels,0.150,va,0.050
1574,carnival festive salted almonds (27-28 count) 230gm,fg,almond,almond - kernels,0.230,va,0.050
1575,carnival festive salted almonds (27-28 count) 80gm,fg,almond,almond - kernels,0.080,va,0.050
1576,carnival festivesalted cashew (320) 100gm,fg,cashew,cashew - kernel,0.100,va,0.050
1577,carnival festive salted cashew (320) 150gm,fg,cashew,cashew - kernel,0.150,va,0.050
1578,carnival festive salted cashew (320) 230gm,fg,cashew,cashew - kernel,0.230,va,0.050
1579,carnival festive seedless black raisin 200gm,fg,raisin,raisin - black,0.200,va,0.050
1580,carnival flax seeds 100g,fg,seeds,flax,0.100,rpc,0.050
1581,carnival ganpati date mewa box 242g,fg,festive hampers,gifting,0.242,va,0.050
1582,carnival green chilli cashew 100g,fg,cashew,cashew - kernel,0.100,va,0.050
1583,carnival green chilli cashew 230g,fg,cashew,cashew - kernel,0.230,va,0.050
1584,carnival himalayan salt & pepper pistachios 200gm,fg,pista,pista - inshell,0.200,va,0.050
1585,carnival himalayan salt & pepper pistachios 25g,fg,pista,pista - inshell,0.025,va,0.050
1586,carnival honey roasted almonds 100g,fg,almond,almond - kernels,0.100,va,0.050
1587,carnival honey roasted almonds 230g,fg,almond,almond - kernels,0.230,va,0.050
1588,carnival indian green raisins 200g,fg,raisin,raisin - indian,0.200,rpc,0.050
1589,carnival indian kishmish 100g,fg,raisin,raisin - indian,0.100,rpc,0.050
1590,carnival iranian pistachio 250 gm,fg,pista,pista - irani,0.250,rpc,0.050
1591,carnival jumbo salted cashew with skin 200g,fg,cashew,cashew - kernel,0.200,va,0.050
1592,carnival kishmish almond mix 100g,fg,trail mix,trail mix,0.100,va,0.050
1593,carnival macadamia 200gm,fg,premium nuts,macadamia nuts,0.200,rpc,0.050
1594,carnival madhur mahotsav df box 4p 400g,fg,festive hampers,gifting,0.400,va,0.050
1595,carnival magic moments 4p 600gm,fg,festive hampers,gifting,0.600,va,0.050
1596,carnival makhana plain 250g,fg,makhana,makhana - suta,0.250,rpc,0.050
1597,carnival mangalmay utsav df box 6p 600g,fg,festive hampers,gifting,0.600,va,0.050
1598,carnival mayur ratna big 520g,fg,festive hampers,gifting,0.520,va,0.050
1599,carnival mayur ratna big 520gm,fg,festive hampers,gifting,0.520,va,0.050
1600,carnival mayur ratna small 360g,fg,festive hampers,gifting,0.360,va,0.050
1601,carnival mayur ratna small 360gm,fg,festive hampers,gifting,0.360,va,0.050
1602,carnival mocha mojo trail mix 100g,fg,trail mix,trail mix,0.100,va,0.050
1603,carnival mocha mojo trail mix 200g,fg,trail mix,trail mix,0.200,va,0.050
1604,carnival mocha mojo trail mix 250g,fg,trail mix,trail mix,0.250,va,0.050
1605,carnival nuts & seed mix 100gm,fg,trail mix,trail mix,0.100,va,0.050
1606,carnival oman dates 250g,fg,dates,oman,0.250,dates rpc,0.050
1607,carnival pan raisin 125g,fg,raisin,raisin - indian,0.125,va,0.050
1608,carnival pepper cashew 100g,fg,cashew,cashew - kernel,0.100,va,0.050
1609,carnival pepper cashew 125gm,fg,cashew,cashew - kernel,0.125,va,0.050
1610,carnival pepper cashew 200g,fg,cashew,cashew - kernel,0.200,va,0.050
1611,carnival pepper pistachios 200g,fg,pista,pista - inshell,0.200,va,0.050
1612,carnival peri peri cashew 100 gms,fg,cashew,cashew - kernel,0.100,va,0.050
1613,carnival peri peri cashew 150gm,fg,cashew,cashew - kernel,0.150,va,0.050
1614,carnival peri peri cashew 200gm,fg,cashew,cashew - kernel,0.200,va,0.050
1615,carnival peri peri makhana 125g,fg,makhana,makhana - suta,0.125,va,0.050
1616,carnival peri peri makhana 55g,fg,makhana,makhana - suta,0.055,va,0.050
1617,carnival peri peri walnut 150g,fg,walnut,walnut - kernel,0.150,va,0.050
1618,carnival perminum kharik dry dates,rm,dates,dry dates,1.000,dates bulk,0.050
1619,carnival pine nut 100 gms,fg,premium nuts,pine nuts,0.100,rpc,0.050
1620,carnival pitted prunes 250g,fg,prunes,prunes - pitted,0.250,rpc,0.050
1621,carnival popcorn makhana 125g,fg,makhana,makhana - suta,0.125,va,0.050
1622,carnival popcorn makhana 55gm,fg,makhana,makhana - suta,0.055,va,0.050
1623,carnival premium abjosh 100gm,fg,raisin,raisin - abjosh,0.100,rpc,0.050
1624,"carnival premium brazil nuts, 250 gms",fg,premium nuts,brazil nuts,0.250,rpc,0.050
1625,carnival premium cocktail mix 100g,fg,trail mix,trail mix,0.100,va,0.050
1626,carnival premium cocktail mix 250 gms,fg,trail mix,trail mix,0.250,va,0.050
1627,carnival premium kesar 0.5 gms,fg,spices,whole spices,0.001,rpc,0.050
1628,carnival premium macadamia nut 250 gms,fg,premium nuts,macadamia nuts,0.250,rpc,0.050
1629,carnival premium pecan nuts 200g mono carton,fg,premium nuts,pecan nuts,0.200,rpc,0.050
1630,carnival premium pecan nuts 250 gms,fg,premium nuts,pecan nuts,0.250,rpc,0.050
1631,carnival premium walnut kernels 250 gms,fg,walnut,walnut - kernel,0.250,rpc,0.050
1632,carnival pudina almonds 125g,fg,almond,almond - kernels,0.125,va,0.050
1633,carnival pudina makhana 125 gm,fg,makhana,makhana - suta,0.125,va,0.050
1634,carnival raisin black seeded 250gm,fg,raisin,raisin - black,0.250,rpc,0.050
1635,carnival raisin idnian green/golden round 1kg,fg,raisin,raisin - indian,1.000,rpc,0.050
1636,carnival raisins black chatpata 200g,fg,raisin,raisin - black,0.200,va,0.050
1637,carnival ramayana df box 6p 600gm,fg,festive hampers,gifting,0.600,va,0.050
1638,carnival rasleela df box 4p 400g,fg,festive hampers,gifting,0.400,va,0.050
1639,carnival roasted and salted irani pista 250g,fg,pista,pista - irani,0.250,va,0.050
1640,carnival roasted macadamia nuts 100g,fg,premium nuts,macadamia nuts,0.100,rpc,0.050
1641,carnival roasted macadamia nuts 250g,fg,premium nuts,macadamia nuts,0.250,rpc,0.050
1642,carnival roasted & salted almonds 100g,fg,almond,almond - kernels,0.100,va,0.050
1643,carnival roasted & salted almonds 230g,fg,almond,almond - kernels,0.230,va,0.050
1644,carnival roasted & salted almonds 250g,fg,almond,almond - kernels,0.250,va,0.050
1645,carnival roasted & salted cashew 100g,fg,cashew,cashew - kernel,0.100,va,0.050
1646,carnival roasted & salted cashew 230g,fg,cashew,cashew - kernel,0.230,va,0.050
1647,carnival roasted & salted pistachio 100g,fg,pista,pista - inshell,0.100,va,0.050
1648,carnival roasted & salted pistachio 200g,fg,pista,pista - inshell,0.200,va,0.050
1649,carnival roasted & salted pistachio 250g,fg,pista,pista - inshell,0.250,va,0.050
1650,carnival royal divine 550g,fg,festive hampers,gifting,0.550,va,0.050
1651,carnival salted caramel pecannuts 80g,fg,premium nuts,pecan nuts,0.080,va,0.050
1652,carnival salt & pepper walnut 150g,fg,walnut,walnut - kernel,0.150,va,0.050
1653,carnival seedless black raisin 250 gm,fg,raisin,raisin - black,0.250,rpc,0.050
1654,carnival seedless oman dates 250g,fg,dates,seedless,0.250,dates rpc,0.050
1655,carnival shubhakamnayein 3p 300g,fg,festive hampers,gifting,0.300,va,0.050
1656,carnival simply thandai 100g,fg,trail mix,trail mix,0.100,va,0.050
1657,carnival simply thandai mix 200gm,fg,trail mix,trail mix,0.200,va,0.050
1658,carnival smoked almonds 100gm,fg,almond,almond - kernels,0.100,va,0.050
1659,carnival smoked almonds 200g,fg,almond,almond - kernels,0.200,va,0.050
1660,carnival spanish tomato cashew 100g,fg,cashew,cashew - kernel,0.100,va,0.050
1661,carnival standard kharik dates,rm,dates,dry dates,1.000,dates bulk,0.050
1662,carnival utsav 700g,fg,festive hampers,gifting,0.700,va,0.050
1663,carnival walnut kernal 2pc 200gm,fg,walnut,walnut - kernel,0.200,rpc,0.050
1664,carnival wasabi makhana 55g,fg,makhana,makhana - suta,0.055,va,0.050
1665,cashew 100g (b07gqzss49) fba,fg,cashew,cashew - kernel,0.100,rpc,0.050
1666,cashew 150,rm,cashew,cashew - kernel,1.000,bulk,0.050
1667,cashew 180,rm,cashew,cashew - kernel,1.000,bulk,0.050
1668,cashew 210,rm,cashew,cashew - kernel,1.000,bulk,0.050
1669,cashew 230gm,fg,cashew,cashew - kernel,0.230,rpc,0.050
1670,cashew 240,rm,cashew,cashew - kernel,1.000,bulk,0.050
1671,cashew 240 230g,fg,cashew,cashew - kernel,0.230,rpc,0.050
1672,cashew 280,rm,cashew,cashew - kernel,1.000,bulk,0.050
1673,cashew 300,rm,cashew,cashew - kernel,1.000,bulk,0.050
1674,cashew 320,rm,cashew,cashew - kernel,1.000,bulk,0.050
1675,cashew 400,rm,cashew,cashew - kernel,1.000,bulk,0.050
1676,cashew 450,rm,cashew,cashew - kernel,1.000,bulk,0.050
1677,cashew 500g (b07gqw1hhn),fg,cashew,cashew - kernel,0.500,rpc,0.050
1678,cashew flavoured rosemary loose,fg,cashew,cashew - kernel,1.000,va,0.050
1679,cashew jumbo with skin,rm,cashew,cashew - kernel,1.000,bulk,0.050
1680,cashew jumbo with skin roasted and salted,fg,cashew,cashew - kernel,1.000,va,0.050
1681,cashew kani,rm,cashew,cashew - broken,1.000,bulk,0.050
1682,cashew kernel,rm,cashew,cashew - kernel,1.000,bulk,0.050
1683,cashew masala,fg,cashew,cashew - kernel,1.000,va,0.050
1684,cashew pink salt,fg,cashew,cashew - kernel,1.000,va,0.050
1685,cashew powder,rm,cashew,cashew - broken,1.000,bulk,0.050
1686,cashew roasted,fg,cashew,cashew - kernel,1.000,bulk,0.050
1687,cashew rstd sal w320 250g,fg,cashew,cashew - kernel,0.250,va,0.050
1688,cashew split,rm,cashew,cashew - broken,1.000,bulk,0.050
1689,cashew tukda,rm,cashew,cashew - broken,1.000,bulk,0.050
1690,cashew wasabi,fg,cashew,cashew - kernel,1.000,va,0.050
1691,ca walnut chile (vacuum packing)250gm /p,fg,walnut,walnut - kernel,0.250,rpc,0.050
1692,cayenne pepper powder,rm,seasoning,seasoning,1.000,bulk,0.050
1693,ccd energy bar with jaggery,fg,bars & cereals,energy bars,0.030,va,0.050
1694,ccd energy bar with jaggery semi finished,fg,bars & cereals,energy bars,1.000,va,0.050
1695,celebrating moments 300gm,fg,festive hampers,gifting,0.300,va,0.050
1696,celebration exclusive 4p 800g customized,fg,festive hampers,gifting,0.800,va,0.050
1697,celebrations 550gm,fg,festive hampers,gifting,0.550,va,0.050
1698,celebration sleek box 200g,fg,festive hampers,gifting,0.200,va,0.050
1699,celebration sleek box hamper 01,fg,festive hampers,gifting,0.300,va,0.050
1700,celebration sleek box hamper 02,fg,festive hampers,gifting,0.380,va,0.050
1701,chat almonds,fg,almond,almond - kernels,1.000,va,0.050
1702,chat masala,rm,seasoning,seasoning,1.000,bulk,0.050
1703,chat masala mdh,rm,seasoning,seasoning,1.000,bulk,0.050
1704,chatpata black raisin,fg,raisin,raisin - black,1.000,va,0.050
1705,chatpata cranberry,fg,cranberry,cranberry - whole,1.000,va,0.050
1706,chatpata cranberry 75gm,fg,cranberry,cranberry - whole,0.075,va,0.050
1707,chatpata prunes,fg,prunes,prunes - pitted,1.000,va,0.050
1708,chatpata seasoning,rm,seasoning,seasoning,1.000,bulk,0.050
1709,chatpata snack mix,fg,trail mix,trail mix,1.000,va,0.050
1710,cheddar cheese seasoning,rm,miscellaneous - rm,other misc,1.000,bulk,0.050
1711,cheeky cheese trail mix 250gm,fg,trail mix,trail mix,0.250,va,0.050
1712,cheese cashew,fg,cashew,cashew - kernel,1.000,va,0.050
1713,cheese makhana,fg,makhana,makhana - suta,1.000,va,0.050
1714,cheese seasoning,rm,seasoning,seasoning,1.000,bulk,0.050
1715,cheese seasoning - tpl,rm,tajir,tajir - other,1.000,bulk,0.050
1716,cheese tomato flavoured coated peanuts,fg,peanuts,peanut - coated,1.000,va,0.050
1717,cheese tomato flavoured coated peanuts 35gm,fg,peanuts,peanut - coated,0.035,va,0.050
1718,cheesy tomato seasoning 2 (pr01895/001),rm,seasoning,seasoning,1.000,bulk,0.050
1719,chia seeds 100g (b07gqzcp91),fg,seeds,chia,0.100,rpc,0.050
1720,chia seeds 200g (b07gqqlzpd),fg,seeds,chia,0.200,rpc,0.050
1721,chia seeds 500g (b07gqzsjfh),fg,seeds,chia,0.500,rpc,0.050
1722,chilean walnut inshell,rm,walnut,walnut - inshell,1.000,bulk,0.050
1723,chilean  walnut kernel 2pc 230g,fg,walnut,walnut - kernel,0.230,rpc,0.050
1724,chilean walnut kernel 2 pcs,rm,walnut,walnut - kernel,1.000,bulk,0.050
1725,chilean walnut kernel kani,rm,walnut,walnut - broken,1.000,bulk,0.050
1726,chilean walnut kernel quarter,rm,walnut,walnut - broken,1.000,bulk,0.050
1727,chilean walnut kernel quarter bbq,fg,walnut,walnut - broken,1.000,va,0.050
1728,chilean walnut kernel quarter caramel,fg,walnut,walnut - broken,1.000,va,0.050
1729,chilean walnut kernel quarter lemon pepper,fg,walnut,walnut - broken,1.000,va,0.050
1730,chilean walnut kernel quarter pepper,fg,walnut,walnut - broken,1.000,va,0.050
1731,chilean walnut kernel quarter peri peri,fg,walnut,walnut - broken,1.000,va,0.050
1732,chilli almonds bulk,fg,almond,almond - kernels,1.000,va,0.050
1733,chilli garlic cashew bulk,fg,cashew,cashew - kernel,1.000,va,0.050
1734,chilli garlic masala seasoning,rm,seasoning,seasoning,1.000,bulk,0.050
1735,chilli powder,rm,seasoning,seasoning,1.000,bulk,0.050
1736,chilli seasoning,rm,seasoning,seasoning,1.000,bulk,0.050
1737,chilly garlic coated peanuts 60gm,fg,peanuts,peanut - coated,0.060,va,0.050
1738,chipotle honey coated peanuts 200g,fg,peanuts,peanut - coated,0.200,va,0.050
1739,chipotle honey coated peanuts 70gm,fg,peanuts,peanut - coated,0.070,va,0.050
1740,chipotle honey seasoning,rm,seasoning,seasoning,1.000,bulk,0.050
1741,"chironji , charoli",rm,miscellaneous - rm,other misc,1.000,bulk,0.050
1742,choco chips,rm,seasoning,seasoning,1.000,bulk,0.050
1743,choco crunch energy bar 38gm,fg,bars & cereals,energy bars,0.038,va,0.050
1744,chocolate coated almond dragees 50gm,fg,trail mix,trail mix,0.050,va,0.050
1745,chocolate coated blueberries dragees 50gm,fg,trail mix,trail mix,0.050,va,0.050
1746,chocolate dipped pecan nut loose,fg,premium nuts,pecan nuts,1.000,va,0.050
1747,chocolate modak 110g,fg,trail mix,trail mix,0.110,va,0.050
1748,cinnamon glazed almond,fg,almond,almond - kernels,1.000,va,0.050
1749,cinnamon glazed pecan,fg,premium nuts,pecan nuts,1.000,va,0.050
1750,cinnamon quills,rm,spices,whole spices,1.000,bulk,0.050
1751,classic flavour date mewa 18gm,fg,bars & cereals,bites,0.018,va,0.050
1752,coated peanut base,fg,peanuts,peanut - coated,1.000,va,0.050
1753,coated peanuts,fg,peanuts,peanut - coated,1.000,va,0.050
1754,coated peanuts - magic masala 1kg,fg,peanuts,peanut - coated,1.000,va,0.050
1755,coated peanuts tandoori toofan bulk,fg,peanuts,peanut - coated,1.000,va,0.050
1756,coated peanuts thai flavour bulk,fg,peanuts,peanut - coated,1.000,va,0.050
1757,coating mix,rm,miscellaneous - rm,other misc,1.000,bulk,0.050
1758,cocktail mix,fg,trail mix,trail mix,1.000,va,0.050
1759,cocktail mix 230g,fg,trail mix,trail mix,0.230,va,0.050
1760,cocoa glazed almonds,fg,almond,almond - kernels,1.000,va,0.050
1761,cocoa glazed hazelnuts,fg,premium nuts,hazelnuts,1.000,va,0.050
1762,cocoa peanut date balls 48 gms,fg,trail mix,trail mix,0.048,va,0.050
1763,cococart almond & orange dark choco date bar 50gm,fg,bars & cereals,energy bars,0.050,va,0.050
1764,cococart barbeque trail mix 60gm,fg,trail mix,trail mix,0.060,va,0.050
1765,cococart black pepper trail mix 60gm,fg,trail mix,trail mix,0.060,va,0.050
1766,cococart cheese makhana 100gm,fg,makhana,makhana - suta,0.100,va,0.050
1767,cococart fruit & nut date bar 50gm,fg,bars & cereals,energy bars,0.050,va,0.050
1768,cococart himalayan pink salt makhana 100gm,fg,makhana,makhana - suta,0.100,va,0.050
1769,cococart himalayan salt trail mix 75gm,fg,trail mix,trail mix,0.075,va,0.050
1770,cococart lime chilli makhana 100gm,fg,makhana,makhana - suta,0.100,va,0.050
1771,cococart peri peri trail mix 60gm,fg,trail mix,trail mix,0.060,va,0.050
1772,cococart pudina salt makhana 100gm,fg,makhana,makhana - suta,0.100,va,0.050
1773,cococart raspberry almond dark choco date bar 50gm,fg,bars & cereals,energy bars,0.050,va,0.050
1774,coconut laddubar mini 9g,fg,bars & cereals,energy bars,0.009,va,0.050
1775,coconut laddubar (semi finished),fg,bars & cereals,bites,1.000,va,0.050
1776,coconut powder,rm,miscellaneous - rm,other misc,1.000,bulk,0.050
1777,coffe date bites (semi),fg,bars & cereals,bites,1.000,va,0.050
1778,coffee beans,rm,seasoning,seasoning,1.000,bulk,0.050
1779,coffee crush 1 kg,fg,miscellaneous - rm,other misc,1.000,bulk,0.050
1780,coffee laddoo 18gm,fg,bars & cereals,bites,0.018,va,0.050
1781,coffee laddoo semi finished,fg,bars & cereals,bites,1.000,va,0.050
1782,coriander / dhaniya / cilantro seeds,rm,seasoning,seasoning,1.000,bulk,0.050
1783,corn flakes,rm,miscellaneous - rm,flakes,1.000,bulk,0.050
1784,cranberry date balls 48 gms,fg,trail mix,trail mix,0.048,va,0.050
1785,cranberry slice,rm,cranberry,cranberry - sliced,1.000,bulk,0.050
1786,cranberry slice apple infused,rm,cranberry,cranberry - sliced,1.000,bulk,0.050
1787,cranberry whole 230g,fg,cranberry,cranberry - whole,0.230,rpc,0.050
1788,crunchy caramel trail mix,fg,trail mix,trail mix,1.000,va,0.050
1789,crunchy caramel trail mix 230g,fg,trail mix,trail mix,0.230,va,0.050
1790,crystal ginger,rm,dehydrated fruits,df - ginger,1.000,bulk,0.050
1791,ctc tea,rm,miscellaneous - rm,other misc,1.000,bulk,0.050
1792,curate anjeer 200g,fg,anjeer,dried figs,0.200,rpc,0.050
1793,curate anjeer 250g jr,fg,anjeer,dried figs,0.250,rpc,0.050
1794,curate apricot ( jaradalu ) 550g jr,fg,apricot,apricot - afghan,0.550,rpc,0.050
1795,curate apricot ( jardalu ) 250g jr,fg,apricot,apricot - afghan,0.250,rpc,0.050
1796,curate blueberries 200g,fg,blueberry,blueberry - plain,0.200,rpc,0.050
1797,curate cashew 550g jr,fg,cashew,cashew - kernel,0.550,rpc,0.050
1798,curate cashews 200g,fg,cashew,cashew - kernel,0.200,rpc,0.050
1799,curate cashews 250g jr,fg,cashew,cashew - kernel,0.250,rpc,0.050
1800,curate cashews 500g,fg,cashew,cashew - kernel,0.500,rpc,0.050
1801,curate date bites asrtd ro/ca ind 420g,fg,bars & cereals,bites,0.420,va,0.050
1802,curate date bites coffee ind 210g,fg,bars & cereals,bites,0.210,va,0.050
1803,curate date bites ind 210g,fg,bars & cereals,bites,0.210,va,0.050
1804,curate date bites rose ind 210g,fg,bars & cereals,bites,0.210,va,0.050
1805,curate date bites rose ind 360g,fg,bars & cereals,bites,0.360,va,0.050
1806,curate date bites rose (semi)- not use,fg,bars & cereals,bites,1.000,va,0.050
1807,curate dried bluebrries 300g jr,fg,blueberry,blueberry - plain,0.300,rpc,0.050
1808,curate macadamia nuts 250g jr,fg,premium nuts,macadamia nuts,0.250,rpc,0.050
1809,curate macademia nuts 200g,fg,premium nuts,macadamia nuts,0.200,rpc,0.050
1810,curate mamra almond 500g,fg,almond,almond - mamra,0.500,rpc,0.050
1811,curate mamra almonds 200g,fg,almond,almond - mamra,0.200,rpc,0.050
1812,curate mamra almonds 250g jr,fg,almond,almond - mamra,0.250,rpc,0.050
1813,curate mamra almonds 600g jr,fg,almond,almond - mamra,0.600,rpc,0.050
1814,curate oriental dates 500gm,fg,dates,deri,0.500,dates rpc,0.050
1815,curate pista akbari 250g jr,fg,pista,pista - akbari,0.250,rpc,0.050
1816,curate pista akbari 550g jr,fg,pista,pista - akbari,0.550,rpc,0.050
1817,curate pista peshawari 300g jr,fg,pista,pista - inshell,0.300,rpc,0.050
1818,curate pista pishori 200g,fg,pista,pista - pishori,0.200,rpc,0.050
1819,curate pitted prunes 300g jr,fg,prunes,prunes - pitted,0.300,rpc,0.050
1820,curate prunes 200g,fg,prunes,prunes - pitted,0.200,rpc,0.050
1821,curate roasted hazelnuts 200g,fg,premium nuts,hazelnuts,0.200,rpc,0.050
1822,curate roasted hazelnuts 250g jr,fg,premium nuts,hazelnuts,0.250,rpc,0.050
1823,curate roasted hazelnuts 550g jr,fg,premium nuts,hazelnuts,0.550,rpc,0.050
1824,curate sandhukhani kismis 300g jr,fg,raisin,raisin - shandukhani,0.300,rpc,0.050
1825,curate sandhukhani kismis 600g jr,fg,raisin,raisin - shandukhani,0.600,rpc,0.050
1826,curate whole cranberries 200g,fg,cranberry,cranberry - whole,0.200,rpc,0.050
1827,curate whole cranberries 300g jr,fg,cranberry,cranberry - whole,0.300,rpc,0.050
1828,curate whole cranberries 300gm,fg,cranberry,cranberry - whole,0.300,rpc,0.050
1829,daily mewa healthy mix,fg,trail mix,trail mix,1.000,va,0.050
1830,dalchini (cinnamon) powder,rm,seasoning,seasoning,1.000,bulk,0.050
1831,dark almond draggies,fg,almond,almond - kernels,1.000,va,0.050
1832,dark chocolate coated almond stuffed khalas single,fg,trail mix,trail mix,0.011,va,0.050
1833,dark chocolate coated cashew stuffed khalas single,fg,trail mix,trail mix,0.011,va,0.050
1834,dark chocolate coated deri date with almond single,fg,trail mix,trail mix,0.015,va,0.050
1835,dark chocolate coated fard date with almond single,fg,trail mix,trail mix,0.013,va,0.050
1836,dark chocolate coated macadamia 110g,fg,bars & cereals,chocolate,0.110,va,0.050
1837,dark chocolate coated safavi stuffed dates pc,fg,trail mix,trail mix,0.010,va,0.050
1838,dark chocolate couverture 811,rm,miscellaneous - rm,chocolate,1.000,bulk,0.050
1839,dark chocolate macadamia clusters 100gm,fg,premium nuts,macadamia nuts,0.100,va,0.050
1840,dark compound chips,rm,miscellaneous - rm,other misc,1.000,bulk,0.050
1841,dark compound chocolate,rm,miscellaneous - rm,chocolate,1.000,bulk,0.050
1842,date balls coated coconut (22g x 3),fg,trail mix,chocolate,0.066,va,0.050
1843,date balls coated dark (22g x 3),fg,trail mix,chocolate,0.066,va,0.050
1844,date balls coated milk (22g x 3),fg,trail mix,chocolate,0.066,va,0.050
1845,date balls coated white (22g x 3),fg,trail mix,chocolate,0.066,va,0.050
1846,date bite bulk,fg,trail mix,bites,1.000,va,0.050
1847,date bites 9gm,fg,trail mix,bites,0.009,va,0.050
1848,date bites semi finished,fg,bars & cereals,bites,1.000,va,0.050
1849,date mewa bon bon laddu (18g x 3),fg,trail mix,trail mix,0.054,va,0.050
1850,date mewa festive gifting & feast parcel 500gm,fg,festive hampers,gifting,0.500,va,0.050
1851,date mewa ladu 18gm,fg,trail mix,trail mix,0.018,va,0.050
1852,dates ajwa loose,rm,dates,ajwa,1.000,dates bulk,0.050
1853,dates ameri loose,rm,dates,amary,1.000,dates bulk,0.050
1854,dates delight khajur pak 375gm,fg,trail mix,trail mix,0.375,va,0.050
1855,dates fard loose,fg,dates,fard,1.000,dates bulk,0.050
1856,dates imported 500 gm,fg,dates,kimia,0.500,dates rpc,0.050
1857,dates mazafati loose,rm,dates,kimia,1.000,dates bulk,0.050
1858,dates medjool jumbo loose,rm,dates,medjoul-jumbo,1.000,dates bulk,0.050
1859,dates medjool large loose,rm,dates,medjoul-large,1.000,dates bulk,0.050
1860,dates medjool super jumbo loose,rm,dates,medjoul-super jumbo,1.000,dates bulk,0.050
1861,dates medjoul junior loose,fg,dates,medjoul-junior,1.000,dates bulk,0.050
1862,dates mewa assorted 210gm,fg,trail mix,trail mix,0.210,va,0.050
1863,dates mewa classic 210gm,fg,trail mix,trail mix,0.210,va,0.050
1864,dates mewa classic (semi),fg,bars & cereals,bites,1.000,va,0.050
1865,dates oriental loose,rm,dates,deri,1.000,dates bulk,0.050
1866,dates safavi loose,rm,dates,safavi,1.000,dates bulk,0.050
1867,dates sayer loose,fg,dates,sayer,1.000,dates bulk,0.050
1868,dates seeds,rm,dates,seeds,1.000,dates bulk,0.050
1869,dates zahidi loose,rm,dates,zahidi,1.000,dates bulk,0.050
1870,dcc almonds,fg,almond,almond - kernels,1.000,bulk,0.050
1871,deglet.908 gm,rm,dates,deglet,0.908,dates bulk,0.050
1872,deglet dates,rm,dates,deglet,1.000,dates bulk,0.050
1873,deglet nour branches 5kg,rm,dates,deglet,1.000,dates bulk,0.050
1874,dehydrated aloe vera chunk,rm,dehydrated fruits,df - other,1.000,bulk,0.050
1875,dehydrated baby orange,rm,dehydrated fruits,df - orange,1.000,bulk,0.050
1876,dehydrated chikoo fruit,rm,dehydrated fruits,df - other,1.000,bulk,0.050
1877,dehydrated ginger,rm,dehydrated fruits,df - ginger,1.000,bulk,0.050
1878,dehydrated guava sliced,rm,dehydrated fruits,df - guava,1.000,bulk,0.050
1879,dehydrated jamun fruit,rm,dehydrated fruits,df - other,1.000,bulk,0.050
1880,dehydrated lemon (candied),rm,dehydrated fruits,df - orange,1.000,bulk,0.050
1881,dehydrated mango,rm,dehydrated fruits,df - mango,1.000,bulk,0.050
1882,dehydrated mango fruit,rm,dehydrated fruits,df - mango,1.000,bulk,0.050
1883,dehydrated mango papad (aam papad),rm,dehydrated fruits,df - mango,1.000,bulk,0.050
1884,dehydrated mango slice,rm,dehydrated fruits,df - mango,1.000,bulk,0.050
1885,dehydrated mixed fruits,rm,dehydrated fruits,df - mix,1.000,bulk,0.050
1886,dehydrated papaya chunk,rm,dehydrated fruits,df - papaya,1.000,bulk,0.050
1887,dehydrated peach green,rm,dehydrated fruits,df - peach,1.000,bulk,0.050
1888,dehydrated peach red,rm,dehydrated fruits,df - peach,1.000,bulk,0.050
1889,dehydrated peach yellow,rm,dehydrated fruits,df - peach,1.000,bulk,0.050
1890,dehydrated pineapple coin,rm,dehydrated fruits,df - pineapple,1.000,bulk,0.050
1891,dehydrated pineapple ring,rm,dehydrated fruits,df - pineapple,1.000,bulk,0.050
1892,dehydrated strawberry fruit,rm,dehydrated fruits,df - berries,1.000,bulk,0.050
1893,delkash dates 500 gms (110002704),fg,dates,maryam,0.500,dates rpc,0.050
1894,delmonte cranberries 130gm,fg,cranberry,cranberry - whole,0.130,rpc,0.050
1895,delmonte prunes 130g,fg,prunes,prunes - pitted,0.130,rpc,0.050
1896,delmonte prunes 130g [1 case x 40 unit],fg,prunes,prunes - pitted,5.200,rpc,0.050
1897,delmonte prunes 340g,fg,prunes,prunes - pitted,0.340,rpc,0.050
1898,delmonte prunes 340g [1 case x 20 unit],fg,prunes,prunes - pitted,6.800,rpc,0.050
1899,delmonte royal arabian dates 200g,fg,dates,khalas,0.200,dates rpc,0.050
1900,delmonte royal arabian dates 200g [1 case x 36 unit] non-promo,fg,dates,khalas,7.200,dates rpc,0.050
1901,delmonte royal arabian dates 200g [1 case x 36 unit] promo,fg,dates,khalas,7.200,dates rpc,0.050
1902,delmonte royal arabian dates 500g,fg,dates,khalas,0.500,dates rpc,0.050
1903,delmonte royal arabian dates 500g [1 case x 24 unit] non-promo,fg,dates,khalas,12.000,dates rpc,0.050
1904,delmonte royal arabian dates 500g [1 case x 24 unit] promo,fg,dates,khalas,12.000,dates rpc,0.050
1905,delmonte royal fard dates 200gm,fg,dates,fard,0.200,dates rpc,0.050
1906,delmonte royal fard dates 200gm [1 case x 36 unit] non-promo,fg,dates,fard,7.200,dates rpc,0.050
1907,delmonte royal fard dates 200gm [1 case x 36 unit] promo,fg,dates,fard,7.200,dates rpc,0.050
1908,delmonte royal fard dates 450gm [1case x 24pack]npr,fg,dates,fard,10.800,dates rpc,0.050
1909,delmonte royal fard dates 450gm [1case x 24pack] pr,fg,dates,fard,10.800,dates rpc,0.050
1910,delmonte royal fard dates 500gm,fg,dates,fard,0.500,dates rpc,0.050
1911,delmonte royal fard dates 500gm [1 case x 24 unit] non-promo,fg,dates,fard,12.000,dates rpc,0.050
1912,delmonte royal fard dates 500gm [1 case x 24 unit] promo,fg,dates,fard,12.000,dates rpc,0.050
1913,deri dates,rm,dates,deri,1.000,dates bulk,0.050
1914,deri dates 250g (1359841),fg,dates,deri,0.250,dates rpc,0.050
1915,deri grade b,rm,dates,deri,1.000,dates bulk,0.050
1916,desi ghee,rm,miscellaneous - rm,other misc,1.000,bulk,0.050
1917,desi masala seasoning,rm,seasoning,seasoning,1.000,bulk,0.050
1918,dessert coconut chips,rm,miscellaneous - rm,other misc,1.000,bulk,0.050
1919,diced almond,rm,almond,almond - broken,1.000,bulk,0.050
1920,dill seed - suva,rm,miscellaneous - rm,other misc,1.000,bulk,0.050
1921,dragees dark cranberry,fg,trail mix,trail mix,1.000,va,0.050
1922,dragees milk cranberry,fg,trail mix,trail mix,1.000,va,0.050
1923,dragees white cranberry,fg,trail mix,trail mix,1.000,va,0.050
1924,drangees dark almond,fg,almond,almond - kernels,1.000,va,0.050
1925,dr batra#s hair health protein bar 35gm,fg,bars & cereals,energy bars,0.035,va,0.050
1926,dr batra hair health protein bar (semi finished),fg,bars & cereals,energy bars,1.000,va,0.050
1927,dried anjeer 200gm,fg,anjeer,dried figs,0.200,rpc,0.050
1928,dried apple,rm,dehydrated fruits,df - other,1.000,bulk,0.050
1929,dried blackberry,rm,blackberry,dried blackberry,1.000,bulk,0.050
1930,dried black currant,rm,blackcurrant,dried blackcurrant,1.000,bulk,0.050
1931,dried blueberry,rm,blueberry,blueberry - plain,1.000,bulk,0.050
1932,dried blueberry 100gm,fg,blueberry,blueberry - plain,0.100,rpc,0.050
1933,dried blueberry apple infused,rm,blueberry,blueberry - apple infused,1.000,bulk,0.050
1934,dried cherry (red),rm,dehydrated fruits,df - berries,1.000,bulk,0.050
1935,dried coconut - copra,rm,miscellaneous - rm,other misc,1.000,bulk,0.050
1936,dried coconut flakes [khaman srifal],rm,miscellaneous - rm,flakes,1.000,bulk,0.050
1937,dried cranberry 100gm,fg,cranberry,cranberry - whole,0.100,rpc,0.050
1938,dried cranberry sliced,rm,cranberry,cranberry - sliced,1.000,bulk,0.050
1939,dried cranberry whole,rm,cranberry,cranberry - whole,1.000,bulk,0.050
1940,dried ginger cubes,rm,dehydrated fruits,df - ginger,1.000,bulk,0.050
1941,dried ginger powder - saunth powder,rm,dehydrated fruits,df - ginger,1.000,bulk,0.050
1942,dried goji berry,rm,dehydrated fruits,df - berries,1.000,bulk,0.050
1943,dried kiwi,rm,dehydrated fruits,df - kiwi,1.000,bulk,0.050
1944,dried mango,rm,dehydrated fruits,df - mango,1.000,bulk,0.050
1945,dried mango loose,rm,dehydrated fruits,df - mango,1.000,bulk,0.050
1946,dried mango powder - amchur,rm,seasoning,seasoning,1.000,bulk,0.050
1947,dried masala kiwi,fg,dehydrated fruits,df - kiwi,1.000,va,0.050
1948,dried masala mango,fg,dehydrated fruits,df - mango,1.000,va,0.050
1949,dried masala pineapple,fg,dehydrated fruits,df - pineapple,1.000,va,0.050
1950,dried meduri cranberry whole,rm,cranberry,cranberry - whole,1.000,bulk,0.050
1951,dried orange peel,rm,dehydrated fruits,df - orange,1.000,bulk,0.050
1952,dried peach,rm,dehydrated fruits,df - peach,1.000,bulk,0.050
1953,dried pineapple,rm,dehydrated fruits,df - pineapple,1.000,bulk,0.050
1954,dried pomelo,rm,dehydrated fruits,df - berries,1.000,bulk,0.050
1955,dried prunes (pitted),rm,prunes,prunes - pitted,1.000,bulk,0.050
1956,dried raspberry,rm,dehydrated fruits,df - berries,1.000,rpc,0.050
1957,dried rosemary,rm,seasoning,seasoning,1.000,bulk,0.050
1958,dried strawberry,rm,dehydrated fruits,df - berries,1.000,bulk,0.050
1959,dry dates-grade 2,rm,dates,dry dates,1.000,dates bulk,0.050
1960,dry fruit hamper,fg,festive hampers,gifting,0.930,va,0.050
1961,dryfruit instant energy laddu bar 35gm,fg,bars & cereals,energy bars,0.035,va,0.050
1962,dryfruit instant energy laddubar bites 9gm,fg,bars & cereals,bites,0.009,va,0.050
1963,dryfruit instant energy laddubar master carton (pack of 5 - 54 units),fg,bars & cereals,energy bars,9.450,va,0.050
1964,dryfruit instant energy laddubar mini pack of 2 master carton (17 gms) - 300 units,fg,bars & cereals,energy bars,5.100,va,0.050
1965,dryfruit instant energy laddubar pack of 5,fg,bars & cereals,energy bars,0.175,va,0.050
1966,dryfruit instant energy laddubar (semi finished),fg,bars & cereals,energy bars,1.000,va,0.050
1967,edamame beans,rm,seeds,edamame,1.000,bulk,0.050
1968,egyptian wet dates 10kg,rm,dates,egyptian,1.000,dates bulk,0.050
1969,energy bar - choco crunch 30gm,fg,bars & cereals,energy bars,0.030,va,0.050
1970,energy bar - choco crunch (semi finished),fg,bars & cereals,energy bars,1.000,va,0.050
1971,energy bar - fig & dates 30gm,fg,bars & cereals,energy bars,0.030,va,0.050
1972,energy bar- fig & dates (semi finished),fg,bars & cereals,energy bars,1.000,va,0.050
1973,energy bar - hazelnut magic 30gm,fg,bars & cereals,energy bars,0.030,va,0.050
1974,energy bar- hazelnut magic (semi finished),fg,bars & cereals,energy bars,1.000,va,0.050
1975,energy bar - oats & apricot 30gm,fg,bars & cereals,energy bars,0.030,va,0.050
1976,energy bar- oats & apricot (semi finished),fg,bars & cereals,energy bars,1.000,va,0.050
1977,energy bars oats and dates (pack of 6) 210gm,fg,bars & cereals,energy bars,0.210,va,0.050
1978,energy bars oats and dates (semi),fg,bars & cereals,bites,1.000,va,0.050
1979,energy bars oats and dates (semi finished),fg,bars & cereals,bites,1.000,va,0.050
1980,energy bar with jaggery 30gm,fg,bars & cereals,energy bars,0.030,va,0.050
1981,extra cheese seasoning extreme,fg,tajir,tajir - other,1.000,rpc,0.050
1982,extra cheese seasoning (unc) 1kg,fg,tajir,tajir - other,1.000,rpc,0.050
1983,extra cheese seasoning-unc( malaysian) 15kg,fg,tajir,tajir - other,1.000,rpc,0.050
1984,extra cheese seasoning-unc( malaysian) 1kg,fg,tajir,tajir - other,1.000,rpc,0.050
1985,extreme cheese seasoning( malaysian) 1kg,fg,tajir,tajir - other,1.000,rpc,0.050
1986,ez almond california bold loose,fg,almond,almond - kernels,1.000,bulk,0.050
1987,ez almond california regular loose,fg,almond,almond - kernels,1.000,bulk,0.050
1988,ez almond mammra regular loose,fg,almond,almond - kernels,1.000,bulk,0.050
1989,ez almond mamra regular loose (1459019),fg,almond,almond - mamra,1.000,bulk,0.050
1990,ez almond rstd salted loose,fg,almond,almond - kernels,1.000,bulk,0.050
1991,ez anjeer big loose (1459023),fg,anjeer,dried figs,1.000,bulk,0.050
1992,ez anjeer small loose,fg,anjeer,dried figs,1.000,bulk,0.050
1993,ez black raisin loose (1459026),fg,raisin,raisin - black,1.000,bulk,0.050
1994,ez black raisin seedless loose,fg,raisin,raisin - black,1.000,bulk,0.050
1995,ez blue berry loose,fg,blueberry,blueberry - plain,1.000,bulk,0.050
1996,ez cashew 210 loose,fg,cashew,cashew - kernel,1.000,bulk,0.050
1997,ez cashew 240 loose,fg,cashew,cashew - kernel,1.000,bulk,0.050
1998,ez cashew 320 loose,fg,cashew,cashew - kernel,1.000,bulk,0.050
1999,ez cashew 4pc loose,fg,cashew,cashew - broken,1.000,bulk,0.050
2000,ez cashew roasted salted loose,fg,cashew,cashew - kernel,1.000,bulk,0.050
2001,ez chilean walnut giri regular loose,fg,walnut,walnut - kernel,1.000,bulk,0.050
2002,ez chilean walnut giri small loose (1459038),fg,walnut,walnut - kernel,1.000,bulk,0.050
2003,ez cranberry loose,fg,cranberry,cranberry - whole,1.000,bulk,0.050
2004,ez dried apricot loose,fg,apricot,apricot - afghan,1.000,bulk,0.050
2005,ez dried fruits mixed (1459045),fg,dehydrated fruits,df - mix,1.000,bulk,0.050
2006,ez green pista loose (1459047),fg,pista,pista - inshell,1.000,bulk,0.050
2007,ez honey amla loose (1459048),fg,dehydrated fruits,df - amla,1.000,bulk,0.050
2008,ez khurmani wet apricot loose (1459052),fg,apricot,apricot - turkey,1.000,bulk,0.050
2009,ez kishmish afghani loose,fg,raisin,raisin - indian,1.000,bulk,0.050
2010,ez mix dry fruit regular loose (1459062),fg,trail mix,trail mix,1.000,va,0.050
2011,ez munakka loose,fg,raisin,raisin - abjosh,1.000,bulk,0.050
2012,ez pista roasted salted akbari loose,fg,pista,pista - akbari,1.000,bulk,0.050
2013,ez pista roasted salted irani loose,fg,pista,pista - irani,1.000,bulk,0.050
2014,ez seeds and berries mix loose (1459071),fg,trail mix,trail mix,1.000,va,0.050
2015,ez walnut broken loose,fg,walnut,walnut - broken,1.000,bulk,0.050
2016,ez walnut whole loose,fg,walnut,walnut - kernel,1.000,bulk,0.050
2017,fabsta akbari pista rs 200g  (1468047),fg,pista,pista - akbari,0.200,rpc,0.050
2018,fabsta almond 100g,fg,almond,almond - kernels,0.100,rpc,0.050
2019,fabsta almond 1kg,fg,almond,almond - kernels,1.000,rpc,0.050
2020,fabsta almond 200g,fg,almond,almond - kernels,0.200,rpc,0.050
2021,fabsta almond 500g,fg,almond,almond - kernels,0.500,rpc,0.050
2022,fabsta almond regular 100g,fg,almond,almond - kernels,0.100,rpc,0.050
2023,fabsta almond regular 200g,fg,almond,almond - kernels,0.200,rpc,0.050
2024,fabsta almond regular 500g,fg,almond,almond - kernels,0.500,rpc,0.050
2025,fabsta almond roasted 200g (1468499),fg,almond,almond - kernels,0.200,rpc,0.050
2026,fabsta anjeer 200gm,fg,anjeer,dried figs,0.200,rpc,0.050
2027,fabsta apricots dry 100gm,fg,apricot,apricot - afghan,0.100,rpc,0.050
2028,fabsta black raisins 100g (1455547),fg,raisin,raisin - black,0.100,rpc,0.050
2029,fabsta black raisins 200g,fg,raisin,raisin - black,0.200,rpc,0.050
2030,fabsta black raisins 500g,fg,raisin,raisin - black,0.500,rpc,0.050
2031,fabsta cashewnut 240 count 200g,fg,cashew,cashew - kernel,0.200,rpc,0.050
2032,fabsta cashewnut broken 200g,fg,cashew,cashew - broken,0.200,rpc,0.050
2033,fabsta cashew rs w320 100g,fg,cashew,cashew - kernel,0.100,rpc,0.050
2034,fabsta cashew rs w320 200g,fg,cashew,cashew - kernel,0.200,rpc,0.050
2035,fabsta cashew w320 roasted 200g (1468502),fg,cashew,cashew - kernel,0.200,rpc,0.050
2036,fabsta dry apricot 200g,fg,apricot,apricot - afghan,0.200,rpc,0.050
2037,fabsta figs regular 500gm,fg,anjeer,dried figs,0.500,rpc,0.050
2038,fabsta indian raisins 200g,fg,raisin,raisin - indian,0.200,rpc,0.050
2039,fabsta indian raisins 500g,fg,raisin,raisin - indian,0.500,rpc,0.050
2040,fabsta pista california 200g,fg,pista,pista - inshell,0.200,rpc,0.050
2041,fabsta raisins indian 100 gm,fg,raisin,raisin - indian,0.100,rpc,0.050
2042,fabsta rstd flax seeds 100g,fg,seeds,flax,0.100,rpc,0.050
2043,fabsta rstd melon seeds 100g,fg,seeds,melon,0.100,rpc,0.050
2044,fabsta rstd pumpkin seeds 100g,fg,seeds,pumpkin,0.100,rpc,0.050
2045,fabsta rstd sunflower seeds 100g,fg,seeds,sunflower,0.100,rpc,0.050
2046,fabsta walnut split 100gm,fg,walnut,walnut - broken,0.100,rpc,0.050
2047,fabsta walnut split 250g,fg,walnut,walnut - broken,0.250,rpc,0.050
2048,fabsta walnut split 500g,fg,walnut,walnut - broken,0.500,rpc,0.050
2049,fan bag 300g,fg,festive hampers,gifting,0.300,va,0.050
2050,fard grade b,rm,dates,fard,1.000,dates bulk,0.050
2051,fardh dates,rm,dates,fard,1.000,dates bulk,0.050
2052,fard seedless dates,rm,dates,seedless,1.000,dates bulk,0.050
2053,fennel seed / saunf / variyali,rm,spices,whole spices,1.000,bulk,0.050
2054,festive box - magic moments 600g,fg,festive hampers,gifting,0.600,va,0.050
2055,festive box - supreme 1000g,fg,festive hampers,gifting,1.000,va,0.050
2056,festive greeting 560gm,fg,festive hampers,gifting,0.560,va,0.050
2057,festive hamper 01,fg,festive hampers,gifting,1.260,va,0.050
2058,festive hamper 02,fg,festive hampers,gifting,0.460,va,0.050
2059,festive hamper 03,fg,festive hampers,gifting,0.710,va,0.050
2060,fiesta dryfruit box 800gm,fg,festive hampers,gifting,0.800,va,0.050
2061,fit nutrition berries blast bar 50g,fg,bars & cereals,energy bars,0.050,va,0.050
2062,flaxseeds 200g (b07gr346g4),fg,seeds,flax,0.200,rpc,0.050
2063,flaxseeds 500g (b07gqz7zvt),fg,seeds,flax,0.500,rpc,0.050
2064,flax seeds (alsi),rm,seeds,flax,1.000,bulk,0.050
2065,floppy bag gift hamper,fg,festive hampers,gifting,0.690,va,0.050
2066,fnp almonds 26-29 - salted & roasted 50 gm,fg,almond,almond - kernels,0.050,va,0.050
2067,fnp choco almonds 50gm,fg,almond,almond - kernels,0.050,va,0.050
2068,fnp choco berry bites 50gm,fg,trail mix,bites,0.050,va,0.050
2069,fnp fiery almonds sizzlin peri peri 50gm,fg,almond,almond - kernels,0.050,va,0.050
2070,fnp indian raisins 70 gm,fg,raisin,raisin - indian,0.070,rpc,0.050
2071,fnp pistachios salted & roasted 50 gm,fg,pista,pista - inshell,0.050,va,0.050
2072,fnp salt & pepper cashew 50gm,fg,cashew,cashew - kernel,0.050,va,0.050
2073,fnp smokin sweet n smoky bbq almond 50gm,fg,almond,almond - kernels,0.050,va,0.050
2074,fnp smokin sweet n smoky bbq cashew 50g,fg,cashew,cashew - kernel,0.050,va,0.050
2075,foodsquare truffle laquered nuts 200gm,fg,trail mix,trail mix,0.200,va,0.050
2076,foodsquare truffle laquered nuts (bulk),fg,trail mix,trail mix,1.000,va,0.050
2077,forsi coctail mix,fg,trail mix,trail mix,1.000,va,0.050
2078,forsi panchmewa,fg,trail mix,trail mix,1.000,va,0.050
2079,fos l55,rm,miscellaneous - rm,other misc,1.000,bulk,0.050
2080,freeze dried mango,rm,dehydrated fruits,df - mango,1.000,bulk,0.050
2081,freeze dried strawberry,rm,dehydrated fruits,df - strawberry,1.000,bulk,0.050
2082,fresho kimia dates 500gm,fg,dates,kimia,0.500,dates rpc,0.050
2083,garlic cashew,fg,cashew,cashew - kernel,1.000,va,0.050
2084,gi- eatrite arabian dates 500gm,fg,dates,khalas,0.500,dates rpc,0.050
2085,gi- eatrite fard dates 500gm,fg,dates,fard,0.500,dates rpc,0.050
2086,girnar kahwa tea,rm,miscellaneous - rm,other misc,1.000,bulk,0.050
2087,gl california pista rsted & sltd 500g pp,fg,pista,pista - inshell,0.500,va,0.050
2088,gl rosted&sltd california pista 200g pch,fg,pista,pista - inshell,0.200,va,0.050
2089,glucose syrup / liquid glucose,rm,miscellaneous - rm,other misc,1.000,bulk,0.050
2090,gng almonds coated dark chocolate 200g,fg,trail mix,trail mix,0.200,va,0.050
2091,gng almonds coated milk chocolate 200g,fg,trail mix,trail mix,0.200,va,0.050
2092,gng almonds coated white chocolate 200g,fg,trail mix,trail mix,0.200,va,0.050
2093,gng cranberry coated dark chocolate 200g,fg,trail mix,trail mix,0.200,va,0.050
2094,gng cranberry coated milk chocolate 200g,fg,trail mix,trail mix,0.200,va,0.050
2095,gng cranberry coated white chocolate 200g,fg,trail mix,trail mix,0.200,va,0.050
2096,goji berries - 12%,rm,dehydrated fruits,df - berries,1.000,bulk,0.050
2097,gondh dryfruit laddu bar 35gm,fg,bars & cereals,energy bars,0.035,va,0.050
2098,gondh dryfruit laddubar pack of 6,fg,bars & cereals,energy bars,0.210,va,0.050
2099,gondh dryfruit laddubar semi finished,fg,bars & cereals,bites,1.000,va,0.050
2100,good health dry fruit box 750 g,fg,festive hampers,gifting,0.550,va,0.050
2101,good life almond 100 g pp,fg,almond,almond - kernels,0.100,rpc,0.050
2102,good life almond 200 g pp,fg,almond,almond - kernels,0.200,rpc,0.050
2103,good life almond 500 g pp,fg,almond,almond - kernels,0.500,rpc,0.050
2104,good life arabian dates 500 g,fg,dates,sayer,0.500,dates rpc,0.050
2105,good life chia seed 100g,fg,seeds,chia,0.100,rpc,0.050
2106,good life fard dates 500 g,fg,dates,fard,0.500,dates rpc,0.050
2107,good life flax seed 100g,fg,seeds,flax,0.100,rpc,0.050
2108,good life pumpkin seed 100g,fg,seeds,pumpkin,0.100,rpc,0.050
2109,good life sunflower seed 100g,fg,seeds,sunflower,0.100,rpc,0.050
2110,greek dark seedless raisins (black currant),rm,blackcurrant,dried blackcurrant,1.000,bulk,0.050
2111,green cardamom,rm,spices,whole spices,1.000,bulk,0.050
2112,green chilli cashew bulk,fg,cashew,cashew - kernel,1.000,va,0.050
2113,green chilly cashew,fg,cashew,cashew - kernel,1.000,va,0.050
2114,greendot coated peanuts,fg,peanuts,peanut - coated,1.000,va,0.050
2115,green leafy trunk gift hamper,fg,festive hampers,gifting,2.090,va,0.050
2116,green tea plain,rm,miscellaneous - rm,other misc,1.000,bulk,0.050
2117,ha ajwa dates 300gm (1357012),fg,dates,ajwa,0.300,dates rpc,0.050
2118,ha akbari pista 200g (1357005),fg,pista,pista - akbari,0.200,rpc,0.050
2119,ha almond mamra 100g (1340535),fg,almond,almond - mamra,0.100,rpc,0.050
2120,ha almond mamro 250g (1340532),fg,almond,almond - kernels,0.250,rpc,0.050
2121,ha almond mamro 500g (1350928),fg,almond,almond - kernels,0.500,rpc,0.050
2122,ha apricot - jardaloo 200g (1340540),fg,apricot,apricot - afghan,0.200,rpc,0.050
2123,habit coconut cream powder 1 kg (bakery division),fg,tajir,tajir - ccp,1.000,va,0.050
2124,habit coconut cream powder 1 kg (instant),fg,tajir,tajir - ccp,1.000,rpc,0.050
2125,habit coconut cream powder 1 kg (plain),fg,tajir,tajir - ccp,1.000,va,0.050
2126,habit extra cheese seasoning (15kg),fg,tajir,tajir - other,1.000,rpc,0.050
2127,habit pecan nuts 500gm,fg,premium nuts,pecan nuts,0.500,rpc,0.050
2128,ha black current 250g (1340541),fg,blackcurrant,dried blackcurrant,0.250,rpc,0.050
2129,ha brazil nut 200g (1340533),fg,premium nuts,brazil nuts,0.200,rpc,0.050
2130,ha hazulnut 250g (1340531),fg,premium nuts,hazelnuts,0.250,rpc,0.050
2131,ha maboroom dates 300gm (1357011),fg,dates,mabroom,0.300,dates rpc,0.050
2132,ha maryam dates 300g(1340537),fg,dates,maryam,0.300,dates rpc,0.050
2133,ha pinenut 100g (1340543),fg,premium nuts,pine nuts,0.100,rpc,0.050
2134,ha premium dates medjool 300g(1340530),fg,dates,medjoul-general,0.300,dates rpc,0.050
2135,ha premium pecans 150g (1340534),fg,premium nuts,pecan nuts,0.150,rpc,0.050
2136,ha premium saudi dates 300g(1340536),fg,dates,safavi,0.300,dates rpc,0.050
2137,ha premium saudi dates 500g(1356005),fg,dates,safavi,0.500,dates rpc,0.050
2138,ha prunes 275g(1340539),fg,prunes,prunes - pitted,0.275,rpc,0.050
2139,hardik shubhkamanyen 280gm,fg,festive hampers,gifting,0.280,va,0.050
2140,ha segai dates 300gm (1357010),fg,dates,seggai,0.300,dates rpc,0.050
2141,ha sindukani raisin 250gm,fg,raisin,raisin - shandukhani,0.250,rpc,0.050
2142,ha sukhry dates 300gm (1357013),fg,dates,sukhary,0.300,dates rpc,0.050
2143,ha walnut kernal 250g(1340542),fg,walnut,walnut - kernel,0.250,rpc,0.050
2144,ha walnut kernal 500g(1350930),fg,walnut,walnut - kernel,0.500,rpc,0.050
2145,ha walnut whole 500g(1350935),fg,walnut,walnut - inshell,0.500,rpc,0.050
2146,hazelnut blanched,rm,premium nuts,hazelnuts,1.000,bulk,0.050
2147,hazelnut chocolate spread,rm,premium nuts,hazelnuts,1.000,bulk,0.050
2148,hazelnut kernal,rm,premium nuts,hazelnuts,1.000,bulk,0.050
2149,healthy choice 5 in 1 seeds mix 200gm,fg,trail mix,trail mix,0.200,va,0.050
2150,healthy choice 5 in 1 seeds mix bulk,fg,trail mix,trail mix,1.000,va,0.050
2151,healthy choice chia seeds 100 g,fg,seeds,chia,0.100,rpc,0.050
2152,healthy choice chia seeds 200 g,fg,seeds,chia,0.200,rpc,0.050
2153,healthy choice roasted pumpkin seeds 100 g,fg,seeds,pumpkin,0.100,rpc,0.050
2154,healthy choice roasted pumpkin seeds 200 g,fg,seeds,pumpkin,0.200,rpc,0.050
2155,healthy choice roasted sunflower seeds 100 g,fg,seeds,sunflower,0.100,rpc,0.050
2156,healthy choice roasted sunflower seeds 200 g,fg,seeds,sunflower,0.200,rpc,0.050
2157,healthy choice roasted watermelon seeds 100 g,fg,seeds,watermelon,0.100,rpc,0.050
2158,healthy choice roasted watermelon seeds 200 g,fg,seeds,watermelon,0.200,rpc,0.050
2159,healthy & tasty bbq makhana 25gm,fg,makhana,makhana - suta,0.025,va,0.050
2160,healthy & tasty ghee and himalayan pink salt makhana 25gm,fg,makhana,makhana - suta,0.025,va,0.050
2161,healthy & tasty peri peri makhana 25gm,fg,makhana,makhana - suta,0.025,va,0.050
2162,healthy & tasty pudina makhana 25gm,fg,makhana,makhana - suta,0.025,va,0.050
2163,hemp seeds,rm,seeds,hemp,1.000,bulk,0.050
2164,h finest turkey appricot 300g(1340538),fg,apricot,apricot - turkey,0.300,rpc,0.050
2165,himalayan pink salt trail mix 150g,fg,trail mix,trail mix,0.150,va,0.050
2166,hing jeera - cp2218,rm,seasoning,seasoning,1.000,bulk,0.050
2167,hing powder,rm,miscellaneous - rm,other misc,1.000,bulk,0.050
2168,hoh raksha bandhan box 190 gm,fg,festive hampers,gifting,0.190,va,0.050
2169,hoh raksha bandhan box 268g,fg,festive hampers,gifting,0.268,va,0.050
2170,hoh zorro pecan maple glazed 100g box,fg,premium nuts,pecan nuts,0.100,va,0.050
2171,hoh zorro pecan roasted salted100g box,fg,premium nuts,pecan nuts,0.100,va,0.050
2172,hoh zorro pecans free granola 100g box,fg,premium nuts,pecan nuts,0.100,va,0.050
2173,hoh zorro pecan simply pecan 100g box,fg,premium nuts,pecan nuts,0.100,rpc,0.050
2174,hoh zorro pecan sweet & spicy 100g box,fg,premium nuts,pecan nuts,0.100,va,0.050
2175,honey roast almonds,rm,almond,almond - kernels,1.000,bulk,0.050
2176,honey roasted macadamia nut,fg,premium nuts,macadamia nuts,1.000,va,0.050
2177,honey roasted macadamias 100gm,fg,premium nuts,macadamia nuts,0.100,va,0.050
2178,hot wasabi trail mix 150g,fg,trail mix,trail mix,0.150,va,0.050
2179,independence almonds,rm,almond,almond - kernels,1.000,bulk,0.050
2180,independent almond inshell,rm,almond,almond - inshell,1.000,bulk,0.050
2181,indian black raisins,rm,raisin,raisin - black,1.000,bulk,0.050
2182,indian green raisins,rm,raisin,raisin - indian,1.000,bulk,0.050
2183,indian green raisins 230g,fg,raisin,raisin - indian,0.230,rpc,0.050
2184,indian green raisins 90gm,fg,raisin,raisin - indian,0.090,rpc,0.050
2185,indian long green raisins,rm,raisin,raisin - indian,1.000,bulk,0.050
2186,jaggery powder,rm,miscellaneous - rm,other misc,1.000,bulk,0.050
2187,jawar puff,rm,miscellaneous - rm,other misc,1.000,bulk,0.050
2188,jeera (cumin seeds),rm,spices,whole spices,1.000,bulk,0.050
2189,jeera powder,rm,spices,ground spices,1.000,bulk,0.050
2190,jowar flakes,rm,miscellaneous - rm,flakes,1.000,bulk,0.050
2191,jute drawstring  300g,fg,festive hampers,gifting,0.300,va,0.050
2192,kakdi magaj,rm,seeds,melon,1.000,bulk,0.050
2193,kalunji seeds,rm,seeds,kalunji,1.000,bulk,0.050
2194,kamar kas powder - dink powder,rm,miscellaneous - rm,other misc,1.000,bulk,0.050
2195,kara coconut cream powder (instant) 15kg/1 - tpl,rm,tajir,tajir - ccp,1.000,bulk,0.050
2196,kara coconut milk 17% 200ml,rm,miscellaneous - rm,other misc,1.000,bulk,0.050
2197,kara coconut milk 17% 200ml new,rm,tajir,tajir - other,1.000,bulk,0.050
2198,kara coconut milk 17% 400ml,rm,tajir,tajir - ccp,1.000,bulk,0.050
2199,kara coconut milk 17% 400ml new,rm,tajir,tajir - other,1.000,bulk,0.050
2200,kashmiri walnut kernels,rm,walnut,walnut - kernel,1.000,bulk,0.050
2201,kerry sauce mix powder 25kg tpl,rm,tajir,tajir - other,1.000,bulk,0.050
2202,kesar almonds,fg,almond,almond - kernels,1.000,va,0.050
2203,kfi flavorcrest unc nf - tpl,rm,tajir,tajir - other,1.000,bulk,0.050
2204,khalas grade b,rm,dates,khalas,1.000,dates bulk,0.050
2205,khaneizi dates,rm,dates,khaneizi,1.000,dates bulk,0.050
2206,khaneizi seedless dates,rm,dates,seedless,1.000,dates bulk,0.050
2207,kharik tukda,rm,dates,dry dates,1.000,dates bulk,0.050
2208,khidri jumbo stuffed with orange peel 250g,fg,trail mix,trail mix,0.250,va,0.050
2209,khira magaj - cucumbar seeds,rm,seeds,melon,1.000,bulk,0.050
2210,khus khus / poppy seeds,rm,miscellaneous - rm,other misc,1.000,bulk,0.050
2211,kimia grade b,rm,dates,kimia,1.000,dates bulk,0.050
2212,kingdom of dates sayer dates,fg,dates,sayer,1.000,dates rpc,0.050
2213,king solomon 3 dates 2 go,fg,dates,medjoul-large,1.080,dates rpc,0.050
2214,king solomon dates medjool medium 200g,fg,dates,medjoul-medium,0.200,dates rpc,0.050
2215,king solomon dates medjoul medium [y1562] 200gm,fg,dates,medjoul-medium,0.200,dates rpc,0.050
2216,king solomon medjoul dates 250 gms,fg,dates,medjoul-general,0.250,dates rpc,0.050
2217,king solomon medjoul dates 3 dates 2 go,fg,dates,medjoul-general,0.060,dates rpc,0.050
2218,king solomon medjoul dates 500 gms,fg,dates,medjoul-general,0.500,dates rpc,0.050
2219,king solomon medjoul dates jumbo 1kg,fg,dates,medjoul-jumbo,1.000,dates rpc,0.050
2220,king solomon medjoul dates junior 1kg,fg,dates,medjoul-junior,1.000,dates rpc,0.050
2221,king solomon medjoul dates large 1kg,fg,dates,medjoul-large,1.000,dates rpc,0.050
2222,king solomon medjoul dates medium 1kg,fg,dates,medjoul-medium,1.000,dates rpc,0.050
2223,king solomon medjoul dates medium 500 gm,fg,dates,medjoul-medium,0.500,dates rpc,0.050
2224,king solomon medjoul dates mini 500 gm,fg,dates,medjoul-junior,0.500,dates rpc,0.050
2225,king solomon medjoul jumbo dates 500gm,fg,dates,medjoul-jumbo,0.500,dates rpc,0.050
2226,king solomon medjoul junior 500g,fg,dates,medjoul-junior,0.500,dates rpc,0.050
2227,king solomon medjoul super jumbo 1kg,fg,dates,medjoul-super jumbo,1.000,dates rpc,0.050
2228,king solomon medjoul super jumbo 500gm,fg,dates,medjoul-super jumbo,0.500,dates rpc,0.050
2229,king solomon oriental dates 250g,fg,dates,deri,0.250,dates rpc,0.050
2230,king solomon oriental dates 500gm,fg,dates,deri,0.500,dates rpc,0.050
2231,korean coated peanuts 60gm,fg,peanuts,peanut - coated,0.060,va,0.050
2232,krack nut coated peanuts magic masala 110g,fg,peanuts,peanut - coated,0.110,va,0.050
2233,kracknut coated peanuts-pudhina patakha 110g,fg,peanuts,peanut - coated,0.110,va,0.050
2234,kracknut coated peanuts-pudhina patakha 160gm,fg,peanuts,peanut - coated,0.160,va,0.050
2235,kracknut coated peanuts-pudhina patakha 1kg,fg,peanuts,peanut - coated,1.000,va,0.050
2236,krack nut coated peanuts pudina patakha 100g,fg,peanuts,peanut - coated,0.100,va,0.050
2237,krack nut coated peanuts pudina patakha 25gm,fg,peanuts,peanut - coated,0.025,va,0.050
2238,krack nut coated peanuts pudina patakha 25g not use,fg,peanuts,peanut - coated,0.025,va,0.050
2239,kracknut coated peanuts - tandoori toofan 110g,fg,peanuts,peanut - coated,0.110,va,0.050
2240,kracknut coated peanuts - tandoori toofan 160gm,fg,peanuts,peanut - coated,0.160,va,0.050
2241,krack nut coated peanuts tandoori toofan 1 kg,fg,peanuts,peanut - coated,1.000,va,0.050
2242,kracknut coated peanuts - tandoori toofan 25g,fg,peanuts,peanut - coated,0.025,va,0.050
2243,krack nut coated peanuts thai firangi 100g,fg,peanuts,peanut - coated,0.100,va,0.050
2244,kracknut coated peanuts-thai firangi 110g,fg,peanuts,peanut - coated,0.110,va,0.050
2245,kracknut coated peanuts-thai firangi 160gm,fg,peanuts,peanut - coated,0.160,va,0.050
2246,krack nut coated peanuts thai firangi 1 kg,fg,peanuts,peanut - coated,1.000,va,0.050
2247,kracknut coated peanuts - thai firangi 25g,fg,peanuts,peanut - coated,0.025,va,0.050
2248,lemon pepper cashew bulk,fg,cashew,cashew - kernel,1.000,va,0.050
2249,lemon pepper seasoning,rm,seasoning,seasoning,1.000,bulk,0.050
2250,lime chilli seasoning,rm,seasoning,seasoning,1.000,bulk,0.050
2251,lime  & chilly cashew,fg,cashew,cashew - kernel,1.000,va,0.050
2252,lime chilly coated peanuts 60gm,fg,peanuts,peanut - coated,0.060,va,0.050
2253,mabroom dates,rm,dates,mabroom,1.000,dates bulk,0.050
2254,macadamia commercial grade style 1,rm,premium nuts,macadamia nuts,1.000,bulk,0.050
2255,macadamia commercial grade style 4l,rm,premium nuts,macadamia nuts,1.000,bulk,0.050
2256,macadamia dark chocolate clusters,fg,premium nuts,macadamia nuts,1.000,va,0.050
2257,macadamia finger lime & jalapeno,fg,premium nuts,macadamia nuts,1.000,va,0.050
2258,macadamia inshell,rm,premium nuts,macadamia nuts,1.000,bulk,0.050
2259,macadamia kernal 150gm,fg,premium nuts,macadamia nuts,0.150,rpc,0.050
2260,macadamia kernel ( kg ),rm,premium nuts,macadamia nuts,1.000,bulk,0.050
2261,macadamia kernel style 0,rm,premium nuts,macadamia nuts,1.000,bulk,0.050
2262,macadamia kernel style 1l,rm,premium nuts,macadamia nuts,1.000,bulk,0.050
2263,macadamia milk chocolate clusters,fg,premium nuts,macadamia nuts,1.000,va,0.050
2264,macadamia nis - roasted sea salt,fg,premium nuts,macadamia nuts,1.000,va,0.050
2265,macadamia paste,rm,premium nuts,macadamia nuts,1.000,bulk,0.050
2266,macadamia roasted nis sawn,rm,premium nuts,macadamia nuts,1.000,bulk,0.050
2267,macadamia roasted salted - size 0,fg,premium nuts,macadamia nuts,1.000,bulk,0.050
2268,macadamia roasted salted - size 1,rm,premium nuts,macadamia nuts,1.000,bulk,0.050
2269,macadamia roasted salted - size 4,rm,premium nuts,macadamia nuts,1.000,bulk,0.050
2270,macadamia roasted & salted style 4,fg,premium nuts,macadamia nuts,1.000,va,0.050
2271,macadamia roasted - size 0,rm,premium nuts,macadamia nuts,1.000,bulk,0.050
2272,macadamia roasted - size 1,rm,premium nuts,macadamia nuts,1.000,bulk,0.050
2273,macadamia roasted - size 2,rm,premium nuts,macadamia nuts,1.000,bulk,0.050
2274,macadamia roasted - size 4,rm,premium nuts,macadamia nuts,1.000,bulk,0.050
2275,macadamia roasted - size 4l,rm,premium nuts,macadamia nuts,1.000,bulk,0.050
2276,macadamia roasted - size 6,rm,premium nuts,macadamia nuts,1.000,bulk,0.050
2277,macadamia rosemary & sea salt,fg,premium nuts,macadamia nuts,1.000,va,0.050
2278,macadamia vanilla whole - 320* cut,rm,premium nuts,macadamia nuts,1.000,bulk,0.050
2279,macadamia whole - 320* cut,rm,premium nuts,macadamia nuts,1.000,bulk,0.050
2280,macsnack dryrst mcadamiamunchie 100g pch,fg,premium nuts,macadamia nuts,0.100,rpc,0.050
2281,macsnack dryrst mcadamiamunchie 200g pch,fg,premium nuts,macadamia nuts,0.200,rpc,0.050
2282,mac snack macadamia stlye 0 premium-200gm,fg,premium nuts,macadamia nuts,0.200,va,0.050
2283,mac snack macadamia style 1 roasted & salted premium 200g,fg,premium nuts,macadamia nuts,0.200,va,0.050
2284,macsnack r&s macadamia munchies 100g pch,fg,premium nuts,macadamia nuts,0.100,va,0.050
2285,macsnack r&s macadamia munchies 200g pch,fg,premium nuts,macadamia nuts,0.200,va,0.050
2286,magic masala seasoning,rm,seasoning,seasoning,1.000,bulk,0.050
2287,maize starch,rm,tajir,tajir - other,1.000,bulk,0.050
2288,makhana,rm,makhana,makhana - suta,1.000,bulk,0.050
2289,makhana 4+ sutta,rm,makhana,makhana - suta,1.000,bulk,0.050
2290,makhana 5 suta,rm,makhana,makhana - suta,1.000,bulk,0.050
2291,makhana black pepper,fg,makhana,makhana - suta,1.000,va,0.050
2292,makhana black salt 75gm,fg,makhana,makhana - suta,0.075,va,0.050
2293,makhana chilli lime 75gm,fg,makhana,makhana - suta,0.075,va,0.050
2294,makhana himalayan pink salt,fg,makhana,makhana - suta,1.000,va,0.050
2295,makhana himalayan pink salt 75gm,fg,makhana,makhana - suta,0.075,va,0.050
2296,makhana masala,fg,makhana,makhana - suta,1.000,va,0.050
2297,makhana peri peri,fg,makhana,makhana - suta,1.000,va,0.050
2298,makhana salted 50gm,fg,makhana,makhana - suta,0.050,va,0.050
2299,makhana tangy tomato 75gm,fg,makhana,makhana - suta,0.075,va,0.050
2300,maltodextrin - tpl,rm,tajir,tajir - other,1.000,bulk,0.050
2301,mamra almonds 1a,rm,almond,almond - mamra,1.000,bulk,0.050
2302,mamra almonds 2a,rm,almond,almond - mamra,1.000,bulk,0.050
2303,mamra almonds 3a,rm,almond,almond - mamra,1.000,bulk,0.050
2304,mamra almonds 4a,rm,almond,almond - mamra,1.000,bulk,0.050
2305,mamra almonds 5a,rm,almond,almond - mamra,1.000,bulk,0.050
2306,mamra almonds 6a,rm,almond,almond - mamra,1.000,bulk,0.050
2307,mamra almonds 7a,rm,almond,almond - mamra,1.000,bulk,0.050
2308,mamra almonds es,rm,almond,almond - mamra,1.000,bulk,0.050
2309,mamra selected,rm,almond,almond - mamra,1.000,bulk,0.050
2310,mango slice chilli seasoning,rm,seasoning,seasoning,1.000,bulk,0.050
2311,maryam dates,rm,dates,maryam,1.000,dates bulk,0.050
2312,masala cashew,fg,cashew,cashew - kernel,1.000,va,0.050
2313,masala masti trail mix 150g,fg,trail mix,trail mix,0.150,va,0.050
2314,masala raisin,fg,raisin,raisin - indian,1.000,va,0.050
2315,masala seasoning,rm,seasoning,seasoning,1.000,bulk,0.050
2316,mazafati dates,rm,dates,kimia,1.000,dates bulk,0.050
2317,mazafati grade b,rm,dates,kimia,1.000,dates bulk,0.050
2318,medjoul dates jumbo,rm,dates,medjoul-jumbo,1.000,dates bulk,0.050
2319,medjoul dates junior,rm,dates,medjoul-junior,1.000,dates bulk,0.050
2320,medjoul dates large,rm,dates,medjoul-large,1.000,dates bulk,0.050
2321,medjoul dates medium,rm,dates,medjoul-medium,1.000,dates bulk,0.050
2322,medjoul dates mini,rm,dates,medjoul-junior,1.000,dates bulk,0.050
2323,medjoul dates premium bon bon,rm,dates,medjoul-bon bon,1.000,dates bulk,0.050
2324,medjoul dates super jumbo,rm,dates,medjoul-super jumbo,1.000,dates bulk,0.050
2325,medjoul grade b,rm,dates,medjoul-general,1.000,dates bulk,0.050
2326,medjoul large pitted wet dates,rm,dates,medjoul-large,1.000,dates bulk,0.050
2327,methi,rm,miscellaneous - rm,other misc,1.000,bulk,0.050
2328,methi dryfruit laddu bar 35gm,fg,bars & cereals,energy bars,0.035,va,0.050
2329,methi dryfruit laddubar pack of 6,fg,bars & cereals,energy bars,0.210,va,0.050
2330,mexican chilli seasoning (pr01027/001),rm,seasoning,seasoning,1.000,bulk,0.050
2331,mexican coated peanuts 60gm,fg,peanuts,peanut - coated,0.060,va,0.050
2332,mexican flavoured coated peanuts,fg,peanuts,peanut - coated,1.000,va,0.050
2333,mexican flavoured coated peanuts 35gm,fg,peanuts,peanut - coated,0.035,va,0.050
2334,mild chilly glazed almonds,fg,almond,almond - kernels,1.000,va,0.050
2335,mild chilly glazed cashew,fg,cashew,cashew - kernel,1.000,va,0.050
2336,milk almond draggies,fg,almond,almond - kernels,1.000,va,0.050
2337,milk chocolate almond date,fg,trail mix,trail mix,1.000,va,0.050
2338,milk chocolate coated almond stuffed khalas single,fg,trail mix,trail mix,0.011,va,0.050
2339,milk chocolate coated date bites,fg,bars & cereals,bites,0.011,va,0.050
2340,milk chocolate couverture 823,rm,miscellaneous - rm,chocolate,1.000,bulk,0.050
2341,milk chocolate macadamia clusters 100gm,fg,premium nuts,macadamia nuts,0.100,va,0.050
2342,milk compound chocolate,rm,miscellaneous - rm,chocolate,1.000,bulk,0.050
2343,milk maid,rm,miscellaneous - rm,other misc,1.000,bulk,0.050
2344,millennium nut mix,fg,trail mix,trail mix,1.000,va,0.050
2345,millet,rm,miscellaneous - rm,other misc,1.000,bulk,0.050
2346,mishri / crystal sugar/ khadi sakhar,rm,miscellaneous - rm,other misc,1.000,bulk,0.050
2347,mocha mojo trail mix,fg,trail mix,trail mix,1.000,va,0.050
2348,moon freeze banana date fruit bar - 10 gm,fg,bars & cereals,energy bars,0.010,va,0.050
2349,moon freeze banana date fruit bar - 45 gm,fg,bars & cereals,energy bars,0.045,va,0.050
2350,moon freeze mango date fruit bar - 10 gm,fg,bars & cereals,energy bars,0.010,va,0.050
2351,moon freeze mango date fruit bar - 45 gm,fg,bars & cereals,energy bars,0.045,va,0.050
2352,moon freeze pineapple date fruit bar -10 gm,fg,bars & cereals,energy bars,0.010,va,0.050
2353,moon freeze pineapple date fruit bar - 45 gm,fg,bars & cereals,energy bars,0.045,va,0.050
2354,moon freeze strawberry date fruit bar -10 gm,fg,bars & cereals,energy bars,0.010,va,0.050
2355,moon freeze strawberry date fruit bar - 45 gm,fg,bars & cereals,energy bars,0.045,va,0.050
2356,morde dark chocolate - chd45,rm,miscellaneous - rm,chocolate,1.000,bulk,0.050
2357,morde dark chocolate - chd55,rm,miscellaneous - rm,chocolate,1.000,bulk,0.050
2358,morde white chocolate - chw35,rm,miscellaneous - rm,chocolate,1.000,bulk,0.050
2359,muskmelon seeds,rm,seeds,melon,1.000,bulk,0.050
2360,natapure almond 200g,fg,almond,almond - kernels,0.200,rpc,0.050
2361,natapure roasted almonds 175gms,fg,almond,almond - kernels,0.175,rpc,0.050
2362,natch glazed nut mix chilli 120gm,fg,trail mix,trail mix,0.120,va,0.050
2363,natch glazed nut mix cinnamon 120gm,fg,trail mix,trail mix,0.120,va,0.050
2364,natch glazed nut mix cocoa 120gm,fg,trail mix,trail mix,0.120,va,0.050
2365,nature dried kiwi 200 gm ( 1411658 ),fg,dehydrated fruits,df - kiwi,0.200,rpc,0.050
2366,natures almond reg 500 gm ( 1411652 ),fg,almond,almond - kernels,0.500,rpc,0.050
2367,natures almonds reg 200 gm (1411651),fg,almond,almond - kernels,0.200,rpc,0.050
2368,natures american almond 100g (1340528),fg,almond,almond - kernels,0.100,rpc,0.050
2369,natures american almond 250g (1340524),fg,almond,almond - kernels,0.250,rpc,0.050
2370,natures american almond 500g (1350926),fg,almond,almond - kernels,0.500,rpc,0.050
2371,natures american almonds 1 kg (1416275),fg,almond,almond - kernels,1.000,rpc,0.050
2372,natures black raisin 200g (1340522),fg,raisin,raisin - black,0.200,rpc,0.050
2373,natures california pista reg 200 gm (1411656),fg,pista,pista - inshell,0.200,rpc,0.050
2374,natures cashew reg 200 gm ( 1411653 ),fg,cashew,cashew - kernel,0.200,rpc,0.050
2375,natures cashew split 200g (1356008),fg,cashew,cashew - broken,0.200,rpc,0.050
2376,natures cashew w210 100g (1340520),fg,cashew,cashew - kernel,0.100,rpc,0.050
2377,natures cashew w210 250g (1340525),fg,cashew,cashew - kernel,0.250,rpc,0.050
2378,natures cashew w 210 500g (1356007),fg,cashew,cashew - kernel,0.500,rpc,0.050
2379,natures dried amla 200 gm ( 1411660 ),fg,dehydrated fruits,df - amla,0.200,rpc,0.050
2380,natures dried cherry 200 gm ( 1411661 ),fg,dehydrated fruits,df - berries,0.200,rpc,0.050
2381,natures dried pineapple 200 gm ( 1411659 ),fg,dehydrated fruits,df - pineapple,0.200,rpc,0.050
2382,natures dried strawberry 200 gm (1411657),fg,dehydrated fruits,df - berries,0.200,rpc,0.050
2383,natures figs 250gm (1357008),fg,anjeer,dried figs,0.250,rpc,0.050
2384,natures figs 500g (1357009),fg,anjeer,dried figs,0.500,rpc,0.050
2385,natures indian raisin reg 200 gm (1411654),fg,raisin,raisin - indian,0.200,rpc,0.050
2386,natures indian raisin reg 500 gm (1411655),fg,raisin,raisin - indian,0.500,rpc,0.050
2387,natures macadamia roasted&salted 100g (1443558),fg,premium nuts,macadamia nuts,0.100,rpc,0.050
2388,natures pistachia iranian 500g (1340527),fg,pista,pista - irani,0.500,rpc,0.050
2389,natures pista iranian 100g (1340521),fg,pista,pista - irani,0.100,rpc,0.050
2390,natures pista iranian 250g (1340529),fg,pista,pista - irani,0.250,rpc,0.050
2391,natures pisto unshelled 200g (1340526),fg,pista,pista - inshell,0.200,rpc,0.050
2392,natures premium mixed dry fruits 250g(1356314),fg,trail mix,trail mix,0.250,va,0.050
2393,natures raisin 100g (1340523),fg,raisin,raisin - indian,0.100,rpc,0.050
2394,natures raisin 250g (1340519),fg,raisin,raisin - indian,0.250,rpc,0.050
2395,natures raisin 500g (1356006),fg,raisin,raisin - indian,0.500,rpc,0.050
2396,nb american almond loose,fg,almond,almond - kernels,1.000,rpc,0.050
2397,nb american almond selected loose,fg,almond,almond - kernels,1.000,rpc,0.050
2398,nb anjeer large (slw) loose,fg,anjeer,dried figs,1.000,rpc,0.050
2399,nb anjeer select (white) loose,fg,anjeer,dried figs,1.000,rpc,0.050
2400,nb anjeer small (1x1w) loose,fg,anjeer,dried figs,1.000,rpc,0.050
2401,nb apricot whole dried loose,fg,apricot,apricot - afghan,1.000,rpc,0.050
2402,nb barbeque almond loose,fg,almond,almond - kernels,1.000,rpc,0.050
2403,nb barbeque cashew loose,fg,cashew,cashew - kernel,1.000,rpc,0.050
2404,nb blackberry dried loose,fg,blackberry,dried blackberry,1.000,rpc,0.050
2405,nb blackcurrant dried loose,fg,blackcurrant,dried blackcurrant,1.000,rpc,0.050
2406,nb black pepper cashew loose,fg,cashew,cashew - kernel,1.000,rpc,0.050
2407,nb black raisin seedless loose,fg,raisin,raisin - black,1.000,rpc,0.050
2408,nb blueberry dried loose,fg,blueberry,blueberry - plain,1.000,rpc,0.050
2409,nb brazil nut loose,fg,premium nuts,brazil nuts,1.000,rpc,0.050
2410,nb cashew w150 loose,fg,cashew,cashew - kernel,1.000,rpc,0.050
2411,nb cashew w180 loose,fg,cashew,cashew - kernel,1.000,rpc,0.050
2412,nb cashew w240 loose,fg,cashew,cashew - kernel,1.000,rpc,0.050
2413,nb charcoal cashew loose,fg,cashew,cashew - kernel,1.000,rpc,0.050
2414,nb cheese cashew loose,fg,cashew,cashew - kernel,1.000,rpc,0.050
2415,nb chia seed loose,fg,seeds,chia,1.000,rpc,0.050
2416,nb cranberry dried loose,fg,cranberry,cranberry - whole,1.000,rpc,0.050
2417,nb dehydrated baby orange loose,fg,dehydrated fruits,df - orange,1.000,rpc,0.050
2418,nb dehydrated cherry loose,fg,dehydrated fruits,df - berries,1.000,rpc,0.050
2419,nb dehydrated ginger loose,fg,dehydrated fruits,df - ginger,1.000,rpc,0.050
2420,nb dehydrated guava loose,fg,dehydrated fruits,df - guava,1.000,rpc,0.050
2421,nb dehydrated kiwi loose,fg,dehydrated fruits,df - kiwi,1.000,rpc,0.050
2422,nb dehydrated mango sliced loose,fg,dehydrated fruits,df - mango,1.000,rpc,0.050
2423,nb dehydrated peach green loose,fg,dehydrated fruits,df - peach,1.000,rpc,0.050
2424,nb dehydrated peach red loose,fg,dehydrated fruits,df - peach,1.000,rpc,0.050
2425,nb dehydrated peach yellow loose,fg,dehydrated fruits,df - peach,1.000,rpc,0.050
2426,nb dehydrated pineapple coin loose,fg,dehydrated fruits,df - pineapple,1.000,rpc,0.050
2427,nb dehydrated pineapple ring loose,fg,dehydrated fruits,df - pineapple,1.000,rpc,0.050
2428,nb dehydrated strawberry loose,fg,dehydrated fruits,df - berries,1.000,rpc,0.050
2429,nb flax seed loose,fg,seeds,flax,1.000,rpc,0.050
2430,nb goji berry dried loose,fg,dehydrated fruits,df - berries,1.000,rpc,0.050
2431,nb green chilly cashew loose,fg,cashew,cashew - kernel,1.000,rpc,0.050
2432,nb hazelnut loose,fg,premium nuts,hazelnuts,1.000,rpc,0.050
2433,nb honey roast almond loose,fg,almond,almond - kernels,1.000,va,0.050
2434,nb macadamia inshell vanilla loose,fg,premium nuts,macadamia nuts,1.000,rpc,0.050
2435,nb macadamia loose,fg,premium nuts,macadamia nuts,1.000,rpc,0.050
2436,nb mamra almond classic loose,fg,almond,almond - mamra,1.000,rpc,0.050
2437,nb mamra almond royal loose_x000d_,fg,almond,almond - mamra,1.000,rpc,0.050
2438,nb mamra almond royal loose (not in use),fg,almond,almond - mamra,1.000,bulk,0.050
2439,nb masala cashew loose,fg,cashew,cashew - kernel,1.000,rpc,0.050
2440,nb masala raisin loose,fg,raisin,raisin - indian,1.000,rpc,0.050
2441,nb millennium nut mix loose,fg,trail mix,trail mix,1.000,va,0.050
2442,nb munakka loose,fg,raisin,raisin - abjosh,1.000,rpc,0.050
2443,nb paan raisin loose,fg,raisin,raisin - indian,1.000,rpc,0.050
2444,nb pecan nut loose,fg,premium nuts,pecan nuts,1.000,rpc,0.050
2445,nb peri-peri cashew loose,fg,cashew,cashew - kernel,1.000,rpc,0.050
2446,nb pinenut loose,fg,premium nuts,pine nuts,1.000,rpc,0.050
2447,nb pistachio akbari loose,fg,pista,pista - inshell,1.000,rpc,0.050
2448,nb pistachio irani loose,fg,pista,pista - irani,1.000,rpc,0.050
2449,nb pistachio kernel 5 star loose,fg,pista,pista - kernel,1.000,rpc,0.050
2450,nb pistachio kernel premium loose,fg,pista,pista - kernel,1.000,rpc,0.050
2451,nb prunes dried loose,fg,prunes,prunes - pitted,1.000,rpc,0.050
2452,nb pumpkin seed loose,fg,seeds,pumpkin,1.000,rpc,0.050
2453,nb raisin afghan,fg,raisin,raisin - afghan,1.000,rpc,0.050
2454,nb raisin indian premium loose,fg,raisin,raisin - indian,1.000,rpc,0.050
2455,nb raisin sandukani loose,fg,raisin,raisin - shandukhani,1.000,rpc,0.050
2456,nb roasted macadamia inshell loose,fg,premium nuts,macadamia nuts,1.000,rpc,0.050
2457,nb roasted & salted almond loose,fg,almond,almond - kernels,1.000,rpc,0.050
2458,nb roasted & salted cashew loose,fg,cashew,cashew - kernel,1.000,rpc,0.050
2459,nb smoked almond loose,fg,almond,almond - kernels,1.000,rpc,0.050
2460,nb sriracha cashew loose,fg,cashew,cashew - kernel,1.000,rpc,0.050
2461,nb sunfllower seed loose,fg,seeds,sunflower,1.000,rpc,0.050
2462,nb trail mix- every health loose,fg,trail mix,trail mix,1.000,va,0.050
2463,nb trail mix - power seed loose,fg,trail mix,trail mix,1.000,va,0.050
2464,nb trail mix - premium nut loose,fg,trail mix,trail mix,1.000,va,0.050
2465,nb trail mix salted cocktail loose,fg,trail mix,trail mix,1.000,va,0.050
2466,nb walnuts chilean inshell loose /p,fg,walnut,walnut - inshell,1.000,rpc,0.050
2467,nb walnuts chilean loose,fg,walnut,walnut - kernel,1.000,rpc,0.050
2468,nb watermelon seed loose,fg,seeds,watermelon,1.000,rpc,0.050
2469,nns date syrup 400 gm,fg,dates,syrup,0.400,dates rpc,0.050
2470,noice choco health laddoo (18g*5),fg,bars & cereals,bites,0.090,va,0.050
2471,noice classic flavour date mewa (semi finished),fg,bars & cereals,bites,1.000,va,0.050
2472,noice date bites (18g*5),fg,bars & cereals,bites,0.090,va,0.050
2473,nut bar almond butter,fg,trail mix,trail mix,1.000,va,0.050
2474,nut bar peanut butter,fg,trail mix,trail mix,1.000,va,0.050
2475,nut flex - italian herbs 33gm,fg,trail mix,trail mix,0.033,va,0.050
2476,nut flex - italian herbs 35gm,fg,trail mix,trail mix,0.035,va,0.050
2477,nutrizoe fenugreek cinnamon bars 45gm,fg,bars & cereals,energy bars,0.045,va,0.050
2478,nuts and cardamom date balls 48 gms,fg,trail mix,trail mix,0.048,va,0.050
2479,nuts & seed mix,fg,trail mix,trail mix,1.000,va,0.050
2480,nutworks finger lime & jalapeno 75g pch,fg,premium nuts,macadamia nuts,0.075,va,0.050
2481,nutworks roast salt inshell 100g pch,fg,premium nuts,macadamia nuts,0.100,va,0.050
2482,nutworks roast salt inshell 200g pch,fg,premium nuts,macadamia nuts,0.200,va,0.050
2483,nutworks rosemary & seasalt 75g pch,fg,premium nuts,macadamia nuts,0.075,va,0.050
2484,nutworks wasabi 75g pch,fg,premium nuts,macadamia nuts,0.075,va,0.050
2485,oats,rm,miscellaneous - rm,other misc,1.000,bulk,0.050
2486,off-grade almond,rm,almond,off-grade almond,1.000,bulk,0.050
2487,off-grade anjeer,rm,anjeer,off-grade anjeer,1.000,bulk,0.050
2488,off-grade apricot,rm,apricot,off-grade apricot,1.000,bulk,0.050
2489,off-grade cashew,rm,cashew,off-grade cashew,1.000,bulk,0.050
2490,off-grade cranberry,rm,cranberry,off-grade cranberry,1.000,bulk,0.050
2491,off-grade dates,rm,dates,off-grade dates,1.000,dates bulk,0.050
2492,off-grade makhana,rm,makhana,off-grade makhana,1.000,bulk,0.050
2493,off-grade peanuts,rm,peanuts,off-grade peanuts,1.000,bulk,0.050
2494,off-grade pistachio,rm,pista,off-grade pistachio,1.000,bulk,0.050
2495,off-grade premium nuts,rm,premium nuts,off-grade premium nuts,1.000,bulk,0.050
2496,off-grade prunes,rm,prunes,off-grade prunes,1.000,bulk,0.050
2497,off-grade raisin,rm,raisin,off-grade raisin,1.000,bulk,0.050
2498,off-grade seasoning,rm,seasoning,off-grade seasoning,1.000,bulk,0.050
2499,off-grade seeds,rm,seeds,off-grade seeds,1.000,bulk,0.050
2500,off-grade trail mix,rm,trail mix,off-grade trail mix,1.000,va,0.050
2501,off-grade walnuts,rm,walnut,off-grade walnuts,1.000,bulk,0.050
2502,olive oil,rm,miscellaneous - rm,other misc,1.000,bulk,0.050
2503,oman dates,rm,dates,fard,1.000,dates bulk,0.050
2504,oman dates 250g (1356292),fg,dates,oman,0.250,dates rpc,0.050
2505,omega mix- lemon pepper 33gm,fg,trail mix,trail mix,0.033,va,0.050
2506,omega mix- lemon pepper 35gm,fg,trail mix,trail mix,0.035,va,0.050
2507,onion garlic seasoning,rm,seasoning,seasoning,1.000,bulk,0.050
2508,on the run 5 grain cereal 300g - original,fg,bars & cereals,cereal,0.300,va,0.050
2509,on the run assorted energy bars (pack of 12x30g),fg,bars & cereals,energy bars,0.360,va,0.050
2510,on the run assorted energy bars (pack of 6x30g),fg,bars & cereals,energy bars,0.180,va,0.050
2511,on the run choco crunch energy bars 30g,fg,bars & cereals,energy bars,0.030,va,0.050
2512,on the run choco crunch energy bars (pack of 6x30g),fg,bars & cereals,energy bars,0.180,va,0.050
2513,on the run coffee bite 10g,fg,bars & cereals,bites,0.010,va,0.050
2514,ontherun coffee bite (pack of 15x10g),fg,bars & cereals,bites,0.150,va,0.050
2515,ontherun coffee bite (pack of 6*10g),fg,bars & cereals,bites,0.060,va,0.050
2516,on the run coffee bite (semi finished),fg,bars & cereals,bites,1.000,va,0.050
2517,on the run crunchy granola single serving cup 50g,fg,bars & cereals,granola,0.050,va,0.050
2518,on the run fig and date energy bar 30g,fg,bars & cereals,energy bars,0.030,va,0.050
2519,on the run fig and date energy bar (pack of 6x30 g),fg,bars & cereals,energy bars,0.180,va,0.050
2520,on the run hazelnut magic energy bar 30g,fg,bars & cereals,energy bars,0.030,va,0.050
2521,"on the run oats, apricot & cranberry energy bar 30g",fg,bars & cereals,energy bars,0.030,va,0.050
2522,"on the run oats, apricot & cranberry energy bars (pack of 6x30g)",fg,bars & cereals,energy bars,0.180,va,0.050
2523,on the run quinoa cheesy balls 50gm,fg,trail mix,trail mix,0.050,va,0.050
2524,orange peel,rm,dehydrated fruits,df - orange,1.000,bulk,0.050
2525,orange slice / pieces,rm,dehydrated fruits,df - orange,1.000,bulk,0.050
2526,organic ajwa premium large,rm,dates,ajwa,1.000,dates bulk,0.050
2527,organic khidri large dates,rm,dates,khidri,1.000,dates bulk,0.050
2528,organic khidri premium medium,rm,dates,khidri,1.000,dates bulk,0.050
2529,organic khidri special jumbo,rm,dates,khidri,1.000,dates bulk,0.050
2530,organic seqee premium large,rm,dates,seqee,1.000,dates bulk,0.050
2531,organic wanan premium jumbo,rm,dates,wanan,1.000,dates bulk,0.050
2532,organic wanan premium large,rm,dates,wanan,1.000,dates bulk,0.050
2533,oriental dates,rm,dates,deri,1.000,dates bulk,0.050
2534,paan seasoning ab319,rm,seasoning,seasoning,1.000,bulk,0.050
2535,palm oil,rm,miscellaneous - rm,other misc,1.000,bulk,0.050
2536,panch mewa mix loose,fg,trail mix,trail mix,1.000,va,0.050
2537,pan cranberry,fg,cranberry,cranberry - whole,1.000,rpc,0.050
2538,paneer tikka cashew,fg,cashew,cashew - kernel,1.000,va,0.050
2539,paneer tikka seasoning,rm,seasoning,seasoning,1.000,bulk,0.050
2540,pani puri cashew,fg,cashew,cashew - kernel,1.000,va,0.050
2541,panipuri seasoning,rm,seasoning,seasoning,1.000,bulk,0.050
2542,pan raisin,fg,raisin,raisin - indian,1.000,rpc,0.050
2543,peanut butter,fg,trail mix,trail mix,1.000,va,0.050
2544,peanut coated spanish tomato,fg,peanuts,peanut - coated,1.000,va,0.050
2545,peanut crackers chipotle honey bulk,fg,peanuts,peanut - coated,1.000,va,0.050
2546,peanut crackers smokey bbq bulk,fg,peanuts,peanut - coated,1.000,va,0.050
2547,peanuts,rm,peanuts,peanut - whole,1.000,bulk,0.050
2548,peanuts coated masala loose,fg,peanuts,peanut - coated,1.000,va,0.050
2549,peanut spilit (groundnut),rm,peanuts,peanut - split,1.000,bulk,0.050
2550,pecan grain free granola,fg,premium nuts,pecan nuts,1.000,va,0.050
2551,pecan maple glazed,fg,premium nuts,pecan nuts,1.000,va,0.050
2552,pecannut flavoured rose mary loose,fg,premium nuts,pecan nuts,1.000,va,0.050
2553,pecan nuts,rm,premium nuts,pecan nuts,1.000,bulk,0.050
2554,pecan nuts kernel split,rm,premium nuts,pecan nuts,1.000,bulk,0.050
2555,pecans nuts inshell,rm,premium nuts,pecan nuts,1.000,bulk,0.050
2556,pecans roasted and salted,fg,premium nuts,pecan nuts,1.000,va,0.050
2557,peper garlic cashew,fg,cashew,cashew - kernel,1.000,va,0.050
2558,pepper cashew,fg,cashew,cashew - kernel,1.000,va,0.050
2559,pepper pista 100g pet,fg,pista,pista - inshell,0.100,rpc,0.050
2560,pepper pista inshell,fg,pista,pista - inshell,1.000,va,0.050
2561,pepper snack mix,fg,trail mix,trail mix,1.000,va,0.050
2562,peri peri cashew,fg,cashew,cashew - kernel,1.000,va,0.050
2563,peri peri cashew bulk,fg,cashew,cashew - kernel,1.000,va,0.050
2564,peri peri coated peanuts 60gm,fg,peanuts,peanut - coated,0.060,va,0.050
2565,peri peri marination seasoning,rm,seasoning,seasoning,1.000,bulk,0.050
2566,peri peri masala,rm,miscellaneous - rm,other misc,1.000,bulk,0.050
2567,peri peri pecannut,fg,premium nuts,pecan nuts,1.000,va,0.050
2568,peri peri trail mix 150g,fg,trail mix,trail mix,0.150,va,0.050
2569,pine nut kernel,rm,premium nuts,pine nuts,1.000,bulk,0.050
2570,pine nut kernels roasted,rm,premium nuts,pine nuts,1.000,bulk,0.050
2571,pink lipstick pista magaz premium,rm,pista,pista - kernel,1.000,bulk,0.050
2572,pink salt almonds bulk,fg,almond,almond - kernels,1.000,va,0.050
2573,pink salt pistachios 90gm,fg,pista,pista - inshell,0.090,rpc,0.050
2574,pista akbari 26-28 count,rm,pista,pista - akbari,1.000,bulk,0.050
2575,pista akbari roasted and salted,fg,pista,pista - akbari,1.000,bulk,0.050
2576,pistachio kernel-pishori,rm,pista,pista - pishori,1.000,bulk,0.050
2577,pistachio kernenal-rozi salted,rm,pista,pista - kernel,1.000,bulk,0.050
2578,pista inshell iranian 26-28,rm,pista,pista - irani,1.000,bulk,0.050
2579,pista inshell iranian akbari 20-22 count,rm,pista,pista - akbari,1.000,bulk,0.050
2580,pista irani 101 inshell,rm,pista,pista - irani,1.000,bulk,0.050
2581,pista irani 101 inshell roasted and salted,fg,pista,pista - irani,1.000,bulk,0.050
2582,pista irani 999 inshell,rm,pista,pista - irani,1.000,bulk,0.050
2583,pista irani inshell,rm,pista,pista - irani,1.000,bulk,0.050
2584,pista irani inshell roasted and salted,fg,pista,pista - irani,1.000,va,0.050
2585,pista irani super inshell,rm,pista,pista - irani,1.000,bulk,0.050
2586,pista kernal roasted and salted,fg,pista,pista - kernel,1.000,bulk,0.050
2587,pista kernal tukda,rm,pista,pista - kernel,1.000,bulk,0.050
2588,pista kernel,rm,pista,pista - kernel,1.000,bulk,0.050
2589,pista kernel b,rm,pista,pista - kernel,1.000,bulk,0.050
2590,pista magaz,rm,pista,pista - kernel,1.000,bulk,0.050
2591,pista magaz split california,rm,pista,pista - kernel,1.000,bulk,0.050
2592,pista peri peri,fg,pista,pista - inshell,1.000,va,0.050
2593,pista sliced,rm,pista,pista - kernel,1.000,bulk,0.050
2594,pizza flavoured coated peanuts,fg,peanuts,peanut - coated,1.000,va,0.050
2595,pizza flavoured coated peanuts 35gm,fg,peanuts,peanut - coated,0.035,va,0.050
2596,pizza seasoning,rm,seasoning,seasoning,1.000,bulk,0.050
2597,plain almonds 75gm,fg,almond,almond - kernels,0.075,rpc,0.050
2598,plain coated peanuts,fg,peanuts,peanut - coated,1.000,va,0.050
2599,planck foods multi millet 5 gc puffs 210g,fg,bars & cereals,cereal,0.210,va,0.050
2600,planck foods quinoa puffs sour cream 30gm,fg,trail mix,trail mix,0.030,va,0.050
2601,pl california prunes 200g,fg,prunes,prunes - pitted,0.200,rpc,0.050
2602,pl classic dates 500g,fg,dates,sayer,0.500,dates rpc,0.050
2603,pl dried blueberries 100g,fg,blueberry,blueberry - plain,0.100,rpc,0.050
2604,pl sliced cranberries 100g,fg,cranberry,cranberry - sliced,0.100,rpc,0.050
2605,pl turkey apricots 200g,fg,apricot,apricot - turkey,0.200,rpc,0.050
2606,pl zahidi dates 500g,fg,dates,zahidi,0.500,dates rpc,0.050
2607,pm24-350 pet top silver with lid 150 gm,pm,packaging,pet,0.000,pm,0.050
2608,pm24-3ply american pecan carton with partition-cf02,pm,packaging,carton,0.000,pm,0.050
2609,pm24-3 ply carton al barakah dates for 500 gm green (420x310x110mm) 10 kg,pm,packaging,carton,0.000,pm,0.050
2610,pm24-3 ply carton al barakah for 500 gm pouch,pm,packaging,carton,0.000,pm,0.050
2611,pm24-3 ply carton-all purpose,pm,packaging,carton,0.000,pm,0.050
2612,pm24-3 ply carton arabian dates pouch 17 x 14.5 x 9.5 plain 10 kg gm,pm,packaging,carton,0.000,pm,0.050
2613,pm24-3 ply carton baps 5000 gm,pm,packaging,carton,0.000,pm,0.050
2614,pm24-3 ply carton big basket tasties master 12.5 x 6.75 x 8.5 cm 1200 gm,pm,packaging,carton,0.000,pm,0.050
2615,pm24-3 ply carton big glass bottle carton / partion 14.5 x 10 x 6.75 mm 1500 gm,pm,packaging,carton,0.000,pm,0.050
2616,pm24-3 ply carton black berry/cranberry 100 gm (d mart) unprinted,pm,packaging,carton,0.000,pm,0.050
2617,pm24-3 ply carton carnival anjeer carton 10 kg,pm,packaging,carton,0.000,pm,0.050
2618,pm24-3 ply carton cf04 medju0l 500gm 8 kg (385x285x230mm)-printed,pm,packaging,carton,0.000,pm,0.050
2619,pm24-3 ply carton cf21 walnut carton (445x310x305mm)-printed,pm,packaging,carton,0.000,pm,0.050
2620,pm24-3 ply carton cf21 walnut carton (445x310x305mm)-unprinted,pm,packaging,carton,0.000,pm,0.050
2621,pm24-3 ply carton cf24 10 kg (390x290x220mm) 10000 gm-printed,pm,packaging,carton,0.000,pm,0.050
2622,pm24-3 ply carton cf24 10 kg (390x290x220mm) 10000 gm -unprinted,pm,packaging,carton,0.000,pm,0.050
2623,pm24-3 ply carton cf26 10 kg (390x290x235mm) dmart-unprinted,pm,packaging,carton,0.000,pm,0.050
2624,pm24-3 ply carton cf27 (445x278x174mm) royal delight -unprinted,pm,packaging,carton,0.000,pm,0.050
2625,pm24-3 ply carton d mart 5 case pack krack nut carton,pm,packaging,carton,0.000,pm,0.050
2626,pm24-3 ply carton flower hamper inner,pm,packaging,carton,0.000,pm,0.050
2627,pm24-3 ply carton flower hamper outer,pm,packaging,carton,0.000,pm,0.050
2628,pm24-3 ply carton for small glass bottle with partion 12 x 8 x 5 mm 3000 gm,pm,packaging,carton,0.000,pm,0.050
2629,pm24-3 ply carton karmiq seed outer carton 5000 gm,pm,packaging,carton,0.000,pm,0.050
2630,pm24-3 ply carton kracknut 10000 gm,pm,packaging,carton,0.000,pm,0.050
2631,pm24-3 ply carton partition for 100 gm,pm,packaging,carton,0.000,pm,0.050
2632,pm24-3ply carton royal traditions snack mix chapata 2.4kg,pm,packaging,carton,0.000,pm,0.050
2633,pm24-3ply carton royal traditions snack mix masala magic 2.4kg,pm,packaging,carton,0.000,pm,0.050
2634,pm24-3 ply cartons reliance pgp for 500 gm glass jar (366x244x163mm),pm,packaging,carton,0.000,pm,0.050
2635,pm24-3 ply carton tasties 12.5 x 6.75 x 8.5 mm (for monocarton),pm,packaging,carton,0.000,pm,0.050
2636,pm24-3 ply carton vedaka yellow hamper 10000 gm,pm,packaging,carton,0.000,pm,0.050
2637,pm24-3 ply cf05 al barakah fard dates carton 10kg,pm,packaging,carton,0.000,pm,0.050
2638,pm24-3 ply cf carton cf02 medjoul 1 kg 390x300x170mm 8kg,pm,packaging,carton,0.000,pm,0.050
2639,pm24-3 ply cf carton cf25 raisin,pm,packaging,carton,0.000,pm,0.050
2640,pm24-3 ply curate carton 10 kg (cf24) printed,pm,packaging,carton,0.000,pm,0.050
2641,pm24-3 ply curate carton (c21)printed 15 kg,pm,packaging,carton,0.000,pm,0.050
2642,pm24-3 ply del monte carton arabian dates plain with partition (for 500 gm) 10000 gm,pm,packaging,carton,0.000,pm,0.050
2643,pm24-3 ply del monte carton  arabian dates printed with partition (500 gm) 10000 gm,pm,packaging,carton,0.000,pm,0.050
2644,pm24-3 ply delmonte carton arabian dates printed with partition (for 500 gm) 10000 gm,pm,packaging,carton,0.000,pm,0.050
2645,pm24-3 ply d mart carton 5 case pack kracknut carton (432x330x165mm) 15 kg,pm,packaging,carton,0.000,pm,0.050
2646,pm24-3 ply d mart carton premia party mix 10000 gm,pm,packaging,carton,0.000,pm,0.050
2647,pm24-3 ply d mart carton premia pouch 100 gm 10 kg (482x350x184mm od),pm,packaging,carton,0.000,pm,0.050
2648,pm24-3 ply ecom carton 1000 gm,pm,packaging,carton,0.000,pm,0.050
2649,pm24-3 ply ecom carton 18 x 16 x 14 cm,pm,packaging,carton,0.000,pm,0.050
2650,pm24-3 ply ecom carton 3 ply date syrup 18 x 16 x 14 cm,pm,packaging,carton,0.000,pm,0.050
2651,pm24-3 ply ecom carton khalas 1000 gm,pm,packaging,carton,0.000,pm,0.050
2652,pm24-3 ply ecom carton nc05 plain 500 gm 9.4 x4.5 x4.5,pm,packaging,carton,0.000,pm,0.050
2653,pm24-3 ply ecom carton pista 800 gm,pm,packaging,carton,0.000,pm,0.050
2654,pm24-3 ply ecom hamper carton 11 x 8.25 x 4.5 cm,pm,packaging,carton,0.000,pm,0.050
2655,pm24-3 ply ecom kimia dates carton,pm,packaging,carton,0.000,pm,0.050
2656,pm24-3 ply habit carton printed 10 kg,pm,packaging,carton,0.000,pm,0.050
2657,pm24-3 ply habit carton unprinted 10 kg,pm,packaging,carton,0.000,pm,0.050
2658,pm24-3 ply habit carton unprinted 15 kg,pm,packaging,carton,0.000,pm,0.050
2659,pm24-3 ply kimia carton dates,pm,packaging,carton,0.000,pm,0.050
2660,pm24-3 ply krack nut monocarton carton 10 kg,pm,packaging,carton,0.000,pm,0.050
2661,pm24-3 ply rajat carton 20kg,pm,packaging,carton,0.000,pm,0.050
2662,pm24-3 ply snactac carton 10000 gm,pm,packaging,carton,0.000,pm,0.050
2663,pm24-5ply cafe coffe day carton,pm,packaging,carton,0.000,pm,0.050
2664,pm24-5 ply carnival carton ajwa(blister) 5 kg,pm,packaging,carton,0.000,pm,0.050
2665,pm24-5 ply carnival carton ajwa(blister) 5kg &parti,pm,packaging,carton,0.000,pm,0.050
2666,pm24-5 ply carton 530 x300 x275id,pm,packaging,carton,0.000,pm,0.050
2667,pm24-5 ply carton al barakah date powder,pm,packaging,carton,0.000,pm,0.050
2668,pm24-5 ply carton al barakah dates (430x283x137mm) yellow 10 kg,pm,packaging,carton,0.000,pm,0.050
2669,pm24-5 ply carton-all purpose,pm,packaging,carton,0.000,pm,0.050
2670,pm24-5 ply carton blissful,pm,packaging,carton,0.000,pm,0.050
2671,pm24-5 ply carton blueberry & cranberry pouch 5 kg,pm,packaging,carton,0.000,pm,0.050
2672,pm24-5 ply carton cf24 10kg (390x290x220) (d mart)-unprinted,pm,packaging,carton,0.000,pm,0.050
2673,pm24-5ply carton d mart premia almond salted 2.4kg,pm,packaging,carton,0.000,pm,0.050
2674,pm24-5ply carton d mart premia almond smokes  2.4kg,pm,packaging,carton,0.000,pm,0.050
2675,pm24-5ply carton d mart premia cashew black pepper 2.4kg,pm,packaging,carton,0.000,pm,0.050
2676,pm24-5ply carton d mart premia cashew salted 2.4kg,pm,packaging,carton,0.000,pm,0.050
2677,pm24-5ply carton d mart premia cranberries chatpata 2.4kg,pm,packaging,carton,0.000,pm,0.050
2678,pm24-5ply carton d mart qwik snack almonds cashews mix,pm,packaging,carton,0.000,pm,0.050
2679,pm24-5ply carton d mart qwik snack cranberry chatpata,pm,packaging,carton,0.000,pm,0.050
2680,pm24-5 ply carton golden carnival (460x295x235mm) 15 kg,pm,packaging,carton,0.000,pm,0.050
2681,pm24-5 ply carton good life chia seeds 3 kg,pm,packaging,carton,0.000,pm,0.050
2682,pm24-5 ply carton good life dates 15000 gm,pm,packaging,carton,0.000,pm,0.050
2683,pm24-5 ply carton good life other seeds 3 kg,pm,packaging,carton,0.000,pm,0.050
2684,pm24-5 ply carton nutraj master carton (460x360x195mm),pm,packaging,carton,0.000,pm,0.050
2685,pm24-5 ply carton seeds pouch 5 kg,pm,packaging,carton,0.000,pm,0.050
2686,pm24-5 ply carton silver carnival (460x295x235mm)-15 kg,pm,packaging,carton,0.000,pm,0.050
2687,pm24- 5 ply cf21 walnut carton unprinted,pm,packaging,carton,0.000,pm,0.050
2688,pm24-5 ply cf carton cf29 (455x345x170mm)-white 10 kg,pm,packaging,carton,0.000,pm,0.050
2689,pm24-5ply cf carton cf31 10 kg,pm,packaging,carton,0.000,pm,0.050
2690,pm24-5 ply del monte carton  prunes 380 x 240 x 170mm 10000 gm,pm,packaging,carton,0.000,pm,0.050
2691,pm24-5 ply diwali carton (3p)  hardik,pm,packaging,carton,0.000,pm,0.050
2692,pm24-5 ply diwali carton (4p),pm,packaging,carton,0.000,pm,0.050
2693,pm24-5 ply diwali carton 5pet hamper,pm,packaging,carton,0.000,pm,0.050
2694,pm24-5 ply diwali carton celebration,pm,packaging,carton,0.000,pm,0.050
2695,pm24-5 ply diwali carton mayur ratna big,pm,packaging,carton,0.000,pm,0.050
2696,pm24-5 ply diwali carton mayur ratna small,pm,packaging,carton,0.000,pm,0.050
2697,pm24-5 ply diwali carton nwf 4p,pm,packaging,carton,0.000,pm,0.050
2698,pm24-5 ply diwali carton nwf 6p,pm,packaging,carton,0.000,pm,0.050
2699,pm24-5 ply diwali carton royal divine,pm,packaging,carton,0.000,pm,0.050
2700,pm24-5 ply diwali carton sahi upahar (walmart),pm,packaging,carton,0.000,pm,0.050
2701,pm24-5ply diwali carton supreme 579x470x318 (8000gm),pm,packaging,carton,0.000,pm,0.050
2702,pm24-5 ply diwali carton utsav (walmart),pm,packaging,carton,0.000,pm,0.050
2703,pm24-5 ply diwali carton vedaka common,pm,packaging,carton,0.000,pm,0.050
2704,pm24-5 ply diwali carton vedaka rangoli,pm,packaging,carton,0.000,pm,0.050
2705,pm24-5ply diwali greetings carton (6p-610x430x275 mm) 6720 gm,pm,packaging,carton,0.000,pm,0.050
2706,pm24-5ply diwali magic movement hoh (4p),pm,packaging,carton,0.000,pm,0.050
2707,pm24-5ply diwali mahotsav hoh (4p),pm,packaging,carton,0.000,pm,0.050
2708,pm24-5ply diwali moment carton (3m-435x365x315 mm) 4800gm,pm,packaging,carton,0.000,pm,0.050
2709,pm24-5ply diwali shubhkamnaye hoh (3p),pm,packaging,carton,0.000,pm,0.050
2710,pm24-5ply diwali shubkamnaye carton (2p- 370x305x215) 3600 gm,pm,packaging,carton,0.000,pm,0.050
2711,pm24-5ply diwali signature carton m4,pm,packaging,carton,0.000,pm,0.050
2712,pm24-5ply diwali signature carton m4 5ply (466 x 426 x 294),pm,packaging,carton,0.000,pm,0.050
2713,pm24-5ply diwali uphar carton,pm,packaging,carton,0.000,pm,0.050
2714,pm24-al barakah ajwa dates 400 gm,pm,packaging,pouch,0.000,pm,0.050
2715,pm24-al barakah date delights classic (cardamom flavour) monocarton 210 gm,pm,packaging,monocarton,0.000,pm,0.050
2716,pm24-al barakah dates bottom printed 250 gm,pm,packaging,bottom,0.000,pm,0.050
2717,pm24-al barakah dates bottom printed 500 gm,pm,packaging,bottom,0.000,pm,0.050
2718,pm24-al barakah mabroom dates 400 gm,pm,packaging,pouch,0.000,pm,0.050
2719,pm24- al barakah medjoul date top 400gm,pm,packaging,top,0.000,pm,0.050
2720,pm24-al barakah seedless kalmi dates 400 gm,pm,packaging,pouch,0.000,pm,0.050
2721,pm24-al barakah seedless mabroom dates 400 gm,pm,packaging,pouch,0.000,pm,0.050
2722,pm24-al barakah seedless safawi dates 400 gm,pm,packaging,pouch,0.000,pm,0.050
2723,pm24-all is well choco crunch 180 gm monocarton,pm,packaging,monocarton,0.000,pm,0.050
2724,pm24-all is well fig and dates 180 gm monocarton,pm,packaging,monocarton,0.000,pm,0.050
2725,pm24-all is well hazelnut 180 gm monocarton,pm,packaging,monocarton,0.000,pm,0.050
2726,pm24-all is well oats and aprictos 180 gm monocarton,pm,packaging,monocarton,0.000,pm,0.050
2727,pm24-anjeer monocarton 100 gm,pm,packaging,monocarton,0.000,pm,0.050
2728,pm24-anjeer monocarton (cred) 200 gm,pm,packaging,monocarton,0.000,pm,0.050
2729,pm24-bamboo tongs 5 gm,pm,packaging,tong,0.000,pm,0.050
2730,pm24-bottom dates plain 1 kg,pm,packaging,bottom,0.000,pm,0.050
2731,pm24-butter paper 14970 gm,pm,packaging,butter paper,0.000,pm,0.050
2732,pm24-cafe coffee day monocarton 300gm,pm,packaging,monocarton,0.000,pm,0.050
2733,pm24-café galleria specially selected dry fruit delux pouch 250 gm,pm,packaging,pouch,0.000,pm,0.050
2734,pm24-café galleria specially selected dry fruit delux pouch 500 gm digital,pm,packaging,pouch roll,0.000,pm,0.050
2735,pm24-café galleria specially selected snack roasted pouch 500 gm digital,pm,packaging,pouch roll,0.000,pm,0.050
2736,pm24-california pistachio roasted & salted monocarton (cred) 200 gm,pm,packaging,monocarton,0.000,pm,0.050
2737,pm24-carnival almond 100 gm,pm,packaging,pouch,0.000,pm,0.050
2738,pm24-carnival almond 500 gm monocarton,pm,packaging,monocarton,0.000,pm,0.050
2739,pm24-carnival almond choco bite 100g (dark chocolate),pm,packaging,monocarton,0.000,pm,0.050
2740,pm24-carnival almond choco bite 100g (milk chocolate),pm,packaging,monocarton,0.000,pm,0.050
2741,pm24-carnival almond choco bite 100g (white chocolate),pm,packaging,monocarton,0.000,pm,0.050
2742,pm24-carnival almond monocarton 250 gm,pm,packaging,monocarton,0.000,pm,0.050
2743,pm24-carnival almonds (cred) monocarton 1000 gm,pm,packaging,monocarton,0.000,pm,0.050
2744,pm24-carnival almonds independence monocarton (cred) 200 gm,pm,packaging,monocarton,0.000,pm,0.050
2745,pm24-carnival american pecan nut monocarton (cred) 200 gm,pm,packaging,monocarton,0.000,pm,0.050
2746,pm24-carnival anjeer monocarton 250 gm,pm,packaging,monocarton,0.000,pm,0.050
2747,pm24-carnival anjeer small (dried) (cred) monocarton 200 gm,pm,packaging,monocarton,0.000,pm,0.050
2748,pm24-carnival apricot monocarton 250 gm,pm,packaging,monocarton,0.000,pm,0.050
2749,pm24-carnival apricot monocarton (cred) 200 gm,pm,packaging,monocarton,0.000,pm,0.050
2750,pm24-carnival blackcurrant monocarton 250 gm,pm,packaging,monocarton,0.000,pm,0.050
2751,pm24-carnival brazil nuts monocarton 250 gm,pm,packaging,monocarton,0.000,pm,0.050
2752,pm24-carnival brazil nuts monocarton (cred) 250 gm,pm,packaging,monocarton,0.000,pm,0.050
2753,pm24-carnival california pista monocarton 100 gm,pm,packaging,monocarton,0.000,pm,0.050
2754,pm24-carnival cashew 400 monocarton (cred) 200 gm,pm,packaging,monocarton,0.000,pm,0.050
2755,pm24-carnival cashewnut monocarton 250 gm,pm,packaging,monocarton,0.000,pm,0.050
2756,pm24-carnival cashew (w320) (cred) monocarton 200 gm,pm,packaging,monocarton,0.000,pm,0.050
2757,pm24-carnival chatpata black raisin 100 gm,pm,packaging,label,0.000,pm,0.050
2758,pm24-carnival choco almond delight monocartons 50 gm,pm,packaging,monocarton,0.000,pm,0.050
2759,pm24-carnival dates bite composite tin with tin lid (127mmx160mm) cred 200 gm,pm,packaging,tin,0.000,pm,0.050
2760,pm24-carnival hazelnut classic (cred)monocarton 200 gm,pm,packaging,monocarton,0.000,pm,0.050
2761,pm24-carnival hazelnut monocarton 200 gm,pm,packaging,monocarton,0.000,pm,0.050
2762,pm24-carnival indian black raisin monocarton 200 gm,pm,packaging,monocarton,0.000,pm,0.050
2763,pm24-carnival indian black raisin seedless monocarton (cred) 250 gm,pm,packaging,monocarton,0.000,pm,0.050
2764,pm24-carnival indian green raisin (cred) 1000 gm monocarton,pm,packaging,monocarton,0.000,pm,0.050
2765,pm24-carnival indian raisins green 200 gm monocarton,pm,packaging,monocarton,0.000,pm,0.050
2766,pm24-carnival kashmir kesar monocarton 2 gm,pm,packaging,monocarton,0.000,pm,0.050
2767,pm24-carnival kashmir kesar monocarton 5 gm,pm,packaging,monocarton,0.000,pm,0.050
2768,pm24-carnival khalas (cred) monocarton,pm,packaging,monocarton,0.000,pm,0.050
2769,pm24-carnival mamra almond monocarton red (cred) 250 gm,pm,packaging,monocarton,0.000,pm,0.050
2770,pm24-carnival omani dates (cred) 200 gm monocarton,pm,packaging,monocarton,0.000,pm,0.050
2771,pm24-carnival pecanuts monocarton (cred) 250 gm,pm,packaging,monocarton,0.000,pm,0.050
2772,pm24-carnival pitted prunes set 250 gm,pm,packaging,label,0.000,pm,0.050
2773,pm24-carnival premium mamra 250 gm monocarton,pm,packaging,monocarton,0.000,pm,0.050
2774,pm24-carnival roasted salted macadamia monocarton 250 gm,pm,packaging,monocarton,0.000,pm,0.050
2775,pm24-carnival roasted salted pistachio 100 gm monocarton,pm,packaging,monocarton,0.000,pm,0.050
2776,pm24-carnival roasted salted pistachio 250 gm monocarton,pm,packaging,monocarton,0.000,pm,0.050
2777,pm24-carnival running almonds (cred) 200 gm monocarton,pm,packaging,monocarton,0.000,pm,0.050
2778,pm24-carnival thandai monocarton,pm,packaging,monocarton,0.000,pm,0.050
2779,pm24-carnival walnut regular monocarton (cred) 250 gm,pm,packaging,monocarton,0.000,pm,0.050
2780,pm24-carnival walnuts preimum monocarton 250 gm,pm,packaging,monocarton,0.000,pm,0.050
2781,pm24-carton d mart  royal traditions mahotsav 500g x 10,pm,packaging,carton,0.000,pm,0.050
2782,pm24-carton d mart  royal traditions shubhkamna 300g x 14,pm,packaging,carton,0.000,pm,0.050
2783,pm24-carton d mart  royal traditions tyohar 400g x 14,pm,packaging,carton,0.000,pm,0.050
2784,pm24-carton d mart  royal traditions utsav 300g x 14,pm,packaging,carton,0.000,pm,0.050
2785,pm24-chilgoza giri pine nut kernel 250 gm,pm,packaging,monocarton,0.000,pm,0.050
2786,pm24-choco berry bite monocarton 30 gm,pm,packaging,monocarton,0.000,pm,0.050
2787,pm24-corrugated box-1kg bottom plain 3ply,pm,packaging,bottom,0.000,pm,0.050
2788,pm24-curate anjeer monocarton 200 gm,pm,packaging,monocarton,0.000,pm,0.050
2789,pm24-curate cashew monocarton 200 gm,pm,packaging,monocarton,0.000,pm,0.050
2790,pm24-curate cashew monocarton 500 gm,pm,packaging,monocarton,0.000,pm,0.050
2791,pm24- curate date bite assorted flavour,pm,packaging,monocarton,0.000,pm,0.050
2792,pm24-curate date bite-assorted monocarton 2 x 210 gm,pm,packaging,monocarton,0.000,pm,0.050
2793,pm24- curate date bite classic cardamon,pm,packaging,monocarton,0.000,pm,0.050
2794,pm24-curate date bite-classic monocarton 210 gm,pm,packaging,monocarton,0.000,pm,0.050
2795,pm24-curate date bite-rose monocarton 210 gm,pm,packaging,monocarton,0.000,pm,0.050
2796,pm24-curate dates bottom printed 500 gm,pm,packaging,bottom,0.000,pm,0.050
2797,pm24-curate hazelnut monocarton 200 gm,pm,packaging,monocarton,0.000,pm,0.050
2798,pm24-curate macadamia nuts monocarton 200 gm,pm,packaging,monocarton,0.000,pm,0.050
2799,pm24-curate mamra almond monocarton 200 gm,pm,packaging,monocarton,0.000,pm,0.050
2800,pm24-curate mamra almond monocarton 500 gm,pm,packaging,monocarton,0.000,pm,0.050
2801,pm24-curate medjoul dates top 500 gm,pm,packaging,top,0.000,pm,0.050
2802,pm24-curate pista peshawari monocarton 200 gm,pm,packaging,monocarton,0.000,pm,0.050
2803,pm24-curate pitted prunes monocarton 200 gm,pm,packaging,monocarton,0.000,pm,0.050
2804,pm24-curate whole blueberry monocarton 200 gm,pm,packaging,monocarton,0.000,pm,0.050
2805,pm24-curate whole cranberry monocarton 200 gm,pm,packaging,monocarton,0.000,pm,0.050
2806,pm24-date delight classic monocarton,pm,packaging,monocarton,0.000,pm,0.050
2807,pm24-dates bottom unprinted 250 gm,pm,packaging,bottom,0.000,pm,0.050
2808,pm24-dates bottom with partition unprinted 5kg,pm,packaging,bottom,0.000,pm,0.050
2809,pm24 -deglet nour box 908g (mono carton),pm,packaging,monocarton,0.000,pm,0.050
2810,pm24-delmonte carton with partition(200grm)plain,pm,packaging,carton,0.000,pm,0.050
2811,pm24-delmonte prune 380*240*170(od)5ply 150gsm all 22bf,pm,packaging,pouch,0.000,pm,0.050
2812,pm24-d mart carton celebration pack 400 g x 15 (pet) (610x425x315mm),pm,packaging,carton,0.000,pm,0.050
2813,pm24-d mart qwik snax monocarton,pm,packaging,monocarton,0.000,pm,0.050
2814,pm24-dr batra protein hair health bar monocarton,pm,packaging,monocarton,0.000,pm,0.050
2815,pm24-dry fruit instant monocarton,pm,packaging,monocarton,0.000,pm,0.050
2816,pm24-dub-10/ / 15 carton 200 gm,pm,packaging,monocarton,0.000,pm,0.050
2817,pm24-empl-dryfruits instant monocarton175 gm,pm,packaging,monocarton,0.000,pm,0.050
2818,pm24-empl-dryfruits instant monocarton 270 gm,pm,packaging,monocarton,0.000,pm,0.050
2819,pm24-empl-gondh mono carton,pm,packaging,monocarton,0.000,pm,0.050
2820,pm24-empl-kamarkas mono carton,pm,packaging,monocarton,0.000,pm,0.050
2821,pm24-empl-methi mono carton,pm,packaging,monocarton,0.000,pm,0.050
2822,pm24-empl-wholesome millet mono carton,pm,packaging,monocarton,0.000,pm,0.050
2823,pm24-fit bar assorted pack of 12 monocarton,pm,packaging,monocarton,0.000,pm,0.050
2824,pm24-fnp choco almond monocartons 50 gm,pm,packaging,monocarton,0.000,pm,0.050
2825,pm24-fnp monocartons choco berry bite,pm,packaging,monocarton,0.000,pm,0.050
2826,pm24-golden tray 200 small 200 gm,pm,packaging,bottom,0.000,pm,0.050
2827,pm24-goodlife dates carton,pm,packaging,carton,0.000,pm,0.050
2828,pm24-hamper-5 pet diwali carton 500 x 315 x 310 id 5 ply,pm,packaging,carton,0.000,pm,0.050
2829,pm24-hamper-8 dates box,pm,packaging,hamper-box,0.000,pm,0.050
2830,pm24-hamper-9 dates box,pm,packaging,hamper-box,0.000,pm,0.050
2831,pm24-hamper-almond 100 gm (monocarton) non printed,pm,packaging,monocarton,0.000,pm,0.050
2832,pm24-hamper-almond 100 gm (monocarton) printed,pm,packaging,monocarton,0.000,pm,0.050
2833,pm24-hamper-almond 150 gm (monocarton) printed,pm,packaging,monocarton,0.000,pm,0.050
2834,pm24-hamper-cashew 100 gm (monocarton) printed,pm,packaging,monocarton,0.000,pm,0.050
2835,pm24-hamper-cashew 125 gm (monocarton) printed,pm,packaging,monocarton,0.000,pm,0.050
2836,pm24-hamper-cashew 150 gm (monocarton) printed,pm,packaging,monocarton,0.000,pm,0.050
2837,pm24-hamper-celebrating moment 300 gm red printed,pm,packaging,hamper-box,0.000,pm,0.050
2838,pm24-hamper-celebrating moment 300 gm red printed blue,pm,packaging,hamper-box,0.000,pm,0.050
2839,pm24-hamper-celebrating moment 300 gm tray,pm,packaging,hamper-tray,0.000,pm,0.050
2840,pm24-hamper-celebration 4p exclusive 550 gm orange printed,pm,packaging,hamper-box,0.000,pm,0.050
2841,pm24-hamper-celebration 4p exclusive 550 gm tray,pm,packaging,hamper-tray,0.000,pm,0.050
2842,pm24-hamper-classic diya partition,pm,packaging,partition,0.000,pm,0.050
2843,pm24-hamper-diya with dimond,pm,packaging,hamper-diya,0.000,pm,0.050
2844,pm24-hamper-d mart festive pack dry fruit 400g sleeve (pouch),pm,packaging,pouch,0.000,pm,0.050
2845,pm24-hamper-d mart festive pack dry fruit box 300g (for pouch),pm,packaging,hamper-box,0.000,pm,0.050
2846,pm24-hamper-d mart festive pack dry fruits 500g,pm,packaging,hamper-box,0.000,pm,0.050
2847,pm24-hamper-d mart premia 400 gm tray,pm,packaging,hamper-tray,0.000,pm,0.050
2848,pm24-hamper-dmart premia celebration pack 400g (pet) & tray,pm,packaging,hamper-tray,0.000,pm,0.050
2849,pm24-hamper-festive greeting 560 gm tray,pm,packaging,hamper-tray,0.000,pm,0.050
2850,pm24-hamper-festive greeting 560 gm yellow printed,pm,packaging,hamper-box,0.000,pm,0.050
2851,pm24-hamper gift box mayur ratna big 520g,pm,packaging,hamper-box,0.000,pm,0.050
2852,pm24-hamper gift box mayur ratna small 360g,pm,packaging,hamper-box,0.000,pm,0.050
2853,pm24-hamper gift box royal divine 550g,pm,packaging,hamper-box,0.000,pm,0.050
2854,pm24-hamper gift box utsav 700g,pm,packaging,hamper-box,0.000,pm,0.050
2855,pm24-hamper-golden partition for mdf celebration box ( 4 pet),pm,packaging,partition,0.000,pm,0.050
2856,pm24-hamper-golden partition for mdf classic box ( 3 pet ),pm,packaging,partition,0.000,pm,0.050
2857,pm24-hamper-hardik shubh 280 gm blue printed,pm,packaging,hamper-box,0.000,pm,0.050
2858,pm24-hamper-hardik shubh 280 gm(set),pm,packaging,hamper-box,0.000,pm,0.050
2859,pm24-hamper-hardik shubh 280 gm tray,pm,packaging,hamper-tray,0.000,pm,0.050
2860,pm24-hamper-hat box big,pm,packaging,hamper-box,0.000,pm,0.050
2861,pm24-hamper-hat box small,pm,packaging,hamper-box,0.000,pm,0.050
2862,pm24-hamper-hoh chocolate dates,pm,packaging,hamper-box,0.000,pm,0.050
2863,pm24-hamper-hoh ribbons narrow woven fabrics polyster strip printed,pm,packaging,ribbon,0.000,pm,0.050
2864,"pm24-hamper-mdf printed box 11 x 11-radha krishan, gateway of india n elephant ( premium dates box)",pm,packaging,hamper-mdf box,0.000,pm,0.050
2865,pm24-hamper-mdf vakratund partition (paper),pm,packaging,partition,0.000,pm,0.050
2866,pm24-hamper-metal dry fruit stand (250 gm x3),pm,packaging,hamper metal,0.000,pm,0.050
2867,pm24-hamper modak printed box,pm,packaging,hamper-box,0.000,pm,0.050
2868,pm24-hamper-net potli basket,pm,packaging,hamper-basket,0.000,pm,0.050
2869,pm24-hamper-octagon box,pm,packaging,hamper-box,0.000,pm,0.050
2870,pm24-hamper-open tray,pm,packaging,hamper-tray,0.000,pm,0.050
2871,pm24-hamper-open tray hamper small (cardboard)(14 x 8),pm,packaging,hamper-tray,0.000,pm,0.050
2872,pm24-hamper-orange open basket,pm,packaging,hamper-tray,0.000,pm,0.050
2873,pm24-hamper-organic carry bag hoh (orange),pm,packaging,bag,0.000,pm,0.050
2874,pm24-hamper paper bag,pm,packaging,hamper-bag,0.000,pm,0.050
2875,pm24-hamper-pista 150 gm (monocarton) printed,pm,packaging,monocarton,0.000,pm,0.050
2876,pm24-hamper printed carry bag blue,pm,packaging,hamper-bag,0.000,pm,0.050
2877,pm24-hamper printed carry bag green,pm,packaging,hamper-bag,0.000,pm,0.050
2878,pm24-hamper printed carry bag orange,pm,packaging,hamper-bag,0.000,pm,0.050
2879,pm24-hamper printed carry bag yellow,pm,packaging,hamper-bag,0.000,pm,0.050
2880,pm24-hamper-raisin 100 g (monocarton) printed,pm,packaging,monocarton,0.000,pm,0.050
2881,pm24-hamper-raisin 200 gm (monocarton) printed,pm,packaging,monocarton,0.000,pm,0.050
2882,pm24-hamper rakhi gift box,pm,packaging,hamper-box,0.000,pm,0.050
2883,pm24-hamper-red/pink generic box,pm,packaging,box,0.000,pm,0.050
2884,pm24-hamper-sahi uphaar 300 gm chocolaty printed,pm,packaging,hamper-box,0.000,pm,0.050
2885,pm24-hamper-sahi uphaar 300 gm tray,pm,packaging,hamper-box,0.000,pm,0.050
2886,pm24-hamper-sahi uphar r/s almond 100g (monocarton) printed,pm,packaging,monocarton,0.000,pm,0.050
2887,pm24-hamper-sahi uphar r/s cashew 100g (monocarton) printed,pm,packaging,monocarton,0.000,pm,0.050
2888,pm24-hamper-sahi uphar r/s pista 100g (monocarton) printed,pm,packaging,monocarton,0.000,pm,0.050
2889,pm24-hamper-shubkamnayein 180 gm yellow,pm,packaging,hamper-box,0.000,pm,0.050
2890,pm24-hamper-signature collection 600 gm blue non printed / printed,pm,packaging,hamper-box,0.000,pm,0.050
2891,pm24-hamper-signature collection 600 gm chocolaty printed,pm,packaging,hamper-box,0.000,pm,0.050
2892,pm24-hamper triangle printed carry bag,pm,packaging,hamper-bag,0.000,pm,0.050
2893,pm24-hamper-urban platter-6 pcs energy bar magnetic hb box,pm,packaging,hamper-box,0.000,pm,0.050
2894,pm24-hamper-velvet potli-yellow small,pm,packaging,hamper-potli,0.000,pm,0.050
2895,pm24-hamper-wellness tgow bento blue box,pm,packaging,box,0.000,pm,0.050
2896,pm24-hamper-wellness tgow bento golden tray,pm,packaging,tray,0.000,pm,0.050
2897,pm24-hamper-wooden diwali box-4 p-12 x 12,pm,packaging,hamper-mdf box,0.000,pm,0.050
2898,"pm24-hamper-wooden diwali box-6p-10 x 15""",pm,packaging,hamper-mdf box,0.000,pm,0.050
2899,pm24-hamper-wooden diwali box-p-12 x 14,pm,packaging,hamper-mdf box,0.000,pm,0.050
2900,"pm24-hamper-wooden diwali box-p-14 x 18""",pm,packaging,hamper-mdf box,0.000,pm,0.050
2901,pm24-healing hand bar monocarton 210 gm,pm,packaging,monocarton,0.000,pm,0.050
2902,pm24-healing hand bar ots and dates monocarton 210gm,pm,packaging,monocarton,0.000,pm,0.050
2903,pm24-healthy bite monocarton,pm,packaging,monocarton,0.000,pm,0.050
2904,pm24-hoh 7 cavity printed box,pm,packaging,box,0.000,pm,0.050
2905,pm24-hoh diwali fudge box(chikki box),pm,packaging,hamper-box,0.000,pm,0.050
2906,pm24-hoh diwali gift box madhur mahotsav 400gm(4p)bag,pm,packaging,hamper-bag,0.000,pm,0.050
2907,pm24-hoh diwali gift box madhur mahotsav 400gm(4p)sleeve,pm,packaging,sleeve,0.000,pm,0.050
2908,pm24-hoh diwali gift box madhur mahotsav 400gm(4p) tray,pm,packaging,tray,0.000,pm,0.050
2909,pm24-hoh diwali gift box  magic movement 600gm(4p) set,pm,packaging,hamper-box,0.000,pm,0.050
2910,pm24-hoh diwali gift box  mangalmay mahotsav 600gm(6p)bag,pm,packaging,hamper-bag,0.000,pm,0.050
2911,pm24-hoh diwali gift box mangalmay mahotsav 600gm(6p)sleeve,pm,packaging,sleeve,0.000,pm,0.050
2912,pm24-hoh diwali gift box mangalmay mahotsav 600gm(6p) tray,pm,packaging,tray,0.000,pm,0.050
2913,pm24-hoh diwali gift box monocarton madhur mahotsav 400gm(4p),pm,packaging,monocarton,0.000,pm,0.050
2914,pm24-hoh diwali gift box monocarton magic movement 600gm(4p),pm,packaging,monocarton,0.000,pm,0.050
2915,pm24-hoh diwali gift box monocarton mangalmay mahotsav 600gm(6p),pm,packaging,monocarton,0.000,pm,0.050
2916,pm24-hoh diwali gift box monocraton shubhkamnaye 300gm(3p),pm,packaging,monocarton,0.000,pm,0.050
2917,pm24-hoh diwali gift box shubhkamnaye 300gm(3p) bag,pm,packaging,hamper-bag,0.000,pm,0.050
2918,pm24-hoh diwali gift box shubhkamnaye 300gm(3p) sleeve,pm,packaging,sleeve,0.000,pm,0.050
2919,pm24-hoh diwali gift box shubhkamnaye 300gm(3p) tray,pm,packaging,tray,0.000,pm,0.050
2920,pm24-hoh-monocarton 200 gm,pm,packaging,monocarton,0.000,pm,0.050
2921,pm24-inside golden tray 22x16 duplex board 230gsm,pm,packaging,tray,0.000,pm,0.050
2922,pm24-inside golden tray 22x18 duplex board 230gsm,pm,packaging,tray,0.000,pm,0.050
2923,pm24-inside golden tray  24x15.25 duplex board 230gsm,pm,packaging,tray,0.000,pm,0.050
2924,pm24-inside golden tray  26x16.5 duplex board 230gsm,pm,packaging,tray,0.000,pm,0.050
2925,pm24-kingdom of dates golden tray medjoul dates 500 gm,pm,packaging,bottom,0.000,pm,0.050
2926,pm24-kingdom of dates medjoul dates 1kg bottom printed 1000 gm,pm,packaging,bottom,0.000,pm,0.050
2927,pm24-kingdom of dates top 5000 gm,pm,packaging,top,0.000,pm,0.050
2928,pm24-king solomon-blue medjoul dates top junior 500 gm,pm,packaging,top,0.000,pm,0.050
2929,pm24-king solomon-bon bon bottom plain 320 gm,pm,packaging,bottom,0.000,pm,0.050
2930,pm24-king solomon-bon bon bottom plain 750 gm_carto,pm,packaging,bottom,0.000,pm,0.050
2931,pm24-king solomon-bon bon bottom printed 320 gm,pm,packaging,bottom,0.000,pm,0.050
2932,pm24-king solomon-bon bon bottom printed 750 gm,pm,packaging,bottom,0.000,pm,0.050
2933,pm24-king solomon-bon bon top 320 gm_mono carton,pm,packaging,top,0.000,pm,0.050
2934,pm24-king solomon-bon bon top 750 gm_mono carton,pm,packaging,top,0.000,pm,0.050
2935,pm24-king solomon medjoul dates 1kg bottom unprinted 1000 gm,pm,packaging,bottom,0.000,pm,0.050
2936,pm24-king solomon medjoul dates 250 gm-bottom,pm,packaging,bottom,0.000,pm,0.050
2937,pm24-king solomon medjoul dates bottom printed 1kg,pm,packaging,bottom,0.000,pm,0.050
2938,pm24-king solomon medjoul dates bottom printed 500 gm,pm,packaging,bottom,0.000,pm,0.050
2939,pm24-(king solomon) medjoul dates bottom unprinted 1kg,pm,packaging,bottom,0.000,pm,0.050
2940,pm24-(king solomon) medjoul dates bottom unprinted 500 gm,pm,packaging,bottom,0.000,pm,0.050
2941,pm24-krack nut 100gm pack of 3 monocarton 300 gm,pm,packaging,monocarton,0.000,pm,0.050
2942,pm24-krack nut assorted (black) monocarton 300 gm,pm,packaging,monocarton,0.000,pm,0.050
2943,pm24-krack nut pudina pathaka (green) monocarton 300 gm,pm,packaging,monocarton,0.000,pm,0.050
2944,pm24-mama nourish gondh monocarton,pm,packaging,monocarton,0.000,pm,0.050
2945,pm24-mukhwas pet cap 150 gm,pm,packaging,pet,0.000,pm,0.050
2946,pm24-natraj roasted salted pistachio 250gm,pm,packaging,pouch,0.000,pm,0.050
2947,pm24-nutraj wishes almond monocarton 100 gm,pm,packaging,monocarton,0.000,pm,0.050
2948,pm24-nutraj wishes cashew monocarton 100 gm,pm,packaging,monocarton,0.000,pm,0.050
2949,pm24-nutraj wishes gift box 4 x 150 gm,pm,packaging,box,0.000,pm,0.050
2950,pm24-on the run choco almond 40g monocarton 240 gm,pm,packaging,monocarton,0.000,pm,0.050
2951,pm24-on the run choco almond 80g monocarton 480 gm,pm,packaging,monocarton,0.000,pm,0.050
2952,pm24-paper cup big 30 gm,pm,packaging,cup,0.000,pm,0.050
2953,pm24-paper cup small 30 gm,pm,packaging,cup,0.000,pm,0.050
2954,pm24-plain top 1 kg,pm,packaging,top,0.000,pm,0.050
2955,pm24-rahshabandhan box without logo / sticker 100 gm,pm,packaging,hamper-box,0.000,pm,0.050
2956,pm24-royal delight ajwa dates 3ply 5 kg-top 385 x 290 x 80mm 5000 gm,pm,packaging,top,0.000,pm,0.050
2957,pm24-royal delight bottom printed 250 gm,pm,packaging,bottom,0.000,pm,0.050
2958,pm24-royal delight bottom printed 500 gm,pm,packaging,bottom,0.000,pm,0.050
2959,pm24-royal delight bottom unprinted 500 gm,pm,packaging,bottom,0.000,pm,0.050
2960,pm24-royal delight deri dates 3ply 5 kg-top 385 x 290 x 80mm 5000 gm,pm,packaging,top,0.000,pm,0.050
2961,pm24-royal delight fard dates 3ply 5 kg-top 385 x 290 x 80mm 5000 gm,pm,packaging,top,0.000,pm,0.050
2962,pm24-royal delight kalmi dates seeded 400 gm,pm,packaging,top,0.000,pm,0.050
2963,pm24-royal delight mabroom 3ply 5 kg top 385 x 290 x 80mm 5000 gm,pm,packaging,top,0.000,pm,0.050
2964,pm24-royal delight mabroom dates seedless albarkh (cred) 400 gm,pm,packaging,top,0.000,pm,0.050
2965,pm24-royal delight maryam dates top (cred) 350 gm,pm,packaging,top,0.000,pm,0.050
2966,pm24-royal delight mazafati dates 3ply 5 kg-top 385 x 290 x 80mm 5000 gm,pm,packaging,top,0.000,pm,0.050
2967,pm24-royal delight medjool dates top (brown) (cred) 400 gm,pm,packaging,top,0.000,pm,0.050
2968,pm24-royal delight medjoul dates 3ply 5 kg-top 385 x 290 x 80mm 5000 gm,pm,packaging,top,0.000,pm,0.050
2969,pm24-royal delight medjoul top 1kg,pm,packaging,top,0.000,pm,0.050
2970,pm24-royal delight mejool junior dates top blue (cred) 400 gm,pm,packaging,top,0.000,pm,0.050
2971,pm24-royal delight mejool junior dates top (dark blue) (cred) 400 gm,pm,packaging,top,0.000,pm,0.050
2972,pm24-royal delight mejool medium dates top (purple) (cred) 400 gm,pm,packaging,top,0.000,pm,0.050
2973,pm24-royal delight oman dates 3ply 5 kg-top 385 x 290 x 80mm 5000 gm,pm,packaging,top,0.000,pm,0.050
2974,pm24-royal delight safavi dates 3ply 5 kg-top 385 x 290 x 80mm 5000 gm,pm,packaging,top,0.000,pm,0.050
2975,pm24-royal delight safavi dates seeded 400 gm,pm,packaging,top,0.000,pm,0.050
2976,pm24-royal delight uae dates 3ply 5 kg-top 385 x 290 x 80mm 5000 gm,pm,packaging,top,0.000,pm,0.050
2977,pm24-royal delight zahidi dates pouch 1kg,pm,packaging,pouch,0.000,pm,0.050
2978,pm24-royal tradition mahotsav 500g,pm,packaging,hamper-box,0.000,pm,0.050
2979,pm24-royal traditions shubhkamna 300 g laptop pack,pm,packaging,hamper-box,0.000,pm,0.050
2980,pm24-royal tradition tyohaar 400g laptop 400 gm,pm,packaging,hamper-box,0.000,pm,0.050
2981,pm24-royal tradition utsav 300g (with bag)  300 gm,pm,packaging,hamper-box,0.000,pm,0.050
2982,pm24-solimo dried fig anjeer monocarton 500 gm,pm,packaging,monocarton,0.000,pm,0.050
2983,pm24-solimo premium cashew monocarton 500 gm,pm,packaging,monocarton,0.000,pm,0.050
2984,pm24-tasties brazil nuts monocarton 50 gm,pm,packaging,monocarton,0.000,pm,0.050
2985,pm24 - tasties chat masala makhana pouch roll 25 gm,pm,packaging,pouch roll,0.000,pm,0.050
2986,pm24-tasties chilli almonds monocarton 75 gm,pm,packaging,monocarton,0.000,pm,0.050
2987,pm24-tasties chilli garlic cashew-flavourful & crunchy 75 g,pm,packaging,monocarton,0.000,pm,0.050
2988,pm24-tasties hazelnut-a turkish indulgence 50 g,pm,packaging,monocarton,0.000,pm,0.050
2989,pm24-tasties lemon pepper cashew-flavourful & crunchy 75 g,pm,packaging,monocarton,0.000,pm,0.050
2990,pm24-tasties macadamianuts monocarton 50 gm,pm,packaging,monocarton,0.000,pm,0.050
2991,pm24-tasties mixed berries trail mix 75 g,pm,packaging,monocarton,0.000,pm,0.050
2992,pm24-tasties mixed dry fruits trail mix 75 g,pm,packaging,monocarton,0.000,pm,0.050
2993,pm24-tasties pecan nuts-iconic american nut 50 g,pm,packaging,monocarton,0.000,pm,0.050
2994,pm24-tasties peri-peri cashew-flavourful & crunchy 75 g,pm,packaging,monocarton,0.000,pm,0.050
2995,pm24-tasties roasted almonds with pink salt-flavourful & crunchy 75 g,pm,packaging,monocarton,0.000,pm,0.050
2996,pm24-tasties smoked almonds-flavourful & crunchy 75 g,pm,packaging,monocarton,0.000,pm,0.050
2997,pm24-tasties trail mix-wholesome monocarton 75 gm,pm,packaging,monocarton,0.000,pm,0.050
2998,pm24-tasties trail mix-wholesome nut mix 75 g,pm,packaging,monocarton,0.000,pm,0.050
2999,pm24-tray 22x16 duplex board 230gsm,pm,packaging,tray,0.000,pm,0.050
3000,pm24-tray 24x15.25 duplex board 230gsm,pm,packaging,tray,0.000,pm,0.050
3001,pm24-tray 26x16.5 duplex board 230gsm,pm,packaging,tray,0.000,pm,0.050
3002,pm24-tray cranival festive greetings box,pm,packaging,tray,0.000,pm,0.050
3003,"pm24-tub rectangle blister top, lid pl-200gm 200 gm",pm,packaging,blister lid,0.000,pm,0.050
3004,pm24-vedaka season greeting blue 5p folding 800gm,pm,packaging,pouch,0.000,pm,0.050
3005,pm24-vedaka seasons green corrogated box 400 gm,pm,packaging,pouch,0.000,pm,0.050
3006,pm24-wholesome millets monocarton,pm,packaging,monocarton,0.000,pm,0.050
3007,pm24-zesque tm  salt & pepper roasted 200 gm,pm,packaging,pouch,0.000,pm,0.050
3008,"pm24 – apollo arabian dates _3-ply printed carton,",pm,packaging,carton,0.000,pm,0.050
3009,"popular raisins, 500 g (b07gr3s1rr)",fg,raisin,raisin - indian,0.500,rpc,0.050
3010,powder black pepper spices,rm,seasoning,seasoning,1.000,bulk,0.050
3011,pregeflo c100,rm,miscellaneous - rm,other misc,1.000,bulk,0.050
3012,premia almond salted 100 gm,fg,almond,almond - kernels,0.100,va,0.050
3013,premia almonds smokd-100g,fg,almond,almond - kernels,0.100,va,0.050
3014,premia breakfast mix 100g (100005226),fg,trail mix,trail mix,0.100,va,0.050
3015,premia breakfast mix bulk,fg,trail mix,trail mix,1.000,va,0.050
3016,premia cashew black pepper 100 gm,fg,cashew,cashew - kernel,0.100,va,0.050
3017,premia cashew salted 100 gm,fg,cashew,cashew - kernel,0.100,va,0.050
3018,premia chatpata cranberry 100gm,fg,cranberry,cranberry - whole,0.100,va,0.050
3019,premia indian raisin 100gm,fg,raisin,raisin - indian,0.100,rpc,0.050
3020,premia nuts & seeds mix 100g (100005422),fg,trail mix,trail mix,0.100,va,0.050
3021,premia nuts & seeds mix bulk,fg,trail mix,trail mix,1.000,va,0.050
3022,premia prunes 100gm,fg,prunes,prunes - pitted,0.100,rpc,0.050
3023,premia trail mix 100g (100005227),fg,trail mix,trail mix,0.100,va,0.050
3024,premia trail mix bulk,fg,trail mix,trail mix,1.000,va,0.050
3025,premium shandukhani green raisins,rm,raisin,raisin - shandukhani,1.000,bulk,0.050
3026,premium trail mix 100gm,fg,trail mix,trail mix,0.100,va,0.050
3027,premix-cofee nutribite,rm,miscellaneous - rm,chocolate,1.000,bulk,0.050
3028,premix-salted caramel nutribites,rm,miscellaneous - rm,chocolate,1.000,bulk,0.050
3029,prunes 1kg (b07gr24vn1),fg,prunes,prunes - pitted,1.000,rpc,0.050
3030,prunes 200g (b07gqwrzkn),fg,prunes,prunes - pitted,0.200,rpc,0.050
3031,prunes 500g (b07gqzss53),fg,prunes,prunes - pitted,0.500,rpc,0.050
3032,psyllium husk powder,rm,miscellaneous - rm,other misc,1.000,bulk,0.050
3033,pudina cashew,fg,cashew,cashew - kernel,1.000,va,0.050
3034,pudina makhana,fg,makhana,makhana - suta,1.000,va,0.050
3035,pudina makhana 50gm,fg,makhana,makhana - suta,0.050,va,0.050
3036,pudina seasoning,rm,seasoning,seasoning,1.000,bulk,0.050
3037,pumpkin seed 12%,rm,seeds,pumpkin,1.000,bulk,0.050
3038,pumpkin seed 200g (b07gqw1hjc),fg,seeds,pumpkin,0.200,rpc,0.050
3039,pumpkin seed ( 5% ),rm,seeds,pumpkin,1.000,bulk,0.050
3040,pumpkin seeds 100g (b07gqrwynp),fg,seeds,pumpkin,0.100,rpc,0.050
3041,pumpkin seeds 500g (b07gqwst7y) fba,fg,seeds,pumpkin,0.500,rpc,0.050
3042,pumpkin seeds roasted,fg,seeds,pumpkin,1.000,bulk,0.050
3043,pumpkin seeds roasted and salted,fg,seeds,pumpkin,1.000,bulk,0.050
3044,quinoa flakes,rm,miscellaneous - rm,other misc,1.000,bulk,0.050
3045,quinoa puff base,rm,miscellaneous - rm,other misc,1.000,bulk,0.050
3046,qwiksnax almonds & cashews mix-25g,fg,trail mix,trail mix,0.025,va,0.050
3047,qwiksnax cranberries chtpta mix-30g,fg,cranberry,cranberry - sliced,0.030,va,0.050
3048,ragi,rm,miscellaneous - rm,other misc,1.000,bulk,0.050
3049,ragi flakes,rm,miscellaneous - rm,other misc,1.000,bulk,0.050
3050,ragi puff,rm,miscellaneous - rm,other misc,1.000,bulk,0.050
3051,raisin green,rm,raisin,raisin - indian,1.000,bulk,0.050
3052,raisins 200g (b07grbffmr) fba,fg,raisin,raisin - indian,0.200,rpc,0.050
3053,rajgira puff (lahi),rm,miscellaneous - rm,other misc,1.000,bulk,0.050
3054,red dates seedless 500 gm,fg,dates,seedless,0.500,dates rpc,0.050
3055,red kharik dry dates,rm,dates,dry dates,1.000,dates bulk,0.050
3056,rhine valley almond & coffee date bar 50gm,fg,bars & cereals,energy bars,0.050,va,0.050
3057,rhine valley almond & cranberry date bar 50gm,fg,bars & cereals,energy bars,0.050,va,0.050
3058,rhine valley almond & orange dark chocolate date bar 50gm,fg,bars & cereals,energy bars,0.050,va,0.050
3059,rhine valley barbeque trail mix 100gm,fg,trail mix,trail mix,0.100,va,0.050
3060,rhine valley black pepper trail mix 100gm,fg,trail mix,trail mix,0.100,va,0.050
3061,rhine valley fruit & nut date bar 50gm,fg,bars & cereals,energy bars,0.050,va,0.050
3062,rhine valley himalayan pink salt trail mix 100gm,fg,trail mix,trail mix,0.100,va,0.050
3063,rhine valley masala trail mix 100g,fg,trail mix,trail mix,0.100,va,0.050
3064,rhine valley peri peri trail mix 100gm,fg,trail mix,trail mix,0.100,va,0.050
3065,"rhine valley raspberry, almond & dark chocolate date bar 50gm",fg,bars & cereals,energy bars,0.050,va,0.050
3066,rhine valley rose & pistachio date bar 50gm,fg,bars & cereals,energy bars,0.050,va,0.050
3067,rice bran oil,rm,miscellaneous - rm,other misc,1.000,bulk,0.050
3068,rice crispy,rm,miscellaneous - rm,other misc,1.000,bulk,0.050
3069,rice crispy - 18%,rm,miscellaneous - rm,other misc,1.000,bulk,0.050
3070,rice lahi,rm,miscellaneous - rm,other misc,1.000,bulk,0.050
3071,roasted black sesame (kale til) seeds,fg,seeds,other seeds,1.000,bulk,0.050
3072,roasted blanched peanut whole,rm,peanuts,peanut - whole,1.000,bulk,0.050
3073,roasted cashew bulk,fg,cashew,cashew - kernel,1.000,rpc,0.050
3074,roasted corn,rm,miscellaneous - rm,other misc,1.000,bulk,0.050
3075,roasted flax seeds,fg,seeds,flax,1.000,rpc,0.050
3076,roasted independence almonds bulk,fg,almond,almond - kernels,1.000,rpc,0.050
3077,roasted makhana,fg,makhana,makhana - suta,1.000,rpc,0.050
3078,roasted papad ball 5%,rm,miscellaneous - rm,other misc,1.000,bulk,0.050
3079,roasted peanuts,rm,peanuts,peanut - whole,1.000,bulk,0.050
3080,roasted peanuts split,fg,peanuts,peanut - split,1.000,rpc,0.050
3081,roasted poppy seed,fg,seeds,other seeds,1.000,bulk,0.050
3082,roasted & salted almonds,fg,almond,almond - kernels,1.000,va,0.050
3083,roasted & salted almonds 140g,fg,almond,almond - kernels,0.140,va,0.050
3084,roasted & salted almonds 75g,fg,almond,almond - kernels,0.075,va,0.050
3085,roasted & salted almonds 90g,fg,almond,almond - kernels,0.090,va,0.050
3086,roasted & salted almonds bulk,fg,almond,almond - kernels,1.000,va,0.050
3087,roasted & salted cashew,fg,cashew,cashew - kernel,1.000,va,0.050
3088,roasted & salted cashew  140g,fg,cashew,cashew - kernel,0.140,va,0.050
3089,roasted & salted cashew 75gm,fg,cashew,cashew - kernel,0.075,va,0.050
3090,roasted & salted cashew 90gm,fg,cashew,cashew - kernel,0.090,va,0.050
3091,roasted & salted cashew bulk,fg,cashew,cashew - kernel,1.000,va,0.050
3092,roasted salted flax seeds,fg,seeds,flax,1.000,bulk,0.050
3093,roasted & salted pecan nuts 75gm,fg,premium nuts,pecan nuts,0.075,va,0.050
3094,roasted & salted pista 230g,fg,pista,pista - inshell,0.230,va,0.050
3095,roasted & salted pista 75gm,fg,pista,pista - inshell,0.075,va,0.050
3096,roasted white sesame (safed til) seeds,fg,seeds,other seeds,1.000,bulk,0.050
3097,rose petals,rm,miscellaneous - rm,other misc,1.000,bulk,0.050
3098,royal delight ajwa dates 250 gms,fg,dates,ajwa,0.250,dates rpc,0.050
3099,royal delight arabian dates 200gm,fg,dates,khalas,0.200,dates rpc,0.050
3100,royal delight arabian dates 250g,fg,dates,khalas,0.250,dates rpc,0.050
3101,royal delight arabian dates 300gm,fg,dates,khalas,0.300,dates rpc,0.050
3102,royal delight arabian dates 500gm,fg,dates,khalas,0.500,dates rpc,0.050
3103,royal delight assorted dates 500gm,fg,dates,assorted,0.500,dates rpc,0.050
3104,royal delight dates ajwa 800g,fg,dates,ajwa,0.800,dates rpc,0.050
3105,royal delight dates medjool medium 250g,fg,dates,medjoul-medium,0.250,dates rpc,0.050
3106,royal delight dates stuffed deri acrylic box 27 pcs,fg,dates,deri,0.300,dates rpc,0.050
3107,royal delight kimia dates 1kg,fg,dates,kimia,1.000,dates rpc,0.050
3108,royal delight kimia dates 350gm,fg,dates,kimia,0.350,dates rpc,0.050
3109,royal delight mabroom dates 250 gms,fg,dates,mabroom,0.250,dates rpc,0.050
3110,royal delight medjool dates 800g,fg,dates,medjoul-general,0.800,dates rpc,0.050
3111,royal delight medjoul dates 250 gms,fg,dates,medjoul-general,0.250,dates rpc,0.050
3112,royal delight medjoul dates 400gm,fg,dates,medjoul-general,0.400,dates rpc,0.050
3113,royal delight oman dates 1 kgs,fg,dates,oman,1.000,dates rpc,0.050
3114,royal delight oman dates 400 gms,fg,dates,fard,0.400,dates rpc,0.050
3115,royal delight safavi dates 250 gms,fg,dates,safavi,0.250,dates rpc,0.050
3116,royal delight safavi dates 5kg,fg,dates,safavi,5.000,dates rpc,0.050
3117,royal delight stuffed medjoul dates 12 pcs,fg,dates,medjoul-general,0.330,va,0.050
3118,royal delight stuffed medjul large dates 12 pieces,fg,dates,medjoul-large,1.000,va,0.050
3119,royal delight stuff medjoul dates 21 pcs,fg,dates,medjoul-general,0.420,va,0.050
3120,royal delight zahidi dates 1 kg,fg,dates,zahidi,1.000,dates rpc,0.050
3121,royal delight zahidi dates 900g,fg,dates,zahidi,0.900,dates rpc,0.050
3122,royal traditions almond 100g,fg,almond,almond - kernels,0.100,rpc,0.050
3123,royal traditions almonds salted 100g,fg,almond,almond - kernels,0.100,va,0.050
3124,royal traditions cashew 100g,fg,cashew,cashew - kernel,0.100,rpc,0.050
3125,royal traditions cashew black pepper 100g,fg,cashew,cashew - kernel,0.100,va,0.050
3126,royal traditions cashew salted 100g,fg,cashew,cashew - kernel,0.100,va,0.050
3127,royal traditions cranberries chatpata 100g,fg,cranberry,cranberry - whole,0.100,va,0.050
3128,royal traditions mahotsav dry fruits 500gm,fg,festive hampers,gifting,0.500,va,0.050
3129,royal traditions plain raisins 100g,fg,raisin,raisin - indian,0.100,rpc,0.050
3130,royal traditions shubhkamna-300g (14179),fg,festive hampers,gifting,0.300,va,0.050
3131,royal traditions tyohar 400gm,fg,festive hampers,gifting,0.400,va,0.050
3132,royal traditions utsav 300g,fg,festive hampers,gifting,0.300,va,0.050
3133,royal traditon snack masala mix 100g,fg,trail mix,trail mix,0.100,va,0.050
3134,royal traditon snack mix chatpata-100g,fg,trail mix,trail mix,0.100,va,0.050
3135,safavi dates almond praline single pc,fg,trail mix,trail mix,0.014,va,0.050
3136,safavi dates pistachio praline single pc,fg,trail mix,trail mix,0.014,va,0.050
3137,safavi grade b,rm,dates,safavi,1.000,dates bulk,0.050
3138,saffron (kesar) - irani,rm,miscellaneous - rm,other misc,0.001,bulk,0.050
3139,salt and pepper cashew bulk,fg,cashew,cashew - kernel,1.000,va,0.050
3140,salted peanuts split,fg,peanuts,peanut - split,1.000,bulk,0.050
3141,salted premium nut mix,fg,trail mix,trail mix,1.000,va,0.050
3142,salt & pepper seasoning,rm,seasoning,seasoning,1.000,bulk,0.050
3143,sayer dates,rm,dates,sayer,1.000,dates bulk,0.050
3144,sayer grade b,rm,dates,sayer,1.000,dates bulk,0.050
3145,schezwan seasoning,rm,seasoning,seasoning,1.000,bulk,0.050
3146,sea salt dry - roasted macadamia nuts- size 1,fg,premium nuts,macadamia nuts,1.000,bulk,0.050
3147,seedless chopped dry yellow kharik dates,rm,dates,dry dates,1.000,dates bulk,0.050
3148,seed mix,fg,trail mix,trail mix,1.000,va,0.050
3149,seed trail mix,fg,trail mix,trail mix,1.000,va,0.050
3150,seedy sheid- lime chilly 33gm,fg,trail mix,trail mix,0.033,va,0.050
3151,seedy sheid- lime chilly 35gm,fg,trail mix,trail mix,0.035,va,0.050
3152,sesame seeds (white til),rm,seasoning,seasoning,1.000,bulk,0.050
3153,shahi jeera (cumin seeds),rm,spices,whole spices,1.000,bulk,0.050
3154,shahi uphar 300gm,fg,festive hampers,gifting,0.300,va,0.050
3155,shubhkamanyen 180gm,fg,festive hampers,gifting,0.180,va,0.050
3156,sidcot starch,rm,miscellaneous - rm,other misc,1.000,bulk,0.050
3157,signature collections 600gm,fg,festive hampers,gifting,0.600,va,0.050
3158,simply thandai 1 kg,fg,trail mix,trail mix,1.000,va,0.050
3159,single safavi stuffed dates,fg,dates,safavi,0.015,dates rpc,0.050
3160,slivered almonds,rm,almond,almond - broken,1.000,bulk,0.050
3162,smoked almonds,fg,almond,almond - kernels,1.000,va,0.050
3163,smoked almonds bulk,fg,almond,almond - kernels,1.000,va,0.050
3164,smoked paprika pecan nuts loose,fg,premium nuts,pecan nuts,1.000,va,0.050
3165,smoke seasoning,rm,seasoning,seasoning,1.000,bulk,0.050
3166,smokey bbq cashew bulk,fg,cashew,cashew - kernel,1.000,va,0.050
3167,smokey bbq coated peanuts 200g,fg,peanuts,peanut - coated,0.200,va,0.050
3168,smokey bbq coated peanuts 70gm,fg,peanuts,peanut - coated,0.070,va,0.050
3169,smokey bbq seasoning,rm,seasoning,seasoning,1.000,bulk,0.050
3170,snack amor black pepper cashew 170g,fg,cashew,cashew - kernel,0.170,va,0.050
3171,snack amor coated peanuts pudina patakha 100g,fg,peanuts,peanut - coated,0.100,va,0.050
3172,snack amor coated peanuts tangy thai 100g,fg,peanuts,peanut - coated,0.100,va,0.050
3173,snack amor cranberry slice 100 gm,fg,cranberry,cranberry - sliced,0.100,rpc,0.050
3174,snack amor diwali gift box 400gm,fg,festive hampers,gifting,0.400,va,0.050
3175,snack amor dried apricot 200g,fg,apricot,apricot - afghan,0.200,rpc,0.050
3176,snackamor dried blackcurrant 100g,fg,blackcurrant,dried blackcurrant,0.100,rpc,0.050
3177,snack amor dried blueberry 100g,fg,blueberry,blueberry - plain,0.100,rpc,0.050
3178,snack amor dried prunes 200g,fg,prunes,prunes - pitted,0.200,rpc,0.050
3179,snack amor fruit n nut mix 200g,fg,trail mix,trail mix,0.200,va,0.050
3180,snack amor kalmi dates 250g,fg,dates,safavi,0.250,dates rpc,0.050
3181,snack amor macadamia nuts 50g,fg,premium nuts,macadamia nuts,0.050,rpc,0.050
3182,snackamor masala cranberry 150g,fg,cranberry,cranberry - sliced,0.150,va,0.050
3183,snack amor omani dates 250 gm,fg,dates,fard,0.250,dates rpc,0.050
3184,snackamor paan raisins 100g,fg,raisin,raisin - indian,0.100,va,0.050
3185,snack amor popcorn makhana 55 gm,fg,makhana,makhana - suta,0.055,rpc,0.050
3186,snack amor roasted cashew 170 gm,fg,cashew,cashew - kernel,0.170,rpc,0.050
3187,snackamor roasted chia seeds 200g,fg,seeds,chia,0.200,rpc,0.050
3188,snackamor roasted pumpkin seeds 200g,fg,seeds,pumpkin,0.200,rpc,0.050
3189,snackamor roasted salted almonds 170g,fg,almond,almond - kernels,0.170,va,0.050
3190,snackamor roasted salted pistachio 170g,fg,pista,pista - inshell,0.170,va,0.050
3191,snackamor seed mix 175g,fg,trail mix,trail mix,0.175,va,0.050
3192,"snack amor seed mix (unroasted), 175g",fg,trail mix,trail mix,0.175,va,0.050
3193,snack amor trail mix 175g,fg,trail mix,trail mix,0.175,va,0.050
3194,snackania afghan black raisins 230g,fg,raisin,raisin - black,0.230,rpc,0.050
3195,snackania afghan green raisins 230g,fg,raisin,raisin - afghan,0.230,rpc,0.050
3196,snackania ajwa dates 480g,fg,dates,ajwa,0.480,dates rpc,0.050
3197,snackania american almonds 480g,fg,almond,almond - kernels,0.480,rpc,0.050
3198,snackania blueberry 230g,fg,blueberry,blueberry - plain,0.230,rpc,0.050
3199,snackania california pistachio roasted & salted 230g,fg,pista,pista - inshell,0.230,va,0.050
3200,snackania california walnut kernel 800g,fg,walnut,walnut - kernel,0.800,rpc,0.050
3201,snackania cashew 480g,fg,cashew,cashew - kernel,0.480,rpc,0.050
3202,snackania chile walnut kernel 230g,fg,walnut,walnut - kernel,0.230,va,0.050
3203,snackania chile walnut kernel 800g,fg,walnut,walnut - kernel,0.800,va,0.050
3204,snackania cocktail mix 480g,fg,trail mix,trail mix,0.480,va,0.050
3205,snackania cranberry 230g,fg,cranberry,cranberry - whole,0.230,rpc,0.050
3206,snackania fard dates premium 480g,fg,dates,fard,0.480,dates rpc,0.050
3207,snackania green chilli cashew 230g,fg,cashew,cashew - kernel,0.230,va,0.050
3208,snackania irani pistachio roasted & salted 230g,fg,pista,pista - inshell,0.230,va,0.050
3209,snackania khalas dates 480g,fg,dates,khalas,0.480,dates rpc,0.050
3210,snackania safavi dates 480g,fg,dates,safavi,0.480,dates rpc,0.050
3211,snacktive green chilli cashew 250 gm,fg,cashew,cashew - kernel,0.250,va,0.050
3212,solimo cashew 250g (b01lpy9phi)-fba,fg,cashew,cashew - kernel,0.250,rpc,0.050
3213,solimo cashew 500g (b01lpy9ug4) fba,fg,cashew,cashew - kernel,0.500,rpc,0.050
3214,solimo dates 500g (b085ntzmvr),fg,dates,khaneizi,0.500,dates rpc,0.050
3215,solimo fard dates 500gm (b0cz9mc4b3),fg,dates,fard,0.500,dates rpc,0.050
3216,solimo figs 500g (b084429dvd) fba,fg,anjeer,dried figs,0.500,rpc,0.050
3217,solimo preimum almonds 1kg (b01lpy9p2i) - fba,fg,almond,almond - kernels,1.000,rpc,0.050
3218,solimo premium almonds 250g ( b01lpy9xy8 ),fg,almond,almond - kernels,0.250,rpc,0.050
3219,solimo premium dried apricots 500g 9b07pzwp8z1,fg,apricot,apricot - afghan,0.500,rpc,0.050
3220,solimo premium hazelnuts 250g (b07mldjktp) fba,fg,premium nuts,hazelnuts,0.250,rpc,0.050
3221,solimo premium macadamia nuts 250g (b07mld6wfq),fg,premium nuts,macadamia nuts,0.250,rpc,0.050
3222,"solimo premium pecan nuts, 250g (b07mf7k9hd)",fg,premium nuts,pecan nuts,0.250,rpc,0.050
3223,"solimo premium pine nuts, 250g (b07mf7frrg)",fg,premium nuts,pine nuts,0.250,rpc,0.050
3224,solimo premium pista kernels - plain 250g (b07q1z293g),fg,pista,pista - kernel,0.250,rpc,0.050
3225,solimo premium raisin 250g (b01lpyab9o),fg,raisin,raisin - indian,0.250,rpc,0.050
3226,"solimo premium raisins, 500 g (b07rjxw87z)",fg,raisin,raisin - indian,0.500,rpc,0.050
3227,solimo premium walnut kernal 250g (b0754lkdj4),fg,walnut,walnut - kernel,0.250,rpc,0.050
3228,solimo premium walnut kernels 500g (b07lfh2jnr),fg,walnut,walnut - kernel,0.500,rpc,0.050
3229,solimo premium walnut kernels 500g (pack of 2) b07lf8hgdb,fg,walnut,walnut - kernel,1.000,rpc,0.050
3230,solimo premium walnut kernels - broken 500g b07lf8hcll,fg,walnut,walnut - broken,0.500,rpc,0.050
3231,solimo walnut kernels – broken 500g (pack of 2) b07lfjzr4g,fg,walnut,walnut - broken,1.000,rpc,0.050
3232,sour cream and onion seasoning,rm,miscellaneous - rm,other misc,1.000,bulk,0.050
3233,sour cream and seasoning,rm,seasoning,seasoning,1.000,bulk,0.050
3234,sour & cream cashew bulk,fg,cashew,cashew - kernel,1.000,va,0.050
3235,soya nuggets 570,rm,miscellaneous - rm,other misc,1.000,bulk,0.050
3236,spanish tomato seasoning,rm,seasoning,seasoning,1.000,bulk,0.050
3237,spar bandhan festive dry fruit box 800g,fg,festive hampers,gifting,0.800,va,0.050
3238,spar select almonds 500g,fg,almond,almond - kernels,0.500,rpc,0.050
3239,strawberry powder,rm,miscellaneous - rm,other misc,1.000,bulk,0.050
3240,stuffed dates 1kg,fg,trail mix,trail mix,1.000,va,0.050
3241,stuffed deri dates with almond single,fg,trail mix,trail mix,0.015,va,0.050
3242,stuffed fard dates with almond single,fg,trail mix,trail mix,0.013,va,0.050
3243,stuffed medjoul dates large single pc,fg,dates,medjoul-large,1.000,va,0.050
3244,stuffed medjoul large pc,fg,dates,medjoul-large,1.000,va,0.050
3245,stuffed medjoul large pc with almond,fg,dates,medjoul-large,0.033,va,0.050
3246,stuffed medjoul large pc with cashew,fg,dates,medjoul-large,0.033,va,0.050
3247,stuffed medjoul large pc with dried pomelo,fg,dates,medjoul-large,0.033,va,0.050
3248,stuffed medjoul large pc with hazel nut,fg,dates,medjoul-large,0.033,va,0.050
3249,stuffed medjoul large pc with macadamia,fg,dates,medjoul-large,0.033,va,0.050
3250,stuffed medjoul large pc with orange peel,fg,dates,medjoul-large,0.033,va,0.050
3251,stuffed medjoul large pc with pecan nut,fg,dates,medjoul-large,0.033,va,0.050
3252,stuffed medjoul large pc with pista,fg,dates,medjoul-large,0.033,va,0.050
3253,stuffed medjoul large with ginger single pc,fg,trail mix,trail mix,0.026,va,0.050
3254,sufri wet dates,rm,dates,sufri,1.000,dates bulk,0.050
3255,sugar,rm,miscellaneous - rm,other misc,1.000,bulk,0.050
3256,sugar - office,rm,miscellaneous - rm,other misc,1.000,bulk,0.050
3257,sugar powder,rm,miscellaneous - rm,other misc,1.000,bulk,0.050
3258,sugar powder -tpl,rm,tajir,tajir - other,1.000,bulk,0.050
3259,sukkary dates,rm,dates,sukhary,1.000,dates bulk,0.050
3260,sunflower oil,rm,miscellaneous - rm,other misc,1.000,bulk,0.050
3261,sunflower oil in kg,rm,miscellaneous - rm,other misc,1.000,bulk,0.050
3262,sunflower seed 100g (b07gr6g24j) fba,fg,seeds,sunflower,0.100,rpc,0.050
3263,sunflower seeds,rm,seeds,sunflower,1.000,bulk,0.050
3264,sunflower seeds 200g (b07gqnln8s) fba,fg,seeds,sunflower,0.200,rpc,0.050
3265,sunflower seeds roasted,fg,seeds,sunflower,1.000,bulk,0.050
3266,sunflower seeds roasted and salted,rm,seeds,sunflower,1.000,bulk,0.050
3267,supreme 800gm,fg,festive hampers,gifting,0.800,va,0.050
3268,sweet amala candy,rm,dehydrated fruits,df - amla,1.000,bulk,0.050
3269,sweet amala candy 5%,rm,dehydrated fruits,df - amla,1.000,bulk,0.050
3270,sweet and spicy pecan,fg,premium nuts,pecan nuts,1.000,va,0.050
3271,sweet chilli macadamia nut,fg,premium nuts,macadamia nuts,1.000,va,0.050
3272,sweet chilli macadamias 100gm,fg,premium nuts,macadamia nuts,0.100,va,0.050
3273,sweet paprika powder,rm,seasoning,seasoning,1.000,bulk,0.050
3274,sweet thai chilli seasoning,rm,seasoning,seasoning,1.000,bulk,0.050
3275,tandoori masala,rm,seasoning,seasoning,1.000,bulk,0.050
3276,tandoori seasoning,rm,seasoning,seasoning,1.000,bulk,0.050
3277,tangy tomato seasoning,rm,seasoning,seasoning,1.000,bulk,0.050
3278,tapioca starch,rm,miscellaneous - rm,other misc,1.000,bulk,0.050
3279,tasties brazil nut - gems of south africa 50 g,fg,premium nuts,brazil nuts,0.050,rpc,0.050
3280,tasties chilli almonds - flavourful & crunchy 75 g,fg,almond,almond - kernels,0.075,va,0.050
3281,tasties chilli garlic cashew - flavourful & crunchy 75 g,fg,cashew,cashew - kernel,0.075,va,0.050
3282,"tasties coated peanuts - pudina patakha, flavourful & crispy 25 g",fg,peanuts,peanut - coated,0.025,va,0.050
3283,"tasties coated peanuts - tandoori masala, flavourful & crispy 25 g",fg,peanuts,peanut - coated,0.025,va,0.050
3284,"tasties coated peanuts - thai spice, flavourful & crispy 25 g",fg,peanuts,peanut - coated,0.025,va,0.050
3285,tasties hazelnut - a turkish indulgence 50 g,fg,premium nuts,hazelnuts,0.050,rpc,0.050
3286,tasties lemon pepper cashew - flavourful & crunchy 75 g,fg,cashew,cashew - kernel,0.075,va,0.050
3287,tasties macadamia nuts - from south africa 50 g,fg,premium nuts,macadamia nuts,0.050,rpc,0.050
3349,vedaka peri peri cashew 200g (b0bvvrryvc),fg,cashew,cashew - kernel,0.200,va,0.050
3288,"tasties makhanas - barbeque, roasted, vegan & gluten free, 25 g",fg,makhana,makhana - suta,0.025,va,0.050
3289,"tasties makhanas - cheese, roasted, vegan & gluten free 25 g",fg,makhana,makhana - suta,0.025,va,0.050
3290,"tasties makhanas - peri peri, roasted, vegan & gluten free 25 g",fg,makhana,makhana - suta,0.025,va,0.050
3291,"tasties makhanas - tandoori, roasted, vegan & gluten free 25 g",fg,makhana,makhana - suta,0.025,va,0.050
3292,tasties pecan nuts - iconic american nut 50 g,fg,premium nuts,pecan nuts,0.050,rpc,0.050
3293,tasties peri peri cashew - flavourful & crunchy 75 g,fg,cashew,cashew - kernel,0.075,va,0.050
3294,tasties pink salted pistachio - flavourful & crunchy 75 g,fg,pista,pista - inshell,0.075,va,0.050
3295,tasties roasted almonds with pink salt - flavourful & crunchy 75 g,fg,almond,almond - kernels,0.075,va,0.050
3296,tasties smoked almonds - flavourful & crunchy 75 g,fg,almond,almond - kernels,0.075,va,0.050
3297,tasties trail mix - mixed berries 75 g,fg,trail mix,trail mix,0.075,va,0.050
3298,tasties trail mix - mixed dry fruits 75 g,fg,trail mix,trail mix,0.075,va,0.050
3299,tasties trail mix - wholesome nut mix 75 g,fg,trail mix,trail mix,0.075,va,0.050
3300,thai chilly coated peanuts 60gm,fg,peanuts,peanut - coated,0.060,va,0.050
3301,trail mix,fg,trail mix,trail mix,1.000,va,0.050
3302,trail mix bulk,fg,trail mix,trail mix,1.000,va,0.050
3303,trail mix - every health,fg,trail mix,trail mix,1.000,va,0.050
3304,truffle oil,rm,miscellaneous - rm,other misc,1.000,bulk,0.050
3305,turkey apricot no. 0,rm,apricot,apricot - turkey,1.000,bulk,0.050
3306,turkey apricot no 1,rm,apricot,apricot - turkey,1.000,bulk,0.050
3307,turkey apricot no 2,rm,apricot,apricot - turkey,1.000,bulk,0.050
3308,turkey apricot no 3,rm,apricot,apricot - turkey,1.000,bulk,0.050
3309,turmeric (haldi) powder,rm,spices,ground spices,1.000,bulk,0.050
3310,uae seedless black dates,rm,dates,seedless,1.000,dates bulk,0.050
3311,uae seedless red dates,rm,dates,seedless,1.000,dates bulk,0.050
3312,up berry mix,fg,trail mix,trail mix,1.000,va,0.050
3313,up trail mix brazil nut based,fg,trail mix,trail mix,1.000,va,0.050
3314,up trail mix edamame babsed,fg,trail mix,trail mix,1.000,va,0.050
3315,up trail mix tandoori tikka,fg,trail mix,trail mix,1.000,va,0.050
3316,urban plattar jaggery powder 1kg,rm,miscellaneous - rm,other misc,1.000,bulk,0.050
3317,urban platter almond blueberry bar 45g,fg,bars & cereals,energy bars,0.045,va,0.050
3318,urban platter arabic gum powder,rm,seasoning,seasoning,1.000,bulk,0.050
3319,"urban platter castor sugar, 1kg",rm,miscellaneous - rm,other misc,1.000,bulk,0.050
3320,urban platter chipotle seasoning,rm,seasoning,seasoning,1.000,bulk,0.050
3321,urban platter chocolate vanilla bar 45g,fg,bars & cereals,energy bars,0.045,va,0.050
3322,urban platter cranberry orange bar 45g,fg,bars & cereals,energy bars,0.045,va,0.050
3323,urban platter lemon pepper seasoning,rm,seasoning,seasoning,1.000,bulk,0.050
3324,urban platter mocha bar 45g,fg,bars & cereals,energy bars,0.045,va,0.050
3325,urban platter organic coconut jaggery sugar powder 1 kg,rm,miscellaneous - rm,other misc,1.000,bulk,0.050
3326,urban platter panchmewa,fg,trail mix,trail mix,1.000,va,0.050
3327,urban platter soya chaap seasoning,rm,seasoning,seasoning,1.000,bulk,0.050
3328,vedaka almonds 100g (b07gqz7ztz) fba,fg,almond,almond - kernels,0.100,rpc,0.050
3329,vedaka almonds 1kg (b07gqnm6n2),fg,almond,almond - kernels,1.000,rpc,0.050
3330,vedaka almonds 500g (b07gqnqnjg),fg,almond,almond - kernels,0.500,rpc,0.050
3331,"vedaka almonds, raisins, cashews, and pista (4 x 200 gm)b0bvvv1smf",fg,trail mix,trail mix,0.800,va,0.050
3332,vedaka black pepper cashew 200g (b0bthww69r),fg,cashew,cashew - kernel,0.200,va,0.050
3333,vedaka black raisins - 500g (b0d9p37xtt),fg,raisin,raisin - black,0.500,rpc,0.050
3334,vedaka broken cashew 1kg (b0d9nzyhdc),fg,cashew,cashew - broken,1.000,rpc,0.050
3335,vedaka cashew 200g (b07gqzss48),fg,cashew,cashew - kernel,0.200,rpc,0.050
3336,vedaka cashews - broken 500g (b0d9nyhtg1),fg,cashew,cashew - kernel,0.500,rpc,0.050
3337,vedaka chia seeds 1kg ( b0d9p16wzq ),fg,seeds,chia,1.000,rpc,0.050
3338,vedaka dried figs - 250g (b0d9nz5gfv),fg,anjeer,dried figs,0.250,rpc,0.050
3339,vedaka dried sweetened blueberries 100gm (b07gr24vmz),fg,blueberry,blueberry - plain,0.100,rpc,0.050
3340,vedaka dry dates powder 250gm (b0drdcly1q),fg,dates,powder,0.250,dates ing,0.050
3341,vedaka dry dates powder 500g (b0drd9f8g2),fg,dates,powder,0.500,dates ing,0.050
3342,vedaka dry fruit combo - almonds and cashews (2 x 200 gm) (b0bvvrs2n7),fg,trail mix,trail mix,0.400,va,0.050
3343,vedaka dry fruit combo - almonds and raisins (2 x 200 gm) (b0bthywt53),fg,trail mix,trail mix,0.400,va,0.050
3344,vedaka dry fruit combo - raisins and cashews (2 x 200 gm) (b0bvvvgn99),fg,trail mix,trail mix,0.400,va,0.050
3345,vedaka fard dates (omani) - (500gm x 2) (b0d9nzy7rk),fg,dates,fard,1.000,dates rpc,0.050
3346,vedaka fresh dates 500g (102219254),fg,dates,barhi,0.500,dates rpc,0.050
3347,vedaka fresh dates 500gm (pack of 2) [b0d9p11t76],fg,dates,khalas,1.000,dates rpc,0.050
3348,vedaka healthy seed mix 200gm(b0b69l57pv),fg,trail mix,trail mix,0.200,va,0.050
3350,vedaka popular cashew broken 100g fba(b07gr3s1rl),fg,cashew,cashew - kernel,0.100,rpc,0.050
3351,vedaka popular cashew broken 200g fba(b07gqws1bs),fg,cashew,cashew - kernel,0.200,rpc,0.050
3352,"vedaka popular raisins, 100 g (b07grbffms)",fg,raisin,raisin - indian,0.100,rpc,0.050
3353,"vedaka popular raisins, 1 kg (b07gr82xjr)",fg,raisin,raisin - indian,1.000,rpc,0.050
3354,vedaka premium black raisins 100g b07gqvnvv8,fg,raisin,raisin - black,0.100,rpc,0.050
3355,vedaka premium black raisins 200g (b07gr346fx),fg,raisin,raisin - black,0.200,rpc,0.050
3356,vedaka premium blueberries 1kg (b07gr82xk8),fg,blueberry,blueberry - plain,1.000,rpc,0.050
3357,vedaka premium blueberries 200g (b07gqwst7k),fg,blueberry,blueberry - plain,0.200,rpc,0.050
3358,vedaka premium blueberries 500g (b07gr8mcnz),fg,blueberry,blueberry - plain,0.500,rpc,0.050
3359,vedaka premium dry fruits combo 1000 gm gift box ( b0bbdp8gr2 ),fg,festive hampers,gifting,1.000,va,0.050
3360,vedaka premium flavored dry fruits 500 gm gift box (b0cgvc7df2),fg,festive hampers,gifting,0.500,va,0.050
3361,vedaka premium inshell walnuts 500g(b07lfjzr46),fg,walnut,walnut - inshell,0.500,rpc,0.050
3362,vedaka premium inshell walnuts 500g (pack of 2)b07msxkdnq,fg,walnut,walnut - inshell,1.000,rpc,0.050
3363,vedaka premium raw pumpkin seeds (b0d9nz6bhj),fg,seeds,pumpkin,1.000,rpc,0.050
3364,vedaka premium roasted and salted almonds100g b07gqqjp1n,fg,almond,almond - kernels,0.100,va,0.050
3365,vedaka premium roasted and salted almonds 200g b07gr346fm,fg,almond,almond - kernels,0.200,va,0.050
3366,vedaka premium sunflower seeds 500g (b07gr2g67l),fg,seeds,sunflower,0.500,rpc,0.050
3367,vedaka premium whole cranberries 100g b07gr24vmv,fg,cranberry,cranberry - whole,0.100,rpc,0.050
3368,vedaka premium whole cranberries 1kg (b07gr8351k),fg,cranberry,cranberry - whole,1.000,rpc,0.050
3369,vedaka premium whole cranberries 200g (b07gr2g678),fg,cranberry,cranberry - whole,0.200,rpc,0.050
3370,vedaka premium whole cranberries 500g (b07gqs1669),fg,cranberry,cranberry - whole,0.500,rpc,0.050
3371,vedaka raw flaxseed 1kg (b0d9nzs3jt),fg,seeds,flax,1.000,rpc,0.050
3372,vedaka roasted and salted california pistachios 500g (b0d9ny8f36),fg,pista,pista - inshell,0.500,rpc,0.050
3373,vedaka salted peanuts - 200g (b0cz9gz9f2),fg,peanuts,peanut - whole,0.200,rpc,0.050
3374,vedaka salted peanuts 200 gm (102219262),fg,peanuts,peanut - whole,0.200,va,0.050
3375,vedaka turkish dried apricots (500gm x 2) (b0d9p1ds9q),fg,apricot,apricot - turkey,1.000,rpc,0.050
3376,vedaka whole california pista kernels 500gm [b0d9ny1v9x],fg,pista,pista - kernel,0.500,rpc,0.050
3377,vedaka whole cashews (grade w320) 1kg (b0d9ny9m32),fg,cashew,cashew - kernel,1.000,rpc,0.050
3378,vitamins and minerals premix,rm,miscellaneous - rm,other misc,1.000,bulk,0.050
3379,walnut flavoured salt & pepper (quarters) loose,fg,walnut,walnut - broken,1.000,va,0.050
3380,walnut tukda,rm,walnut,walnut - broken,1.000,bulk,0.050
3381,wasabi macadamia style 4,fg,premium nuts,macadamia nuts,1.000,va,0.050
3382,wasabi makhana,fg,makhana,makhana - suta,1.000,va,0.050
3383,wasabi seasoning  ab343,rm,seasoning,seasoning,1.000,bulk,0.050
3384,water chesnut loose,rm,dehydrated fruits,df - other,1.000,bulk,0.050
3385,water melon seed,rm,seeds,watermelon,1.000,bulk,0.050
3386,watermelon seeds roasted,rm,seeds,watermelon,1.000,bulk,0.050
3387,wet dates khalas,rm,dates,khalas,1.000,dates bulk,0.050
3388,wet dates safavi,rm,dates,safavi,1.000,dates bulk,0.050
3389,wet dates seedless khalas,rm,dates,seedless,1.000,dates bulk,0.050
3390,wet dates seedless safavi,rm,dates,safavi,1.000,dates bulk,0.050
3391,wet dates seggai,rm,dates,seggai,1.000,dates bulk,0.050
3392,wheat aata (wheat flour)- tpl - 5%,rm,tajir,tajir - other,1.000,bulk,0.050
3393,wheat atta,rm,tajir,tajir - other,1.000,bulk,0.050
3394,wheat puff,rm,miscellaneous - rm,other misc,1.000,bulk,0.050
3395,wheat starch - tpl,rm,tajir,tajir - other,1.000,bulk,0.050
3396,white almond draggies,fg,almond,almond - kernels,1.000,va,0.050
3397,white chocolate w2,rm,miscellaneous - rm,chocolate,1.000,bulk,0.050
3398,white pepper (white miri),rm,seasoning,seasoning,1.000,bulk,0.050
3399,wholesome millet laddu bar 35gm,fg,bars & cereals,energy bars,0.035,va,0.050
3400,wholesome millet laddubar pack of 6,fg,bars & cereals,energy bars,0.210,va,0.050
3401,wholesome millet laddu bar (semi finished),fg,bars & cereals,energy bars,1.000,va,0.050
3402,yoghurt powder,rm,miscellaneous - rm,other misc,1.000,bulk,0.050
3403,yumasana cashews- barbeque 150g,fg,cashew,cashew - kernel,0.150,va,0.050
3404,yumasana cashews- pepper 150g,fg,cashew,cashew - kernel,0.150,va,0.050
3405,yumasana cashews- salted 150g,fg,cashew,cashew - kernel,0.150,va,0.050
3406,yumasana cashews- sour cream 150g,fg,cashew,cashew - kernel,0.150,va,0.050
3407,yumasana coated peanuts - barb eque 150g,fg,peanuts,peanut - coated,0.150,va,0.050
3408,yumasana coated peanuts - chilli garlic 150g,fg,peanuts,peanut - coated,0.150,va,0.050
3409,yumasana coated peanuts - peri peri 150g,fg,peanuts,peanut - coated,0.150,va,0.050
3410,yumasana coated peanuts - thai chilli 150g,fg,peanuts,peanut - coated,0.150,va,0.050
3411,yumsana choco hazelnut spread 340gm,fg,trail mix,trail mix,0.340,va,0.050
3412,zahidi dates,rm,dates,zahidi,1.000,dates bulk,0.050
3413,zahidi grade b,rm,dates,zahidi,1.000,dates bulk,0.050
3414,zorro maple glazed pecans 100g,fg,premium nuts,pecan nuts,0.100,va,0.050
3415,zorro pecan 100g,fg,premium nuts,pecan nuts,0.100,va,0.050
3416,zorro pecan grain free granola 100g,fg,premium nuts,pecan nuts,0.100,va,0.050
3417,zorro roasted & lightly salted pecans 100g,fg,premium nuts,pecan nuts,0.100,va,0.050
3418,zorro sweet & spicy pecan 100g,fg,premium nuts,pecan nuts,0.100,va,0.050
3419,date bites rose (semi finished),fg,bars & cereals,bites,1.000,va,0.010
3420,garlic powder - spices,rm,seasoning,seasoning,1.000,bulk,
3421,nachni atta,rm,miscellaneous - rm,flour,1.000,bulk,
3422,onion powder-spices,rm,seasoning,seasoning,1.000,bulk,
3423,quinoa seeds,rm,seeds,other seeds,1.000,bulk,
3424,rice atta,rm,miscellaneous - rm,flour,1.000,bulk,
3425,rock salt -sendha namak powder,rm,salt,salt,1.000,va,
3426,nb apricot seedless (turkey) dried loose,fg,apricot,apricot - turkey,1.000,rpc,0.050
3427,"pm24-40 mic preformed heat shrinkable pvc seal for square boxes (6""x6"") 3000 gm",pm,packaging,roll,0.000,pm,0.120
3428,re engraving of cylinders_design plates,pm,packaging,pm,0.000,pm,0.120
3429,pm24-habit coconut cream pouch 100 gm,pm,packaging,pouch,0.000,pm,0.180
3430,pm24-habit coconut cream powder pouch 1000 gm,pm,packaging,pouch,0.000,pm,0.180
3431,pm24-hamper-net potli basket 10 x 10 x 3 limited edition,pm,packaging,hamper-basket,0.000,pm,0.180
3432,pm24-pet 100 gm,pm,packaging,pet,0.000,pm,0.180
3433,pm24-pet jar 250 gm,pm,packaging,pet,0.000,pm,0.180
3434,pm24-royal delight date mewa classic sleeve 210 gm,pm,packaging,monocarton,0.000,pm,0.180
3435,bajri aata,rm,miscellaneous - rm,flour,1.000,bulk,
3436,"black salt, kala namak - crystal",rm,salt,salt,1.000,va,
3437,moong,rm,miscellaneous - rm,other misc,1.000,bulk,
3438,oregano,rm,seasoning,seasoning,1.000,bulk,
3439,pink salt.,rm,salt,salt,1.000,va,
3440,sama (varai rice),rm,miscellaneous - rm,other misc,1.000,bulk,
3441,wheat aata (wheat flour)- tpl,rm,tajir,tajir - other,1.000,bulk,
3442,jav,rm,seasoning,seasoning,1.000,bulk,
3443,acrylic bin large,pm,packaging,pm,0.000,pm,
3444,carnival cocktail mix 100g,fg,trail mix,trail mix,0.100,va,
3445,corn grits / meal,rm,miscellaneous - rm,other misc,1.000,bulk,
3446,honey loose,rm,miscellaneous - rm,other misc,1.000,bulk,
3447,jaggery powder 0%,rm,miscellaneous - rm,other misc,1.000,bulk,
3448,macadamia inshell 150g,fg,premium nuts,macadamia nuts,0.150,rpc,
3449,maida 0%,rm,miscellaneous - rm,flour,1.000,bulk,
3450,pista shells / kapchi,rm,miscellaneous - rm,off-grade shells,1.000,bulk,
3451,pm24-7 ply carton case pack 10 box of energy bar,pm,packaging,carton,0.000,pm,
3452,pm24-blueberries pouch (reliance-unbranded) 100 gm,pm,packaging,pouch,0.000,pm,
3453,pm24-hamper-hardik shubh 280 gm pink non printed,pm,packaging,hamper-box,0.000,pm,
3454,pm24-hamper-laptop bag brown,pm,packaging,hamper-bag,0.000,pm,
3455,pm24-hamper-printed box date & chocolate,pm,packaging,hamper-box,0.000,pm,
3456,pm24-hamper-shubkamnayein 180 gm tray,pm,packaging,hamper-tray,0.000,pm,
3457,pm24-on the run fig n dates pack of 6 monocarton-triangular 60 gm,pm,packaging,monocarton,0.000,pm,
3458,rajgira atta,rm,miscellaneous - rm,flour,1.000,bulk,
3459,refined fine powder iodized salt prime,rm,salt,salt,1.000,va,
3460,refined fine powder iodized salt prime - tpl,rm,salt,salt,1.000,va,
3461,salt,rm,salt,salt,1.000,va,
3462,10kg al barakah date powder v1,rm,dates,powder,1.000,dates ing,0.050
3463,10kg al barakah date powder v2,rm,dates,powder,1.000,dates ing,0.050
3464,25kg al barakah date syrup v1,rm,dates,syrup,1.000,dates ing,0.050
3465,afreen dates,rm,dates,afreen,1.000,dates bulk,0.050
3466,ajfan kimia dates 500 gm,fg,dates,kimia,0.500,dates rpc,0.050
3467,al barakah ajwa jumbo dates,rm,dates,ajwa,1.000,dates bulk,0.050
3468,al barakaha safavi dates 500g,fg,dates,safavi,0.500,dates rpc,0.050
3469,al barakah bumaan dates 10kg,rm,dates,buman,1.000,dates bulk,0.050
3470,al barakah chopped dates,rm,dates,diced,1.000,dates bulk,0.050
3471,al barakah crushed dates 10kg,rm,dates,diced,1.000,dates bulk,0.050
3472,al barakah date paste 12.5kg,rm,dates,paste,1.000,dates ing,0.050
3473,al barakah date paste 12 kg (500gx24),fg,dates,paste,1.000,dates ing,0.050
3474,al barakah date powder,rm,dates,powder,1.000,dates ing,0.050
3475,al barakah date powder 250gm,fg,dates,powder,0.250,dates ing,0.050
3476,al barakah date powder 5%,rm,dates,powder,1.000,dates ing,0.050
3477,al barakah dates fard 400 gm,fg,dates,fard,0.400,dates rpc,0.050
3478,al barakah dates khanezi 400 gm,fg,dates,khaneizi,0.400,dates rpc,0.050
3479,al barakah dates paste 500gm,fg,dates,paste,0.500,dates ing,0.050
3480,al barakah date spread 330gx12,fg,dates,spread,0.330,dates ing,0.050
3481,al barakah dates syrup 400g,fg,dates,syrup,0.400,dates ing,0.050
3482,al barakah date syrup,rm,dates,syrup,1.000,dates ing,0.050
3483,al barakah date syrup 1.15kgx12 (13.8kg),rm,dates,syrup,1.000,dates ing,0.050
3484,al barakah date syrup 250g,fg,dates,syrup,0.250,dates ing,0.050
3485,al barakah date syrup 400gm,fg,dates,syrup,0.400,dates ing,0.050
3486,al barakah date syrup 450gm,fg,dates,syrup,0.450,dates ing,0.050
3487,al barakah emirates black dates 10kg,rm,dates,emirates,1.000,dates bulk,0.050
3488,al barakah emirates dates 500 gm,fg,dates,emirates,0.500,dates rpc,0.050
3489,al barakah emirates gold dates 10kg,rm,dates,emirates,1.000,dates bulk,0.050
3490,al barakah fard 500g,fg,dates,fard,0.500,dates rpc,0.050
3491,al barakah fard dates 10kg - ezad,rm,dates,fard,1.000,dates bulk,0.050
3492,al barakah fard dates d 10kg,rm,dates,fard,1.000,dates bulk,0.050
3493,al barakah fard dates premium,rm,dates,fard,1.000,dates bulk,0.050
3494,al barakah fard dates premium ab 10kg,rm,dates,fard,1.000,dates bulk,0.050
3495,al barakah fard dates seedless,fg,dates,fard,1.000,dates rpc,0.050
3496,al barakah fard dates standard a 10kg,rm,dates,fard,1.000,dates bulk,0.050
3497,al barakah fard dates standard c 10kg,rm,dates,fard,1.000,dates bulk,0.050
3498,al barakah golden date syrup 250gx12,rm,dates,syrup,1.000,dates ing,0.050
3499,al barakah golden date syrup 25kg,rm,dates,syrup,1.000,dates ing,0.050
3500,al barakah khalas dates-afctn,rm,dates,khalas,1.000,dates bulk,0.050
3501,al barakah khalas dates premium (s),rm,dates,khalas,1.000,dates bulk,0.050
3502,al barakah khalas dates -sa,rm,dates,khalas,1.000,dates bulk,0.050
3503,al barakah khalas dates thermo 250g pack (arbian),fg,dates,khalas,0.250,dates rpc,0.050
3504,al barakah khalas premium dates,rm,dates,khalas,1.000,dates bulk,0.050
3505,al barakah khalas seedless dates 500 gm,fg,dates,khalas,0.500,dates rpc,0.050
3506,al barakah khaneizi dates 10 kg,rm,dates,khaneizi,1.000,dates bulk,0.050
3507,al barakah khaneizi dates 10 kg -ezad,rm,dates,khaneizi,1.000,dates bulk,0.050
3508,al barakah khanezi dates,rm,dates,khaneizi,1.000,dates bulk,0.050
3509,al barakah khanezi dates 500gm,fg,dates,khaneizi,0.500,dates rpc,0.050
3510,al barakah khanizee dates 10kg,rm,dates,khaneizi,1.000,dates bulk,0.050
3511,al barakah lulu black dates-10kg,rm,dates,lulu,1.000,dates bulk,0.050
3512,al barakah lulu red dates - 10kg,rm,dates,lulu,1.000,dates bulk,0.050
3513,al barakah maryam dates 5 kg,rm,dates,maryam,1.000,dates bulk,0.050
3514,al barakah medjool dates premium 5kg,rm,dates,medjoul-general,1.000,dates bulk,0.050
3515,al barakah naghal black dates - 10kg,rm,dates,naghal,1.000,dates bulk,0.050
3516,al barakah organic date syrup 470gm,fg,dates,syrup,0.470,dates ing,0.050
3517,al barakah premium arabian dates 500g,fg,dates,khalas,0.500,dates rpc,0.050
3518,al barakah premium emirates dates 250g,fg,dates,emirates,0.250,dates rpc,0.050
3519,al barakah premium emirates dates 500g,fg,dates,emirates,0.500,dates rpc,0.050
3520,al barakah premium seedless dates 500gm,fg,dates,seedless,0.500,dates rpc,0.050
3521,al barakah safavi dates,rm,dates,safavi,1.000,dates bulk,0.050
3522,al barakah sayer dates 10kg,rm,dates,sayer,1.000,dates bulk,0.050
3523,al barakah sufri dates 10kg,rm,dates,sufri,1.000,dates bulk,0.050
3524,al barakah super premium khalas,rm,dates,khalas,1.000,dates bulk,0.050
3525,barhi dates,rm,dates,barhi,1.000,dates bulk,0.050
3526,buman dates,rm,dates,buman,1.000,dates bulk,0.050
3527,carnival arabian dates 350gm,fg,dates,barhi,0.350,dates rpc,0.050
3528,carnival dates premium black loose,fg,dates,black,1.000,dates rpc,0.050
3529,carnival khalas dates 350g,fg,dates,khalas,0.350,dates rpc,0.050
3530,carnival sayer dates 300g,fg,dates,sayer,0.300,dates rpc,0.050
3531,carnival zahidi 500g,fg,dates,zahidi,0.500,dates rpc,0.050
3532,curate dates ajwa imp saudi 500g,fg,dates,ajwa,0.500,dates rpc,0.050
3533,curate dates assorted imp 500g,fg,dates,assorted,0.500,dates rpc,0.050
3534,curate dates fard imp oman 500g,fg,dates,fard,0.500,dates rpc,0.050
3535,curate dates kimia imp iran 500g,fg,dates,kimia,0.500,dates rpc,0.050
3536,curate dates medjoul imp isrel 500g,fg,dates,medjoul-general,0.500,dates rpc,0.050
3537,curate dates oriental imp isrel 500g,fg,dates,deri,0.500,dates rpc,0.050
3538,curate dates safavi imp saudi 500g,fg,dates,safavi,0.500,dates rpc,0.050
3539,dates paste,rm,dates,paste,1.000,dates ing,0.050
3540,date sugar,rm,dates,powder,1.000,dates ing,0.050
3541,deglet,rm,dates,deglet,1.000,dates bulk,0.050
3542,dry cut dates,rm,dates,dry dates,1.000,dates bulk,0.050
3543,dry dates-grade 1,rm,dates,dry dates,1.000,dates bulk,0.050
3544,dry dates-grade 2 pitted,rm,dates,dry dates,1.000,dates bulk,0.050
3545,fard b grade,rm,dates,fard,1.000,dates bulk,0.050
3546,fresho kimia dates 500 gm,fg,dates,kimia,0.500,dates rpc,0.050
3547,habit arabian dates 900 gm,fg,dates,khalas,0.900,dates rpc,0.050
3548,habit dates 800g,fg,dates,khalas,0.800,dates rpc,0.050
3549,habit dates 800g old,fg,dates,khalas,0.800,dates rpc,0.050
3550,kharek tukda,rm,dates,dry dates,1.000,dates bulk,0.050
3551,kharik,rm,dates,dry dates,1.000,dates bulk,0.050
3552,kingdom of dates amary dates,rm,dates,amary,1.000,dates bulk,0.050
3553,kingdom of dates date powder 250g,fg,dates,powder,0.250,dates ing,0.050
3554,kingdom of dates date syrup 450g,fg,dates,syrup,0.450,dates ing,0.050
3555,kingdom of dates deglet dates,rm,dates,deglet,1.000,dates bulk,0.050
3556,kingdom of dates kalmi regulare,rm,dates,safavi,1.000,dates bulk,0.050
3557,kingdom of dates khalas dates,rm,dates,khalas,1.000,dates bulk,0.050
3558,kingdom of dates khaneizi dates,rm,dates,khaneizi,1.000,dates bulk,0.050
3559,kingdom of dates maryam dates,rm,dates,maryam,1.000,dates bulk,0.050
3560,kingdom of dates mazafati dates,rm,dates,kimia,1.000,dates bulk,0.050
3561,kingdom of dates medjoul bon dates,rm,dates,medjoul-bon bon,1.000,dates bulk,0.050
3562,kingdom of dates medjoul bon dates 750gm,fg,dates,medjoul-bon bon,0.750,dates rpc,0.050
3563,kingdom of dates medjoul-jumbo dates,rm,dates,medjoul-jumbo,1.000,dates bulk,0.050
3564,kingdom of dates medjoul-large dates,rm,dates,medjoul-large,1.000,dates bulk,0.050
3565,kingdom of dates medjoul-medium dates,rm,dates,medjoul-medium,1.000,dates bulk,0.050
3566,kingdom of dates medjoul sp jum dates,rm,dates,medjoul-super jumbo,1.000,dates bulk,0.050
3567,kingdom of dates oriental dates,rm,dates,deri,1.000,dates bulk,0.050
3568,kingdom of dates segai dates,rm,dates,seggai,1.000,dates bulk,0.050
3569,kingdom of dates sukkary dates,rm,dates,sukkary,1.000,dates bulk,0.050
3570,kingdom of dates zahidi dates,rm,dates,zahidi,1.000,dates bulk,0.050
3571,king solomon dates medjool mini 500g,fg,dates,medjoul-junior,0.500,dates rpc,0.050
3572,king solomon dates medjoul 200g,fg,dates,medjoul-general,0.200,dates rpc,0.050
3573,king solomon medjoul dates large 5 kg,rm,dates,medjoul-large,5.000,dates bulk,0.050
3574,king solomon medjoul junior 500 gm,fg,dates,medjoul-junior,0.500,dates rpc,0.050
3575,king solomon medjoul super jumbo 1 kg,fg,dates,medjoul-super jumbo,1.000,dates rpc,0.050
3576,king solomon medjoul super jumbo 500 gm,fg,dates,medjoul-super jumbo,0.500,dates rpc,0.050
3577,king solomon oriental dates 250 gms,fg,dates,deri,0.250,dates rpc,0.050
3578,king solomon oriental dates 400g,fg,dates,deri,0.400,dates rpc,0.050
3579,king solomon oriental jumbo 5 kg,fg,dates,deri,5.000,dates rpc,0.050
3580,lulu dates sagai ( 66189 ),rm,dates,seggai,1.000,dates bulk,0.050
3581,medjoul dates egypt - large,rm,dates,medjoul-large,1.000,dates bulk,0.050
3582,nutraj kimia dates 400 gm,fg,dates,kimia,0.400,dates rpc,0.050
3583,nutraj kimia dates 500 gm,fg,dates,kimia,0.500,dates rpc,0.050
3584,organic khidri large,rm,dates,khidri,1.000,dates bulk,0.050
3585,organic medjool premium jumbo,rm,dates,medjoul-jumbo,1.000,dates bulk,0.050
3586,organic medjool premium large,rm,dates,medjoul-large,1.000,dates bulk,0.050
3587,organic medjool premium medium,rm,dates,medjoul-medium,1.000,dates bulk,0.050
3588,palmera medjoul wet dates grade a jumbo 5kg,rm,dates,medjoul-jumbo,1.000,dates bulk,0.050
3589,palmera medjoul wet dates grade a small,rm,dates,medjoul-junior,1.000,dates bulk,0.050
3590,palmera medjoul wet dates grade b small,rm,dates,medjoul-junior,1.000,dates bulk,0.050
3591,palmera medjoul wet dates grade c mix,rm,dates,medjoul-general,1.000,dates bulk,0.050
3592,palmera medjoul wet dates premium baby,rm,dates,medjoul-junior,1.000,dates bulk,0.050
3593,palmera medjoul wet dates premiun medium,rm,dates,medjoul-medium,1.000,dates bulk,0.050
3594,piyarom dates,rm,dates,maryam,1.000,dates bulk,0.050
3595,rabbi dates,rm,dates,rabia,1.000,dates bulk,0.050
3596,rd safavi dates 250g,fg,dates,safavi,0.250,dates rpc,0.050
3597,royal delight ajwa dates 400gm,fg,dates,ajwa,0.400,dates rpc,0.050
3598,royal delight ajwa dates 500 gm,fg,dates,ajwa,0.500,dates rpc,0.050
3599,royal delight ajwa dates 5 kgs,rm,dates,ajwa,1.000,dates bulk,0.050
3600,royal delight ajwa large 250g,fg,dates,ajwa,0.250,dates rpc,0.050
3601,royal delight arabian 250gm,fg,dates,khalas,0.250,dates rpc,0.050
3602,royal delight arabian dates 500g,fg,dates,khalas,0.500,dates rpc,0.050
3603,royal delight dates oman 1 kg,fg,dates,oman,1.000,dates rpc,0.050
3604,royal delight fard dates 350g,fg,dates,fard,0.350,dates rpc,0.050
3605,royal delight kimia 350 gm,fg,dates,kimia,0.350,dates rpc,0.050
3606,royal delight mabroom dates 5 kgs,rm,dates,mabroom,1.000,dates bulk,0.050
3607,royal delight mazafati dates 5 kgs,rm,dates,kimia,1.000,dates bulk,0.050
3608,royal delight medjool large 800g,fg,dates,medjoul-large,0.800,dates rpc,0.050
3609,royal delight medjool skin 400g,fg,dates,medjoul-general,0.400,dates rpc,0.050
3610,royal delight medjoul dates 5 kgs,rm,dates,medjoul-general,1.000,dates bulk,0.050
3611,royal delight oman dates 5 kgs,rm,dates,fard,1.000,dates bulk,0.050
3612,sayer dates pitted,rm,dates,sayer,1.000,dates bulk,0.050
3613,scrap ajwa,rm,dates,off-grade dates,1.000,dates bulk,0.050
3614,scrap barhi,rm,dates,off-grade dates,1.000,dates bulk,0.050
3615,scrap deglet,rm,dates,off-grade dates,1.000,dates bulk,0.050
3616,scrap deri,rm,dates,off-grade dates,1.000,dates bulk,0.050
3617,scrap fard,rm,dates,off-grade dates,1.000,dates bulk,0.050
3618,scrap khalas,rm,dates,off-grade dates,1.000,dates bulk,0.050
3619,scrap khanezi,rm,dates,off-grade dates,1.000,dates bulk,0.050
3620,scrap mabroom,rm,dates,off-grade dates,1.000,dates bulk,0.050
3621,scrap maryam,rm,dates,off-grade dates,1.000,dates bulk,0.050
3622,scrap mazafati,rm,dates,off-grade dates,1.000,dates bulk,0.050
3623,scrap medjoul,rm,dates,off-grade dates,1.000,dates bulk,0.050
3624,scrap  safavi,rm,dates,off-grade dates,1.000,dates bulk,0.050
3625,scrap sayar,rm,dates,off-grade dates,1.000,dates bulk,0.050
3626,seedless fard dates 500g,fg,dates,seedless,0.500,dates rpc,0.050
3627,super select emirates dates a 5kg,rm,dates,ajwa,1.000,dates bulk,0.050
3628,super select emirates dates sp 5kg,rm,dates,safavi,1.000,dates bulk,0.050
3629,super select emirates dates ss 5kg,rm,dates,safavi,1.000,dates bulk,0.050
3630,the origin - deglet nour dates500gm,fg,dates,deglet,0.500,dates rpc,0.050
3631,up ajwa dates 500gm,fg,dates,ajwa,0.500,dates rpc,0.050
3632,up ameri dates 500gm,fg,dates,amary,0.500,dates rpc,0.050
3633,up deglet dates 500gm,fg,dates,deglet,0.500,dates rpc,0.050
3634,up fardh dates 500gm,fg,dates,fard,0.500,dates rpc,0.050
3635,up khidri dates 500gm,fg,dates,khidri,0.500,dates rpc,0.050
3636,up medjoul dates 500gm,fg,dates,medjoul-general,0.500,dates rpc,0.050
3637,up rabiya dates 500gm,fg,dates,rabia,0.500,dates rpc,0.050
3638,up safavi dates 500gm,fg,dates,safavi,0.500,dates rpc,0.050
3639,up segai dates 500gm,fg,dates,seggai,0.500,dates rpc,0.050
3640,up stuffed medjoul dates choco cranberry delights crunch 180gm,fg,dates,medjoul-general,0.180,dates rpc,0.050
3641,up stuff medjoul dates 9pcs,fg,dates,medjoul-general,0.180,dates rpc,0.050
3642,up sukkary dates 500gm,fg,dates,sukkary,0.500,dates rpc,0.050
3643,urban platter date syrup (400gx12),fg,dates,syrup,0.400,dates ing,0.050
3644,wet date bumaan,rm,dates,buman,1.000,dates bulk,0.050
3645,wet date ( khaniji ),rm,dates,khaneizi,1.000,dates bulk,0.050
3646,wet date kimia,rm,dates,kimia,1.000,dates bulk,0.050
3647,wet date medjoul premium bon bon,rm,dates,medjoul-bon bon,1.000,dates bulk,0.050
3648,wet dates ajwa,rm,dates,ajwa,1.000,dates bulk,0.050
3649,wet dates ajwa premium,rm,dates,ajwa,1.000,dates bulk,0.050
3650,wet dates (amary),rm,dates,amary,1.000,dates bulk,0.050
3651,wet date sayer ( unpitted ),rm,dates,sayer,1.000,dates bulk,0.050
3652,wet dates deglet,rm,dates,deglet,1.000,dates bulk,0.050
3653,wet dates (deri),rm,dates,deri,1.000,dates bulk,0.050
3654,wet dates deri bulk (5),rm,dates,deri,1.000,dates bulk,0.050
3655,wet dates fardh,rm,dates,fard,1.000,dates bulk,0.050
3656,wet dates fardh 500gm,fg,dates,fard,0.500,dates rpc,0.050
3657,wet dates halawi,rm,dates,halawi,1.000,dates bulk,0.050
3658,wet dates khaneizi,rm,dates,khaneizi,1.000,dates bulk,0.050
3659,wet dates khidri,rm,dates,khidri,1.000,dates bulk,0.050
3660,wet dates lulu,rm,dates,lulu,1.000,dates bulk,0.050
3661,wet dates (mabroom),rm,dates,mabroom,1.000,dates bulk,0.050
3662,wet dates maryam,rm,dates,maryam,1.000,dates bulk,0.050
3663,wet dates (mashrook),rm,dates,mashrook,1.000,dates bulk,0.050
3664,wet dates (mazafati),rm,dates,kimia,1.000,dates bulk,0.050
3665,wet dates (med),rm,dates,medjoul-general,1.000,dates bulk,0.050
3666,wet dates medjoul,rm,dates,medjoul-general,1.000,dates bulk,0.050
3667,wet dates medjoul bulk 5 kgs super jumbo,rm,dates,medjoul-super jumbo,1.000,dates bulk,0.050
3668,wet dates medjoul bulk bon bon dates (3),rm,dates,medjoul-bon bon,1.000,dates bulk,0.050
3669,wet dates medjoul bulk large (5),rm,dates,medjoul-large,1.000,dates bulk,0.050
3670,wet dates medjoul bulk medium(5),rm,dates,medjoul-medium,1.000,dates bulk,0.050
3671,wet dates medjoul bulk mini (5),rm,dates,medjoul-junior,1.000,dates bulk,0.050
3672,wet dates medjoul jumbo,rm,dates,medjoul-jumbo,1.000,dates bulk,0.050
3673,wet dates medjoul junior,rm,dates,medjoul-junior,1.000,dates bulk,0.050
3674,wet dates medjoul large b,rm,dates,medjoul-general,1.000,dates bulk,0.050
3675,wet dates (oman),rm,dates,fard,1.000,dates bulk,0.050
3676,wet dates (rabia),rm,dates,rabia,1.000,dates bulk,0.050
3677,wet dates safavi reg.,rm,dates,safavi,1.000,dates bulk,0.050
3678,wet dates safavi seedless,rm,dates,safavi,1.000,dates bulk,0.050
3679,wet dates segai,rm,dates,seggai,1.000,dates bulk,0.050
3680,wet dates (seggai),rm,dates,seggai,1.000,dates bulk,0.050
3681,wet dates (sukkary),rm,dates,sukhary,1.000,dates bulk,0.050
3682,wet dates sultan,rm,dates,sultan,1.000,dates bulk,0.050
3683,wet dates zahidi,rm,dates,zahidi,1.000,dates bulk,0.050
3684,misc dates pouch,pm,packaging,pm,0.000,0,0.180
3685,wet dates zahidi seedless,rm,dates,zahidi,1.000,dates bulk,0.050
3709,SKU-93d31418,,,,,,
3710,SKU-d3ea0e94,,,,,,
3711,SKU-85e456c5,,,,,,
3712,SKU-c1341cd1,,,,,,
3713,SKU-1de6afe9,,,,,,
3714,SKU-951ac352,,,,,,
3715,SKU-8118a2a8,,,,,,
3716,SKU-d12cda7f,,,,,,
3717,SKU-79999ec3,,,,,,
3718,SKU-7ce6c7bb,,,,,,
3719,SKU-45fbd908,,,,,,
3720,SKU-cd72601a,,,,,,
3721,SKU-b442fbc7,,,,,,
3722,SKU-a2b9d0ff,,,,,,
3723,SKU-52488f3f,,,,,,
3724,SKU-5eba2240,,,,,,
3725,SKU-53c7ed4c,,,,,,
3726,SKU-7d9ac344,,,,,,
3727,SKU-cb457c5d,,,,,,
3728,SKU-17147560,,,,,,
3729,SKU-abaa8e47,,,,,,
3730,SKU-37631782,,,,,,
3731,SKU-bff0c7ba,,,,,,
3826,SKU-9ab09a2f,,,,,,
3827,SKU-b84f79c8,,,,,,
3828,SKU-bbf106d1,,,,,,
3829,SKU-1084ea10,,,,,,
3830,SKU-66ef7346,,,,,,
3836,PM24-Noice Date Bites 21gm Pouch Roll 150x95mm,pm,Packaging,Roll,0.000,PM,18.000
3837,PM24-Rhine Valley Almond & Cranberry Bar Pouch Roll 35gm,pm,Packaging,Pouch Roll,0.000,PM,18.000
3838,PM24-Rhine Valley Almond & Orange D Chocolate Date Bar Pouch Roll 35gm,pm,Packaging,Pouch Roll,0.000,PM,18.000
3839,PM24-Rhine Valley Barbeque Trail Mix 60gm Pouch Digital,pm,Packaging,Pouch Roll,0.000,PM,18.000
3840,PM24-Rhine Valley Black Pepper Trail Mix 60gm Pouch Digital,pm,Packaging,Pouch Roll,0.000,PM,18.000
3841,PM24-Rhine Valley Fruit & Nut Bar Pouch Roll 35gm,pm,Packaging,Pouch Roll,0.000,PM,18.000
3842,PM24-Rhine Valley Himalayan Pink Salt Trail Mix 60gm Pouch Digital,pm,Packaging,Pouch Roll,0.000,PM,18.000
3843,PM24-Rhine Valley Peri Peri Trail Mix 60gm Pouch Digital,pm,Packaging,Pouch Roll,0.000,PM,18.000
3844,"PM24-Rhine Valley Raspberry, Almond & D Chocolate Bar Pouch Roll 35gm",pm,Packaging,Pouch Roll,0.000,PM,18.000
3845,Thermo. Bottom Web Unprinted 323 mm X 200 Mic,pm,Packaging,Bottom,0.000,PM,18.000
3846,Thermo. Top Web Unprinted 312mm X 80 mic,pm,Packaging,Top,0.000,PM,18.000
3847,Carnival Black Currant 250 Gm,fg,BLACKCURRANT,Dried Blackcurrant,0.250,RPC,5.000
3848,Cashew Paste,rm,CASHEW,Cashew - Paste,1.000,Bulk,5.000
3849,Coated Peanuts Pudina Patakha Bulk,fg,PEANUTS,Peanut - Coated,1.000,VA,5.000
3850,Cococart Almond & Cranberry Date Bar 35gm,fg,BARS & CEREALS,Energy Bars,0.035,VA,5.000
3851,Cococart Almond & Orange Dark Choco Date Bar 35gm,fg,BARS & CEREALS,Energy Bars,0.035,VA,5.000
3852,Cococart Fruit & Nut Date Bar 35gm,fg,BARS & CEREALS,Energy Bars,0.035,VA,5.000
3853,Cococart Himalayan Salt Trail Mix 60gm,fg,TRAIL MIX,Trail Mix,0.060,VA,5.000
3854,Cococart Raspberry Almond Dark Choco Date Bar 35gm,fg,BARS & CEREALS,Energy Bars,0.035,VA,5.000
3855,Dark Chocolate Coated Almond Stuffed Khalas(No Use),fg,TRAIL MIX,Trail Mix,0.011,VA,5.000
3856,Dark Chocolate Coated Cashew Stuffed Khalas(No Use),fg,TRAIL MIX,Trail Mix,0.011,VA,5.000
3857,Habit Hazelnut Spread,rm,MISCELLANEOUS - RM,Spread,1.000,Bulk,5.000
3858,Noice Date Bites 18gm,fg,BARS & CEREALS,Bites,0.018,VA,5.000
